time,fast_0,fast_1,fast_2,fast_3,fast_4,fast_5,fast_6,fast_7,fast_8,fast_9,fast_10,fast_11,fast_12,fast_13,fast_14,fast_15,fast_16,fast_17,fast_18,fast_19,fast_20,fast_21,fast_22,fast_23,fast_24,fast_25,fast_26,fast_27,slow_0,slow_1,slow_2,slow_3,slow_4,slow_5,slow_6,slow_7,slow_8,slow_9,slow_10,slow_11,slow_12,slow_13,slow_14,slow_15,slow_16
0.001,2720.0,653.0,707.0,2013.0,2067.0,2039.0,2041.0,679.0,681.0,0.0,0.0,0.0,1.0,0.0,0.0,0.0,0.0,0.0,0.0,250000.0,0.019999999552965164,1.2553532123565674,0.0,0.0,0.0,0.0,40.0,0.0,0.0,-1.0,0.0,4.0,54.0,1.0,0.0,0.0,0.0,0.0,0.0,0.0,0.0,0.0,1.0,1.0,1.0
0.002,2720.0,653.0,707.0,2013.0,2067.0,2039.0,2041.0,679.0,681.0,0.0,0.0,0.0,1.0,0.0,0.0,0.0,0.0,0.0,0.0,250000.0,0.019999999552965164,2.4614601135253906,0.0,0.0,0.0,0.0,80.0,0.0,0.0,-1.0,0.0,4.0,54.0,1.0,0.0,0.0,0.0,0.0,0.0,0.0,0.0,0.0,2.0,2.0,1.0
0.003,2720.0,653.0,707.0,2013.0,2067.0,2039.0,2041.0,679.0,681.0,0.0,0.0,0.0,1.0,0.0,0.0,0.0,0.0,0.0,0.0,250000.0,0.019999999552965164,3.6202552318573,0.0,0.0,0.0,0.0,120.0,0.0,0.0,-1.0,0.0,4.0,54.0,1.0,0.0,0.0,0.0,0.0,0.0,0.0,0.0,0.0,3.0,3.0,1.0
0.004,2720.0,653.0,707.0,2013.0,2067.0,2039.0,2041.0,679.0,681.0,0.0,0.0,0.0,1.0,0.0,0.0,0.0,0.0,0.0,0.0,250000.0,0.019999999552965164,4.7335920333862305,0.0,0.0,0.0,0.0,160.0,0.0,0.0,-1.0,0.0,4.0,54.0,1.0,0.0,0.0,0.0,0.0,0.0,0.0,0.0,0.0,4.0,4.0,1.0
0.005,2720.0,653.0,707.0,2013.0,2067.0,2039.0,2041.0,679.0,681.0,0.0,0.0,0.0,1.0,0.0,0.0,0.0,0.0,0.0,0.0,250000.0,0.019999999552965164,5.803252696990967,0.0,0.0,0.0,0.0,200.0,0.0,1.0,0.0,1088.0,4.0,54.0,1.0,0.0,0.0,0.0,0.0,2.0,0.0,1.0,0.0,5.0,5.0,1.0
0.006,2720.0,653.0,707.0,2013.0,2067.0,2039.0,2041.0,679.0,681.0,0.0,0.0,0.0,1.0,0.0,0.0,0.0,0.0,0.0,0.0,250000.0,0.019999999552965164,6.830949783325195,0.0,0.0,0.0,1.0,240.0,0.0,1.0,0.0,1088.0,4.0,54.0,1.0,0.0,0.0,0.0,0.0,2.0,0.0,1.0,0.0,6.0,6.0,1.0
0.007,2720.0,653.0,707.0,2013.0,2067.0,2039.0,2041.0,679.0,681.0,0.0,0.0,0.0,1.0,0.0,0.0,0.0,0.0,0.0,0.0,250000.0,0.019999999552965164,7.818332195281982,0.0,0.0,0.0,1.0,280.0,0.0,1.0,0.0,1088.0,4.0,54.0,1.0,0.0,0.0,0.0,0.0,2.0,0.0,1.0,0.0,7.0,7.0,1.0
0.008,2720.0,653.0,707.0,2013.0,2067.0,2039.0,2041.0,679.0,681.0,0.0,0.0,0.0,1.0,0.0,0.0,0.0,0.0,0.0,0.0,250000.0,0.019999999552965164,8.76696491241455,0.0,0.0,0.0,1.0,320.0,0.0,1.0,0.0,1088.0,4.0,54.0,1.0,0.0,0.0,0.0,0.0,2.0,0.0,1.0,0.0,8.0,8.0,1.0
0.009000000000000001,2720.0,653.0,707.0,2013.0,2067.0,2039.0,2041.0,679.0,681.0,0.0,0.0,0.0,1.0,0.0,0.0,0.0,0.0,0.0,0.0,250000.0,0.019999999552965164,9.678380012512207,0.0,0.0,0.0,1.0,360.0,0.0,1.0,0.0,1088.0,4.0,54.0,1.0,0.0,0.0,0.0,0.0,2.0,0.0,1.0,0.0,9.0,9.0,1.0
0.01,2720.0,653.0,707.0,2013.0,2067.0,2039.0,2041.0,679.0,681.0,0.0,0.0,0.0,1.0,0.0,0.0,0.0,0.0,0.0,0.0,250000.0,0.019999999552965164,10.554040908813477,0.0,0.0,0.0,1.0,400.0,0.0,2.0,0.0,1088.0,4.0,54.0,1.0,0.0,0.0,0.0,0.0,2.0,0.0,1.0,0.0,10.0,10.0,1.0
0.011000000000000001,2720.0,653.0,707.0,2013.0,2067.0,2039.0,2041.0,679.0,681.0,0.0,0.0,0.0,1.0,0.0,0.0,0.0,0.0,0.0,0.0,250000.0,0.019999999552965164,11.395350456237793,0.0,0.0,0.0,2.0,440.0,0.0,2.0,0.0,1088.0,4.0,54.0,1.0,0.0,0.0,0.0,0.0,2.0,0.0,1.0,0.0,11.0,11.0,1.0
0.012,2720.0,653.0,707.0,2013.0,2067.0,2039.0,2041.0,679.0,681.0,0.0,0.0,0.0,1.0,0.0,0.0,0.0,0.0,0.0,0.0,250000.0,0.019999999552965164,12.203654289245605,0.0,0.0,0.0,2.0,480.0,0.0,2.0,0.0,1088.0,4.0,54.0,1.0,0.0,0.0,0.0,0.0,2.0,0.0,1.0,0.0,12.0,12.0,1.0
0.013000000000000001,2720.0,653.0,707.0,2013.0,2067.0,2039.0,2041.0,679.0,681.0,0.0,0.0,0.0,1.0,0.0,0.0,0.0,0.0,0.0,0.0,250000.0,0.019999999552965164,12.98024845123291,0.0,0.0,0.0,2.0,520.0,0.0,2.0,0.0,1088.0,4.0,54.0,1.0,0.0,0.0,0.0,0.0,2.0,0.0,1.0,0.0,13.0,13.0,1.0
0.014,2720.0,653.0,707.0,2013.0,2067.0,2039.0,2041.0,679.0,681.0,0.0,0.0,0.0,1.0,0.0,0.0,0.0,0.0,0.0,0.0,250000.0,0.019999999552965164,13.726378440856934,0.0,0.0,0.0,2.0,560.0,0.0,2.0,0.0,1088.0,4.0,54.0,1.0,0.0,0.0,0.0,0.0,2.0,0.0,1.0,0.0,14.0,14.0,1.0
0.015000000000000001,2720.0,653.0,707.0,2013.0,2067.0,2039.0,2041.0,679.0,681.0,0.0,0.0,0.0,1.0,0.0,0.0,0.0,0.0,0.0,0.0,250000.0,0.019999999552965164,14.443238258361816,0.0,0.0,0.0,2.0,600.0,0.0,3.0,0.0,1088.0,4.0,54.0,1.0,1.0,0.0,0.0,0.0,2.0,0.0,1.0,0.0,15.0,15.0,1.0
0.016,2720.0,653.0,707.0,2013.0,2067.0,2039.0,2041.0,679.0,681.0,0.0,0.0,0.0,1.0,0.0,0.0,0.0,0.0,0.0,0.0,250000.0,0.019999999552965164,15.131980895996094,0.0,0.0,0.0,3.0,640.0,0.0,3.0,0.0,1088.0,4.0,54.0,1.0,1.0,0.0,0.0,0.0,2.0,0.0,1.0,0.0,16.0,16.0,1.0
0.017,2720.0,653.0,707.0,2013.0,2067.0,2039.0,2041.0,679.0,681.0,0.0,0.0,0.0,1.0,0.0,0.0,0.0,0.0,0.0,0.0,250000.0,0.019999999552965164,15.793701171875,0.0,0.0,0.0,3.0,680.0,0.0,3.0,0.0,1088.0,4.0,54.0,1.0,1.0,0.0,0.0,0.0,2.0,0.0,1.0,0.0,17.0,17.0,1.0
0.018000000000000002,2720.0,653.0,707.0,2013.0,2067.0,2039.0,2041.0,679.0,681.0,0.0,0.0,0.0,1.0,0.0,0.0,0.0,0.0,0.0,0.0,250000.0,0.019999999552965164,16.429460525512695,0.0,0.0,0.0,3.0,720.0,0.0,3.0,0.0,1088.0,4.0,54.0,1.0,1.0,0.0,0.0,0.0,2.0,0.0,1.0,0.0,18.0,18.0,1.0
0.019,2720.0,653.0,707.0,2013.0,2067.0,2039.0,2041.0,679.0,681.0,0.0,0.0,0.0,1.0,0.0,0.0,0.0,0.0,0.0,0.0,250000.0,0.019999999552965164,17.0402889251709,0.0,0.0,0.0,3.0,760.0,0.0,3.0,0.0,1088.0,4.0,54.0,1.0,1.0,0.0,0.0,0.0,2.0,0.0,1.0,0.0,19.0,19.0,1.0
0.02,2720.0,653.0,707.0,2013.0,2067.0,2039.0,2041.0,679.0,681.0,0.0,0.0,0.0,1.0,0.0,0.0,0.0,0.0,0.0,0.0,250000.0,0.019999999552965164,17.627147674560547,0.0,0.0,0.0,3.0,800.0,0.0,4.0,0.0,1088.0,4.0,54.0,1.0,1.0,0.0,0.0,0.0,2.0,0.0,1.0,0.0,20.0,20.0,1.0
0.021,2720.0,653.0,707.0,2013.0,2067.0,2039.0,2041.0,679.0,681.0,0.0,0.0,0.0,1.0,0.0,0.0,0.0,0.0,0.0,0.0,250000.0,0.019999999552965164,18.190982818603516,0.0,0.0,0.0,4.0,840.0,0.0,4.0,0.0,1088.0,4.0,54.0,1.0,1.0,0.0,0.0,0.0,2.0,0.0,1.0,0.0,21.0,21.0,1.0
0.022000000000000002,2720.0,653.0,707.0,2013.0,2067.0,2039.0,2041.0,679.0,681.0,0.0,0.0,0.0,1.0,0.0,0.0,0.0,0.0,0.0,0.0,250000.0,0.019999999552965164,18.73270606994629,0.0,0.0,0.0,4.0,880.0,0.0,4.0,0.0,1088.0,4.0,54.0,1.0,1.0,0.0,0.0,0.0,2.0,0.0,1.0,0.0,22.0,22.0,1.0
0.023,2720.0,653.0,707.0,2013.0,2067.0,2039.0,2041.0,679.0,681.0,0.0,0.0,0.0,1.0,0.0,0.0,0.0,0.0,0.0,0.0,250000.0,0.019999999552965164,19.253171920776367,0.0,0.0,0.0,4.0,920.0,0.0,4.0,0.0,1088.0,4.0,54.0,1.0,1.0,0.0,0.0,0.0,2.0,0.0,1.0,0.0,23.0,23.0,1.0
0.024,2720.0,653.0,707.0,2013.0,2067.0,2039.0,2041.0,679.0,681.0,0.0,0.0,0.0,1.0,0.0,0.0,0.0,0.0,0.0,0.0,250000.0,0.019999999552965164,19.75322151184082,0.0,0.0,0.0,4.0,960.0,0.0,4.0,0.0,1088.0,4.0,54.0,1.0,1.0,0.0,0.0,0.0,2.0,0.0,1.0,0.0,24.0,24.0,1.0
0.025,2720.0,653.0,707.0,2013.0,2067.0,2039.0,2041.0,679.0,681.0,0.0,0.0,0.0,1.0,0.0,0.0,0.0,0.0,0.0,0.0,250000.0,0.019999999552965164,20.233652114868164,0.0,0.0,0.0,4.0,1000.0,0.0,5.0,0.0,1088.0,4.0,54.0,1.0,1.0,0.0,0.0,0.0,2.0,0.0,1.0,0.0,25.0,25.0,1.0
0.026000000000000002,2720.0,653.0,707.0,2013.0,2067.0,2039.0,2041.0,679.0,681.0,0.0,0.0,0.0,1.0,0.0,0.0,0.0,0.0,0.0,0.0,250000.0,0.019999999552965164,20.695241928100586,0.0,0.0,0.0,5.0,1040.0,0.0,5.0,0.0,1088.0,4.0,54.0,1.0,1.0,0.0,0.0,0.0,2.0,0.0,1.0,0.0,26.0,26.0,1.0
0.027,2720.0,653.0,707.0,2013.0,2067.0,2039.0,2041.0,679.0,681.0,0.0,0.0,0.0,1.0,0.0,0.0,0.0,0.0,0.0,0.0,250000.0,0.019999999552965164,21.138717651367188,0.0,0.0,0.0,5.0,1080.0,0.0,5.0,0.0,1088.0,4.0,54.0,1.0,1.0,0.0,0.0,0.0,2.0,0.0,1.0,0.0,27.0,27.0,1.0
0.028,2720.0,653.0,707.0,2013.0,2067.0,2039.0,2041.0,679.0,681.0,0.0,0.0,0.0,1.0,0.0,0.0,0.0,0.0,0.0,0.0,250000.0,0.019999999552965164,21.564796447753906,0.0,0.0,0.0,5.0,1120.0,0.0,5.0,0.0,1088.0,4.0,54.0,1.0,1.0,0.0,0.0,0.0,2.0,0.0,1.0,0.0,28.0,28.0,1.0
0.029,2720.0,653.0,707.0,2013.0,2067.0,2039.0,2041.0,679.0,681.0,0.0,0.0,0.0,1.0,0.0,0.0,0.0,0.0,0.0,0.0,250000.0,0.019999999552965164,21.974166870117188,0.0,0.0,0.0,5.0,1160.0,0.0,5.0,0.0,1088.0,4.0,54.0,1.0,1.0,0.0,0.0,0.0,2.0,0.0,1.0,0.0,29.0,29.0,1.0
0.030000000000000002,2720.0,653.0,707.0,2013.0,2067.0,2039.0,2041.0,679.0,681.0,0.0,0.0,0.0,1.0,0.0,0.0,0.0,0.0,0.0,0.0,250000.0,0.019999999552965164,22.36747169494629,0.0,0.0,0.0,5.0,1200.0,0.0,6.0,0.0,1088.0,4.0,54.0,1.0,1.0,0.0,0.0,0.0,2.0,0.0,1.0,0.0,30.0,30.0,1.0
0.031,2720.0,653.0,707.0,2013.0,2067.0,2039.0,2041.0,679.0,681.0,0.0,0.0,0.0,1.0,0.0,0.0,0.0,0.0,0.0,0.0,250000.0,0.019999999552965164,22.74534797668457,0.0,0.0,0.0,6.0,1240.0,0.0,6.0,0.0,1088.0,4.0,54.0,1.0,1.0,0.0,0.0,0.0,2.0,0.0,1.0,0.0,31.0,31.0,1.0
0.032,2720.0,653.0,707.0,2013.0,2067.0,2039.0,2041.0,679.0,681.0,0.0,0.0,0.0,1.0,0.0,0.0,0.0,0.0,0.0,0.0,250000.0,0.019999999552965164,23.1083984375,0.0,0.0,0.0,6.0,1280.0,0.0,6.0,0.0,1088.0,4.0,54.0,1.0,1.0,0.0,0.0,0.0,2.0,0.0,1.0,0.0,32.0,32.0,1.0
0.033,2720.0,653.0,707.0,2013.0,2067.0,2039.0,2041.0,679.0,681.0,0.0,0.0,0.0,1.0,0.0,0.0,0.0,0.0,0.0,0.0,250000.0,0.019999999552965164,23.45720863342285,0.0,0.0,0.0,6.0,1320.0,0.0,6.0,0.0,1088.0,4.0,54.0,1.0,1.0,0.0,0.0,0.0,2.0,0.0,1.0,0.0,33.0,33.0,1.0
0.034,2720.0,653.0,707.0,2013.0,2067.0,2039.0,2041.0,679.0,681.0,0.0,0.0,0.0,1.0,0.0,0.0,0.0,0.0,0.0,0.0,250000.0,0.019999999552965164,23.792333602905273,0.0,0.0,0.0,6.0,1360.0,0.0,6.0,0.0,1088.0,4.0,54.0,1.0,1.0,0.0,0.0,0.0,2.0,0.0,1.0,0.0,34.0,34.0,1.0
0.035,2720.0,653.0,707.0,2013.0,2067.0,2039.0,2041.0,679.0,681.0,0.0,0.0,0.0,1.0,0.0,0.0,0.0,0.0,0.0,0.0,250000.0,0.019999999552965164,24.114316940307617,0.0,0.0,0.0,6.0,1400.0,0.0,7.0,0.0,1088.0,4.0,54.0,1.0,1.0,0.0,0.0,0.0,2.0,0.0,1.0,0.0,35.0,35.0,1.0
0.036000000000000004,2720.0,653.0,707.0,2013.0,2067.0,2039.0,2041.0,679.0,681.0,0.0,0.0,0.0,1.0,0.0,0.0,0.0,0.0,0.0,0.0,250000.0,0.019999999552965164,24.423662185668945,0.0,0.0,0.0,7.0,1440.0,0.0,7.0,0.0,1088.0,4.0,54.0,1.0,1.0,0.0,0.0,0.0,2.0,0.0,1.0,0.0,36.0,36.0,1.0
0.037000000000000005,2720.0,653.0,707.0,2013.0,2067.0,2039.0,2041.0,679.0,681.0,0.0,0.0,0.0,1.0,0.0,0.0,0.0,0.0,0.0,0.0,250000.0,0.019999999552965164,24.720874786376953,0.0,0.0,0.0,7.0,1480.0,0.0,7.0,0.0,1088.0,4.0,54.0,1.0,1.0,0.0,0.0,0.0,2.0,0.0,1.0,0.0,37.0,37.0,1.0
0.038,2720.0,653.0,707.0,2013.0,2067.0,2039.0,2041.0,679.0,681.0,0.0,0.0,0.0,1.0,0.0,0.0,0.0,0.0,0.0,0.0,250000.0,0.019999999552965164,25.006425857543945,0.0,0.0,0.0,7.0,1520.0,0.0,7.0,0.0,1088.0,4.0,54.0,1.0,1.0,0.0,0.0,0.0,2.0,0.0,1.0,0.0,38.0,38.0,1.0
0.039,2720.0,653.0,707.0,2013.0,2067.0,2039.0,2041.0,679.0,681.0,0.0,0.0,0.0,1.0,0.0,0.0,0.0,0.0,0.0,0.0,250000.0,0.019999999552965164,25.280778884887695,0.0,0.0,0.0,7.0,1560.0,0.0,7.0,0.0,1088.0,4.0,54.0,1.0,1.0,0.0,0.0,0.0,2.0,0.0,1.0,0.0,39.0,39.0,1.0
0.04,2720.0,653.0,707.0,2013.0,2067.0,2039.0,2041.0,679.0,681.0,0.0,0.0,0.0,1.0,0.0,0.0,0.0,0.0,0.0,0.0,250000.0,0.019999999552965164,25.544370651245117,0.0,0.0,0.0,7.0,1600.0,0.0,8.0,0.0,1088.0,4.0,54.0,1.0,1.0,0.0,0.0,0.0,2.0,0.0,1.0,0.0,40.0,40.0,1.0
0.041,2720.0,653.0,707.0,2013.0,2067.0,2039.0,2041.0,679.0,681.0,0.0,0.0,0.0,1.0,0.0,0.0,0.0,0.0,0.0,0.0,250000.0,0.019999999552965164,25.79762077331543,0.0,0.0,0.0,8.0,1640.0,0.0,8.0,0.0,1088.0,4.0,54.0,1.0,1.0,0.0,0.0,0.0,2.0,0.0,1.0,0.0,41.0,41.0,1.0
0.042,2720.0,653.0,707.0,2013.0,2067.0,2039.0,2041.0,679.0,681.0,0.0,0.0,0.0,1.0,0.0,0.0,0.0,0.0,0.0,0.0,250000.0,0.019999999552965164,26.040935516357422,0.0,0.0,0.0,8.0,1680.0,0.0,8.0,0.0,1088.0,4.0,54.0,1.0,1.0,0.0,0.0,0.0,2.0,0.0,1.0,0.0,42.0,42.0,1.0
0.043000000000000003,2720.0,653.0,707.0,2013.0,2067.0,2039.0,2041.0,679.0,681.0,0.0,0.0,0.0,1.0,0.0,0.0,0.0,0.0,0.0,0.0,250000.0,0.019999999552965164,26.274709701538086,0.0,0.0,0.0,8.0,1720.0,0.0,8.0,0.0,1088.0,4.0,54.0,1.0,1.0,0.0,0.0,0.0,2.0,0.0,1.0,0.0,43.0,43.0,1.0
0.044000000000000004,2720.0,653.0,707.0,2013.0,2067.0,2039.0,2041.0,679.0,681.0,0.0,0.0,0.0,1.0,0.0,0.0,0.0,0.0,0.0,0.0,250000.0,0.019999999552965164,26.49931526184082,0.0,0.0,0.0,8.0,1760.0,0.0,8.0,0.0,1088.0,4.0,54.0,1.0,1.0,0.0,0.0,0.0,2.0,0.0,1.0,0.0,44.0,44.0,1.0
0.045000000000000005,2720.0,653.0,707.0,2013.0,2067.0,2039.0,2041.0,679.0,681.0,0.0,0.0,0.0,1.0,0.0,0.0,0.0,0.0,0.0,0.0,250000.0,0.019999999552965164,26.71510124206543,0.0,0.0,0.0,8.0,1800.0,0.0,9.0,0.0,1088.0,4.0,54.0,1.0,1.0,0.0,0.0,0.0,2.0,0.0,1.0,0.0,45.0,45.0,1.0
0.046,2720.0,653.0,707.0,2013.0,2067.0,2039.0,2041.0,679.0,681.0,0.0,0.0,0.0,1.0,0.0,0.0,0.0,0.0,0.0,0.0,250000.0,0.019999999552965164,26.922422409057617,0.0,0.0,0.0,9.0,1840.0,0.0,9.0,0.0,1088.0,4.0,54.0,1.0,1.0,0.0,0.0,0.0,2.0,0.0,1.0,0.0,46.0,46.0,1.0
0.047,2720.0,653.0,707.0,2013.0,2067.0,2039.0,2041.0,679.0,681.0,0.0,0.0,0.0,1.0,0.0,0.0,0.0,0.0,0.0,0.0,250000.0,0.019999999552965164,27.121612548828125,0.0,0.0,0.0,9.0,1880.0,0.0,9.0,0.0,1088.0,4.0,54.0,1.0,1.0,0.0,0.0,0.0,2.0,0.0,1.0,0.0,47.0,47.0,1.0
0.048,2720.0,653.0,707.0,2013.0,2067.0,2039.0,2041.0,679.0,681.0,0.0,0.0,0.0,1.0,0.0,0.0,0.0,0.0,0.0,0.0,250000.0,0.019999999552965164,27.312990188598633,0.0,0.0,0.0,9.0,1920.0,0.0,9.0,0.0,1088.0,4.0,54.0,1.0,1.0,0.0,0.0,0.0,2.0,0.0,1.0,0.0,48.0,48.0,1.0
0.049,2720.0,653.0,707.0,2013.0,2067.0,2039.0,2041.0,679.0,681.0,0.0,0.0,0.0,1.0,0.0,0.0,0.0,0.0,0.0,0.0,250000.0,0.019999999552965164,27.496856689453125,0.0,0.0,0.0,9.0,1960.0,0.0,9.0,0.0,1088.0,4.0,54.0,1.0,1.0,0.0,0.0,0.0,2.0,0.0,1.0,0.0,49.0,49.0,1.0
0.05,2720.0,653.0,707.0,2013.0,2067.0,2039.0,2041.0,679.0,681.0,0.0,0.0,0.0,1.0,0.0,0.0,0.0,0.0,0.0,0.0,250000.0,0.019999999552965164,27.673511505126953,0.0,0.0,0.0,9.0,2000.0,0.0,10.0,0.0,1088.0,4.0,54.0,1.0,1.0,0.0,0.0,0.0,2.0,0.0,1.0,0.0,50.0,50.0,1.0
0.051000000000000004,2720.0,653.0,707.0,2013.0,2067.0,2039.0,2041.0,679.0,681.0,0.0,0.0,0.0,1.0,0.0,0.0,0.0,0.0,0.0,0.0,250000.0,0.019999999552965164,27.843233108520508,0.0,0.0,0.0,10.0,2040.0,0.0,10.0,0.0,1088.0,4.0,54.0,1.0,1.0,0.0,0.0,0.0,2.0,0.0,1.0,0.0,51.0,51.0,1.0
0.052000000000000005,2720.0,653.0,707.0,2013.0,2067.0,2039.0,2041.0,679.0,681.0,0.0,0.0,0.0,1.0,0.0,0.0,0.0,0.0,0.0,0.0,250000.0,0.019999999552965164,28.006298065185547,0.0,0.0,0.0,10.0,2080.0,0.0,10.0,0.0,1088.0,4.0,54.0,1.0,1.0,0.0,0.0,0.0,2.0,0.0,1.0,0.0,52.0,52.0,1.0
0.053000000000000005,2720.0,653.0,707.0,2013.0,2067.0,2039.0,2041.0,679.0,681.0,0.0,0.0,0.0,1.0,0.0,0.0,0.0,0.0,0.0,0.0,250000.0,0.019999999552965164,28.16297149658203,0.0,0.0,0.0,10.0,2120.0,0.0,10.0,0.0,1088.0,4.0,54.0,1.0,1.0,0.0,0.0,0.0,2.0,0.0,1.0,0.0,53.0,53.0,1.0
0.054,2720.0,653.0,707.0,2013.0,2067.0,2039.0,2041.0,679.0,681.0,0.0,0.0,0.0,1.0,0.0,0.0,0.0,0.0,0.0,0.0,250000.0,0.019999999552965164,28.313507080078125,0.0,0.0,0.0,10.0,2160.0,0.0,10.0,0.0,1088.0,4.0,54.0,1.0,1.0,0.0,0.0,0.0,2.0,0.0,1.0,0.0,54.0,54.0,1.0
0.055,2720.0,653.0,707.0,2013.0,2067.0,2039.0,2041.0,679.0,681.0,0.0,0.0,0.0,1.0,0.0,0.0,0.0,0.0,0.0,0.0,250000.0,0.019999999552965164,28.458126068115234,0.0,0.0,0.0,10.0,2200.0,0.0,11.0,0.0,1088.0,4.0,54.0,1.0,1.0,0.0,0.0,0.0,2.0,0.0,1.0,0.0,55.0,55.0,1.0
0.056,2720.0,653.0,707.0,2013.0,2067.0,2039.0,2041.0,679.0,681.0,0.0,0.0,0.0,1.0,0.0,0.0,0.0,0.0,0.0,0.0,250000.0,0.019999999552965164,28.597070693969727,0.0,0.0,0.0,11.0,2240.0,0.0,11.0,0.0,1088.0,4.0,54.0,1.0,1.0,0.0,0.0,0.0,2.0,0.0,1.0,0.0,56.0,56.0,1.0
0.057,2720.0,653.0,707.0,2013.0,2067.0,2039.0,2041.0,679.0,681.0,0.0,0.0,0.0,1.0,0.0,0.0,0.0,0.0,0.0,0.0,250000.0,0.019999999552965164,28.730567932128906,0.0,0.0,0.0,11.0,2280.0,0.0,11.0,0.0,1088.0,4.0,54.0,1.0,1.0,0.0,0.0,0.0,2.0,0.0,1.0,0.0,57.0,57.0,1.0
0.058,2720.0,653.0,707.0,2013.0,2067.0,2039.0,2041.0,679.0,681.0,0.0,0.0,0.0,1.0,0.0,0.0,0.0,0.0,0.0,0.0,250000.0,0.019999999552965164,28.858823776245117,0.0,0.0,0.0,11.0,2320.0,0.0,11.0,0.0,1088.0,4.0,54.0,1.0,1.0,0.0,0.0,0.0,2.0,0.0,1.0,0.0,58.0,58.0,1.0
0.059000000000000004,2720.0,653.0,707.0,2013.0,2067.0,2039.0,2041.0,679.0,681.0,0.0,0.0,0.0,1.0,0.0,0.0,0.0,0.0,0.0,0.0,250000.0,0.019999999552965164,28.9820499420166,0.0,0.0,0.0,11.0,2360.0,0.0,11.0,0.0,1088.0,4.0,54.0,1.0,1.0,0.0,0.0,0.0,2.0,0.0,1.0,0.0,59.0,59.0,1.0
0.060000000000000005,2720.0,653.0,707.0,2013.0,2067.0,2039.0,2041.0,679.0,681.0,0.0,0.0,0.0,1.0,0.0,0.0,0.0,0.0,0.0,0.0,250000.0,0.019999999552965164,29.10044288635254,0.0,0.0,0.0,11.0,2400.0,0.0,12.0,0.0,1088.0,4.0,54.0,1.0,1.0,0.0,0.0,0.0,2.0,0.0,1.0,0.0,60.0,60.0,1.0
0.061000000000000006,2720.0,653.0,707.0,2013.0,2067.0,2039.0,2041.0,679.0,681.0,0.0,0.0,0.0,1.0,0.0,0.0,0.0,0.0,0.0,0.0,250000.0,0.019999999552965164,29.214197158813477,0.0,0.0,0.0,12.0,2440.0,0.0,12.0,0.0,1088.0,4.0,54.0,1.0,1.0,0.0,0.0,0.0,2.0,0.0,1.0,0.0,61.0,61.0,1.0
0.062,2720.0,653.0,707.0,2013.0,2067.0,2039.0,2041.0,679.0,681.0,0.0,0.0,0.0,1.0,0.0,0.0,0.0,0.0,0.0,0.0,250000.0,0.019999999552965164,29.323482513427734,0.0,0.0,0.0,12.0,2480.0,0.0,12.0,0.0,1088.0,4.0,54.0,1.0,1.0,0.0,0.0,0.0,2.0,0.0,1.0,0.0,62.0,62.0,1.0
0.063,2720.0,653.0,707.0,2013.0,2067.0,2039.0,2041.0,679.0,681.0,0.0,0.0,0.0,1.0,0.0,0.0,0.0,0.0,0.0,0.0,250000.0,0.019999999552965164,29.42848014831543,0.0,0.0,0.0,12.0,2520.0,0.0,12.0,0.0,1088.0,4.0,54.0,1.0,1.0,0.0,0.0,0.0,2.0,0.0,1.0,0.0,63.0,63.0,1.0
0.064,2720.0,653.0,707.0,2013.0,2067.0,2039.0,2041.0,679.0,681.0,0.0,0.0,0.0,1.0,0.0,0.0,0.0,0.0,0.0,0.0,250000.0,0.019999999552965164,29.52935791015625,0.0,0.0,0.0,12.0,2560.0,0.0,12.0,0.0,1088.0,4.0,54.0,1.0,1.0,0.0,0.0,0.0,2.0,0.0,1.0,0.0,64.0,64.0,1.0
0.065,2720.0,653.0,707.0,2013.0,2067.0,2039.0,2041.0,679.0,681.0,0.0,0.0,0.0,1.0,0.0,0.0,0.0,0.0,0.0,0.0,250000.0,0.019999999552965164,29.626277923583984,0.0,0.0,0.0,12.0,2600.0,0.0,13.0,0.0,1088.0,4.0,54.0,1.0,1.0,0.0,0.0,0.0,2.0,0.0,1.0,0.0,65.0,65.0,1.0
0.066,2720.0,653.0,707.0,2013.0,2067.0,2039.0,2041.0,679.0,681.0,0.0,0.0,0.0,1.0,0.0,0.0,0.0,0.0,0.0,0.0,250000.0,0.019999999552965164,29.719396591186523,0.0,0.0,0.0,13.0,2640.0,0.0,13.0,0.0,1088.0,4.0,54.0,1.0,1.0,0.0,0.0,0.0,2.0,0.0,1.0,0.0,66.0,66.0,1.0
0.067,2720.0,653.0,707.0,2013.0,2067.0,2039.0,2041.0,679.0,681.0,0.0,0.0,0.0,1.0,0.0,0.0,0.0,0.0,0.0,0.0,250000.0,0.019999999552965164,29.808862686157227,0.0,0.0,0.0,13.0,2680.0,0.0,13.0,0.0,1088.0,4.0,54.0,1.0,1.0,0.0,0.0,0.0,2.0,0.0,1.0,0.0,67.0,67.0,1.0
0.068,2720.0,653.0,707.0,2013.0,2067.0,2039.0,2041.0,679.0,681.0,0.0,0.0,0.0,1.0,0.0,0.0,0.0,0.0,0.0,0.0,250000.0,0.019999999552965164,29.894819259643555,0.0,0.0,0.0,13.0,2720.0,0.0,13.0,0.0,1088.0,4.0,54.0,1.0,1.0,0.0,0.0,0.0,2.0,0.0,1.0,0.0,68.0,68.0,1.0
0.069,2720.0,653.0,707.0,2013.0,2067.0,2039.0,2041.0,679.0,681.0,0.0,0.0,0.0,1.0,0.0,0.0,0.0,0.0,0.0,0.0,250000.0,0.019999999552965164,29.977405548095703,0.0,0.0,0.0,13.0,2760.0,0.0,13.0,0.0,1088.0,4.0,54.0,1.0,1.0,0.0,0.0,0.0,2.0,0.0,1.0,0.0,69.0,69.0,1.0
0.07,2720.0,653.0,707.0,2013.0,2067.0,2039.0,2041.0,679.0,681.0,0.0,0.0,0.0,1.0,0.0,0.0,0.0,0.0,0.0,0.0,250000.0,0.019999999552965164,30.056747436523438,0.0,0.0,0.0,13.0,2800.0,0.0,14.0,0.0,1088.0,4.0,54.0,1.0,1.0,0.0,0.0,0.0,2.0,0.0,1.0,0.0,70.0,70.0,1.0
0.07100000000000001,2720.0,653.0,707.0,2013.0,2067.0,2039.0,2041.0,679.0,681.0,0.0,0.0,0.0,1.0,0.0,0.0,0.0,0.0,0.0,0.0,250000.0,0.019999999552965164,30.13300323486328,0.0,0.0,0.0,14.0,2840.0,0.0,14.0,0.0,1088.0,4.0,54.0,1.0,1.0,0.0,0.0,0.0,2.0,0.0,1.0,0.0,71.0,71.0,1.0
0.07200000000000001,2720.0,653.0,707.0,2013.0,2067.0,2039.0,2041.0,679.0,681.0,0.0,0.0,0.0,1.0,0.0,0.0,0.0,0.0,0.0,0.0,250000.0,0.019999999552965164,30.206241607666016,0.0,0.0,0.0,14.0,2880.0,0.0,14.0,0.0,1088.0,4.0,54.0,1.0,1.0,0.0,0.0,0.0,2.0,0.0,1.0,0.0,72.0,72.0,1.0
0.07300000000000001,2720.0,653.0,707.0,2013.0,2067.0,2039.0,2041.0,679.0,681.0,0.0,0.0,0.0,1.0,0.0,0.0,0.0,0.0,0.0,0.0,250000.0,0.019999999552965164,30.276609420776367,0.0,0.0,0.0,14.0,2920.0,0.0,14.0,0.0,1088.0,4.0,54.0,1.0,1.0,0.0,0.0,0.0,2.0,0.0,1.0,0.0,73.0,73.0,1.0
0.07400000000000001,2720.0,653.0,707.0,2013.0,2067.0,2039.0,2041.0,679.0,681.0,0.0,0.0,0.0,1.0,0.0,0.0,0.0,0.0,0.0,0.0,250000.0,0.019999999552965164,30.344219207763672,0.0,0.0,0.0,14.0,2960.0,0.0,14.0,0.0,1088.0,4.0,54.0,1.0,1.0,0.0,0.0,0.0,2.0,0.0,1.0,0.0,74.0,74.0,1.0
0.075,2720.0,653.0,707.0,2013.0,2067.0,2039.0,2041.0,679.0,681.0,0.0,0.0,0.0,1.0,0.0,0.0,0.0,0.0,0.0,0.0,250000.0,0.019999999552965164,30.4091739654541,0.0,0.0,0.0,14.0,3000.0,0.0,15.0,0.0,1088.0,4.0,54.0,1.0,1.0,0.0,0.0,0.0,2.0,0.0,1.0,0.0,75.0,75.0,1.0
0.076,2720.0,653.0,707.0,2013.0,2067.0,2039.0,2041.0,679.0,681.0,0.0,0.0,0.0,1.0,0.0,0.0,0.0,0.0,0.0,0.0,250000.0,0.019999999552965164,30.471582412719727,0.0,0.0,0.0,15.0,3040.0,0.0,15.0,0.0,1088.0,4.0,54.0,1.0,1.0,0.0,0.0,0.0,2.0,0.0,1.0,0.0,76.0,76.0,1.0
0.077,2720.0,653.0,707.0,2013.0,2067.0,2039.0,2041.0,679.0,681.0,0.0,0.0,0.0,1.0,0.0,0.0,0.0,0.0,0.0,0.0,250000.0,0.019999999552965164,30.531543731689453,0.0,0.0,0.0,15.0,3080.0,0.0,15.0,0.0,1088.0,4.0,54.0,1.0,1.0,0.0,0.0,0.0,2.0,0.0,1.0,0.0,77.0,77.0,1.0
0.078,2720.0,653.0,707.0,2013.0,2067.0,2039.0,2041.0,679.0,681.0,0.0,0.0,0.0,1.0,0.0,0.0,0.0,0.0,0.0,0.0,250000.0,0.019999999552965164,30.589149475097656,0.0,0.0,0.0,15.0,3120.0,0.0,15.0,0.0,1088.0,4.0,54.0,1.0,1.0,0.0,0.0,0.0,2.0,0.0,1.0,0.0,78.0,78.0,1.0
0.079,2720.0,653.0,707.0,2013.0,2067.0,2039.0,2041.0,679.0,681.0,0.0,0.0,0.0,1.0,0.0,0.0,0.0,0.0,0.0,0.0,250000.0,0.019999999552965164,30.64449691772461,0.0,0.0,0.0,15.0,3160.0,0.0,15.0,0.0,1088.0,4.0,54.0,1.0,1.0,0.0,0.0,0.0,2.0,0.0,1.0,0.0,79.0,79.0,1.0
0.08,2720.0,653.0,707.0,2013.0,2067.0,2039.0,2041.0,679.0,681.0,0.0,0.0,0.0,1.0,0.0,0.0,0.0,0.0,0.0,0.0,250000.0,0.019999999552965164,30.69767189025879,0.0,0.0,0.0,15.0,3200.0,0.0,16.0,0.0,1088.0,4.0,54.0,1.0,1.0,0.0,0.0,0.0,2.0,0.0,1.0,0.0,80.0,80.0,1.0
0.081,2720.0,653.0,707.0,2013.0,2067.0,2039.0,2041.0,679.0,681.0,0.0,0.0,0.0,1.0,0.0,0.0,0.0,0.0,0.0,0.0,250000.0,0.019999999552965164,30.748764038085938,0.0,0.0,0.0,16.0,3240.0,0.0,16.0,0.0,1088.0,4.0,54.0,1.0,1.0,0.0,0.0,0.0,2.0,0.0,1.0,0.0,81.0,81.0,1.0
0.082,2720.0,653.0,707.0,2013.0,2067.0,2039.0,2041.0,679.0,681.0,0.0,0.0,0.0,1.0,0.0,0.0,0.0,0.0,0.0,0.0,250000.0,0.019999999552965164,30.797849655151367,0.0,0.0,0.0,16.0,3280.0,0.0,16.0,0.0,1088.0,4.0,54.0,1.0,1.0,0.0,0.0,0.0,2.0,0.0,1.0,0.0,82.0,82.0,1.0
0.083,2720.0,653.0,707.0,2013.0,2067.0,2039.0,2041.0,679.0,681.0,0.0,0.0,0.0,1.0,0.0,0.0,0.0,0.0,0.0,0.0,250000.0,0.019999999552965164,30.845006942749023,0.0,0.0,0.0,16.0,3320.0,0.0,16.0,0.0,1088.0,4.0,54.0,1.0,1.0,0.0,0.0,0.0,2.0,0.0,1.0,0.0,83.0,83.0,1.0
0.084,2720.0,653.0,707.0,2013.0,2067.0,2039.0,2041.0,679.0,681.0,0.0,0.0,0.0,1.0,0.0,0.0,0.0,0.0,0.0,0.0,250000.0,0.019999999552965164,30.89031982421875,0.0,0.0,0.0,16.0,3360.0,0.0,16.0,0.0,1088.0,4.0,54.0,1.0,1.0,0.0,0.0,0.0,2.0,0.0,1.0,0.0,84.0,84.0,1.0
0.085,2720.0,653.0,707.0,2013.0,2067.0,2039.0,2041.0,679.0,681.0,0.0,0.0,0.0,1.0,0.0,0.0,0.0,0.0,0.0,0.0,250000.0,0.019999999552965164,30.933853149414062,0.0,0.0,0.0,16.0,3400.0,0.0,17.0,0.0,1088.0,4.0,54.0,1.0,1.0,0.0,0.0,0.0,2.0,0.0,1.0,0.0,85.0,85.0,1.0
0.08600000000000001,2720.0,653.0,707.0,2013.0,2067.0,2039.0,2041.0,679.0,681.0,0.0,0.0,0.0,1.0,0.0,0.0,0.0,0.0,0.0,0.0,250000.0,0.019999999552965164,30.975679397583008,0.0,0.0,0.0,17.0,3440.0,0.0,17.0,0.0,1088.0,4.0,54.0,1.0,1.0,0.0,0.0,0.0,2.0,0.0,1.0,0.0,86.0,86.0,1.0
0.08700000000000001,2720.0,653.0,707.0,2013.0,2067.0,2039.0,2041.0,679.0,681.0,0.0,0.0,0.0,1.0,0.0,0.0,0.0,0.0,0.0,0.0,250000.0,0.019999999552965164,31.0158634185791,0.0,0.0,0.0,17.0,3480.0,0.0,17.0,0.0,1088.0,4.0,54.0,1.0,1.0,0.0,0.0,0.0,2.0,0.0,1.0,0.0,87.0,87.0,1.0
0.08800000000000001,2720.0,653.0,707.0,2013.0,2067.0,2039.0,2041.0,679.0,681.0,0.0,0.0,0.0,1.0,0.0,0.0,0.0,0.0,0.0,0.0,250000.0,0.019999999552965164,31.054468154907227,0.0,0.0,0.0,17.0,3520.0,0.0,17.0,0.0,1088.0,4.0,54.0,1.0,1.0,0.0,0.0,0.0,2.0,0.0,1.0,0.0,88.0,88.0,1.0
0.08900000000000001,2720.0,653.0,707.0,2013.0,2067.0,2039.0,2041.0,679.0,681.0,0.0,0.0,0.0,1.0,0.0,0.0,0.0,0.0,0.0,0.0,250000.0,0.019999999552965164,31.09156036376953,0.0,0.0,0.0,17.0,3560.0,0.0,17.0,0.0,1088.0,4.0,54.0,1.0,1.0,0.0,0.0,0.0,2.0,0.0,1.0,0.0,89.0,89.0,1.0
0.09000000000000001,2720.0,653.0,707.0,2013.0,2067.0,2039.0,2041.0,679.0,681.0,0.0,0.0,0.0,1.0,0.0,0.0,0.0,0.0,0.0,0.0,250000.0,0.019999999552965164,31.127197265625,0.0,0.0,0.0,17.0,3600.0,0.0,18.0,0.0,1088.0,4.0,54.0,1.0,1.0,0.0,0.0,0.0,2.0,0.0,1.0,0.0,90.0,90.0,1.0
0.091,2720.0,653.0,707.0,2013.0,2067.0,2039.0,2041.0,679.0,681.0,0.0,0.0,0.0,1.0,0.0,0.0,0.0,0.0,0.0,0.0,250000.0,0.019999999552965164,31.16143798828125,0.0,0.0,0.0,18.0,3640.0,0.0,18.0,0.0,1088.0,4.0,54.0,1.0,1.0,0.0,0.0,0.0,2.0,0.0,1.0,0.0,91.0,91.0,1.0
0.092,2720.0,653.0,707.0,2013.0,2067.0,2039.0,2041.0,679.0,681.0,0.0,0.0,0.0,1.0,0.0,0.0,0.0,0.0,0.0,0.0,250000.0,0.019999999552965164,31.1943359375,0.0,0.0,0.0,18.0,3680.0,0.0,18.0,0.0,1088.0,4.0,54.0,1.0,1.0,0.0,0.0,0.0,2.0,0.0,1.0,0.0,92.0,92.0,1.0
0.093,2720.0,653.0,707.0,2013.0,2067.0,2039.0,2041.0,679.0,681.0,0.0,0.0,0.0,1.0,0.0,0.0,0.0,0.0,0.0,0.0,250000.0,0.019999999552965164,31.225940704345703,0.0,0.0,0.0,18.0,3720.0,0.0,18.0,0.0,1088.0,4.0,54.0,1.0,1.0,0.0,0.0,0.0,2.0,0.0,1.0,0.0,93.0,93.0,1.0
0.094,2720.0,653.0,707.0,2013.0,2067.0,2039.0,2041.0,679.0,681.0,0.0,0.0,0.0,1.0,0.0,0.0,0.0,0.0,0.0,0.0,250000.0,0.019999999552965164,31.256305694580078,0.0,0.0,0.0,18.0,3760.0,0.0,18.0,0.0,1088.0,4.0,54.0,1.0,1.0,0.0,0.0,0.0,2.0,0.0,1.0,0.0,94.0,94.0,1.0
0.095,2720.0,653.0,707.0,2013.0,2067.0,2039.0,2041.0,679.0,681.0,0.0,0.0,0.0,1.0,0.0,0.0,0.0,0.0,0.0,0.0,250000.0,0.019999999552965164,31.285480499267578,0.0,0.0,0.0,18.0,3800.0,0.0,19.0,0.0,1088.0,4.0,54.0,1.0,1.0,0.0,0.0,0.0,2.0,0.0,1.0,0.0,95.0,95.0,1.0
0.096,2720.0,653.0,707.0,2013.0,2067.0,2039.0,2041.0,679.0,681.0,0.0,0.0,0.0,1.0,0.0,0.0,0.0,0.0,0.0,0.0,250000.0,0.019999999552965164,31.31351089477539,0.0,0.0,0.0,19.0,3840.0,0.0,19.0,0.0,1088.0,4.0,54.0,1.0,1.0,0.0,0.0,0.0,2.0,0.0,1.0,0.0,96.0,96.0,1.0
0.097,2720.0,653.0,707.0,2013.0,2067.0,2039.0,2041.0,679.0,681.0,0.0,0.0,0.0,1.0,0.0,0.0,0.0,0.0,0.0,0.0,250000.0,0.019999999552965164,31.34044075012207,0.0,0.0,0.0,19.0,3880.0,0.0,19.0,0.0,1088.0,4.0,54.0,1.0,1.0,0.0,0.0,0.0,2.0,0.0,1.0,0.0,97.0,97.0,1.0
0.098,2720.0,653.0,707.0,2013.0,2067.0,2039.0,2041.0,679.0,681.0,0.0,0.0,0.0,1.0,0.0,0.0,0.0,0.0,0.0,0.0,250000.0,0.019999999552965164,31.366317749023438,0.0,0.0,0.0,19.0,3920.0,0.0,19.0,0.0,1088.0,4.0,54.0,1.0,1.0,0.0,0.0,0.0,2.0,0.0,1.0,0.0,98.0,98.0,1.0
0.099,2720.0,653.0,707.0,2013.0,2067.0,2039.0,2041.0,679.0,681.0,0.0,0.0,0.0,1.0,0.0,0.0,0.0,0.0,0.0,0.0,250000.0,0.019999999552965164,31.391178131103516,0.0,0.0,0.0,19.0,3960.0,0.0,19.0,0.0,1088.0,4.0,54.0,1.0,1.0,0.0,0.0,0.0,2.0,0.0,1.0,0.0,99.0,99.0,1.0
0.1,2720.0,653.0,707.0,2013.0,2067.0,2039.0,2041.0,679.0,681.0,0.0,0.0,0.0,1.0,0.0,0.0,0.0,0.0,0.0,0.0,250000.0,0.019999999552965164,31.415061950683594,0.0,0.0,0.0,19.0,4000.0,0.0,20.0,0.0,1088.0,4.0,54.0,1.0,1.0,0.0,0.0,0.0,2.0,0.0,1.0,0.0,100.0,100.0,1.0
0.101,2720.0,653.0,707.0,2013.0,2067.0,2039.0,2041.0,679.0,681.0,0.0,0.0,0.0,1.0,0.0,0.0,0.0,0.0,0.0,0.0,250000.0,0.019999999552965164,31.43800926208496,0.0,0.0,0.0,20.0,4040.0,0.0,20.0,0.0,1088.0,4.0,54.0,1.0,1.0,0.0,0.0,0.0,2.0,0.0,1.0,0.0,101.0,101.0,1.0
0.10200000000000001,2720.0,653.0,707.0,2013.0,2067.0,2039.0,2041.0,679.0,681.0,0.0,0.0,0.0,1.0,0.0,0.0,0.0,0.0,0.0,0.0,250000.0,0.019999999552965164,31.460058212280273,0.0,0.0,0.0,20.0,4080.0,0.0,20.0,0.0,1088.0,4.0,54.0,1.0,1.0,0.0,0.0,0.0,2.0,0.0,1.0,0.0,102.0,102.0,1.0
0.10300000000000001,2720.0,653.0,707.0,2013.0,2067.0,2039.0,2041.0,679.0,681.0,0.0,0.0,0.0,1.0,0.0,0.0,0.0,0.0,0.0,0.0,250000.0,0.019999999552965164,31.48124122619629,0.0,0.0,0.0,20.0,4120.0,0.0,20.0,0.0,1088.0,4.0,54.0,1.0,1.0,0.0,0.0,0.0,2.0,0.0,1.0,0.0,103.0,103.0,1.0
0.10400000000000001,2720.0,653.0,707.0,2013.0,2067.0,2039.0,2041.0,679.0,681.0,0.0,0.0,0.0,1.0,0.0,0.0,0.0,0.0,0.0,0.0,250000.0,0.019999999552965164,31.5015926361084,0.0,0.0,0.0,20.0,4160.0,0.0,20.0,0.0,1088.0,4.0,54.0,1.0,1.0,0.0,0.0,0.0,2.0,0.0,1.0,0.0,104.0,104.0,1.0
0.10500000000000001,2720.0,653.0,707.0,2013.0,2067.0,2039.0,2041.0,679.0,681.0,0.0,0.0,0.0,1.0,0.0,0.0,0.0,0.0,0.0,0.0,250000.0,0.019999999552965164,31.52114486694336,0.0,0.0,0.0,20.0,4200.0,0.0,21.0,0.0,1088.0,4.0,54.0,1.0,1.0,0.0,0.0,0.0,2.0,0.0,1.0,0.0,105.0,105.0,1.0
0.10600000000000001,2720.0,653.0,707.0,2013.0,2067.0,2039.0,2041.0,679.0,681.0,0.0,0.0,0.0,1.0,0.0,0.0,0.0,0.0,0.0,0.0,250000.0,0.019999999552965164,31.539932250976562,0.0,0.0,0.0,21.0,4240.0,0.0,21.0,0.0,1088.0,4.0,54.0,1.0,1.0,0.0,0.0,0.0,2.0,0.0,1.0,0.0,106.0,106.0,1.0
0.10700000000000001,2720.0,653.0,707.0,2013.0,2067.0,2039.0,2041.0,679.0,681.0,0.0,0.0,0.0,1.0,0.0,0.0,0.0,0.0,0.0,0.0,250000.0,0.019999999552965164,31.557979583740234,0.0,0.0,0.0,21.0,4280.0,0.0,21.0,0.0,1088.0,4.0,54.0,1.0,1.0,0.0,0.0,0.0,2.0,0.0,1.0,0.0,107.0,107.0,1.0
0.108,2720.0,653.0,707.0,2013.0,2067.0,2039.0,2041.0,679.0,681.0,0.0,0.0,0.0,1.0,0.0,0.0,0.0,0.0,0.0,0.0,250000.0,0.019999999552965164,31.575321197509766,0.0,0.0,0.0,21.0,4320.0,0.0,21.0,0.0,1088.0,4.0,54.0,1.0,1.0,0.0,0.0,0.0,2.0,0.0,1.0,0.0,108.0,108.0,1.0
0.109,2720.0,653.0,707.0,2013.0,2067.0,2039.0,2041.0,679.0,681.0,0.0,0.0,0.0,1.0,0.0,0.0,0.0,0.0,0.0,0.0,250000.0,0.019999999552965164,31.591981887817383,0.0,0.0,0.0,21.0,4360.0,0.0,21.0,0.0,1088.0,4.0,54.0,1.0,1.0,0.0,0.0,0.0,2.0,0.0,1.0,0.0,109.0,109.0,1.0
0.11,2720.0,653.0,707.0,2013.0,2067.0,2039.0,2041.0,679.0,681.0,0.0,0.0,0.0,1.0,0.0,0.0,0.0,0.0,0.0,0.0,250000.0,0.019999999552965164,31.607988357543945,0.0,0.0,0.0,21.0,4400.0,0.0,22.0,0.0,1088.0,4.0,54.0,1.0,1.0,0.0,0.0,0.0,2.0,0.0,1.0,0.0,110.0,110.0,1.0
0.111,2720.0,653.0,707.0,2013.0,2067.0,2039.0,2041.0,679.0,681.0,0.0,0.0,0.0,1.0,0.0,0.0,0.0,0.0,0.0,0.0,250000.0,0.019999999552965164,31.623363494873047,0.0,0.0,0.0,22.0,4440.0,0.0,22.0,0.0,1088.0,4.0,54.0,1.0,1.0,0.0,0.0,0.0,2.0,0.0,1.0,0.0,111.0,111.0,1.0
0.112,2720.0,653.0,707.0,2013.0,2067.0,2039.0,2041.0,679.0,681.0,0.0,0.0,0.0,1.0,0.0,0.0,0.0,0.0,0.0,0.0,250000.0,0.019999999552965164,31.63813591003418,0.0,0.0,0.0,22.0,4480.0,0.0,22.0,0.0,1088.0,4.0,54.0,1.0,1.0,0.0,0.0,0.0,2.0,0.0,1.0,0.0,112.0,112.0,1.0
0.113,2720.0,653.0,707.0,2013.0,2067.0,2039.0,2041.0,679.0,681.0,0.0,0.0,0.0,1.0,0.0,0.0,0.0,0.0,0.0,0.0,250000.0,0.019999999552965164,31.652332305908203,0.0,0.0,0.0,22.0,4520.0,0.0,22.0,0.0,1088.0,4.0,54.0,1.0,1.0,0.0,0.0,0.0,2.0,0.0,1.0,0.0,113.0,113.0,1.0
0.114,2720.0,653.0,707.0,2013.0,2067.0,2039.0,2041.0,679.0,681.0,0.0,0.0,0.0,1.0,0.0,0.0,0.0,0.0,0.0,0.0,250000.0,0.019999999552965164,31.665969848632812,0.0,0.0,0.0,22.0,4560.0,0.0,22.0,0.0,1088.0,4.0,54.0,1.0,1.0,0.0,0.0,0.0,2.0,0.0,1.0,0.0,114.0,114.0,1.0
0.115,2720.0,653.0,707.0,2013.0,2067.0,2039.0,2041.0,679.0,681.0,0.0,0.0,0.0,1.0,0.0,0.0,0.0,0.0,0.0,0.0,250000.0,0.019999999552965164,31.679073333740234,0.0,0.0,0.0,22.0,4600.0,0.0,23.0,0.0,1088.0,4.0,54.0,1.0,1.0,0.0,0.0,0.0,2.0,0.0,1.0,0.0,115.0,115.0,1.0
0.116,2720.0,653.0,707.0,2013.0,2067.0,2039.0,2041.0,679.0,681.0,0.0,0.0,0.0,1.0,0.0,0.0,0.0,0.0,0.0,0.0,250000.0,0.019999999552965164,31.691661834716797,0.0,0.0,0.0,23.0,4640.0,0.0,23.0,0.0,1088.0,4.0,54.0,1.0,1.0,0.0,0.0,0.0,2.0,0.0,1.0,0.0,116.0,116.0,1.0
0.117,2720.0,653.0,707.0,2013.0,2067.0,2039.0,2041.0,679.0,681.0,0.0,0.0,0.0,1.0,0.0,0.0,0.0,0.0,0.0,0.0,250000.0,0.019999999552965164,31.703758239746094,0.0,0.0,0.0,23.0,4680.0,0.0,23.0,0.0,1088.0,4.0,54.0,1.0,1.0,0.0,0.0,0.0,2.0,0.0,1.0,0.0,117.0,117.0,1.0
0.11800000000000001,2720.0,653.0,707.0,2013.0,2067.0,2039.0,2041.0,679.0,681.0,0.0,0.0,0.0,1.0,0.0,0.0,0.0,0.0,0.0,0.0,250000.0,0.019999999552965164,31.71537971496582,0.0,0.0,0.0,23.0,4720.0,0.0,23.0,0.0,1088.0,4.0,54.0,1.0,1.0,0.0,0.0,0.0,2.0,0.0,1.0,0.0,118.0,118.0,1.0
0.11900000000000001,2720.0,653.0,707.0,2013.0,2067.0,2039.0,2041.0,679.0,681.0,0.0,0.0,0.0,1.0,0.0,0.0,0.0,0.0,0.0,0.0,250000.0,0.019999999552965164,31.726547241210938,0.0,0.0,0.0,23.0,4760.0,0.0,23.0,0.0,1088.0,4.0,54.0,1.0,1.0,0.0,0.0,0.0,2.0,0.0,1.0,0.0,119.0,119.0,1.0
0.12000000000000001,2720.0,653.0,707.0,2013.0,2067.0,2039.0,2041.0,679.0,681.0,0.0,0.0,0.0,1.0,0.0,0.0,0.0,0.0,0.0,0.0,250000.0,0.019999999552965164,31.737276077270508,0.0,0.0,0.0,23.0,4800.0,0.0,24.0,0.0,1088.0,4.0,54.0,1.0,1.0,0.0,0.0,0.0,2.0,0.0,1.0,0.0,120.0,120.0,1.0
0.12100000000000001,2720.0,653.0,707.0,2013.0,2067.0,2039.0,2041.0,679.0,681.0,0.0,0.0,0.0,1.0,0.0,0.0,0.0,0.0,0.0,0.0,250000.0,0.019999999552965164,31.747583389282227,0.0,0.0,0.0,24.0,4840.0,0.0,24.0,0.0,1088.0,4.0,54.0,1.0,1.0,0.0,0.0,0.0,2.0,0.0,1.0,0.0,121.0,121.0,1.0
0.12200000000000001,2720.0,653.0,707.0,2013.0,2067.0,2039.0,2041.0,679.0,681.0,0.0,0.0,0.0,1.0,0.0,0.0,0.0,0.0,0.0,0.0,250000.0,0.019999999552965164,31.757484436035156,0.0,0.0,0.0,24.0,4880.0,0.0,24.0,0.0,1088.0,4.0,54.0,1.0,1.0,0.0,0.0,0.0,2.0,0.0,1.0,0.0,122.0,122.0,1.0
0.12300000000000001,2720.0,653.0,707.0,2013.0,2067.0,2039.0,2041.0,679.0,681.0,0.0,0.0,0.0,1.0,0.0,0.0,0.0,0.0,0.0,0.0,250000.0,0.019999999552965164,31.76700210571289,0.0,0.0,0.0,24.0,4920.0,0.0,24.0,0.0,1088.0,4.0,54.0,1.0,1.0,0.0,0.0,0.0,2.0,0.0,1.0,0.0,123.0,123.0,1.0
0.124,2720.0,653.0,707.0,2013.0,2067.0,2039.0,2041.0,679.0,681.0,0.0,0.0,0.0,1.0,0.0,0.0,0.0,0.0,0.0,0.0,250000.0,0.019999999552965164,31.776142120361328,0.0,0.0,0.0,24.0,4960.0,0.0,24.0,0.0,1088.0,4.0,54.0,1.0,1.0,0.0,0.0,0.0,2.0,0.0,1.0,0.0,124.0,124.0,1.0
0.125,2720.0,653.0,707.0,2013.0,2067.0,2039.0,2041.0,679.0,681.0,0.0,0.0,0.0,1.0,0.0,0.0,0.0,0.0,0.0,0.0,250000.0,0.019999999552965164,31.784923553466797,0.0,0.0,0.0,24.0,5000.0,0.0,25.0,0.0,1088.0,4.0,54.0,1.0,1.0,0.0,0.0,0.0,2.0,0.0,1.0,0.0,125.0,125.0,1.0
0.126,2720.0,653.0,707.0,2013.0,2067.0,2039.0,2041.0,679.0,681.0,0.0,0.0,0.0,1.0,0.0,0.0,0.0,0.0,0.0,0.0,250000.0,0.019999999552965164,31.793363571166992,0.0,0.0,0.0,25.0,5040.0,0.0,25.0,0.0,1088.0,4.0,54.0,1.0,1.0,0.0,0.0,0.0,2.0,0.0,1.0,0.0,126.0,126.0,1.0
0.127,2720.0,653.0,707.0,2013.0,2067.0,2039.0,2041.0,679.0,681.0,0.0,0.0,0.0,1.0,0.0,0.0,0.0,0.0,0.0,0.0,250000.0,0.019999999552965164,31.801469802856445,0.0,0.0,0.0,25.0,5080.0,0.0,25.0,0.0,1088.0,4.0,54.0,1.0,1.0,0.0,0.0,0.0,2.0,0.0,1.0,0.0,127.0,127.0,1.0
0.128,2720.0,653.0,707.0,2013.0,2067.0,2039.0,2041.0,679.0,681.0,0.0,0.0,0.0,1.0,0.0,0.0,0.0,0.0,0.0,0.0,250000.0,0.019999999552965164,31.80925941467285,0.0,0.0,0.0,25.0,5120.0,0.0,25.0,0.0,1088.0,4.0,54.0,1.0,1.0,0.0,0.0,0.0,2.0,0.0,1.0,0.0,128.0,128.0,1.0
0.129,2720.0,653.0,707.0,2013.0,2067.0,2039.0,2041.0,679.0,681.0,0.0,0.0,0.0,1.0,0.0,0.0,0.0,0.0,0.0,0.0,250000.0,0.019999999552965164,31.816743850708008,0.0,0.0,0.0,25.0,5160.0,0.0,25.0,0.0,1088.0,4.0,54.0,1.0,1.0,0.0,0.0,0.0,2.0,0.0,1.0,0.0,129.0,129.0,1.0
0.13,2720.0,653.0,707.0,2013.0,2067.0,2039.0,2041.0,679.0,681.0,0.0,0.0,0.0,1.0,0.0,0.0,0.0,0.0,0.0,0.0,250000.0,0.019999999552965164,31.82393455505371,0.0,0.0,0.0,25.0,5200.0,0.0,26.0,0.0,1088.0,4.0,54.0,1.0,1.0,0.0,0.0,0.0,2.0,0.0,1.0,0.0,130.0,130.0,1.0
0.131,2720.0,653.0,707.0,2013.0,2067.0,2039.0,2041.0,679.0,681.0,0.0,0.0,0.0,1.0,0.0,0.0,0.0,0.0,0.0,0.0,250000.0,0.019999999552965164,31.830839157104492,0.0,0.0,0.0,26.0,5240.0,0.0,26.0,0.0,1088.0,4.0,54.0,1.0,1.0,0.0,0.0,0.0,2.0,0.0,1.0,0.0,131.0,131.0,1.0
0.132,2720.0,653.0,707.0,2013.0,2067.0,2039.0,2041.0,679.0,681.0,0.0,0.0,0.0,1.0,0.0,0.0,0.0,0.0,0.0,0.0,250000.0,0.019999999552965164,31.837474822998047,0.0,0.0,0.0,26.0,5280.0,0.0,26.0,0.0,1088.0,4.0,54.0,1.0,1.0,0.0,0.0,0.0,2.0,0.0,1.0,0.0,132.0,132.0,1.0
0.133,2720.0,653.0,707.0,2013.0,2067.0,2039.0,2041.0,679.0,681.0,0.0,0.0,0.0,1.0,0.0,0.0,0.0,0.0,0.0,0.0,250000.0,0.019999999552965164,31.84385108947754,0.0,0.0,0.0,26.0,5320.0,0.0,26.0,0.0,1088.0,4.0,54.0,1.0,1.0,0.0,0.0,0.0,2.0,0.0,1.0,0.0,133.0,133.0,1.0
0.134,2720.0,653.0,707.0,2013.0,2067.0,2039.0,2041.0,679.0,681.0,0.0,0.0,0.0,1.0,0.0,0.0,0.0,0.0,0.0,0.0,250000.0,0.019999999552965164,31.849977493286133,0.0,0.0,0.0,26.0,5360.0,0.0,26.0,0.0,1088.0,4.0,54.0,1.0,1.0,0.0,0.0,0.0,2.0,0.0,1.0,0.0,134.0,134.0,1.0
0.135,2720.0,653.0,707.0,2013.0,2067.0,2039.0,2041.0,679.0,681.0,0.0,0.0,0.0,1.0,0.0,0.0,0.0,0.0,0.0,0.0,250000.0,0.019999999552965164,31.85586166381836,0.0,0.0,0.0,26.0,5400.0,0.0,27.0,0.0,1088.0,4.0,54.0,1.0,1.0,0.0,0.0,0.0,2.0,0.0,1.0,0.0,135.0,135.0,1.0
0.136,2720.0,653.0,707.0,2013.0,2067.0,2039.0,2041.0,679.0,681.0,0.0,0.0,0.0,1.0,0.0,0.0,0.0,0.0,0.0,0.0,250000.0,0.019999999552965164,31.861515045166016,0.0,0.0,0.0,27.0,5440.0,0.0,27.0,0.0,1088.0,4.0,54.0,1.0,1.0,0.0,0.0,0.0,2.0,0.0,1.0,0.0,136.0,136.0,1.0
0.137,2720.0,653.0,707.0,2013.0,2067.0,2039.0,2041.0,679.0,681.0,0.0,0.0,0.0,1.0,0.0,0.0,0.0,0.0,0.0,0.0,250000.0,0.019999999552965164,31.866947174072266,0.0,0.0,0.0,27.0,5480.0,0.0,27.0,0.0,1088.0,4.0,54.0,1.0,1.0,0.0,0.0,0.0,2.0,0.0,1.0,0.0,137.0,137.0,1.0
0.138,2720.0,653.0,707.0,2013.0,2067.0,2039.0,2041.0,679.0,681.0,0.0,0.0,0.0,1.0,0.0,0.0,0.0,0.0,0.0,0.0,250000.0,0.019999999552965164,31.87216567993164,0.0,0.0,0.0,27.0,5520.0,0.0,27.0,0.0,1088.0,4.0,54.0,1.0,1.0,0.0,0.0,0.0,2.0,0.0,1.0,0.0,138.0,138.0,1.0
0.139,2720.0,653.0,707.0,2013.0,2067.0,2039.0,2041.0,679.0,681.0,0.0,0.0,0.0,1.0,0.0,0.0,0.0,0.0,0.0,0.0,250000.0,0.019999999552965164,31.877182006835938,0.0,0.0,0.0,27.0,5560.0,0.0,27.0,0.0,1088.0,4.0,54.0,1.0,1.0,0.0,0.0,0.0,2.0,0.0,1.0,0.0,139.0,139.0,1.0
0.14,2720.0,653.0,707.0,2013.0,2067.0,2039.0,2041.0,679.0,681.0,0.0,0.0,0.0,1.0,0.0,0.0,0.0,0.0,0.0,0.0,250000.0,0.019999999552965164,31.881996154785156,0.0,0.0,0.0,27.0,5600.0,0.0,28.0,0.0,1088.0,4.0,54.0,1.0,1.0,0.0,0.0,0.0,2.0,0.0,1.0,0.0,140.0,140.0,1.0
0.14100000000000001,2720.0,653.0,707.0,2013.0,2067.0,2039.0,2041.0,679.0,681.0,0.0,0.0,0.0,1.0,0.0,0.0,0.0,0.0,0.0,0.0,250000.0,0.019999999552965164,31.886627197265625,0.0,0.0,0.0,28.0,5640.0,0.0,28.0,0.0,1088.0,4.0,54.0,1.0,1.0,0.0,0.0,0.0,2.0,0.0,1.0,0.0,141.0,141.0,1.0
0.14200000000000002,2720.0,653.0,707.0,2013.0,2067.0,2039.0,2041.0,679.0,681.0,0.0,0.0,0.0,1.0,0.0,0.0,0.0,0.0,0.0,0.0,250000.0,0.019999999552965164,31.891071319580078,0.0,0.0,0.0,28.0,5680.0,0.0,28.0,0.0,1088.0,4.0,54.0,1.0,1.0,0.0,0.0,0.0,2.0,0.0,1.0,0.0,142.0,142.0,1.0
0.14300000000000002,2720.0,653.0,707.0,2013.0,2067.0,2039.0,2041.0,679.0,681.0,0.0,0.0,0.0,1.0,0.0,0.0,0.0,0.0,0.0,0.0,250000.0,0.019999999552965164,31.895343780517578,0.0,0.0,0.0,28.0,5720.0,0.0,28.0,0.0,1088.0,4.0,54.0,1.0,1.0,0.0,0.0,0.0,2.0,0.0,1.0,0.0,143.0,143.0,1.0
0.14400000000000002,2720.0,653.0,707.0,2013.0,2067.0,2039.0,2041.0,679.0,681.0,0.0,0.0,0.0,1.0,0.0,0.0,0.0,0.0,0.0,0.0,250000.0,0.019999999552965164,31.899450302124023,0.0,0.0,0.0,28.0,5760.0,0.0,28.0,0.0,1088.0,4.0,54.0,1.0,1.0,0.0,0.0,0.0,2.0,0.0,1.0,0.0,144.0,144.0,1.0
0.14500000000000002,2720.0,653.0,707.0,2013.0,2067.0,2039.0,2041.0,679.0,681.0,0.0,0.0,0.0,1.0,0.0,0.0,0.0,0.0,0.0,0.0,250000.0,0.019999999552965164,31.903396606445312,0.0,0.0,0.0,28.0,5800.0,0.0,29.0,0.0,1088.0,4.0,54.0,1.0,1.0,0.0,0.0,0.0,2.0,0.0,1.0,0.0,145.0,145.0,1.0
0.14600000000000002,2720.0,653.0,707.0,2013.0,2067.0,2039.0,2041.0,679.0,681.0,0.0,0.0,0.0,1.0,0.0,0.0,0.0,0.0,0.0,0.0,250000.0,0.019999999552965164,31.907184600830078,0.0,0.0,0.0,29.0,5840.0,0.0,29.0,0.0,1088.0,4.0,54.0,1.0,1.0,0.0,0.0,0.0,2.0,0.0,1.0,0.0,146.0,146.0,1.0
0.14700000000000002,2720.0,653.0,707.0,2013.0,2067.0,2039.0,2041.0,679.0,681.0,0.0,0.0,0.0,1.0,0.0,0.0,0.0,0.0,0.0,0.0,250000.0,0.019999999552965164,31.910825729370117,0.0,0.0,0.0,29.0,5880.0,0.0,29.0,0.0,1088.0,4.0,54.0,1.0,1.0,0.0,0.0,0.0,2.0,0.0,1.0,0.0,147.0,147.0,1.0
0.14800000000000002,2720.0,653.0,707.0,2013.0,2067.0,2039.0,2041.0,679.0,681.0,0.0,0.0,0.0,1.0,0.0,0.0,0.0,0.0,0.0,0.0,250000.0,0.019999999552965164,31.914323806762695,0.0,0.0,0.0,29.0,5920.0,0.0,29.0,0.0,1088.0,4.0,54.0,1.0,1.0,0.0,0.0,0.0,2.0,0.0,1.0,0.0,148.0,148.0,1.0
0.149,2720.0,653.0,707.0,2013.0,2067.0,2039.0,2041.0,679.0,681.0,0.0,0.0,0.0,1.0,0.0,0.0,0.0,0.0,0.0,0.0,250000.0,0.019999999552965164,31.917686462402344,0.0,0.0,0.0,29.0,5960.0,0.0,29.0,0.0,1088.0,4.0,54.0,1.0,1.0,0.0,0.0,0.0,2.0,0.0,1.0,0.0,149.0,149.0,1.0
0.15,2720.0,653.0,707.0,2013.0,2067.0,2039.0,2041.0,679.0,681.0,0.0,0.0,0.0,1.0,0.0,0.0,0.0,0.0,0.0,0.0,250000.0,0.019999999552965164,31.920921325683594,0.0,0.0,0.0,29.0,6000.0,0.0,30.0,0.0,1088.0,4.0,54.0,1.0,1.0,0.0,0.0,0.0,2.0,0.0,1.0,0.0,150.0,150.0,1.0
0.151,2720.0,653.0,707.0,2013.0,2067.0,2039.0,2041.0,679.0,681.0,0.0,0.0,0.0,1.0,0.0,0.0,0.0,0.0,0.0,0.0,250000.0,0.019999999552965164,31.92401885986328,0.0,0.0,0.0,30.0,6040.0,0.0,30.0,0.0,1088.0,4.0,54.0,1.0,1.0,0.0,0.0,0.0,2.0,0.0,1.0,0.0,151.0,151.0,1.0
0.152,2720.0,653.0,707.0,2013.0,2067.0,2039.0,2041.0,679.0,681.0,0.0,0.0,0.0,1.0,0.0,0.0,0.0,0.0,0.0,0.0,250000.0,0.019999999552965164,31.927001953125,0.0,0.0,0.0,30.0,6080.0,0.0,30.0,0.0,1088.0,4.0,54.0,1.0,1.0,0.0,0.0,0.0,2.0,0.0,1.0,0.0,152.0,152.0,1.0
0.153,2720.0,653.0,707.0,2013.0,2067.0,2039.0,2041.0,679.0,681.0,0.0,0.0,0.0,1.0,0.0,0.0,0.0,0.0,0.0,0.0,250000.0,0.019999999552965164,31.92986488342285,0.0,0.0,0.0,30.0,6120.0,0.0,30.0,0.0,1088.0,4.0,54.0,1.0,1.0,0.0,0.0,0.0,2.0,0.0,1.0,0.0,153.0,153.0,1.0
0.154,2720.0,653.0,707.0,2013.0,2067.0,2039.0,2041.0,679.0,681.0,0.0,0.0,0.0,1.0,0.0,0.0,0.0,0.0,0.0,0.0,250000.0,0.019999999552965164,31.932619094848633,0.0,0.0,0.0,30.0,6160.0,0.0,30.0,0.0,1088.0,4.0,54.0,1.0,1.0,0.0,0.0,0.0,2.0,0.0,1.0,0.0,154.0,154.0,1.0
0.155,2720.0,653.0,707.0,2013.0,2067.0,2039.0,2041.0,679.0,681.0,0.0,0.0,0.0,1.0,0.0,0.0,0.0,0.0,0.0,0.0,250000.0,0.019999999552965164,31.935258865356445,0.0,0.0,0.0,30.0,6200.0,0.0,31.0,0.0,1088.0,4.0,54.0,1.0,1.0,0.0,0.0,0.0,2.0,0.0,1.0,0.0,155.0,155.0,1.0
0.156,2720.0,653.0,707.0,2013.0,2067.0,2039.0,2041.0,679.0,681.0,0.0,0.0,0.0,1.0,0.0,0.0,0.0,0.0,0.0,0.0,250000.0,0.019999999552965164,31.937803268432617,0.0,0.0,0.0,31.0,6240.0,0.0,31.0,0.0,1088.0,4.0,54.0,1.0,1.0,0.0,0.0,0.0,2.0,0.0,1.0,0.0,156.0,156.0,1.0
0.157,2720.0,653.0,707.0,2013.0,2067.0,2039.0,2041.0,679.0,681.0,0.0,0.0,0.0,1.0,0.0,0.0,0.0,0.0,0.0,0.0,250000.0,0.019999999552965164,31.940242767333984,0.0,0.0,0.0,31.0,6280.0,0.0,31.0,0.0,1088.0,4.0,54.0,1.0,1.0,0.0,0.0,0.0,2.0,0.0,1.0,0.0,157.0,157.0,1.0
0.158,2720.0,653.0,707.0,2013.0,2067.0,2039.0,2041.0,679.0,681.0,0.0,0.0,0.0,1.0,0.0,0.0,0.0,0.0,0.0,0.0,250000.0,0.019999999552965164,31.942583084106445,0.0,0.0,0.0,31.0,6320.0,0.0,31.0,0.0,1088.0,4.0,54.0,1.0,1.0,0.0,0.0,0.0,2.0,0.0,1.0,0.0,158.0,158.0,1.0
0.159,2720.0,653.0,707.0,2013.0,2067.0,2039.0,2041.0,679.0,681.0,0.0,0.0,0.0,1.0,0.0,0.0,0.0,0.0,0.0,0.0,250000.0,0.019999999552965164,31.944835662841797,0.0,0.0,0.0,31.0,6360.0,0.0,31.0,0.0,1088.0,4.0,54.0,1.0,1.0,0.0,0.0,0.0,2.0,0.0,1.0,0.0,159.0,159.0,1.0
0.16,2720.0,653.0,707.0,2013.0,2067.0,2039.0,2041.0,679.0,681.0,0.0,0.0,0.0,1.0,0.0,0.0,0.0,0.0,0.0,0.0,250000.0,0.019999999552965164,31.94700050354004,0.0,0.0,0.0,31.0,6400.0,0.0,32.0,0.0,1088.0,4.0,54.0,1.0,1.0,0.0,0.0,0.0,2.0,0.0,1.0,0.0,160.0,160.0,1.0
0.161,2720.0,653.0,707.0,2013.0,2067.0,2039.0,2041.0,679.0,681.0,0.0,0.0,0.0,1.0,0.0,0.0,0.0,0.0,0.0,0.0,250000.0,0.019999999552965164,31.949081420898438,0.0,0.0,0.0,32.0,6440.0,0.0,32.0,0.0,1088.0,4.0,54.0,1.0,1.0,0.0,0.0,0.0,2.0,0.0,1.0,0.0,161.0,161.0,1.0
0.162,2720.0,653.0,707.0,2013.0,2067.0,2039.0,2041.0,679.0,681.0,0.0,0.0,0.0,1.0,0.0,0.0,0.0,0.0,0.0,0.0,250000.0,0.019999999552965164,31.951080322265625,0.0,0.0,0.0,32.0,6480.0,0.0,32.0,0.0,1088.0,4.0,54.0,1.0,1.0,0.0,0.0,0.0,2.0,0.0,1.0,0.0,162.0,162.0,1.0
0.163,2720.0,653.0,707.0,2013.0,2067.0,2039.0,2041.0,679.0,681.0,0.0,0.0,0.0,1.0,0.0,0.0,0.0,0.0,0.0,0.0,250000.0,0.019999999552965164,31.952999114990234,0.0,0.0,0.0,32.0,6520.0,0.0,32.0,0.0,1088.0,4.0,54.0,1.0,1.0,0.0,0.0,0.0,2.0,0.0,1.0,0.0,163.0,163.0,1.0
0.164,2720.0,653.0,707.0,2013.0,2067.0,2039.0,2041.0,679.0,681.0,0.0,0.0,0.0,1.0,0.0,0.0,0.0,0.0,0.0,0.0,250000.0,0.019999999552965164,31.95484161376953,0.0,0.0,0.0,32.0,6560.0,0.0,32.0,0.0,1088.0,4.0,54.0,1.0,1.0,0.0,0.0,0.0,2.0,0.0,1.0,0.0,164.0,164.0,1.0
0.165,2720.0,653.0,707.0,2013.0,2067.0,2039.0,2041.0,679.0,681.0,0.0,0.0,0.0,1.0,0.0,0.0,0.0,0.0,0.0,0.0,250000.0,0.019999999552965164,31.95661163330078,0.0,0.0,0.0,32.0,6600.0,0.0,33.0,0.0,1088.0,4.0,54.0,1.0,1.0,0.0,0.0,0.0,2.0,0.0,1.0,0.0,165.0,165.0,1.0
0.166,2720.0,653.0,707.0,2013.0,2067.0,2039.0,2041.0,679.0,681.0,0.0,0.0,0.0,1.0,0.0,0.0,0.0,0.0,0.0,0.0,250000.0,0.019999999552965164,31.958311080932617,0.0,0.0,0.0,33.0,6640.0,0.0,33.0,0.0,1088.0,4.0,54.0,1.0,1.0,0.0,0.0,0.0,2.0,0.0,1.0,0.0,166.0,166.0,1.0
0.167,2720.0,653.0,707.0,2013.0,2067.0,2039.0,2041.0,679.0,681.0,0.0,0.0,0.0,1.0,0.0,0.0,0.0,0.0,0.0,0.0,250000.0,0.019999999552965164,31.959945678710938,0.0,0.0,0.0,33.0,6680.0,0.0,33.0,0.0,1088.0,4.0,54.0,1.0,1.0,0.0,0.0,0.0,2.0,0.0,1.0,0.0,167.0,167.0,1.0
0.168,2720.0,653.0,707.0,2013.0,2067.0,2039.0,2041.0,679.0,681.0,0.0,0.0,0.0,1.0,0.0,0.0,0.0,0.0,0.0,0.0,250000.0,0.019999999552965164,31.961517333984375,0.0,0.0,0.0,33.0,6720.0,0.0,33.0,0.0,1088.0,4.0,54.0,1.0,1.0,0.0,0.0,0.0,2.0,0.0,1.0,0.0,168.0,168.0,1.0
0.169,2720.0,653.0,707.0,2013.0,2067.0,2039.0,2041.0,679.0,681.0,0.0,0.0,0.0,1.0,0.0,0.0,0.0,0.0,0.0,0.0,250000.0,0.019999999552965164,31.963031768798828,0.0,0.0,0.0,33.0,6760.0,0.0,33.0,0.0,1088.0,4.0,54.0,1.0,1.0,0.0,0.0,0.0,2.0,0.0,1.0,0.0,169.0,169.0,1.0
0.17,2720.0,653.0,707.0,2013.0,2067.0,2039.0,2041.0,679.0,681.0,0.0,0.0,0.0,1.0,0.0,0.0,0.0,0.0,0.0,0.0,250000.0,0.019999999552965164,31.964481353759766,0.0,0.0,0.0,33.0,6800.0,0.0,34.0,0.0,1088.0,4.0,54.0,1.0,1.0,0.0,0.0,0.0,2.0,0.0,1.0,0.0,170.0,170.0,1.0
0.171,2720.0,653.0,707.0,2013.0,2067.0,2039.0,2041.0,679.0,681.0,0.0,0.0,0.0,1.0,0.0,0.0,0.0,0.0,0.0,0.0,250000.0,0.019999999552965164,31.96586799621582,0.0,0.0,0.0,34.0,6840.0,0.0,34.0,0.0,1088.0,4.0,54.0,1.0,1.0,0.0,0.0,0.0,2.0,0.0,1.0,0.0,171.0,171.0,1.0
0.17200000000000001,2720.0,653.0,707.0,2013.0,2067.0,2039.0,2041.0,679.0,681.0,0.0,0.0,0.0,1.0,0.0,0.0,0.0,0.0,0.0,0.0,250000.0,0.019999999552965164,31.967206954956055,0.0,0.0,0.0,34.0,6880.0,0.0,34.0,0.0,1088.0,4.0,54.0,1.0,1.0,0.0,0.0,0.0,2.0,0.0,1.0,0.0,172.0,172.0,1.0
0.17300000000000001,2720.0,653.0,707.0,2013.0,2067.0,2039.0,2041.0,679.0,681.0,0.0,0.0,0.0,1.0,0.0,0.0,0.0,0.0,0.0,0.0,250000.0,0.019999999552965164,31.968503952026367,0.0,0.0,0.0,34.0,6920.0,0.0,34.0,0.0,1088.0,4.0,54.0,1.0,1.0,0.0,0.0,0.0,2.0,0.0,1.0,0.0,173.0,173.0,1.0
0.17400000000000002,2720.0,653.0,707.0,2013.0,2067.0,2039.0,2041.0,679.0,681.0,0.0,0.0,0.0,1.0,0.0,0.0,0.0,0.0,0.0,0.0,250000.0,0.019999999552965164,31.9697265625,0.0,0.0,0.0,34.0,6960.0,0.0,34.0,0.0,1088.0,4.0,54.0,1.0,1.0,0.0,0.0,0.0,2.0,0.0,1.0,0.0,174.0,174.0,1.0
0.17500000000000002,2720.0,653.0,707.0,2013.0,2067.0,2039.0,2041.0,679.0,681.0,0.0,0.0,0.0,1.0,0.0,0.0,0.0,0.0,0.0,0.0,250000.0,0.019999999552965164,31.970916748046875,0.0,0.0,0.0,34.0,7000.0,0.0,35.0,0.0,1088.0,4.0,54.0,1.0,1.0,0.0,0.0,0.0,2.0,0.0,1.0,0.0,175.0,175.0,1.0
0.17600000000000002,2720.0,653.0,707.0,2013.0,2067.0,2039.0,2041.0,679.0,681.0,0.0,0.0,0.0,1.0,0.0,0.0,0.0,0.0,0.0,0.0,250000.0,0.019999999552965164,31.972061157226562,0.0,0.0,0.0,35.0,7040.0,0.0,35.0,0.0,1088.0,4.0,54.0,1.0,1.0,0.0,0.0,0.0,2.0,0.0,1.0,0.0,176.0,176.0,1.0
0.17700000000000002,2720.0,653.0,707.0,2013.0,2067.0,2039.0,2041.0,679.0,681.0,0.0,0.0,0.0,1.0,0.0,0.0,0.0,0.0,0.0,0.0,250000.0,0.019999999552965164,31.973148345947266,0.0,0.0,0.0,35.0,7080.0,0.0,35.0,0.0,1088.0,4.0,54.0,1.0,1.0,0.0,0.0,0.0,2.0,0.0,1.0,0.0,177.0,177.0,1.0
0.17800000000000002,2720.0,653.0,707.0,2013.0,2067.0,2039.0,2041.0,679.0,681.0,0.0,0.0,0.0,1.0,0.0,0.0,0.0,0.0,0.0,0.0,250000.0,0.019999999552965164,31.97421646118164,0.0,0.0,0.0,35.0,7120.0,0.0,35.0,0.0,1088.0,4.0,54.0,1.0,1.0,0.0,0.0,0.0,2.0,0.0,1.0,0.0,178.0,178.0,1.0
0.17900000000000002,2720.0,653.0,707.0,2013.0,2067.0,2039.0,2041.0,679.0,681.0,0.0,0.0,0.0,1.0,0.0,0.0,0.0,0.0,0.0,0.0,250000.0,0.019999999552965164,31.97521209716797,0.0,0.0,0.0,35.0,7160.0,0.0,35.0,0.0,1088.0,4.0,54.0,1.0,1.0,0.0,0.0,0.0,2.0,0.0,1.0,0.0,179.0,179.0,1.0
0.18000000000000002,2720.0,653.0,707.0,2013.0,2067.0,2039.0,2041.0,679.0,681.0,0.0,0.0,0.0,1.0,0.0,0.0,0.0,0.0,0.0,0.0,250000.0,0.019999999552965164,31.9762020111084,0.0,0.0,0.0,35.0,7200.0,0.0,36.0,0.0,1088.0,4.0,54.0,1.0,1.0,0.0,0.0,0.0,2.0,0.0,1.0,0.0,180.0,180.0,1.0
0.18100000000000002,2720.0,653.0,707.0,2013.0,2067.0,2039.0,2041.0,679.0,681.0,0.0,0.0,0.0,1.0,0.0,0.0,0.0,0.0,0.0,0.0,250000.0,0.019999999552965164,31.97711753845215,0.0,0.0,0.0,36.0,7240.0,0.0,36.0,0.0,1088.0,4.0,54.0,1.0,1.0,0.0,0.0,0.0,2.0,0.0,1.0,0.0,181.0,181.0,1.0
0.182,2720.0,653.0,707.0,2013.0,2067.0,2039.0,2041.0,679.0,681.0,0.0,0.0,0.0,1.0,0.0,0.0,0.0,0.0,0.0,0.0,250000.0,0.019999999552965164,31.9780330657959,0.0,0.0,0.0,36.0,7280.0,0.0,36.0,0.0,1088.0,4.0,54.0,1.0,1.0,0.0,0.0,0.0,2.0,0.0,1.0,0.0,182.0,182.0,1.0
0.183,2720.0,653.0,707.0,2013.0,2067.0,2039.0,2041.0,679.0,681.0,0.0,0.0,0.0,1.0,0.0,0.0,0.0,0.0,0.0,0.0,250000.0,0.019999999552965164,31.9788761138916,0.0,0.0,0.0,36.0,7320.0,0.0,36.0,0.0,1088.0,4.0,54.0,1.0,1.0,0.0,0.0,0.0,2.0,0.0,1.0,0.0,183.0,183.0,1.0
0.184,2720.0,653.0,707.0,2013.0,2067.0,2039.0,2041.0,679.0,681.0,0.0,0.0,0.0,1.0,0.0,0.0,0.0,0.0,0.0,0.0,250000.0,0.019999999552965164,31.97971534729004,0.0,0.0,0.0,36.0,7360.0,0.0,36.0,0.0,1088.0,4.0,54.0,1.0,1.0,0.0,0.0,0.0,2.0,0.0,1.0,0.0,184.0,184.0,1.0
0.185,2720.0,653.0,707.0,2013.0,2067.0,2039.0,2041.0,679.0,681.0,0.0,0.0,0.0,1.0,0.0,0.0,0.0,0.0,0.0,0.0,250000.0,0.019999999552965164,31.98050308227539,0.0,0.0,0.0,36.0,7400.0,0.0,37.0,0.0,1088.0,4.0,54.0,1.0,1.0,0.0,0.0,0.0,2.0,0.0,1.0,0.0,185.0,185.0,1.0
0.186,2720.0,653.0,707.0,2013.0,2067.0,2039.0,2041.0,679.0,681.0,0.0,0.0,0.0,1.0,0.0,0.0,0.0,0.0,0.0,0.0,250000.0,0.019999999552965164,31.981266021728516,0.0,0.0,0.0,37.0,7440.0,0.0,37.0,0.0,1088.0,4.0,54.0,1.0,1.0,0.0,0.0,0.0,2.0,0.0,1.0,0.0,186.0,186.0,1.0
0.187,2720.0,653.0,707.0,2013.0,2067.0,2039.0,2041.0,679.0,681.0,0.0,0.0,0.0,1.0,0.0,0.0,0.0,0.0,0.0,0.0,250000.0,0.019999999552965164,31.98201560974121,0.0,0.0,0.0,37.0,7480.0,0.0,37.0,0.0,1088.0,4.0,54.0,1.0,1.0,0.0,0.0,0.0,2.0,0.0,1.0,0.0,187.0,187.0,1.0
0.188,2720.0,653.0,707.0,2013.0,2067.0,2039.0,2041.0,679.0,681.0,0.0,0.0,0.0,1.0,0.0,0.0,0.0,0.0,0.0,0.0,250000.0,0.019999999552965164,31.982702255249023,0.0,0.0,0.0,37.0,7520.0,0.0,37.0,0.0,1088.0,4.0,54.0,1.0,1.0,0.0,0.0,0.0,2.0,0.0,1.0,0.0,188.0,188.0,1.0
0.189,2720.0,653.0,707.0,2013.0,2067.0,2039.0,2041.0,679.0,681.0,0.0,0.0,0.0,1.0,0.0,0.0,0.0,0.0,0.0,0.0,250000.0,0.019999999552965164,31.983388900756836,0.0,0.0,0.0,37.0,7560.0,0.0,37.0,0.0,1088.0,4.0,54.0,1.0,1.0,0.0,0.0,0.0,2.0,0.0,1.0,0.0,189.0,189.0,1.0
0.19,2720.0,653.0,707.0,2013.0,2067.0,2039.0,2041.0,679.0,681.0,0.0,0.0,0.0,1.0,0.0,0.0,0.0,0.0,0.0,0.0,250000.0,0.019999999552965164,31.984045028686523,0.0,0.0,0.0,37.0,7600.0,0.0,38.0,0.0,1088.0,4.0,54.0,1.0,1.0,0.0,0.0,0.0,2.0,0.0,1.0,0.0,190.0,190.0,1.0
0.191,2720.0,653.0,707.0,2013.0,2067.0,2039.0,2041.0,679.0,681.0,0.0,0.0,0.0,1.0,0.0,0.0,0.0,0.0,0.0,0.0,250000.0,0.019999999552965164,31.984655380249023,0.0,0.0,0.0,38.0,7640.0,0.0,38.0,0.0,1088.0,4.0,54.0,1.0,1.0,0.0,0.0,0.0,2.0,0.0,1.0,0.0,191.0,191.0,1.0
0.192,2720.0,653.0,707.0,2013.0,2067.0,2039.0,2041.0,679.0,681.0,0.0,0.0,0.0,1.0,0.0,0.0,0.0,0.0,0.0,0.0,250000.0,0.019999999552965164,31.985265731811523,0.0,0.0,0.0,38.0,7680.0,0.0,38.0,0.0,1088.0,4.0,54.0,1.0,1.0,0.0,0.0,0.0,2.0,0.0,1.0,0.0,192.0,192.0,1.0
0.193,2720.0,653.0,707.0,2013.0,2067.0,2039.0,2041.0,679.0,681.0,0.0,0.0,0.0,1.0,0.0,0.0,0.0,0.0,0.0,0.0,250000.0,0.019999999552965164,31.985855102539062,0.0,0.0,0.0,38.0,7720.0,0.0,38.0,0.0,1088.0,4.0,54.0,1.0,1.0,0.0,0.0,0.0,2.0,0.0,1.0,0.0,193.0,193.0,1.0
0.194,2720.0,653.0,707.0,2013.0,2067.0,2039.0,2041.0,679.0,681.0,0.0,0.0,0.0,1.0,0.0,0.0,0.0,0.0,0.0,0.0,250000.0,0.019999999552965164,31.98638916015625,0.0,0.0,0.0,38.0,7760.0,0.0,38.0,0.0,1088.0,4.0,54.0,1.0,1.0,0.0,0.0,0.0,2.0,0.0,1.0,0.0,194.0,194.0,1.0
0.195,2720.0,653.0,707.0,2013.0,2067.0,2039.0,2041.0,679.0,681.0,0.0,0.0,0.0,1.0,0.0,0.0,0.0,0.0,0.0,0.0,250000.0,0.019999999552965164,31.986923217773438,0.0,0.0,0.0,38.0,7800.0,0.0,39.0,0.0,1088.0,4.0,54.0,1.0,1.0,0.0,0.0,0.0,2.0,0.0,1.0,0.0,195.0,195.0,1.0
0.196,2720.0,653.0,707.0,2013.0,2067.0,2039.0,2041.0,679.0,681.0,0.0,0.0,0.0,1.0,0.0,0.0,0.0,0.0,0.0,0.0,250000.0,0.019999999552965164,31.987457275390625,0.0,0.0,0.0,39.0,7840.0,0.0,39.0,0.0,1088.0,4.0,54.0,1.0,1.0,0.0,0.0,0.0,2.0,0.0,1.0,0.0,196.0,196.0,1.0
0.197,2720.0,653.0,707.0,2013.0,2067.0,2039.0,2041.0,679.0,681.0,0.0,0.0,0.0,1.0,0.0,0.0,0.0,0.0,0.0,0.0,250000.0,0.019999999552965164,31.98793601989746,0.0,0.0,0.0,39.0,7880.0,0.0,39.0,0.0,1088.0,4.0,54.0,1.0,1.0,0.0,0.0,0.0,2.0,0.0,1.0,0.0,197.0,197.0,1.0
0.198,2720.0,653.0,707.0,2013.0,2067.0,2039.0,2041.0,679.0,681.0,0.0,0.0,0.0,1.0,0.0,0.0,0.0,0.0,0.0,0.0,250000.0,0.019999999552965164,31.988393783569336,0.0,0.0,0.0,39.0,7920.0,0.0,39.0,0.0,1088.0,4.0,54.0,1.0,1.0,0.0,0.0,0.0,2.0,0.0,1.0,0.0,198.0,198.0,1.0
0.199,2720.0,653.0,707.0,2013.0,2067.0,2039.0,2041.0,679.0,681.0,0.0,0.0,0.0,1.0,0.0,0.0,0.0,0.0,0.0,0.0,250000.0,0.019999999552965164,31.98885154724121,0.0,0.0,0.0,39.0,7960.0,0.0,39.0,0.0,1088.0,4.0,54.0,1.0,1.0,0.0,0.0,0.0,2.0,0.0,1.0,0.0,199.0,199.0,1.0
0.2,2720.0,653.0,707.0,2013.0,2067.0,2039.0,2041.0,679.0,681.0,0.0,0.0,0.0,1.0,0.0,0.0,0.0,0.0,0.0,0.0,250000.0,0.019999999552965164,31.989309310913086,0.0,0.0,0.0,39.0,8000.0,0.0,40.0,0.0,1088.0,4.0,54.0,1.0,1.0,0.0,0.0,0.0,2.0,0.0,1.0,0.0,200.0,200.0,1.0
0.201,2720.0,653.0,707.0,2013.0,2067.0,2039.0,2041.0,679.0,681.0,0.0,0.0,0.0,1.0,0.0,0.0,0.0,0.0,0.0,0.0,250000.0,0.019999999552965164,31.98972511291504,0.0,0.0,0.0,40.0,8040.0,0.0,40.0,0.0,1088.0,4.0,54.0,1.0,1.0,0.0,0.0,0.0,2.0,0.0,1.0,0.0,201.0,201.0,1.0
0.202,2720.0,653.0,707.0,2013.0,2067.0,2039.0,2041.0,679.0,681.0,0.0,0.0,0.0,1.0,0.0,0.0,0.0,0.0,0.0,0.0,250000.0,0.019999999552965164,31.9901065826416,0.0,0.0,0.0,40.0,8080.0,0.0,40.0,0.0,1088.0,4.0,54.0,1.0,1.0,0.0,0.0,0.0,2.0,0.0,1.0,0.0,202.0,202.0,1.0
0.203,2720.0,653.0,707.0,2013.0,2067.0,2039.0,2041.0,679.0,681.0,0.0,0.0,0.0,1.0,0.0,0.0,0.0,0.0,0.0,0.0,250000.0,0.019999999552965164,31.990488052368164,0.0,0.0,0.0,40.0,8120.0,0.0,40.0,0.0,1088.0,4.0,54.0,1.0,1.0,0.0,0.0,0.0,2.0,0.0,1.0,0.0,203.0,203.0,1.0
0.20400000000000001,2720.0,653.0,707.0,2013.0,2067.0,2039.0,2041.0,679.0,681.0,0.0,0.0,0.0,1.0,0.0,0.0,0.0,0.0,0.0,0.0,250000.0,0.019999999552965164,31.990869522094727,0.0,0.0,0.0,40.0,8160.0,0.0,40.0,0.0,1088.0,4.0,54.0,1.0,1.0,0.0,0.0,0.0,2.0,0.0,1.0,0.0,204.0,204.0,1.0
0.20500000000000002,2720.0,653.0,707.0,2013.0,2067.0,2039.0,2041.0,679.0,681.0,0.0,0.0,0.0,1.0,0.0,0.0,0.0,0.0,0.0,0.0,250000.0,0.019999999552965164,31.99125099182129,0.0,0.0,0.0,40.0,8200.0,0.0,41.0,0.0,1088.0,4.0,54.0,1.0,1.0,0.0,0.0,0.0,2.0,0.0,1.0,0.0,205.0,205.0,1.0
0.20600000000000002,2720.0,653.0,707.0,2013.0,2067.0,2039.0,2041.0,679.0,681.0,0.0,0.0,0.0,1.0,0.0,0.0,0.0,0.0,0.0,0.0,250000.0,0.019999999552965164,31.99159049987793,0.0,0.0,0.0,41.0,8240.0,0.0,41.0,0.0,1088.0,4.0,54.0,1.0,1.0,0.0,0.0,0.0,2.0,0.0,1.0,0.0,206.0,206.0,1.0
0.20700000000000002,2720.0,653.0,707.0,2013.0,2067.0,2039.0,2041.0,679.0,681.0,0.0,0.0,0.0,1.0,0.0,0.0,0.0,0.0,0.0,0.0,250000.0,0.019999999552965164,31.99189567565918,0.0,0.0,0.0,41.0,8280.0,0.0,41.0,0.0,1088.0,4.0,54.0,1.0,1.0,0.0,0.0,0.0,2.0,0.0,1.0,0.0,207.0,207.0,1.0
0.20800000000000002,2720.0,653.0,707.0,2013.0,2067.0,2039.0,2041.0,679.0,681.0,0.0,0.0,0.0,1.0,0.0,0.0,0.0,0.0,0.0,0.0,250000.0,0.019999999552965164,31.99220085144043,0.0,0.0,0.0,41.0,8320.0,0.0,41.0,0.0,1088.0,4.0,54.0,1.0,1.0,0.0,0.0,0.0,2.0,0.0,1.0,0.0,208.0,208.0,1.0
0.20900000000000002,2720.0,653.0,707.0,2013.0,2067.0,2039.0,2041.0,679.0,681.0,0.0,0.0,0.0,1.0,0.0,0.0,0.0,0.0,0.0,0.0,250000.0,0.019999999552965164,31.99250602722168,0.0,0.0,0.0,41.0,8360.0,0.0,41.0,0.0,1088.0,4.0,54.0,1.0,1.0,0.0,0.0,0.0,2.0,0.0,1.0,0.0,209.0,209.0,1.0
0.21000000000000002,2720.0,653.0,707.0,2013.0,2067.0,2039.0,2041.0,679.0,681.0,0.0,0.0,0.0,1.0,0.0,0.0,0.0,0.0,0.0,0.0,250000.0,0.019999999552965164,31.99281120300293,0.0,0.0,0.0,41.0,8400.0,0.0,42.0,0.0,1088.0,4.0,54.0,1.0,1.0,0.0,0.0,0.0,2.0,0.0,1.0,0.0,210.0,210.0,1.0
0.21100000000000002,2720.0,653.0,707.0,2013.0,2067.0,2039.0,2041.0,679.0,681.0,0.0,0.0,0.0,1.0,0.0,0.0,0.0,0.0,0.0,0.0,250000.0,0.019999999552965164,31.99311637878418,0.0,0.0,0.0,42.0,8440.0,0.0,42.0,0.0,1088.0,4.0,54.0,1.0,1.0,0.0,0.0,0.0,2.0,0.0,1.0,0.0,211.0,211.0,1.0
0.21200000000000002,2720.0,653.0,707.0,2013.0,2067.0,2039.0,2041.0,679.0,681.0,0.0,0.0,0.0,1.0,0.0,0.0,0.0,0.0,0.0,0.0,250000.0,0.019999999552965164,31.993398666381836,0.0,0.0,0.0,42.0,8480.0,0.0,42.0,0.0,1088.0,4.0,54.0,1.0,1.0,0.0,0.0,0.0,2.0,0.0,1.0,0.0,212.0,212.0,1.0
0.21300000000000002,2720.0,653.0,707.0,2013.0,2067.0,2039.0,2041.0,679.0,681.0,0.0,0.0,0.0,1.0,0.0,0.0,0.0,0.0,0.0,0.0,250000.0,0.019999999552965164,31.993627548217773,0.0,0.0,0.0,42.0,8520.0,0.0,42.0,0.0,1088.0,4.0,54.0,1.0,1.0,0.0,0.0,0.0,2.0,0.0,1.0,0.0,213.0,213.0,1.0
0.21400000000000002,2720.0,653.0,707.0,2013.0,2067.0,2039.0,2041.0,679.0,681.0,0.0,0.0,0.0,1.0,0.0,0.0,0.0,0.0,0.0,0.0,250000.0,0.019999999552965164,31.99385643005371,0.0,0.0,0.0,42.0,8560.0,0.0,42.0,0.0,1088.0,4.0,54.0,1.0,1.0,0.0,0.0,0.0,2.0,0.0,1.0,0.0,214.0,214.0,1.0
0.215,2720.0,653.0,707.0,2013.0,2067.0,2039.0,2041.0,679.0,681.0,0.0,0.0,0.0,1.0,0.0,0.0,0.0,0.0,0.0,0.0,250000.0,0.019999999552965164,31.99408531188965,0.0,0.0,0.0,42.0,8600.0,0.0,43.0,0.0,1088.0,4.0,54.0,1.0,1.0,0.0,0.0,0.0,2.0,0.0,1.0,0.0,215.0,215.0,1.0
0.216,2720.0,653.0,707.0,2013.0,2067.0,2039.0,2041.0,679.0,681.0,0.0,0.0,0.0,1.0,0.0,0.0,0.0,0.0,0.0,0.0,250000.0,0.019999999552965164,31.994314193725586,0.0,0.0,0.0,43.0,8640.0,0.0,43.0,0.0,1088.0,4.0,54.0,1.0,1.0,0.0,0.0,0.0,2.0,0.0,1.0,0.0,216.0,216.0,1.0
0.217,2720.0,653.0,707.0,2013.0,2067.0,2039.0,2041.0,679.0,681.0,0.0,0.0,0.0,1.0,0.0,0.0,0.0,0.0,0.0,0.0,250000.0,0.019999999552965164,31.994543075561523,0.0,0.0,0.0,43.0,8680.0,0.0,43.0,0.0,1088.0,4.0,54.0,1.0,1.0,0.0,0.0,0.0,2.0,0.0,1.0,0.0,217.0,217.0,1.0
0.218,2720.0,653.0,707.0,2013.0,2067.0,2039.0,2041.0,679.0,681.0,0.0,0.0,0.0,1.0,0.0,0.0,0.0,0.0,0.0,0.0,250000.0,0.019999999552965164,31.99477195739746,0.0,0.0,0.0,43.0,8720.0,0.0,43.0,0.0,1088.0,4.0,54.0,1.0,1.0,0.0,0.0,0.0,2.0,0.0,1.0,0.0,218.0,218.0,1.0
0.219,2720.0,653.0,707.0,2013.0,2067.0,2039.0,2041.0,679.0,681.0,0.0,0.0,0.0,1.0,0.0,0.0,0.0,0.0,0.0,0.0,250000.0,0.019999999552965164,31.9950008392334,0.0,0.0,0.0,43.0,8760.0,0.0,43.0,0.0,1088.0,4.0,54.0,1.0,1.0,0.0,0.0,0.0,2.0,0.0,1.0,0.0,219.0,219.0,1.0
0.22,2720.0,653.0,707.0,2013.0,2067.0,2039.0,2041.0,679.0,681.0,0.0,0.0,0.0,1.0,0.0,0.0,0.0,0.0,0.0,0.0,250000.0,0.019999999552965164,31.995229721069336,0.0,0.0,0.0,43.0,8800.0,0.0,44.0,0.0,1088.0,4.0,54.0,1.0,1.0,0.0,0.0,0.0,2.0,0.0,1.0,0.0,220.0,220.0,1.0
0.221,2720.0,653.0,707.0,2013.0,2067.0,2039.0,2041.0,679.0,681.0,0.0,0.0,0.0,1.0,0.0,0.0,0.0,0.0,0.0,0.0,250000.0,0.019999999552965164,31.995384216308594,0.0,0.0,0.0,44.0,8840.0,0.0,44.0,0.0,1088.0,4.0,54.0,1.0,1.0,0.0,0.0,0.0,2.0,0.0,1.0,0.0,221.0,221.0,1.0
0.222,2720.0,653.0,707.0,2013.0,2067.0,2039.0,2041.0,679.0,681.0,0.0,0.0,0.0,1.0,0.0,0.0,0.0,0.0,0.0,0.0,250000.0,0.019999999552965164,31.99553680419922,0.0,0.0,0.0,44.0,8880.0,0.0,44.0,0.0,1088.0,4.0,54.0,1.0,1.0,0.0,0.0,0.0,2.0,0.0,1.0,0.0,222.0,222.0,1.0
0.223,2720.0,653.0,707.0,2013.0,2067.0,2039.0,2041.0,679.0,681.0,0.0,0.0,0.0,1.0,0.0,0.0,0.0,0.0,0.0,0.0,250000.0,0.019999999552965164,31.995689392089844,0.0,0.0,0.0,44.0,8920.0,0.0,44.0,0.0,1088.0,4.0,54.0,1.0,1.0,0.0,0.0,0.0,2.0,0.0,1.0,0.0,223.0,223.0,1.0
0.224,2720.0,653.0,707.0,2013.0,2067.0,2039.0,2041.0,679.0,681.0,0.0,0.0,0.0,1.0,0.0,0.0,0.0,0.0,0.0,0.0,250000.0,0.019999999552965164,31.99584197998047,0.0,0.0,0.0,44.0,8960.0,0.0,44.0,0.0,1088.0,4.0,54.0,1.0,1.0,0.0,0.0,0.0,2.0,0.0,1.0,0.0,224.0,224.0,1.0
0.225,2720.0,653.0,707.0,2013.0,2067.0,2039.0,2041.0,679.0,681.0,0.0,0.0,0.0,1.0,0.0,0.0,0.0,0.0,0.0,0.0,250000.0,0.019999999552965164,31.995994567871094,0.0,0.0,0.0,44.0,9000.0,0.0,45.0,0.0,1088.0,4.0,54.0,1.0,1.0,0.0,0.0,0.0,2.0,0.0,1.0,0.0,225.0,225.0,1.0
0.226,2720.0,653.0,707.0,2013.0,2067.0,2039.0,2041.0,679.0,681.0,0.0,0.0,0.0,1.0,0.0,0.0,0.0,0.0,0.0,0.0,250000.0,0.019999999552965164,31.99614715576172,0.0,0.0,0.0,45.0,9040.0,0.0,45.0,0.0,1088.0,4.0,54.0,1.0,1.0,0.0,0.0,0.0,2.0,0.0,1.0,0.0,226.0,226.0,1.0
0.227,2720.0,653.0,707.0,2013.0,2067.0,2039.0,2041.0,679.0,681.0,0.0,0.0,0.0,1.0,0.0,0.0,0.0,0.0,0.0,0.0,250000.0,0.019999999552965164,31.996299743652344,0.0,0.0,0.0,45.0,9080.0,0.0,45.0,0.0,1088.0,4.0,54.0,1.0,1.0,0.0,0.0,0.0,2.0,0.0,1.0,0.0,227.0,227.0,1.0
0.228,2720.0,653.0,707.0,2013.0,2067.0,2039.0,2041.0,679.0,681.0,0.0,0.0,0.0,1.0,0.0,0.0,0.0,0.0,0.0,0.0,250000.0,0.019999999552965164,31.99645233154297,0.0,0.0,0.0,45.0,9120.0,0.0,45.0,0.0,1088.0,4.0,54.0,1.0,1.0,0.0,0.0,0.0,2.0,0.0,1.0,0.0,228.0,228.0,1.0
0.229,2720.0,653.0,707.0,2013.0,2067.0,2039.0,2041.0,679.0,681.0,0.0,0.0,0.0,1.0,0.0,0.0,0.0,0.0,0.0,0.0,250000.0,0.019999999552965164,31.996604919433594,0.0,0.0,0.0,45.0,9160.0,0.0,45.0,0.0,1088.0,4.0,54.0,1.0,1.0,0.0,0.0,0.0,2.0,0.0,1.0,0.0,229.0,229.0,1.0
0.23,2720.0,653.0,707.0,2013.0,2067.0,2039.0,2041.0,679.0,681.0,0.0,0.0,0.0,1.0,0.0,0.0,0.0,0.0,0.0,0.0,250000.0,0.019999999552965164,31.99675750732422,0.0,0.0,0.0,45.0,9200.0,0.0,46.0,0.0,1088.0,4.0,54.0,1.0,1.0,0.0,0.0,0.0,2.0,0.0,1.0,0.0,230.0,230.0,1.0
0.231,2720.0,653.0,707.0,2013.0,2067.0,2039.0,2041.0,679.0,681.0,0.0,0.0,0.0,1.0,0.0,0.0,0.0,0.0,0.0,0.0,250000.0,0.019999999552965164,31.996910095214844,0.0,0.0,0.0,46.0,9240.0,0.0,46.0,0.0,1088.0,4.0,54.0,1.0,1.0,0.0,0.0,0.0,2.0,0.0,1.0,0.0,231.0,231.0,1.0
0.232,2720.0,653.0,707.0,2013.0,2067.0,2039.0,2041.0,679.0,681.0,0.0,0.0,0.0,1.0,0.0,0.0,0.0,0.0,0.0,0.0,250000.0,0.019999999552965164,31.99706268310547,0.0,0.0,0.0,46.0,9280.0,0.0,46.0,0.0,1088.0,4.0,54.0,1.0,1.0,0.0,0.0,0.0,2.0,0.0,1.0,0.0,232.0,232.0,1.0
0.233,2720.0,653.0,707.0,2013.0,2067.0,2039.0,2041.0,679.0,681.0,0.0,0.0,0.0,1.0,0.0,0.0,0.0,0.0,0.0,0.0,250000.0,0.019999999552965164,31.997177124023438,0.0,0.0,0.0,46.0,9320.0,0.0,46.0,0.0,1088.0,4.0,54.0,1.0,1.0,0.0,0.0,0.0,2.0,0.0,1.0,0.0,233.0,233.0,1.0
0.234,2720.0,653.0,707.0,2013.0,2067.0,2039.0,2041.0,679.0,681.0,0.0,0.0,0.0,1.0,0.0,0.0,0.0,0.0,0.0,0.0,250000.0,0.019999999552965164,31.99725341796875,0.0,0.0,0.0,46.0,9360.0,0.0,46.0,0.0,1088.0,4.0,54.0,1.0,1.0,0.0,0.0,0.0,2.0,0.0,1.0,0.0,234.0,234.0,1.0
0.23500000000000001,2720.0,653.0,707.0,2013.0,2067.0,2039.0,2041.0,679.0,681.0,0.0,0.0,0.0,1.0,0.0,0.0,0.0,0.0,0.0,0.0,250000.0,0.019999999552965164,31.997329711914062,0.0,0.0,0.0,46.0,9400.0,0.0,47.0,0.0,1088.0,4.0,54.0,1.0,1.0,0.0,0.0,0.0,2.0,0.0,1.0,0.0,235.0,235.0,1.0
0.23600000000000002,2720.0,653.0,707.0,2013.0,2067.0,2039.0,2041.0,679.0,681.0,0.0,0.0,0.0,1.0,0.0,0.0,0.0,0.0,0.0,0.0,250000.0,0.019999999552965164,31.997406005859375,0.0,0.0,0.0,47.0,9440.0,0.0,47.0,0.0,1088.0,4.0,54.0,1.0,1.0,0.0,0.0,0.0,2.0,0.0,1.0,0.0,236.0,236.0,1.0
0.23700000000000002,2720.0,653.0,707.0,2013.0,2067.0,2039.0,2041.0,679.0,681.0,0.0,0.0,0.0,1.0,0.0,0.0,0.0,0.0,0.0,0.0,250000.0,0.019999999552965164,31.997482299804688,0.0,0.0,0.0,47.0,9480.0,0.0,47.0,0.0,1088.0,4.0,54.0,1.0,1.0,0.0,0.0,0.0,2.0,0.0,1.0,0.0,237.0,237.0,1.0
0.23800000000000002,2720.0,653.0,707.0,2013.0,2067.0,2039.0,2041.0,679.0,681.0,0.0,0.0,0.0,1.0,0.0,0.0,0.0,0.0,0.0,0.0,250000.0,0.019999999552965164,31.99755859375,0.0,0.0,0.0,47.0,9520.0,0.0,47.0,0.0,1088.0,4.0,54.0,1.0,1.0,0.0,0.0,0.0,2.0,0.0,1.0,0.0,238.0,238.0,1.0
0.23900000000000002,2720.0,653.0,707.0,2013.0,2067.0,2039.0,2041.0,679.0,681.0,0.0,0.0,0.0,1.0,0.0,0.0,0.0,0.0,0.0,0.0,250000.0,0.019999999552965164,31.997634887695312,0.0,0.0,0.0,47.0,9560.0,0.0,47.0,0.0,1088.0,4.0,54.0,1.0,1.0,0.0,0.0,0.0,2.0,0.0,1.0,0.0,239.0,239.0,1.0
0.24000000000000002,2720.0,653.0,707.0,2013.0,2067.0,2039.0,2041.0,679.0,681.0,0.0,0.0,0.0,1.0,0.0,0.0,0.0,0.0,0.0,0.0,250000.0,0.019999999552965164,31.997711181640625,0.0,0.0,0.0,47.0,9600.0,0.0,48.0,0.0,1088.0,4.0,54.0,1.0,1.0,0.0,0.0,0.0,2.0,0.0,1.0,0.0,240.0,240.0,1.0
0.24100000000000002,2720.0,653.0,707.0,2013.0,2067.0,2039.0,2041.0,679.0,681.0,0.0,0.0,0.0,1.0,0.0,0.0,0.0,0.0,0.0,0.0,250000.0,0.019999999552965164,31.997787475585938,0.0,0.0,0.0,48.0,9640.0,0.0,48.0,0.0,1088.0,4.0,54.0,1.0,1.0,0.0,0.0,0.0,2.0,0.0,1.0,0.0,241.0,241.0,1.0
0.24200000000000002,2720.0,653.0,707.0,2013.0,2067.0,2039.0,2041.0,679.0,681.0,0.0,0.0,0.0,1.0,0.0,0.0,0.0,0.0,0.0,0.0,250000.0,0.019999999552965164,31.99786376953125,0.0,0.0,0.0,48.0,9680.0,0.0,48.0,0.0,1088.0,4.0,54.0,1.0,1.0,0.0,0.0,0.0,2.0,0.0,1.0,0.0,242.0,242.0,1.0
0.24300000000000002,2720.0,653.0,707.0,2013.0,2067.0,2039.0,2041.0,679.0,681.0,0.0,0.0,0.0,1.0,0.0,0.0,0.0,0.0,0.0,0.0,250000.0,0.019999999552965164,31.997940063476562,0.0,0.0,0.0,48.0,9720.0,0.0,48.0,0.0,1088.0,4.0,54.0,1.0,1.0,0.0,0.0,0.0,2.0,0.0,1.0,0.0,243.0,243.0,1.0
0.24400000000000002,2720.0,653.0,707.0,2013.0,2067.0,2039.0,2041.0,679.0,681.0,0.0,0.0,0.0,1.0,0.0,0.0,0.0,0.0,0.0,0.0,250000.0,0.019999999552965164,31.998016357421875,0.0,0.0,0.0,48.0,9760.0,0.0,48.0,0.0,1088.0,4.0,54.0,1.0,1.0,0.0,0.0,0.0,2.0,0.0,1.0,0.0,244.0,244.0,1.0
0.24500000000000002,2720.0,653.0,707.0,2013.0,2067.0,2039.0,2041.0,679.0,681.0,0.0,0.0,0.0,1.0,0.0,0.0,0.0,0.0,0.0,0.0,250000.0,0.019999999552965164,31.998092651367188,0.0,0.0,0.0,48.0,9800.0,0.0,49.0,0.0,1088.0,4.0,54.0,1.0,1.0,0.0,0.0,0.0,2.0,0.0,1.0,0.0,245.0,245.0,1.0
0.24600000000000002,2720.0,653.0,707.0,2013.0,2067.0,2039.0,2041.0,679.0,681.0,0.0,0.0,0.0,1.0,0.0,0.0,0.0,0.0,0.0,0.0,250000.0,0.019999999552965164,31.9981689453125,0.0,0.0,0.0,49.0,9840.0,0.0,49.0,0.0,1088.0,4.0,54.0,1.0,1.0,0.0,0.0,0.0,2.0,0.0,1.0,0.0,246.0,246.0,1.0
0.24700000000000003,2720.0,653.0,707.0,2013.0,2067.0,2039.0,2041.0,679.0,681.0,0.0,0.0,0.0,1.0,0.0,0.0,0.0,0.0,0.0,0.0,250000.0,0.019999999552965164,31.998245239257812,0.0,0.0,0.0,49.0,9880.0,0.0,49.0,0.0,1088.0,4.0,54.0,1.0,1.0,0.0,0.0,0.0,2.0,0.0,1.0,0.0,247.0,247.0,1.0
0.248,2720.0,653.0,707.0,2013.0,2067.0,2039.0,2041.0,679.0,681.0,0.0,0.0,0.0,1.0,0.0,0.0,0.0,0.0,0.0,0.0,250000.0,0.019999999552965164,31.998321533203125,0.0,0.0,0.0,49.0,9920.0,0.0,49.0,0.0,1088.0,4.0,54.0,1.0,1.0,0.0,0.0,0.0,2.0,0.0,1.0,0.0,248.0,248.0,1.0
0.249,2720.0,653.0,707.0,2013.0,2067.0,2039.0,2041.0,679.0,681.0,0.0,0.0,0.0,1.0,0.0,0.0,0.0,0.0,0.0,0.0,250000.0,0.019999999552965164,31.998397827148438,0.0,0.0,0.0,49.0,9960.0,0.0,49.0,0.0,1088.0,4.0,54.0,1.0,1.0,0.0,0.0,0.0,2.0,0.0,1.0,0.0,249.0,249.0,1.0
0.25,2720.0,653.0,707.0,2013.0,2067.0,2039.0,2041.0,679.0,681.0,0.0,0.0,0.0,1.0,0.0,0.0,0.0,0.0,0.0,0.0,250000.0,0.019999999552965164,31.99847412109375,0.0,0.0,0.0,49.0,10000.0,0.0,50.0,0.0,1088.0,4.0,54.0,1.0,1.0,0.0,0.0,0.0,2.0,0.0,1.0,0.0,250.0,250.0,1.0
0.251,2720.0,653.0,707.0,2013.0,2067.0,2039.0,2041.0,679.0,681.0,0.0,0.0,0.0,1.0,0.0,0.0,0.0,0.0,0.0,0.0,250000.0,0.019999999552965164,31.998550415039062,0.0,0.0,0.0,50.0,10040.0,0.0,50.0,0.0,1088.0,4.0,54.0,1.0,1.0,0.0,0.0,0.0,2.0,0.0,1.0,0.0,251.0,251.0,1.0
0.252,2720.0,653.0,707.0,2013.0,2067.0,2039.0,2041.0,679.0,681.0,0.0,0.0,0.0,1.0,0.0,0.0,0.0,0.0,0.0,0.0,250000.0,0.019999999552965164,31.998626708984375,0.0,0.0,0.0,50.0,10080.0,0.0,50.0,0.0,1088.0,4.0,54.0,1.0,1.0,0.0,0.0,0.0,2.0,0.0,1.0,0.0,252.0,252.0,1.0
0.253,2720.0,653.0,707.0,2013.0,2067.0,2039.0,2041.0,679.0,681.0,0.0,0.0,0.0,1.0,0.0,0.0,0.0,0.0,0.0,0.0,250000.0,0.019999999552965164,31.998703002929688,0.0,0.0,0.0,50.0,10120.0,0.0,50.0,0.0,1088.0,4.0,54.0,1.0,1.0,0.0,0.0,0.0,2.0,0.0,1.0,0.0,253.0,253.0,1.0
0.254,2720.0,653.0,707.0,2013.0,2067.0,2039.0,2041.0,679.0,681.0,0.0,0.0,0.0,1.0,0.0,0.0,0.0,0.0,0.0,0.0,250000.0,0.019999999552965164,31.998779296875,0.0,0.0,0.0,50.0,10160.0,0.0,50.0,0.0,1088.0,4.0,54.0,1.0,1.0,0.0,0.0,0.0,2.0,0.0,1.0,0.0,254.0,254.0,1.0
0.255,2720.0,653.0,707.0,2013.0,2067.0,2039.0,2041.0,679.0,681.0,0.0,0.0,0.0,1.0,0.0,0.0,0.0,0.0,0.0,0.0,250000.0,0.019999999552965164,31.998855590820312,0.0,0.0,0.0,50.0,10200.0,0.0,51.0,0.0,1088.0,4.0,54.0,1.0,1.0,0.0,0.0,0.0,2.0,0.0,1.0,0.0,255.0,255.0,1.0
0.256,2720.0,653.0,707.0,2013.0,2067.0,2039.0,2041.0,679.0,681.0,0.0,0.0,0.0,1.0,0.0,0.0,0.0,0.0,0.0,0.0,250000.0,0.019999999552965164,31.998931884765625,0.0,0.0,0.0,51.0,10240.0,0.0,51.0,0.0,1088.0,4.0,54.0,1.0,1.0,0.0,0.0,0.0,2.0,0.0,1.0,0.0,256.0,256.0,1.0
0.257,2720.0,653.0,707.0,2013.0,2067.0,2039.0,2041.0,679.0,681.0,0.0,0.0,0.0,1.0,0.0,0.0,0.0,0.0,0.0,0.0,250000.0,0.019999999552965164,31.999008178710938,0.0,0.0,0.0,51.0,10280.0,0.0,51.0,0.0,1088.0,4.0,54.0,1.0,1.0,0.0,0.0,0.0,2.0,0.0,1.0,0.0,257.0,257.0,1.0
0.258,2720.0,653.0,707.0,2013.0,2067.0,2039.0,2041.0,679.0,681.0,0.0,0.0,0.0,1.0,0.0,0.0,0.0,0.0,0.0,0.0,250000.0,0.019999999552965164,31.999046325683594,0.0,0.0,0.0,51.0,10320.0,0.0,51.0,0.0,1088.0,4.0,54.0,1.0,1.0,0.0,0.0,0.0,2.0,0.0,1.0,0.0,258.0,258.0,1.0
0.259,2720.0,653.0,707.0,2013.0,2067.0,2039.0,2041.0,679.0,681.0,0.0,0.0,0.0,1.0,0.0,0.0,0.0,0.0,0.0,0.0,250000.0,0.019999999552965164,31.999046325683594,0.0,0.0,0.0,51.0,10360.0,0.0,51.0,0.0,1088.0,4.0,54.0,1.0,1.0,0.0,0.0,0.0,2.0,0.0,1.0,0.0,259.0,259.0,1.0
0.26,2720.0,653.0,707.0,2013.0,2067.0,2039.0,2041.0,679.0,681.0,0.0,0.0,0.0,1.0,0.0,0.0,0.0,0.0,0.0,0.0,250000.0,0.019999999552965164,31.999046325683594,0.0,0.0,0.0,51.0,10400.0,0.0,52.0,0.0,1088.0,4.0,54.0,1.0,1.0,0.0,0.0,0.0,2.0,0.0,1.0,0.0,260.0,260.0,1.0
0.261,2720.0,653.0,707.0,2013.0,2067.0,2039.0,2041.0,679.0,681.0,0.0,0.0,0.0,1.0,0.0,0.0,0.0,0.0,0.0,0.0,250000.0,0.019999999552965164,31.999046325683594,0.0,0.0,0.0,52.0,10440.0,0.0,52.0,0.0,1088.0,4.0,54.0,1.0,1.0,0.0,0.0,0.0,2.0,0.0,1.0,0.0,261.0,261.0,1.0
0.262,2720.0,653.0,707.0,2013.0,2067.0,2039.0,2041.0,679.0,681.0,0.0,0.0,0.0,1.0,0.0,0.0,0.0,0.0,0.0,0.0,250000.0,0.019999999552965164,31.999046325683594,0.0,0.0,0.0,52.0,10480.0,0.0,52.0,0.0,1088.0,4.0,54.0,1.0,1.0,0.0,0.0,0.0,2.0,0.0,1.0,0.0,262.0,262.0,1.0
0.263,2720.0,653.0,707.0,2013.0,2067.0,2039.0,2041.0,679.0,681.0,0.0,0.0,0.0,1.0,0.0,0.0,0.0,0.0,0.0,0.0,250000.0,0.019999999552965164,31.999046325683594,0.0,0.0,0.0,52.0,10520.0,0.0,52.0,0.0,1088.0,4.0,54.0,1.0,1.0,0.0,0.0,0.0,2.0,0.0,1.0,0.0,263.0,263.0,1.0
0.264,2720.0,653.0,707.0,2013.0,2067.0,2039.0,2041.0,679.0,681.0,0.0,0.0,0.0,1.0,0.0,0.0,0.0,0.0,0.0,0.0,250000.0,0.019999999552965164,31.999046325683594,0.0,0.0,0.0,52.0,10560.0,0.0,52.0,0.0,1088.0,4.0,54.0,1.0,1.0,0.0,0.0,0.0,2.0,0.0,1.0,0.0,264.0,264.0,1.0
0.265,2720.0,653.0,707.0,2013.0,2067.0,2039.0,2041.0,679.0,681.0,0.0,0.0,0.0,1.0,0.0,0.0,0.0,0.0,0.0,0.0,250000.0,0.019999999552965164,31.999046325683594,0.0,0.0,0.0,52.0,10600.0,0.0,53.0,0.0,1088.0,4.0,54.0,1.0,1.0,0.0,0.0,0.0,2.0,0.0,1.0,0.0,265.0,265.0,1.0
0.266,2720.0,653.0,707.0,2013.0,2067.0,2039.0,2041.0,679.0,681.0,0.0,0.0,0.0,1.0,0.0,0.0,0.0,0.0,0.0,0.0,250000.0,0.019999999552965164,31.999046325683594,0.0,0.0,0.0,53.0,10640.0,0.0,53.0,0.0,1088.0,4.0,54.0,1.0,1.0,0.0,0.0,0.0,2.0,0.0,1.0,0.0,266.0,266.0,1.0
0.267,2720.0,653.0,707.0,2013.0,2067.0,2039.0,2041.0,679.0,681.0,0.0,0.0,0.0,1.0,0.0,0.0,0.0,0.0,0.0,0.0,250000.0,0.019999999552965164,31.999046325683594,0.0,0.0,0.0,53.0,10680.0,0.0,53.0,0.0,1088.0,4.0,54.0,1.0,1.0,0.0,0.0,0.0,2.0,0.0,1.0,0.0,267.0,267.0,1.0
0.268,2720.0,653.0,707.0,2013.0,2067.0,2039.0,2041.0,679.0,681.0,0.0,0.0,0.0,1.0,0.0,0.0,0.0,0.0,0.0,0.0,250000.0,0.019999999552965164,31.999046325683594,0.0,0.0,0.0,53.0,10720.0,0.0,53.0,0.0,1088.0,4.0,54.0,1.0,1.0,0.0,0.0,0.0,2.0,0.0,1.0,0.0,268.0,268.0,1.0
0.269,2720.0,653.0,707.0,2013.0,2067.0,2039.0,2041.0,679.0,681.0,0.0,0.0,0.0,1.0,0.0,0.0,0.0,0.0,0.0,0.0,250000.0,0.019999999552965164,31.999046325683594,0.0,0.0,0.0,53.0,10760.0,0.0,53.0,0.0,1088.0,4.0,54.0,1.0,1.0,0.0,0.0,0.0,2.0,0.0,1.0,0.0,269.0,269.0,1.0
0.27,2720.0,653.0,707.0,2013.0,2067.0,2039.0,2041.0,679.0,681.0,0.0,0.0,0.0,1.0,0.0,0.0,0.0,0.0,0.0,0.0,250000.0,0.019999999552965164,31.999046325683594,0.0,0.0,0.0,53.0,10800.0,0.0,54.0,0.0,1088.0,4.0,54.0,1.0,1.0,0.0,0.0,0.0,2.0,0.0,1.0,0.0,270.0,270.0,1.0
0.271,2720.0,653.0,707.0,2013.0,2067.0,2039.0,2041.0,679.0,681.0,0.0,0.0,0.0,1.0,0.0,0.0,0.0,0.0,0.0,0.0,250000.0,0.019999999552965164,31.999046325683594,0.0,0.0,0.0,54.0,10840.0,0.0,54.0,0.0,1088.0,4.0,54.0,1.0,1.0,0.0,0.0,0.0,2.0,0.0,1.0,0.0,271.0,271.0,1.0
0.272,2720.0,653.0,707.0,2013.0,2067.0,2039.0,2041.0,679.0,681.0,0.0,0.0,0.0,1.0,0.0,0.0,0.0,0.0,0.0,0.0,250000.0,0.019999999552965164,31.999046325683594,0.0,0.0,0.0,54.0,10880.0,0.0,54.0,0.0,1088.0,4.0,54.0,1.0,1.0,0.0,0.0,0.0,2.0,0.0,1.0,0.0,272.0,272.0,1.0
0.273,2720.0,653.0,707.0,2013.0,2067.0,2039.0,2041.0,679.0,681.0,0.0,0.0,0.0,1.0,0.0,0.0,0.0,0.0,0.0,0.0,250000.0,0.019999999552965164,31.999046325683594,0.0,0.0,0.0,54.0,10920.0,0.0,54.0,0.0,1088.0,4.0,54.0,1.0,1.0,0.0,0.0,0.0,2.0,0.0,1.0,0.0,273.0,273.0,1.0
0.274,2720.0,653.0,707.0,2013.0,2067.0,2039.0,2041.0,679.0,681.0,0.0,0.0,0.0,1.0,0.0,0.0,0.0,0.0,0.0,0.0,250000.0,0.019999999552965164,31.999046325683594,0.0,0.0,0.0,54.0,10960.0,0.0,54.0,0.0,1088.0,4.0,54.0,1.0,1.0,0.0,0.0,0.0,2.0,0.0,1.0,0.0,274.0,274.0,1.0
0.275,2720.0,653.0,707.0,2013.0,2067.0,2039.0,2041.0,679.0,681.0,0.0,0.0,0.0,1.0,0.0,0.0,0.0,0.0,0.0,0.0,250000.0,0.019999999552965164,31.999046325683594,0.0,0.0,0.0,54.0,11000.0,0.0,55.0,0.0,1088.0,4.0,54.0,1.0,1.0,0.0,0.0,0.0,2.0,0.0,1.0,0.0,275.0,275.0,1.0
0.276,2720.0,653.0,707.0,2013.0,2067.0,2039.0,2041.0,679.0,681.0,0.0,0.0,0.0,1.0,0.0,0.0,0.0,0.0,0.0,0.0,250000.0,0.019999999552965164,31.999046325683594,0.0,0.0,0.0,55.0,11040.0,0.0,55.0,0.0,1088.0,4.0,54.0,1.0,1.0,0.0,0.0,0.0,2.0,0.0,1.0,0.0,276.0,276.0,1.0
0.277,2720.0,653.0,707.0,2013.0,2067.0,2039.0,2041.0,679.0,681.0,0.0,0.0,0.0,1.0,0.0,0.0,0.0,0.0,0.0,0.0,250000.0,0.019999999552965164,31.999046325683594,0.0,0.0,0.0,55.0,11080.0,0.0,55.0,0.0,1088.0,4.0,54.0,1.0,1.0,0.0,0.0,0.0,2.0,0.0,1.0,0.0,277.0,277.0,1.0
0.278,2720.0,653.0,707.0,2013.0,2067.0,2039.0,2041.0,679.0,681.0,0.0,0.0,0.0,1.0,0.0,0.0,0.0,0.0,0.0,0.0,250000.0,0.019999999552965164,31.999046325683594,0.0,0.0,0.0,55.0,11120.0,0.0,55.0,0.0,1088.0,4.0,54.0,1.0,1.0,0.0,0.0,0.0,2.0,0.0,1.0,0.0,278.0,278.0,1.0
0.279,2720.0,653.0,707.0,2013.0,2067.0,2039.0,2041.0,679.0,681.0,0.0,0.0,0.0,1.0,0.0,0.0,0.0,0.0,0.0,0.0,250000.0,0.019999999552965164,31.999046325683594,0.0,0.0,0.0,55.0,11160.0,0.0,55.0,0.0,1088.0,4.0,54.0,1.0,1.0,0.0,0.0,0.0,2.0,0.0,1.0,0.0,279.0,279.0,1.0
0.28,2720.0,653.0,707.0,2013.0,2067.0,2039.0,2041.0,679.0,681.0,0.0,0.0,0.0,1.0,0.0,0.0,0.0,0.0,0.0,0.0,250000.0,0.019999999552965164,31.999046325683594,0.0,0.0,0.0,55.0,11200.0,0.0,56.0,0.0,1088.0,4.0,54.0,1.0,1.0,0.0,0.0,0.0,2.0,0.0,1.0,0.0,280.0,280.0,1.0
0.281,2720.0,653.0,707.0,2013.0,2067.0,2039.0,2041.0,679.0,681.0,0.0,0.0,0.0,1.0,0.0,0.0,0.0,0.0,0.0,0.0,250000.0,0.019999999552965164,31.999046325683594,0.0,0.0,0.0,56.0,11240.0,0.0,56.0,0.0,1088.0,4.0,54.0,1.0,1.0,0.0,0.0,0.0,2.0,0.0,1.0,0.0,281.0,281.0,1.0
0.28200000000000003,2720.0,653.0,707.0,2013.0,2067.0,2039.0,2041.0,679.0,681.0,0.0,0.0,0.0,1.0,0.0,0.0,0.0,0.0,0.0,0.0,250000.0,0.019999999552965164,31.999046325683594,0.0,0.0,0.0,56.0,11280.0,0.0,56.0,0.0,1088.0,4.0,54.0,1.0,1.0,0.0,0.0,0.0,2.0,0.0,1.0,0.0,282.0,282.0,1.0
0.28300000000000003,2720.0,653.0,707.0,2013.0,2067.0,2039.0,2041.0,679.0,681.0,0.0,0.0,0.0,1.0,0.0,0.0,0.0,0.0,0.0,0.0,250000.0,0.019999999552965164,31.999046325683594,0.0,0.0,0.0,56.0,11320.0,0.0,56.0,0.0,1088.0,4.0,54.0,1.0,1.0,0.0,0.0,0.0,2.0,0.0,1.0,0.0,283.0,283.0,1.0
0.28400000000000003,2720.0,653.0,707.0,2013.0,2067.0,2039.0,2041.0,679.0,681.0,0.0,0.0,0.0,1.0,0.0,0.0,0.0,0.0,0.0,0.0,250000.0,0.019999999552965164,31.999046325683594,0.0,0.0,0.0,56.0,11360.0,0.0,56.0,0.0,1088.0,4.0,54.0,1.0,1.0,0.0,0.0,0.0,2.0,0.0,1.0,0.0,284.0,284.0,1.0
0.28500000000000003,2720.0,653.0,707.0,2013.0,2067.0,2039.0,2041.0,679.0,681.0,0.0,0.0,0.0,1.0,0.0,0.0,0.0,0.0,0.0,0.0,250000.0,0.019999999552965164,31.999046325683594,0.0,0.0,0.0,56.0,11400.0,0.0,57.0,0.0,1088.0,4.0,54.0,1.0,1.0,0.0,0.0,0.0,2.0,0.0,1.0,0.0,285.0,285.0,1.0
0.28600000000000003,2720.0,653.0,707.0,2013.0,2067.0,2039.0,2041.0,679.0,681.0,0.0,0.0,0.0,1.0,0.0,0.0,0.0,0.0,0.0,0.0,250000.0,0.019999999552965164,31.999046325683594,0.0,0.0,0.0,57.0,11440.0,0.0,57.0,0.0,1088.0,4.0,54.0,1.0,1.0,0.0,0.0,0.0,2.0,0.0,1.0,0.0,286.0,286.0,1.0
0.28700000000000003,2720.0,653.0,707.0,2013.0,2067.0,2039.0,2041.0,679.0,681.0,0.0,0.0,0.0,1.0,0.0,0.0,0.0,0.0,0.0,0.0,250000.0,0.019999999552965164,31.999046325683594,0.0,0.0,0.0,57.0,11480.0,0.0,57.0,0.0,1088.0,4.0,54.0,1.0,1.0,0.0,0.0,0.0,2.0,0.0,1.0,0.0,287.0,287.0,1.0
0.28800000000000003,2720.0,653.0,707.0,2013.0,2067.0,2039.0,2041.0,679.0,681.0,0.0,0.0,0.0,1.0,0.0,0.0,0.0,0.0,0.0,0.0,250000.0,0.019999999552965164,31.999046325683594,0.0,0.0,0.0,57.0,11520.0,0.0,57.0,0.0,1088.0,4.0,54.0,1.0,1.0,0.0,0.0,0.0,2.0,0.0,1.0,0.0,288.0,288.0,1.0
0.28900000000000003,2720.0,653.0,707.0,2013.0,2067.0,2039.0,2041.0,679.0,681.0,0.0,0.0,0.0,1.0,0.0,0.0,0.0,0.0,0.0,0.0,250000.0,0.019999999552965164,31.999046325683594,0.0,0.0,0.0,57.0,11560.0,0.0,57.0,0.0,1088.0,4.0,54.0,1.0,1.0,0.0,0.0,0.0,2.0,0.0,1.0,0.0,289.0,289.0,1.0
0.29000000000000004,2720.0,653.0,707.0,2013.0,2067.0,2039.0,2041.0,679.0,681.0,0.0,0.0,0.0,1.0,0.0,0.0,0.0,0.0,0.0,0.0,250000.0,0.019999999552965164,31.999046325683594,0.0,0.0,0.0,57.0,11600.0,0.0,58.0,0.0,1088.0,4.0,54.0,1.0,1.0,0.0,0.0,0.0,2.0,0.0,1.0,0.0,290.0,290.0,1.0
0.29100000000000004,2720.0,653.0,707.0,2013.0,2067.0,2039.0,2041.0,679.0,681.0,0.0,0.0,0.0,1.0,0.0,0.0,0.0,0.0,0.0,0.0,250000.0,0.019999999552965164,31.999046325683594,0.0,0.0,0.0,58.0,11640.0,0.0,58.0,0.0,1088.0,4.0,54.0,1.0,1.0,0.0,0.0,0.0,2.0,0.0,1.0,0.0,291.0,291.0,1.0
0.29200000000000004,2720.0,653.0,707.0,2013.0,2067.0,2039.0,2041.0,679.0,681.0,0.0,0.0,0.0,1.0,0.0,0.0,0.0,0.0,0.0,0.0,250000.0,0.019999999552965164,31.999046325683594,0.0,0.0,0.0,58.0,11680.0,0.0,58.0,0.0,1088.0,4.0,54.0,1.0,1.0,0.0,0.0,0.0,2.0,0.0,1.0,0.0,292.0,292.0,1.0
0.29300000000000004,2720.0,653.0,707.0,2013.0,2067.0,2039.0,2041.0,679.0,681.0,0.0,0.0,0.0,1.0,0.0,0.0,0.0,0.0,0.0,0.0,250000.0,0.019999999552965164,31.999046325683594,0.0,0.0,0.0,58.0,11720.0,0.0,58.0,0.0,1088.0,4.0,54.0,1.0,1.0,0.0,0.0,0.0,2.0,0.0,1.0,0.0,293.0,293.0,1.0
0.29400000000000004,2720.0,653.0,707.0,2013.0,2067.0,2039.0,2041.0,679.0,681.0,0.0,0.0,0.0,1.0,0.0,0.0,0.0,0.0,0.0,0.0,250000.0,0.019999999552965164,31.999046325683594,0.0,0.0,0.0,58.0,11760.0,0.0,58.0,0.0,1088.0,4.0,54.0,1.0,1.0,0.0,0.0,0.0,2.0,0.0,1.0,0.0,294.0,294.0,1.0
0.29500000000000004,2720.0,653.0,707.0,2013.0,2067.0,2039.0,2041.0,679.0,681.0,0.0,0.0,0.0,1.0,0.0,0.0,0.0,0.0,0.0,0.0,250000.0,0.019999999552965164,31.999046325683594,0.0,0.0,0.0,58.0,11800.0,0.0,59.0,0.0,1088.0,4.0,54.0,1.0,1.0,0.0,0.0,0.0,2.0,0.0,1.0,0.0,295.0,295.0,1.0
0.29600000000000004,2720.0,653.0,707.0,2013.0,2067.0,2039.0,2041.0,679.0,681.0,0.0,0.0,0.0,1.0,0.0,0.0,0.0,0.0,0.0,0.0,250000.0,0.019999999552965164,31.999046325683594,0.0,0.0,0.0,59.0,11840.0,0.0,59.0,0.0,1088.0,4.0,54.0,1.0,1.0,0.0,0.0,0.0,2.0,0.0,1.0,0.0,296.0,296.0,1.0
0.29700000000000004,2720.0,653.0,707.0,2013.0,2067.0,2039.0,2041.0,679.0,681.0,0.0,0.0,0.0,1.0,0.0,0.0,0.0,0.0,0.0,0.0,250000.0,0.019999999552965164,31.999046325683594,0.0,0.0,0.0,59.0,11880.0,0.0,59.0,0.0,1088.0,4.0,54.0,1.0,1.0,0.0,0.0,0.0,2.0,0.0,1.0,0.0,297.0,297.0,1.0
0.298,2720.0,653.0,707.0,2013.0,2067.0,2039.0,2041.0,679.0,681.0,0.0,0.0,0.0,1.0,0.0,0.0,0.0,0.0,0.0,0.0,250000.0,0.019999999552965164,31.999046325683594,0.0,0.0,0.0,59.0,11920.0,0.0,59.0,0.0,1088.0,4.0,54.0,1.0,1.0,0.0,0.0,0.0,2.0,0.0,1.0,0.0,298.0,298.0,1.0
0.299,2720.0,653.0,707.0,2013.0,2067.0,2039.0,2041.0,679.0,681.0,0.0,0.0,0.0,1.0,0.0,0.0,0.0,0.0,0.0,0.0,250000.0,0.019999999552965164,31.999046325683594,0.0,0.0,0.0,59.0,11960.0,0.0,59.0,0.0,1088.0,4.0,54.0,1.0,1.0,0.0,0.0,0.0,2.0,0.0,1.0,0.0,299.0,299.0,1.0
0.3,2720.0,653.0,707.0,2013.0,2067.0,2039.0,2041.0,679.0,681.0,0.0,0.0,0.0,1.0,0.0,0.0,0.0,0.0,0.0,0.0,250000.0,0.019999999552965164,31.999046325683594,0.0,0.0,0.0,59.0,12000.0,0.0,60.0,0.0,1088.0,4.0,54.0,1.0,1.0,0.0,0.0,0.0,2.0,0.0,1.0,0.0,300.0,300.0,1.0
0.301,2720.0,653.0,707.0,2013.0,2067.0,2039.0,2041.0,679.0,681.0,0.0,0.0,0.0,1.0,0.0,0.0,0.0,0.0,0.0,0.0,250000.0,0.019999999552965164,31.999046325683594,0.0,0.0,0.0,60.0,12040.0,0.0,60.0,0.0,1088.0,4.0,54.0,1.0,1.0,0.0,0.0,0.0,2.0,0.0,1.0,0.0,301.0,301.0,1.0
0.302,2720.0,653.0,707.0,2013.0,2067.0,2039.0,2041.0,679.0,681.0,0.0,0.0,0.0,1.0,0.0,0.0,0.0,0.0,0.0,0.0,250000.0,0.019999999552965164,31.999046325683594,0.0,0.0,0.0,60.0,12080.0,0.0,60.0,0.0,1088.0,4.0,54.0,1.0,1.0,0.0,0.0,0.0,2.0,0.0,1.0,0.0,302.0,302.0,1.0
0.303,2720.0,653.0,707.0,2013.0,2067.0,2039.0,2041.0,679.0,681.0,0.0,0.0,0.0,1.0,0.0,0.0,0.0,0.0,0.0,0.0,250000.0,0.019999999552965164,31.999046325683594,0.0,0.0,0.0,60.0,12120.0,0.0,60.0,0.0,1088.0,4.0,54.0,1.0,1.0,0.0,0.0,0.0,2.0,0.0,1.0,0.0,303.0,303.0,1.0
0.304,2720.0,653.0,707.0,2013.0,2067.0,2039.0,2041.0,679.0,681.0,0.0,0.0,0.0,1.0,0.0,0.0,0.0,0.0,0.0,0.0,250000.0,0.019999999552965164,31.999046325683594,0.0,0.0,0.0,60.0,12160.0,0.0,60.0,0.0,1088.0,4.0,54.0,1.0,1.0,0.0,0.0,0.0,2.0,0.0,1.0,0.0,304.0,304.0,1.0
0.305,2720.0,653.0,707.0,2013.0,2067.0,2039.0,2041.0,679.0,681.0,0.0,0.0,0.0,1.0,0.0,0.0,0.0,0.0,0.0,0.0,250000.0,0.019999999552965164,31.999046325683594,0.0,0.0,0.0,60.0,12200.0,0.0,61.0,0.0,1088.0,4.0,54.0,1.0,1.0,0.0,0.0,0.0,2.0,0.0,1.0,0.0,305.0,305.0,1.0
0.306,2720.0,653.0,707.0,2013.0,2067.0,2039.0,2041.0,679.0,681.0,0.0,0.0,0.0,1.0,0.0,0.0,0.0,0.0,0.0,0.0,250000.0,0.019999999552965164,31.999046325683594,0.0,0.0,0.0,61.0,12240.0,0.0,61.0,0.0,1088.0,4.0,54.0,1.0,1.0,0.0,0.0,0.0,2.0,0.0,1.0,0.0,306.0,306.0,1.0
0.307,2720.0,653.0,707.0,2013.0,2067.0,2039.0,2041.0,679.0,681.0,0.0,0.0,0.0,1.0,0.0,0.0,0.0,0.0,0.0,0.0,250000.0,0.019999999552965164,31.999046325683594,0.0,0.0,0.0,61.0,12280.0,0.0,61.0,0.0,1088.0,4.0,54.0,1.0,1.0,0.0,0.0,0.0,2.0,0.0,1.0,0.0,307.0,307.0,1.0
0.308,2720.0,653.0,707.0,2013.0,2067.0,2039.0,2041.0,679.0,681.0,0.0,0.0,0.0,1.0,0.0,0.0,0.0,0.0,0.0,0.0,250000.0,0.019999999552965164,31.999046325683594,0.0,0.0,0.0,61.0,12320.0,0.0,61.0,0.0,1088.0,4.0,54.0,1.0,1.0,0.0,0.0,0.0,2.0,0.0,1.0,0.0,308.0,308.0,1.0
0.309,2720.0,653.0,707.0,2013.0,2067.0,2039.0,2041.0,679.0,681.0,0.0,0.0,0.0,1.0,0.0,0.0,0.0,0.0,0.0,0.0,250000.0,0.019999999552965164,31.999046325683594,0.0,0.0,0.0,61.0,12360.0,0.0,61.0,0.0,1088.0,4.0,54.0,1.0,1.0,0.0,0.0,0.0,2.0,0.0,1.0,0.0,309.0,309.0,1.0
0.31,2720.0,653.0,707.0,2013.0,2067.0,2039.0,2041.0,679.0,681.0,0.0,0.0,0.0,1.0,0.0,0.0,0.0,0.0,0.0,0.0,250000.0,0.019999999552965164,31.999046325683594,0.0,0.0,0.0,61.0,12400.0,0.0,62.0,0.0,1088.0,4.0,54.0,1.0,1.0,0.0,0.0,0.0,2.0,0.0,1.0,0.0,310.0,310.0,1.0
0.311,2720.0,653.0,707.0,2013.0,2067.0,2039.0,2041.0,679.0,681.0,0.0,0.0,0.0,1.0,0.0,0.0,0.0,0.0,0.0,0.0,250000.0,0.019999999552965164,31.999046325683594,0.0,0.0,0.0,62.0,12440.0,0.0,62.0,0.0,1088.0,4.0,54.0,1.0,1.0,0.0,0.0,0.0,2.0,0.0,1.0,0.0,311.0,311.0,1.0
0.312,2720.0,653.0,707.0,2013.0,2067.0,2039.0,2041.0,679.0,681.0,0.0,0.0,0.0,1.0,0.0,0.0,0.0,0.0,0.0,0.0,250000.0,0.019999999552965164,31.999046325683594,0.0,0.0,0.0,62.0,12480.0,0.0,62.0,0.0,1088.0,4.0,54.0,1.0,1.0,0.0,0.0,0.0,2.0,0.0,1.0,0.0,312.0,312.0,1.0
0.313,2720.0,653.0,707.0,2013.0,2067.0,2039.0,2041.0,679.0,681.0,0.0,0.0,0.0,1.0,0.0,0.0,0.0,0.0,0.0,0.0,250000.0,0.019999999552965164,31.999046325683594,0.0,0.0,0.0,62.0,12520.0,0.0,62.0,0.0,1088.0,4.0,54.0,1.0,1.0,0.0,0.0,0.0,2.0,0.0,1.0,0.0,313.0,313.0,1.0
0.314,2720.0,653.0,707.0,2013.0,2067.0,2039.0,2041.0,679.0,681.0,0.0,0.0,0.0,1.0,0.0,0.0,0.0,0.0,0.0,0.0,250000.0,0.019999999552965164,31.999046325683594,0.0,0.0,0.0,62.0,12560.0,0.0,62.0,0.0,1088.0,4.0,54.0,1.0,1.0,0.0,0.0,0.0,2.0,0.0,1.0,0.0,314.0,314.0,1.0
0.315,2720.0,653.0,707.0,2013.0,2067.0,2039.0,2041.0,679.0,681.0,0.0,0.0,0.0,1.0,0.0,0.0,0.0,0.0,0.0,0.0,250000.0,0.019999999552965164,31.999046325683594,0.0,0.0,0.0,62.0,12600.0,0.0,63.0,0.0,1088.0,4.0,54.0,1.0,1.0,0.0,0.0,0.0,2.0,0.0,1.0,0.0,315.0,315.0,1.0
0.316,2720.0,653.0,707.0,2013.0,2067.0,2039.0,2041.0,679.0,681.0,0.0,0.0,0.0,1.0,0.0,0.0,0.0,0.0,0.0,0.0,250000.0,0.019999999552965164,31.999046325683594,0.0,0.0,0.0,63.0,12640.0,0.0,63.0,0.0,1088.0,4.0,54.0,1.0,1.0,0.0,0.0,0.0,2.0,0.0,1.0,0.0,316.0,316.0,1.0
0.317,2720.0,653.0,707.0,2013.0,2067.0,2039.0,2041.0,679.0,681.0,0.0,0.0,0.0,1.0,0.0,0.0,0.0,0.0,0.0,0.0,250000.0,0.019999999552965164,31.999046325683594,0.0,0.0,0.0,63.0,12680.0,0.0,63.0,0.0,1088.0,4.0,54.0,1.0,1.0,0.0,0.0,0.0,2.0,0.0,1.0,0.0,317.0,317.0,1.0
0.318,2720.0,653.0,707.0,2013.0,2067.0,2039.0,2041.0,679.0,681.0,0.0,0.0,0.0,1.0,0.0,0.0,0.0,0.0,0.0,0.0,250000.0,0.019999999552965164,31.999046325683594,0.0,0.0,0.0,63.0,12720.0,0.0,63.0,0.0,1088.0,4.0,54.0,1.0,1.0,0.0,0.0,0.0,2.0,0.0,1.0,0.0,318.0,318.0,1.0
0.319,2720.0,653.0,707.0,2013.0,2067.0,2039.0,2041.0,679.0,681.0,0.0,0.0,0.0,1.0,0.0,0.0,0.0,0.0,0.0,0.0,250000.0,0.019999999552965164,31.999046325683594,0.0,0.0,0.0,63.0,12760.0,0.0,63.0,0.0,1088.0,4.0,54.0,1.0,1.0,0.0,0.0,0.0,2.0,0.0,1.0,0.0,319.0,319.0,1.0
0.32,2720.0,653.0,707.0,2013.0,2067.0,2039.0,2041.0,679.0,681.0,0.0,0.0,0.0,1.0,0.0,0.0,0.0,0.0,0.0,0.0,250000.0,0.019999999552965164,31.999046325683594,0.0,0.0,0.0,63.0,12800.0,0.0,64.0,0.0,1088.0,4.0,54.0,1.0,1.0,0.0,0.0,0.0,2.0,0.0,1.0,0.0,320.0,320.0,1.0
0.321,2720.0,653.0,707.0,2013.0,2067.0,2039.0,2041.0,679.0,681.0,0.0,0.0,0.0,1.0,0.0,0.0,0.0,0.0,0.0,0.0,250000.0,0.019999999552965164,31.999046325683594,0.0,0.0,0.0,64.0,12840.0,0.0,64.0,0.0,1088.0,4.0,54.0,1.0,1.0,0.0,0.0,0.0,2.0,0.0,1.0,0.0,321.0,321.0,1.0
0.322,2720.0,653.0,707.0,2013.0,2067.0,2039.0,2041.0,679.0,681.0,0.0,0.0,0.0,1.0,0.0,0.0,0.0,0.0,0.0,0.0,250000.0,0.019999999552965164,31.999046325683594,0.0,0.0,0.0,64.0,12880.0,0.0,64.0,0.0,1088.0,4.0,54.0,1.0,1.0,0.0,0.0,0.0,2.0,0.0,1.0,0.0,322.0,322.0,1.0
0.323,2720.0,653.0,707.0,2013.0,2067.0,2039.0,2041.0,679.0,681.0,0.0,0.0,0.0,1.0,0.0,0.0,0.0,0.0,0.0,0.0,250000.0,0.019999999552965164,31.999046325683594,0.0,0.0,0.0,64.0,12920.0,0.0,64.0,0.0,1088.0,4.0,54.0,1.0,1.0,0.0,0.0,0.0,2.0,0.0,1.0,0.0,323.0,323.0,1.0
0.324,2720.0,653.0,707.0,2013.0,2067.0,2039.0,2041.0,679.0,681.0,0.0,0.0,0.0,1.0,0.0,0.0,0.0,0.0,0.0,0.0,250000.0,0.019999999552965164,31.999046325683594,0.0,0.0,0.0,64.0,12960.0,0.0,64.0,0.0,1088.0,4.0,54.0,1.0,1.0,0.0,0.0,0.0,2.0,0.0,1.0,0.0,324.0,324.0,1.0
0.325,2720.0,653.0,707.0,2013.0,2067.0,2039.0,2041.0,679.0,681.0,0.0,0.0,0.0,1.0,0.0,0.0,0.0,0.0,0.0,0.0,250000.0,0.019999999552965164,31.999046325683594,0.0,0.0,0.0,64.0,13000.0,0.0,65.0,0.0,1088.0,4.0,54.0,1.0,1.0,0.0,0.0,0.0,2.0,0.0,1.0,0.0,325.0,325.0,1.0
0.326,2720.0,653.0,707.0,2013.0,2067.0,2039.0,2041.0,679.0,681.0,0.0,0.0,0.0,1.0,0.0,0.0,0.0,0.0,0.0,0.0,250000.0,0.019999999552965164,31.999046325683594,0.0,0.0,0.0,65.0,13040.0,0.0,65.0,0.0,1088.0,4.0,54.0,1.0,1.0,0.0,0.0,0.0,2.0,0.0,1.0,0.0,326.0,326.0,1.0
0.327,2720.0,653.0,707.0,2013.0,2067.0,2039.0,2041.0,679.0,681.0,0.0,0.0,0.0,1.0,0.0,0.0,0.0,0.0,0.0,0.0,250000.0,0.019999999552965164,31.999046325683594,0.0,0.0,0.0,65.0,13080.0,0.0,65.0,0.0,1088.0,4.0,54.0,1.0,1.0,0.0,0.0,0.0,2.0,0.0,1.0,0.0,327.0,327.0,1.0
0.328,2720.0,653.0,707.0,2013.0,2067.0,2039.0,2041.0,679.0,681.0,0.0,0.0,0.0,1.0,0.0,0.0,0.0,0.0,0.0,0.0,250000.0,0.019999999552965164,31.999046325683594,0.0,0.0,0.0,65.0,13120.0,0.0,65.0,0.0,1088.0,4.0,54.0,1.0,1.0,0.0,0.0,0.0,2.0,0.0,1.0,0.0,328.0,328.0,1.0
0.329,2720.0,653.0,707.0,2013.0,2067.0,2039.0,2041.0,679.0,681.0,0.0,0.0,0.0,1.0,0.0,0.0,0.0,0.0,0.0,0.0,250000.0,0.019999999552965164,31.999046325683594,0.0,0.0,0.0,65.0,13160.0,0.0,65.0,0.0,1088.0,4.0,54.0,1.0,1.0,0.0,0.0,0.0,2.0,0.0,1.0,0.0,329.0,329.0,1.0
0.33,2720.0,653.0,707.0,2013.0,2067.0,2039.0,2041.0,679.0,681.0,0.0,0.0,0.0,1.0,0.0,0.0,0.0,0.0,0.0,0.0,250000.0,0.019999999552965164,31.999046325683594,0.0,0.0,0.0,65.0,13200.0,0.0,66.0,0.0,1088.0,4.0,54.0,1.0,1.0,0.0,0.0,0.0,2.0,0.0,1.0,0.0,330.0,330.0,1.0
0.331,2720.0,653.0,707.0,2013.0,2067.0,2039.0,2041.0,679.0,681.0,0.0,0.0,0.0,1.0,0.0,0.0,0.0,0.0,0.0,0.0,250000.0,0.019999999552965164,31.999046325683594,0.0,0.0,0.0,66.0,13240.0,0.0,66.0,0.0,1088.0,4.0,54.0,1.0,1.0,0.0,0.0,0.0,2.0,0.0,1.0,0.0,331.0,331.0,1.0
0.332,2720.0,653.0,707.0,2013.0,2067.0,2039.0,2041.0,679.0,681.0,0.0,0.0,0.0,1.0,0.0,0.0,0.0,0.0,0.0,0.0,250000.0,0.019999999552965164,31.999046325683594,0.0,0.0,0.0,66.0,13280.0,0.0,66.0,0.0,1088.0,4.0,54.0,1.0,1.0,0.0,0.0,0.0,2.0,0.0,1.0,0.0,332.0,332.0,1.0
0.333,2720.0,653.0,707.0,2013.0,2067.0,2039.0,2041.0,679.0,681.0,0.0,0.0,0.0,1.0,0.0,0.0,0.0,0.0,0.0,0.0,250000.0,0.019999999552965164,31.999046325683594,0.0,0.0,0.0,66.0,13320.0,0.0,66.0,0.0,1088.0,4.0,54.0,1.0,1.0,0.0,0.0,0.0,2.0,0.0,1.0,0.0,333.0,333.0,1.0
0.334,2720.0,653.0,707.0,2013.0,2067.0,2039.0,2041.0,679.0,681.0,0.0,0.0,0.0,1.0,0.0,0.0,0.0,0.0,0.0,0.0,250000.0,0.019999999552965164,31.999046325683594,0.0,0.0,0.0,66.0,13360.0,0.0,66.0,0.0,1088.0,4.0,54.0,1.0,1.0,0.0,0.0,0.0,2.0,0.0,1.0,0.0,334.0,334.0,1.0
0.335,2720.0,653.0,707.0,2013.0,2067.0,2039.0,2041.0,679.0,681.0,0.0,0.0,0.0,1.0,0.0,0.0,0.0,0.0,0.0,0.0,250000.0,0.019999999552965164,31.999046325683594,0.0,0.0,0.0,66.0,13400.0,0.0,67.0,0.0,1088.0,4.0,54.0,1.0,1.0,0.0,0.0,0.0,2.0,0.0,1.0,0.0,335.0,335.0,1.0
0.336,2720.0,653.0,707.0,2013.0,2067.0,2039.0,2041.0,679.0,681.0,0.0,0.0,0.0,1.0,0.0,0.0,0.0,0.0,0.0,0.0,250000.0,0.019999999552965164,31.999046325683594,0.0,0.0,0.0,67.0,13440.0,0.0,67.0,0.0,1088.0,4.0,54.0,1.0,1.0,0.0,0.0,0.0,2.0,0.0,1.0,0.0,336.0,336.0,1.0
0.337,2720.0,653.0,707.0,2013.0,2067.0,2039.0,2041.0,679.0,681.0,0.0,0.0,0.0,1.0,0.0,0.0,0.0,0.0,0.0,0.0,250000.0,0.019999999552965164,31.999046325683594,0.0,0.0,0.0,67.0,13480.0,0.0,67.0,0.0,1088.0,4.0,54.0,1.0,1.0,0.0,0.0,0.0,2.0,0.0,1.0,0.0,337.0,337.0,1.0
0.338,2720.0,653.0,707.0,2013.0,2067.0,2039.0,2041.0,679.0,681.0,0.0,0.0,0.0,1.0,0.0,0.0,0.0,0.0,0.0,0.0,250000.0,0.019999999552965164,31.999046325683594,0.0,0.0,0.0,67.0,13520.0,0.0,67.0,0.0,1088.0,4.0,54.0,1.0,1.0,0.0,0.0,0.0,2.0,0.0,1.0,0.0,338.0,338.0,1.0
0.339,2720.0,653.0,707.0,2013.0,2067.0,2039.0,2041.0,679.0,681.0,0.0,0.0,0.0,1.0,0.0,0.0,0.0,0.0,0.0,0.0,250000.0,0.019999999552965164,31.999046325683594,0.0,0.0,0.0,67.0,13560.0,0.0,67.0,0.0,1088.0,4.0,54.0,1.0,1.0,0.0,0.0,0.0,2.0,0.0,1.0,0.0,339.0,339.0,1.0
0.34,2720.0,653.0,707.0,2013.0,2067.0,2039.0,2041.0,679.0,681.0,0.0,0.0,0.0,1.0,0.0,0.0,0.0,0.0,0.0,0.0,250000.0,0.019999999552965164,31.999046325683594,0.0,0.0,0.0,67.0,13600.0,0.0,68.0,0.0,1088.0,4.0,54.0,1.0,1.0,0.0,0.0,0.0,2.0,0.0,1.0,0.0,340.0,340.0,1.0
0.341,2720.0,653.0,707.0,2013.0,2067.0,2039.0,2041.0,679.0,681.0,0.0,0.0,0.0,1.0,0.0,0.0,0.0,0.0,0.0,0.0,250000.0,0.019999999552965164,31.999046325683594,0.0,0.0,0.0,68.0,13640.0,0.0,68.0,0.0,1088.0,4.0,54.0,1.0,1.0,0.0,0.0,0.0,2.0,0.0,1.0,0.0,341.0,341.0,1.0
0.342,2720.0,653.0,707.0,2013.0,2067.0,2039.0,2041.0,679.0,681.0,0.0,0.0,0.0,1.0,0.0,0.0,0.0,0.0,0.0,0.0,250000.0,0.019999999552965164,31.999046325683594,0.0,0.0,0.0,68.0,13680.0,0.0,68.0,0.0,1088.0,4.0,54.0,1.0,1.0,0.0,0.0,0.0,2.0,0.0,1.0,0.0,342.0,342.0,1.0
0.343,2720.0,653.0,707.0,2013.0,2067.0,2039.0,2041.0,679.0,681.0,0.0,0.0,0.0,1.0,0.0,0.0,0.0,0.0,0.0,0.0,250000.0,0.019999999552965164,31.999046325683594,0.0,0.0,0.0,68.0,13720.0,0.0,68.0,0.0,1088.0,4.0,54.0,1.0,1.0,0.0,0.0,0.0,2.0,0.0,1.0,0.0,343.0,343.0,1.0
0.34400000000000003,2720.0,653.0,707.0,2013.0,2067.0,2039.0,2041.0,679.0,681.0,0.0,0.0,0.0,1.0,0.0,0.0,0.0,0.0,0.0,0.0,250000.0,0.019999999552965164,31.999046325683594,0.0,0.0,0.0,68.0,13760.0,0.0,68.0,0.0,1088.0,4.0,54.0,1.0,1.0,0.0,0.0,0.0,2.0,0.0,1.0,0.0,344.0,344.0,1.0
0.34500000000000003,2720.0,653.0,707.0,2013.0,2067.0,2039.0,2041.0,679.0,681.0,0.0,0.0,0.0,1.0,0.0,0.0,0.0,0.0,0.0,0.0,250000.0,0.019999999552965164,31.999046325683594,0.0,0.0,0.0,68.0,13800.0,0.0,69.0,0.0,1088.0,4.0,54.0,1.0,1.0,0.0,0.0,0.0,2.0,0.0,1.0,0.0,345.0,345.0,1.0
0.34600000000000003,2720.0,653.0,707.0,2013.0,2067.0,2039.0,2041.0,679.0,681.0,0.0,0.0,0.0,1.0,0.0,0.0,0.0,0.0,0.0,0.0,250000.0,0.019999999552965164,31.999046325683594,0.0,0.0,0.0,69.0,13840.0,0.0,69.0,0.0,1088.0,4.0,54.0,1.0,1.0,0.0,0.0,0.0,2.0,0.0,1.0,0.0,346.0,346.0,1.0
0.34700000000000003,2720.0,653.0,707.0,2013.0,2067.0,2039.0,2041.0,679.0,681.0,0.0,0.0,0.0,1.0,0.0,0.0,0.0,0.0,0.0,0.0,250000.0,0.019999999552965164,31.999046325683594,0.0,0.0,0.0,69.0,13880.0,0.0,69.0,0.0,1088.0,4.0,54.0,1.0,1.0,0.0,0.0,0.0,2.0,0.0,1.0,0.0,347.0,347.0,1.0
0.34800000000000003,2720.0,653.0,707.0,2013.0,2067.0,2039.0,2041.0,679.0,681.0,0.0,0.0,0.0,1.0,0.0,0.0,0.0,0.0,0.0,0.0,250000.0,0.019999999552965164,31.999046325683594,0.0,0.0,0.0,69.0,13920.0,0.0,69.0,0.0,1088.0,4.0,54.0,1.0,1.0,0.0,0.0,0.0,2.0,0.0,1.0,0.0,348.0,348.0,1.0
0.34900000000000003,2720.0,653.0,707.0,2013.0,2067.0,2039.0,2041.0,679.0,681.0,0.0,0.0,0.0,1.0,0.0,0.0,0.0,0.0,0.0,0.0,250000.0,0.019999999552965164,31.999046325683594,0.0,0.0,0.0,69.0,13960.0,0.0,69.0,0.0,1088.0,4.0,54.0,1.0,1.0,0.0,0.0,0.0,2.0,0.0,1.0,0.0,349.0,349.0,1.0
0.35000000000000003,2720.0,653.0,707.0,2013.0,2067.0,2039.0,2041.0,679.0,681.0,0.0,0.0,0.0,1.0,0.0,0.0,0.0,0.0,0.0,0.0,250000.0,0.019999999552965164,31.999046325683594,0.0,0.0,0.0,69.0,14000.0,0.0,70.0,0.0,1088.0,4.0,54.0,1.0,1.0,0.0,0.0,0.0,2.0,0.0,1.0,0.0,350.0,350.0,1.0
0.35100000000000003,2720.0,653.0,707.0,2013.0,2067.0,2039.0,2041.0,679.0,681.0,0.0,0.0,0.0,1.0,0.0,0.0,0.0,0.0,0.0,0.0,250000.0,0.019999999552965164,31.999046325683594,0.0,0.0,0.0,70.0,14040.0,0.0,70.0,0.0,1088.0,4.0,54.0,1.0,1.0,0.0,0.0,0.0,2.0,0.0,1.0,0.0,351.0,351.0,1.0
0.35200000000000004,2720.0,653.0,707.0,2013.0,2067.0,2039.0,2041.0,679.0,681.0,0.0,0.0,0.0,1.0,0.0,0.0,0.0,0.0,0.0,0.0,250000.0,0.019999999552965164,31.999046325683594,0.0,0.0,0.0,70.0,14080.0,0.0,70.0,0.0,1088.0,4.0,54.0,1.0,1.0,0.0,0.0,0.0,2.0,0.0,1.0,0.0,352.0,352.0,1.0
0.35300000000000004,2720.0,653.0,707.0,2013.0,2067.0,2039.0,2041.0,679.0,681.0,0.0,0.0,0.0,1.0,0.0,0.0,0.0,0.0,0.0,0.0,250000.0,0.019999999552965164,31.999046325683594,0.0,0.0,0.0,70.0,14120.0,0.0,70.0,0.0,1088.0,4.0,54.0,1.0,1.0,0.0,0.0,0.0,2.0,0.0,1.0,0.0,353.0,353.0,1.0
0.35400000000000004,2720.0,653.0,707.0,2013.0,2067.0,2039.0,2041.0,679.0,681.0,0.0,0.0,0.0,1.0,0.0,0.0,0.0,0.0,0.0,0.0,250000.0,0.019999999552965164,31.999046325683594,0.0,0.0,0.0,70.0,14160.0,0.0,70.0,0.0,1088.0,4.0,54.0,1.0,1.0,0.0,0.0,0.0,2.0,0.0,1.0,0.0,354.0,354.0,1.0
0.35500000000000004,2720.0,653.0,707.0,2013.0,2067.0,2039.0,2041.0,679.0,681.0,0.0,0.0,0.0,1.0,0.0,0.0,0.0,0.0,0.0,0.0,250000.0,0.019999999552965164,31.999046325683594,0.0,0.0,0.0,70.0,14200.0,0.0,71.0,0.0,1088.0,4.0,54.0,1.0,1.0,0.0,0.0,0.0,2.0,0.0,1.0,0.0,355.0,355.0,1.0
0.35600000000000004,2720.0,653.0,707.0,2013.0,2067.0,2039.0,2041.0,679.0,681.0,0.0,0.0,0.0,1.0,0.0,0.0,0.0,0.0,0.0,0.0,250000.0,0.019999999552965164,31.999046325683594,0.0,0.0,0.0,71.0,14240.0,0.0,71.0,0.0,1088.0,4.0,54.0,1.0,1.0,0.0,0.0,0.0,2.0,0.0,1.0,0.0,356.0,356.0,1.0
0.35700000000000004,2720.0,653.0,707.0,2013.0,2067.0,2039.0,2041.0,679.0,681.0,0.0,0.0,0.0,1.0,0.0,0.0,0.0,0.0,0.0,0.0,250000.0,0.019999999552965164,31.999046325683594,0.0,0.0,0.0,71.0,14280.0,0.0,71.0,0.0,1088.0,4.0,54.0,1.0,1.0,0.0,0.0,0.0,2.0,0.0,1.0,0.0,357.0,357.0,1.0
0.35800000000000004,2720.0,653.0,707.0,2013.0,2067.0,2039.0,2041.0,679.0,681.0,0.0,0.0,0.0,1.0,0.0,0.0,0.0,0.0,0.0,0.0,250000.0,0.019999999552965164,31.999046325683594,0.0,0.0,0.0,71.0,14320.0,0.0,71.0,0.0,1088.0,4.0,54.0,1.0,1.0,0.0,0.0,0.0,2.0,0.0,1.0,0.0,358.0,358.0,1.0
0.35900000000000004,2720.0,653.0,707.0,2013.0,2067.0,2039.0,2041.0,679.0,681.0,0.0,0.0,0.0,1.0,0.0,0.0,0.0,0.0,0.0,0.0,250000.0,0.019999999552965164,31.999046325683594,0.0,0.0,0.0,71.0,14360.0,0.0,71.0,0.0,1088.0,4.0,54.0,1.0,1.0,0.0,0.0,0.0,2.0,0.0,1.0,0.0,359.0,359.0,1.0
0.36000000000000004,2720.0,653.0,707.0,2013.0,2067.0,2039.0,2041.0,679.0,681.0,0.0,0.0,0.0,1.0,0.0,0.0,0.0,0.0,0.0,0.0,250000.0,0.019999999552965164,31.999046325683594,0.0,0.0,0.0,71.0,14400.0,0.0,72.0,0.0,1088.0,4.0,54.0,1.0,1.0,0.0,0.0,0.0,2.0,0.0,1.0,0.0,360.0,360.0,1.0
0.36100000000000004,2720.0,653.0,707.0,2013.0,2067.0,2039.0,2041.0,679.0,681.0,0.0,0.0,0.0,1.0,0.0,0.0,0.0,0.0,0.0,0.0,250000.0,0.019999999552965164,31.999046325683594,0.0,0.0,0.0,72.0,14440.0,0.0,72.0,0.0,1088.0,4.0,54.0,1.0,1.0,0.0,0.0,0.0,2.0,0.0,1.0,0.0,361.0,361.0,1.0
0.36200000000000004,2720.0,653.0,707.0,2013.0,2067.0,2039.0,2041.0,679.0,681.0,0.0,0.0,0.0,1.0,0.0,0.0,0.0,0.0,0.0,0.0,250000.0,0.019999999552965164,31.999046325683594,0.0,0.0,0.0,72.0,14480.0,0.0,72.0,0.0,1088.0,4.0,54.0,1.0,1.0,0.0,0.0,0.0,2.0,0.0,1.0,0.0,362.0,362.0,1.0
0.36300000000000004,2720.0,653.0,707.0,2013.0,2067.0,2039.0,2041.0,679.0,681.0,0.0,0.0,0.0,1.0,0.0,0.0,0.0,0.0,0.0,0.0,250000.0,0.019999999552965164,31.999046325683594,0.0,0.0,0.0,72.0,14520.0,0.0,72.0,0.0,1088.0,4.0,54.0,1.0,1.0,0.0,0.0,0.0,2.0,0.0,1.0,0.0,363.0,363.0,1.0
0.364,2720.0,653.0,707.0,2013.0,2067.0,2039.0,2041.0,679.0,681.0,0.0,0.0,0.0,1.0,0.0,0.0,0.0,0.0,0.0,0.0,250000.0,0.019999999552965164,31.999046325683594,0.0,0.0,0.0,72.0,14560.0,0.0,72.0,0.0,1088.0,4.0,54.0,1.0,1.0,0.0,0.0,0.0,2.0,0.0,1.0,0.0,364.0,364.0,1.0
0.365,2720.0,653.0,707.0,2013.0,2067.0,2039.0,2041.0,679.0,681.0,0.0,0.0,0.0,1.0,0.0,0.0,0.0,0.0,0.0,0.0,250000.0,0.019999999552965164,31.999046325683594,0.0,0.0,0.0,72.0,14600.0,0.0,73.0,0.0,1088.0,4.0,54.0,1.0,1.0,0.0,0.0,0.0,2.0,0.0,1.0,0.0,365.0,365.0,1.0
0.366,2720.0,653.0,707.0,2013.0,2067.0,2039.0,2041.0,679.0,681.0,0.0,0.0,0.0,1.0,0.0,0.0,0.0,0.0,0.0,0.0,250000.0,0.019999999552965164,31.999046325683594,0.0,0.0,0.0,73.0,14640.0,0.0,73.0,0.0,1088.0,4.0,54.0,1.0,1.0,0.0,0.0,0.0,2.0,0.0,1.0,0.0,366.0,366.0,1.0
0.367,2720.0,653.0,707.0,2013.0,2067.0,2039.0,2041.0,679.0,681.0,0.0,0.0,0.0,1.0,0.0,0.0,0.0,0.0,0.0,0.0,250000.0,0.019999999552965164,31.999046325683594,0.0,0.0,0.0,73.0,14680.0,0.0,73.0,0.0,1088.0,4.0,54.0,1.0,1.0,0.0,0.0,0.0,2.0,0.0,1.0,0.0,367.0,367.0,1.0
0.368,2720.0,653.0,707.0,2013.0,2067.0,2039.0,2041.0,679.0,681.0,0.0,0.0,0.0,1.0,0.0,0.0,0.0,0.0,0.0,0.0,250000.0,0.019999999552965164,31.999046325683594,0.0,0.0,0.0,73.0,14720.0,0.0,73.0,0.0,1088.0,4.0,54.0,1.0,1.0,0.0,0.0,0.0,2.0,0.0,1.0,0.0,368.0,368.0,1.0
0.369,2720.0,653.0,707.0,2013.0,2067.0,2039.0,2041.0,679.0,681.0,0.0,0.0,0.0,1.0,0.0,0.0,0.0,0.0,0.0,0.0,250000.0,0.019999999552965164,31.999046325683594,0.0,0.0,0.0,73.0,14760.0,0.0,73.0,0.0,1088.0,4.0,54.0,1.0,1.0,0.0,0.0,0.0,2.0,0.0,1.0,0.0,369.0,369.0,1.0
0.37,2720.0,653.0,707.0,2013.0,2067.0,2039.0,2041.0,679.0,681.0,0.0,0.0,0.0,1.0,0.0,0.0,0.0,0.0,0.0,0.0,250000.0,0.019999999552965164,31.999046325683594,0.0,0.0,0.0,73.0,14800.0,0.0,74.0,0.0,1088.0,4.0,54.0,1.0,1.0,0.0,0.0,0.0,2.0,0.0,1.0,0.0,370.0,370.0,1.0
0.371,2720.0,653.0,707.0,2013.0,2067.0,2039.0,2041.0,679.0,681.0,0.0,0.0,0.0,1.0,0.0,0.0,0.0,0.0,0.0,0.0,250000.0,0.019999999552965164,31.999046325683594,0.0,0.0,0.0,74.0,14840.0,0.0,74.0,0.0,1088.0,4.0,54.0,1.0,1.0,0.0,0.0,0.0,2.0,0.0,1.0,0.0,371.0,371.0,1.0
0.372,2720.0,653.0,707.0,2013.0,2067.0,2039.0,2041.0,679.0,681.0,0.0,0.0,0.0,1.0,0.0,0.0,0.0,0.0,0.0,0.0,250000.0,0.019999999552965164,31.999046325683594,0.0,0.0,0.0,74.0,14880.0,0.0,74.0,0.0,1088.0,4.0,54.0,1.0,1.0,0.0,0.0,0.0,2.0,0.0,1.0,0.0,372.0,372.0,1.0
0.373,2720.0,653.0,707.0,2013.0,2067.0,2039.0,2041.0,679.0,681.0,0.0,0.0,0.0,1.0,0.0,0.0,0.0,0.0,0.0,0.0,250000.0,0.019999999552965164,31.999046325683594,0.0,0.0,0.0,74.0,14920.0,0.0,74.0,0.0,1088.0,4.0,54.0,1.0,1.0,0.0,0.0,0.0,2.0,0.0,1.0,0.0,373.0,373.0,1.0
0.374,2720.0,653.0,707.0,2013.0,2067.0,2039.0,2041.0,679.0,681.0,0.0,0.0,0.0,1.0,0.0,0.0,0.0,0.0,0.0,0.0,250000.0,0.019999999552965164,31.999046325683594,0.0,0.0,0.0,74.0,14960.0,0.0,74.0,0.0,1088.0,4.0,54.0,1.0,1.0,0.0,0.0,0.0,2.0,0.0,1.0,0.0,374.0,374.0,1.0
0.375,2720.0,653.0,707.0,2013.0,2067.0,2039.0,2041.0,679.0,681.0,0.0,0.0,0.0,1.0,0.0,0.0,0.0,0.0,0.0,0.0,250000.0,0.019999999552965164,31.999046325683594,0.0,0.0,0.0,74.0,15000.0,0.0,75.0,0.0,1088.0,4.0,54.0,1.0,1.0,0.0,0.0,0.0,2.0,0.0,1.0,0.0,375.0,375.0,1.0
0.376,2720.0,653.0,707.0,2013.0,2067.0,2039.0,2041.0,679.0,681.0,0.0,0.0,0.0,1.0,0.0,0.0,0.0,0.0,0.0,0.0,250000.0,0.019999999552965164,31.999046325683594,0.0,0.0,0.0,75.0,15040.0,0.0,75.0,0.0,1088.0,4.0,54.0,1.0,1.0,0.0,0.0,0.0,2.0,0.0,1.0,0.0,376.0,376.0,1.0
0.377,2720.0,653.0,707.0,2013.0,2067.0,2039.0,2041.0,679.0,681.0,0.0,0.0,0.0,1.0,0.0,0.0,0.0,0.0,0.0,0.0,250000.0,0.019999999552965164,31.999046325683594,0.0,0.0,0.0,75.0,15080.0,0.0,75.0,0.0,1088.0,4.0,54.0,1.0,1.0,0.0,0.0,0.0,2.0,0.0,1.0,0.0,377.0,377.0,1.0
0.378,2720.0,653.0,707.0,2013.0,2067.0,2039.0,2041.0,679.0,681.0,0.0,0.0,0.0,1.0,0.0,0.0,0.0,0.0,0.0,0.0,250000.0,0.019999999552965164,31.999046325683594,0.0,0.0,0.0,75.0,15120.0,0.0,75.0,0.0,1088.0,4.0,54.0,1.0,1.0,0.0,0.0,0.0,2.0,0.0,1.0,0.0,378.0,378.0,1.0
0.379,2720.0,653.0,707.0,2013.0,2067.0,2039.0,2041.0,679.0,681.0,0.0,0.0,0.0,1.0,0.0,0.0,0.0,0.0,0.0,0.0,250000.0,0.019999999552965164,31.999046325683594,0.0,0.0,0.0,75.0,15160.0,0.0,75.0,0.0,1088.0,4.0,54.0,1.0,1.0,0.0,0.0,0.0,2.0,0.0,1.0,0.0,379.0,379.0,1.0
0.38,2720.0,653.0,707.0,2013.0,2067.0,2039.0,2041.0,679.0,681.0,0.0,0.0,0.0,1.0,0.0,0.0,0.0,0.0,0.0,0.0,250000.0,0.019999999552965164,31.999046325683594,0.0,0.0,0.0,75.0,15200.0,0.0,76.0,0.0,1088.0,4.0,54.0,1.0,1.0,0.0,0.0,0.0,2.0,0.0,1.0,0.0,380.0,380.0,1.0
0.381,2720.0,653.0,707.0,2013.0,2067.0,2039.0,2041.0,679.0,681.0,0.0,0.0,0.0,1.0,0.0,0.0,0.0,0.0,0.0,0.0,250000.0,0.019999999552965164,31.999046325683594,0.0,0.0,0.0,76.0,15240.0,0.0,76.0,0.0,1088.0,4.0,54.0,1.0,1.0,0.0,0.0,0.0,2.0,0.0,1.0,0.0,381.0,381.0,1.0
0.382,2720.0,653.0,707.0,2013.0,2067.0,2039.0,2041.0,679.0,681.0,0.0,0.0,0.0,1.0,0.0,0.0,0.0,0.0,0.0,0.0,250000.0,0.019999999552965164,31.999046325683594,0.0,0.0,0.0,76.0,15280.0,0.0,76.0,0.0,1088.0,4.0,54.0,1.0,1.0,0.0,0.0,0.0,2.0,0.0,1.0,0.0,382.0,382.0,1.0
0.383,2720.0,653.0,707.0,2013.0,2067.0,2039.0,2041.0,679.0,681.0,0.0,0.0,0.0,1.0,0.0,0.0,0.0,0.0,0.0,0.0,250000.0,0.019999999552965164,31.999046325683594,0.0,0.0,0.0,76.0,15320.0,0.0,76.0,0.0,1088.0,4.0,54.0,1.0,1.0,0.0,0.0,0.0,2.0,0.0,1.0,0.0,383.0,383.0,1.0
0.384,2720.0,653.0,707.0,2013.0,2067.0,2039.0,2041.0,679.0,681.0,0.0,0.0,0.0,1.0,0.0,0.0,0.0,0.0,0.0,0.0,250000.0,0.019999999552965164,31.999046325683594,0.0,0.0,0.0,76.0,15360.0,0.0,76.0,0.0,1088.0,4.0,54.0,1.0,1.0,0.0,0.0,0.0,2.0,0.0,1.0,0.0,384.0,384.0,1.0
0.385,2720.0,653.0,707.0,2013.0,2067.0,2039.0,2041.0,679.0,681.0,0.0,0.0,0.0,1.0,0.0,0.0,0.0,0.0,0.0,0.0,250000.0,0.019999999552965164,31.999046325683594,0.0,0.0,0.0,76.0,15400.0,0.0,77.0,0.0,1088.0,4.0,54.0,1.0,1.0,0.0,0.0,0.0,2.0,0.0,1.0,0.0,385.0,385.0,1.0
0.386,2720.0,653.0,707.0,2013.0,2067.0,2039.0,2041.0,679.0,681.0,0.0,0.0,0.0,1.0,0.0,0.0,0.0,0.0,0.0,0.0,250000.0,0.019999999552965164,31.999046325683594,0.0,0.0,0.0,77.0,15440.0,0.0,77.0,0.0,1088.0,4.0,54.0,1.0,1.0,0.0,0.0,0.0,2.0,0.0,1.0,0.0,386.0,386.0,1.0
0.387,2720.0,653.0,707.0,2013.0,2067.0,2039.0,2041.0,679.0,681.0,0.0,0.0,0.0,1.0,0.0,0.0,0.0,0.0,0.0,0.0,250000.0,0.019999999552965164,31.999046325683594,0.0,0.0,0.0,77.0,15480.0,0.0,77.0,0.0,1088.0,4.0,54.0,1.0,1.0,0.0,0.0,0.0,2.0,0.0,1.0,0.0,387.0,387.0,1.0
0.388,2720.0,653.0,707.0,2013.0,2067.0,2039.0,2041.0,679.0,681.0,0.0,0.0,0.0,1.0,0.0,0.0,0.0,0.0,0.0,0.0,250000.0,0.019999999552965164,31.999046325683594,0.0,0.0,0.0,77.0,15520.0,0.0,77.0,0.0,1088.0,4.0,54.0,1.0,1.0,0.0,0.0,0.0,2.0,0.0,1.0,0.0,388.0,388.0,1.0
0.389,2720.0,653.0,707.0,2013.0,2067.0,2039.0,2041.0,679.0,681.0,0.0,0.0,0.0,1.0,0.0,0.0,0.0,0.0,0.0,0.0,250000.0,0.019999999552965164,31.999046325683594,0.0,0.0,0.0,77.0,15560.0,0.0,77.0,0.0,1088.0,4.0,54.0,1.0,1.0,0.0,0.0,0.0,2.0,0.0,1.0,0.0,389.0,389.0,1.0
0.39,2720.0,653.0,707.0,2013.0,2067.0,2039.0,2041.0,679.0,681.0,0.0,0.0,0.0,1.0,0.0,0.0,0.0,0.0,0.0,0.0,250000.0,0.019999999552965164,31.999046325683594,0.0,0.0,0.0,77.0,15600.0,0.0,78.0,0.0,1088.0,4.0,54.0,1.0,1.0,0.0,0.0,0.0,2.0,0.0,1.0,0.0,390.0,390.0,1.0
0.391,2720.0,653.0,707.0,2013.0,2067.0,2039.0,2041.0,679.0,681.0,0.0,0.0,0.0,1.0,0.0,0.0,0.0,0.0,0.0,0.0,250000.0,0.019999999552965164,31.999046325683594,0.0,0.0,0.0,78.0,15640.0,0.0,78.0,0.0,1088.0,4.0,54.0,1.0,1.0,0.0,0.0,0.0,2.0,0.0,1.0,0.0,391.0,391.0,1.0
0.392,2720.0,653.0,707.0,2013.0,2067.0,2039.0,2041.0,679.0,681.0,0.0,0.0,0.0,1.0,0.0,0.0,0.0,0.0,0.0,0.0,250000.0,0.019999999552965164,31.999046325683594,0.0,0.0,0.0,78.0,15680.0,0.0,78.0,0.0,1088.0,4.0,54.0,1.0,1.0,0.0,0.0,0.0,2.0,0.0,1.0,0.0,392.0,392.0,1.0
0.393,2720.0,653.0,707.0,2013.0,2067.0,2039.0,2041.0,679.0,681.0,0.0,0.0,0.0,1.0,0.0,0.0,0.0,0.0,0.0,0.0,250000.0,0.019999999552965164,31.999046325683594,0.0,0.0,0.0,78.0,15720.0,0.0,78.0,0.0,1088.0,4.0,54.0,1.0,1.0,0.0,0.0,0.0,2.0,0.0,1.0,0.0,393.0,393.0,1.0
0.394,2720.0,653.0,707.0,2013.0,2067.0,2039.0,2041.0,679.0,681.0,0.0,0.0,0.0,1.0,0.0,0.0,0.0,0.0,0.0,0.0,250000.0,0.019999999552965164,31.999046325683594,0.0,0.0,0.0,78.0,15760.0,0.0,78.0,0.0,1088.0,4.0,54.0,1.0,1.0,0.0,0.0,0.0,2.0,0.0,1.0,0.0,394.0,394.0,1.0
0.395,2720.0,653.0,707.0,2013.0,2067.0,2039.0,2041.0,679.0,681.0,0.0,0.0,0.0,1.0,0.0,0.0,0.0,0.0,0.0,0.0,250000.0,0.019999999552965164,31.999046325683594,0.0,0.0,0.0,78.0,15800.0,0.0,79.0,0.0,1088.0,4.0,54.0,1.0,1.0,0.0,0.0,0.0,2.0,0.0,1.0,0.0,395.0,395.0,1.0
0.396,2720.0,653.0,707.0,2013.0,2067.0,2039.0,2041.0,679.0,681.0,0.0,0.0,0.0,1.0,0.0,0.0,0.0,0.0,0.0,0.0,250000.0,0.019999999552965164,31.999046325683594,0.0,0.0,0.0,79.0,15840.0,0.0,79.0,0.0,1088.0,4.0,54.0,1.0,1.0,0.0,0.0,0.0,2.0,0.0,1.0,0.0,396.0,396.0,1.0
0.397,2720.0,653.0,707.0,2013.0,2067.0,2039.0,2041.0,679.0,681.0,0.0,0.0,0.0,1.0,0.0,0.0,0.0,0.0,0.0,0.0,250000.0,0.019999999552965164,31.999046325683594,0.0,0.0,0.0,79.0,15880.0,0.0,79.0,0.0,1088.0,4.0,54.0,1.0,1.0,0.0,0.0,0.0,2.0,0.0,1.0,0.0,397.0,397.0,1.0
0.398,2720.0,653.0,707.0,2013.0,2067.0,2039.0,2041.0,679.0,681.0,0.0,0.0,0.0,1.0,0.0,0.0,0.0,0.0,0.0,0.0,250000.0,0.019999999552965164,31.999046325683594,0.0,0.0,0.0,79.0,15920.0,0.0,79.0,0.0,1088.0,4.0,54.0,1.0,1.0,0.0,0.0,0.0,2.0,0.0,1.0,0.0,398.0,398.0,1.0
0.399,2720.0,653.0,707.0,2013.0,2067.0,2039.0,2041.0,679.0,681.0,0.0,0.0,0.0,1.0,0.0,0.0,0.0,0.0,0.0,0.0,250000.0,0.019999999552965164,31.999046325683594,0.0,0.0,0.0,79.0,15960.0,0.0,79.0,0.0,1088.0,4.0,54.0,1.0,1.0,0.0,0.0,0.0,2.0,0.0,1.0,0.0,399.0,399.0,1.0
0.4,2720.0,653.0,707.0,2013.0,2067.0,2039.0,2041.0,679.0,681.0,0.0,0.0,0.0,1.0,0.0,0.0,0.0,0.0,0.0,0.0,250000.0,0.019999999552965164,31.999046325683594,0.0,0.0,0.0,79.0,16000.0,0.0,80.0,0.0,1088.0,4.0,54.0,1.0,1.0,0.0,0.0,0.0,2.0,0.0,1.0,0.0,400.0,400.0,1.0
0.401,2720.0,653.0,707.0,2013.0,2067.0,2039.0,2041.0,679.0,681.0,0.0,0.0,0.0,1.0,0.0,0.0,0.0,0.0,0.0,0.0,250000.0,0.019999999552965164,31.999046325683594,0.0,0.0,0.0,80.0,16040.0,0.0,80.0,0.0,1088.0,4.0,54.0,1.0,1.0,0.0,0.0,0.0,2.0,0.0,1.0,0.0,401.0,401.0,1.0
0.402,2720.0,653.0,707.0,2013.0,2067.0,2039.0,2041.0,679.0,681.0,0.0,0.0,0.0,1.0,0.0,0.0,0.0,0.0,0.0,0.0,250000.0,0.019999999552965164,31.999046325683594,0.0,0.0,0.0,80.0,16080.0,0.0,80.0,0.0,1088.0,4.0,54.0,1.0,1.0,0.0,0.0,0.0,2.0,0.0,1.0,0.0,402.0,402.0,1.0
0.403,2720.0,653.0,707.0,2013.0,2067.0,2039.0,2041.0,679.0,681.0,0.0,0.0,0.0,1.0,0.0,0.0,0.0,0.0,0.0,0.0,250000.0,0.019999999552965164,31.999046325683594,0.0,0.0,0.0,80.0,16120.0,0.0,80.0,0.0,1088.0,4.0,54.0,1.0,1.0,0.0,0.0,0.0,2.0,0.0,1.0,0.0,403.0,403.0,1.0
0.404,2720.0,653.0,707.0,2013.0,2067.0,2039.0,2041.0,679.0,681.0,0.0,0.0,0.0,1.0,0.0,0.0,0.0,0.0,0.0,0.0,250000.0,0.019999999552965164,31.999046325683594,0.0,0.0,0.0,80.0,16160.0,0.0,80.0,0.0,1088.0,4.0,54.0,1.0,1.0,0.0,0.0,0.0,2.0,0.0,1.0,0.0,404.0,404.0,1.0
0.405,2720.0,653.0,707.0,2013.0,2067.0,2039.0,2041.0,679.0,681.0,0.0,0.0,0.0,1.0,0.0,0.0,0.0,0.0,0.0,0.0,250000.0,0.019999999552965164,31.999046325683594,0.0,0.0,0.0,80.0,16200.0,0.0,81.0,0.0,1088.0,4.0,54.0,1.0,1.0,0.0,0.0,0.0,2.0,0.0,1.0,0.0,405.0,405.0,1.0
0.406,2720.0,653.0,707.0,2013.0,2067.0,2039.0,2041.0,679.0,681.0,0.0,0.0,0.0,1.0,0.0,0.0,0.0,0.0,0.0,0.0,250000.0,0.019999999552965164,31.999046325683594,0.0,0.0,0.0,81.0,16240.0,0.0,81.0,0.0,1088.0,4.0,54.0,1.0,1.0,0.0,0.0,0.0,2.0,0.0,1.0,0.0,406.0,406.0,1.0
0.40700000000000003,2720.0,653.0,707.0,2013.0,2067.0,2039.0,2041.0,679.0,681.0,0.0,0.0,0.0,1.0,0.0,0.0,0.0,0.0,0.0,0.0,250000.0,0.019999999552965164,31.999046325683594,0.0,0.0,0.0,81.0,16280.0,0.0,81.0,0.0,1088.0,4.0,54.0,1.0,1.0,0.0,0.0,0.0,2.0,0.0,1.0,0.0,407.0,407.0,1.0
0.40800000000000003,2720.0,653.0,707.0,2013.0,2067.0,2039.0,2041.0,679.0,681.0,0.0,0.0,0.0,1.0,0.0,0.0,0.0,0.0,0.0,0.0,250000.0,0.019999999552965164,31.999046325683594,0.0,0.0,0.0,81.0,16320.0,0.0,81.0,0.0,1088.0,4.0,54.0,1.0,1.0,0.0,0.0,0.0,2.0,0.0,1.0,0.0,408.0,408.0,1.0
0.40900000000000003,2720.0,653.0,707.0,2013.0,2067.0,2039.0,2041.0,679.0,681.0,0.0,0.0,0.0,1.0,0.0,0.0,0.0,0.0,0.0,0.0,250000.0,0.019999999552965164,31.999046325683594,0.0,0.0,0.0,81.0,16360.0,0.0,81.0,0.0,1088.0,4.0,54.0,1.0,1.0,0.0,0.0,0.0,2.0,0.0,1.0,0.0,409.0,409.0,1.0
0.41000000000000003,2720.0,653.0,707.0,2013.0,2067.0,2039.0,2041.0,679.0,681.0,0.0,0.0,0.0,1.0,0.0,0.0,0.0,0.0,0.0,0.0,250000.0,0.019999999552965164,31.999046325683594,0.0,0.0,0.0,81.0,16400.0,0.0,82.0,0.0,1088.0,4.0,54.0,1.0,1.0,0.0,0.0,0.0,2.0,0.0,1.0,0.0,410.0,410.0,1.0
0.41100000000000003,2720.0,653.0,707.0,2013.0,2067.0,2039.0,2041.0,679.0,681.0,0.0,0.0,0.0,1.0,0.0,0.0,0.0,0.0,0.0,0.0,250000.0,0.019999999552965164,31.999046325683594,0.0,0.0,0.0,82.0,16440.0,0.0,82.0,0.0,1088.0,4.0,54.0,1.0,1.0,0.0,0.0,0.0,2.0,0.0,1.0,0.0,411.0,411.0,1.0
0.41200000000000003,2720.0,653.0,707.0,2013.0,2067.0,2039.0,2041.0,679.0,681.0,0.0,0.0,0.0,1.0,0.0,0.0,0.0,0.0,0.0,0.0,250000.0,0.019999999552965164,31.999046325683594,0.0,0.0,0.0,82.0,16480.0,0.0,82.0,0.0,1088.0,4.0,54.0,1.0,1.0,0.0,0.0,0.0,2.0,0.0,1.0,0.0,412.0,412.0,1.0
0.41300000000000003,2720.0,653.0,707.0,2013.0,2067.0,2039.0,2041.0,679.0,681.0,0.0,0.0,0.0,1.0,0.0,0.0,0.0,0.0,0.0,0.0,250000.0,0.019999999552965164,31.999046325683594,0.0,0.0,0.0,82.0,16520.0,0.0,82.0,0.0,1088.0,4.0,54.0,1.0,1.0,0.0,0.0,0.0,2.0,0.0,1.0,0.0,413.0,413.0,1.0
0.41400000000000003,2720.0,653.0,707.0,2013.0,2067.0,2039.0,2041.0,679.0,681.0,0.0,0.0,0.0,1.0,0.0,0.0,0.0,0.0,0.0,0.0,250000.0,0.019999999552965164,31.999046325683594,0.0,0.0,0.0,82.0,16560.0,0.0,82.0,0.0,1088.0,4.0,54.0,1.0,1.0,0.0,0.0,0.0,2.0,0.0,1.0,0.0,414.0,414.0,1.0
0.41500000000000004,2720.0,653.0,707.0,2013.0,2067.0,2039.0,2041.0,679.0,681.0,0.0,0.0,0.0,1.0,0.0,0.0,0.0,0.0,0.0,0.0,250000.0,0.019999999552965164,31.999046325683594,0.0,0.0,0.0,82.0,16600.0,0.0,83.0,0.0,1088.0,4.0,54.0,1.0,1.0,0.0,0.0,0.0,2.0,0.0,1.0,0.0,415.0,415.0,1.0
0.41600000000000004,2720.0,653.0,707.0,2013.0,2067.0,2039.0,2041.0,679.0,681.0,0.0,0.0,0.0,1.0,0.0,0.0,0.0,0.0,0.0,0.0,250000.0,0.019999999552965164,31.999046325683594,0.0,0.0,0.0,83.0,16640.0,0.0,83.0,0.0,1088.0,4.0,54.0,1.0,1.0,0.0,0.0,0.0,2.0,0.0,1.0,0.0,416.0,416.0,1.0
0.41700000000000004,2720.0,653.0,707.0,2013.0,2067.0,2039.0,2041.0,679.0,681.0,0.0,0.0,0.0,1.0,0.0,0.0,0.0,0.0,0.0,0.0,250000.0,0.019999999552965164,31.999046325683594,0.0,0.0,0.0,83.0,16680.0,0.0,83.0,0.0,1088.0,4.0,54.0,1.0,1.0,0.0,0.0,0.0,2.0,0.0,1.0,0.0,417.0,417.0,1.0
0.41800000000000004,2720.0,653.0,707.0,2013.0,2067.0,2039.0,2041.0,679.0,681.0,0.0,0.0,0.0,1.0,0.0,0.0,0.0,0.0,0.0,0.0,250000.0,0.019999999552965164,31.999046325683594,0.0,0.0,0.0,83.0,16720.0,0.0,83.0,0.0,1088.0,4.0,54.0,1.0,1.0,0.0,0.0,0.0,2.0,0.0,1.0,0.0,418.0,418.0,1.0
0.41900000000000004,2720.0,653.0,707.0,2013.0,2067.0,2039.0,2041.0,679.0,681.0,0.0,0.0,0.0,1.0,0.0,0.0,0.0,0.0,0.0,0.0,250000.0,0.019999999552965164,31.999046325683594,0.0,0.0,0.0,83.0,16760.0,0.0,83.0,0.0,1088.0,4.0,54.0,1.0,1.0,0.0,0.0,0.0,2.0,0.0,1.0,0.0,419.0,419.0,1.0
0.42000000000000004,2720.0,653.0,707.0,2013.0,2067.0,2039.0,2041.0,679.0,681.0,0.0,0.0,0.0,1.0,0.0,0.0,0.0,0.0,0.0,0.0,250000.0,0.019999999552965164,31.999046325683594,0.0,0.0,0.0,83.0,16800.0,0.0,84.0,0.0,1088.0,4.0,54.0,1.0,1.0,0.0,0.0,0.0,2.0,0.0,1.0,0.0,420.0,420.0,1.0
0.42100000000000004,2720.0,653.0,707.0,2013.0,2067.0,2039.0,2041.0,679.0,681.0,0.0,0.0,0.0,1.0,0.0,0.0,0.0,0.0,0.0,0.0,250000.0,0.019999999552965164,31.999046325683594,0.0,0.0,0.0,84.0,16840.0,0.0,84.0,0.0,1088.0,4.0,54.0,1.0,1.0,0.0,0.0,0.0,2.0,0.0,1.0,0.0,421.0,421.0,1.0
0.42200000000000004,2720.0,653.0,707.0,2013.0,2067.0,2039.0,2041.0,679.0,681.0,0.0,0.0,0.0,1.0,0.0,0.0,0.0,0.0,0.0,0.0,250000.0,0.019999999552965164,31.999046325683594,0.0,0.0,0.0,84.0,16880.0,0.0,84.0,0.0,1088.0,4.0,54.0,1.0,1.0,0.0,0.0,0.0,2.0,0.0,1.0,0.0,422.0,422.0,1.0
0.42300000000000004,2720.0,653.0,707.0,2013.0,2067.0,2039.0,2041.0,679.0,681.0,0.0,0.0,0.0,1.0,0.0,0.0,0.0,0.0,0.0,0.0,250000.0,0.019999999552965164,31.999046325683594,0.0,0.0,0.0,84.0,16920.0,0.0,84.0,0.0,1088.0,4.0,54.0,1.0,1.0,0.0,0.0,0.0,2.0,0.0,1.0,0.0,423.0,423.0,1.0
0.42400000000000004,2720.0,653.0,707.0,2013.0,2067.0,2039.0,2041.0,679.0,681.0,0.0,0.0,0.0,1.0,0.0,0.0,0.0,0.0,0.0,0.0,250000.0,0.019999999552965164,31.999046325683594,0.0,0.0,0.0,84.0,16960.0,0.0,84.0,0.0,1088.0,4.0,54.0,1.0,1.0,0.0,0.0,0.0,2.0,0.0,1.0,0.0,424.0,424.0,1.0
0.42500000000000004,2720.0,653.0,707.0,2013.0,2067.0,2039.0,2041.0,679.0,681.0,0.0,0.0,0.0,1.0,0.0,0.0,0.0,0.0,0.0,0.0,250000.0,0.019999999552965164,31.999046325683594,0.0,0.0,0.0,84.0,17000.0,0.0,85.0,0.0,1088.0,4.0,54.0,1.0,1.0,0.0,0.0,0.0,2.0,0.0,1.0,0.0,425.0,425.0,1.0
0.42600000000000005,2720.0,653.0,707.0,2013.0,2067.0,2039.0,2041.0,679.0,681.0,0.0,0.0,0.0,1.0,0.0,0.0,0.0,0.0,0.0,0.0,250000.0,0.019999999552965164,31.999046325683594,0.0,0.0,0.0,85.0,17040.0,0.0,85.0,0.0,1088.0,4.0,54.0,1.0,1.0,0.0,0.0,0.0,2.0,0.0,1.0,0.0,426.0,426.0,1.0
0.42700000000000005,2720.0,653.0,707.0,2013.0,2067.0,2039.0,2041.0,679.0,681.0,0.0,0.0,0.0,1.0,0.0,0.0,0.0,0.0,0.0,0.0,250000.0,0.019999999552965164,31.999046325683594,0.0,0.0,0.0,85.0,17080.0,0.0,85.0,0.0,1088.0,4.0,54.0,1.0,1.0,0.0,0.0,0.0,2.0,0.0,1.0,0.0,427.0,427.0,1.0
0.42800000000000005,2720.0,653.0,707.0,2013.0,2067.0,2039.0,2041.0,679.0,681.0,0.0,0.0,0.0,1.0,0.0,0.0,0.0,0.0,0.0,0.0,250000.0,0.019999999552965164,31.999046325683594,0.0,0.0,0.0,85.0,17120.0,0.0,85.0,0.0,1088.0,4.0,54.0,1.0,1.0,0.0,0.0,0.0,2.0,0.0,1.0,0.0,428.0,428.0,1.0
0.42900000000000005,2720.0,653.0,707.0,2013.0,2067.0,2039.0,2041.0,679.0,681.0,0.0,0.0,0.0,1.0,0.0,0.0,0.0,0.0,0.0,0.0,250000.0,0.019999999552965164,31.999046325683594,0.0,0.0,0.0,85.0,17160.0,0.0,85.0,0.0,1088.0,4.0,54.0,1.0,1.0,0.0,0.0,0.0,2.0,0.0,1.0,0.0,429.0,429.0,1.0
0.43,2720.0,653.0,707.0,2013.0,2067.0,2039.0,2041.0,679.0,681.0,0.0,0.0,0.0,1.0,0.0,0.0,0.0,0.0,0.0,0.0,250000.0,0.019999999552965164,31.999046325683594,0.0,0.0,0.0,85.0,17200.0,0.0,86.0,0.0,1088.0,4.0,54.0,1.0,1.0,0.0,0.0,0.0,2.0,0.0,1.0,0.0,430.0,430.0,1.0
0.431,2720.0,653.0,707.0,2013.0,2067.0,2039.0,2041.0,679.0,681.0,0.0,0.0,0.0,1.0,0.0,0.0,0.0,0.0,0.0,0.0,250000.0,0.019999999552965164,31.999046325683594,0.0,0.0,0.0,86.0,17240.0,0.0,86.0,0.0,1088.0,4.0,54.0,1.0,1.0,0.0,0.0,0.0,2.0,0.0,1.0,0.0,431.0,431.0,1.0
0.432,2720.0,653.0,707.0,2013.0,2067.0,2039.0,2041.0,679.0,681.0,0.0,0.0,0.0,1.0,0.0,0.0,0.0,0.0,0.0,0.0,250000.0,0.019999999552965164,31.999046325683594,0.0,0.0,0.0,86.0,17280.0,0.0,86.0,0.0,1088.0,4.0,54.0,1.0,1.0,0.0,0.0,0.0,2.0,0.0,1.0,0.0,432.0,432.0,1.0
0.433,2720.0,653.0,707.0,2013.0,2067.0,2039.0,2041.0,679.0,681.0,0.0,0.0,0.0,1.0,0.0,0.0,0.0,0.0,0.0,0.0,250000.0,0.019999999552965164,31.999046325683594,0.0,0.0,0.0,86.0,17320.0,0.0,86.0,0.0,1088.0,4.0,54.0,1.0,1.0,0.0,0.0,0.0,2.0,0.0,1.0,0.0,433.0,433.0,1.0
0.434,2720.0,653.0,707.0,2013.0,2067.0,2039.0,2041.0,679.0,681.0,0.0,0.0,0.0,1.0,0.0,0.0,0.0,0.0,0.0,0.0,250000.0,0.019999999552965164,31.999046325683594,0.0,0.0,0.0,86.0,17360.0,0.0,86.0,0.0,1088.0,4.0,54.0,1.0,1.0,0.0,0.0,0.0,2.0,0.0,1.0,0.0,434.0,434.0,1.0
0.435,2720.0,653.0,707.0,2013.0,2067.0,2039.0,2041.0,679.0,681.0,0.0,0.0,0.0,1.0,0.0,0.0,0.0,0.0,0.0,0.0,250000.0,0.019999999552965164,31.999046325683594,0.0,0.0,0.0,86.0,17400.0,0.0,87.0,0.0,1088.0,4.0,54.0,1.0,1.0,0.0,0.0,0.0,2.0,0.0,1.0,0.0,435.0,435.0,1.0
0.436,2720.0,653.0,707.0,2013.0,2067.0,2039.0,2041.0,679.0,681.0,0.0,0.0,0.0,1.0,0.0,0.0,0.0,0.0,0.0,0.0,250000.0,0.019999999552965164,31.999046325683594,0.0,0.0,0.0,87.0,17440.0,0.0,87.0,0.0,1088.0,4.0,54.0,1.0,1.0,0.0,0.0,0.0,2.0,0.0,1.0,0.0,436.0,436.0,1.0
0.437,2720.0,653.0,707.0,2013.0,2067.0,2039.0,2041.0,679.0,681.0,0.0,0.0,0.0,1.0,0.0,0.0,0.0,0.0,0.0,0.0,250000.0,0.019999999552965164,31.999046325683594,0.0,0.0,0.0,87.0,17480.0,0.0,87.0,0.0,1088.0,4.0,54.0,1.0,1.0,0.0,0.0,0.0,2.0,0.0,1.0,0.0,437.0,437.0,1.0
0.438,2720.0,653.0,707.0,2013.0,2067.0,2039.0,2041.0,679.0,681.0,0.0,0.0,0.0,1.0,0.0,0.0,0.0,0.0,0.0,0.0,250000.0,0.019999999552965164,31.999046325683594,0.0,0.0,0.0,87.0,17520.0,0.0,87.0,0.0,1088.0,4.0,54.0,1.0,1.0,0.0,0.0,0.0,2.0,0.0,1.0,0.0,438.0,438.0,1.0
0.439,2720.0,653.0,707.0,2013.0,2067.0,2039.0,2041.0,679.0,681.0,0.0,0.0,0.0,1.0,0.0,0.0,0.0,0.0,0.0,0.0,250000.0,0.019999999552965164,31.999046325683594,0.0,0.0,0.0,87.0,17560.0,0.0,87.0,0.0,1088.0,4.0,54.0,1.0,1.0,0.0,0.0,0.0,2.0,0.0,1.0,0.0,439.0,439.0,1.0
0.44,2720.0,653.0,707.0,2013.0,2067.0,2039.0,2041.0,679.0,681.0,0.0,0.0,0.0,1.0,0.0,0.0,0.0,0.0,0.0,0.0,250000.0,0.019999999552965164,31.999046325683594,0.0,0.0,0.0,87.0,17600.0,0.0,88.0,0.0,1088.0,4.0,54.0,1.0,1.0,0.0,0.0,0.0,2.0,0.0,1.0,0.0,440.0,440.0,1.0
0.441,2720.0,653.0,707.0,2013.0,2067.0,2039.0,2041.0,679.0,681.0,0.0,0.0,0.0,1.0,0.0,0.0,0.0,0.0,0.0,0.0,250000.0,0.019999999552965164,31.999046325683594,0.0,0.0,0.0,88.0,17640.0,0.0,88.0,0.0,1088.0,4.0,54.0,1.0,1.0,0.0,0.0,0.0,2.0,0.0,1.0,0.0,441.0,441.0,1.0
0.442,2720.0,653.0,707.0,2013.0,2067.0,2039.0,2041.0,679.0,681.0,0.0,0.0,0.0,1.0,0.0,0.0,0.0,0.0,0.0,0.0,250000.0,0.019999999552965164,31.999046325683594,0.0,0.0,0.0,88.0,17680.0,0.0,88.0,0.0,1088.0,4.0,54.0,1.0,1.0,0.0,0.0,0.0,2.0,0.0,1.0,0.0,442.0,442.0,1.0
0.443,2720.0,653.0,707.0,2013.0,2067.0,2039.0,2041.0,679.0,681.0,0.0,0.0,0.0,1.0,0.0,0.0,0.0,0.0,0.0,0.0,250000.0,0.019999999552965164,31.999046325683594,0.0,0.0,0.0,88.0,17720.0,0.0,88.0,0.0,1088.0,4.0,54.0,1.0,1.0,0.0,0.0,0.0,2.0,0.0,1.0,0.0,443.0,443.0,1.0
0.444,2720.0,653.0,707.0,2013.0,2067.0,2039.0,2041.0,679.0,681.0,0.0,0.0,0.0,1.0,0.0,0.0,0.0,0.0,0.0,0.0,250000.0,0.019999999552965164,31.999046325683594,0.0,0.0,0.0,88.0,17760.0,0.0,88.0,0.0,1088.0,4.0,54.0,1.0,1.0,0.0,0.0,0.0,2.0,0.0,1.0,0.0,444.0,444.0,1.0
0.445,2720.0,653.0,707.0,2013.0,2067.0,2039.0,2041.0,679.0,681.0,0.0,0.0,0.0,1.0,0.0,0.0,0.0,0.0,0.0,0.0,250000.0,0.019999999552965164,31.999046325683594,0.0,0.0,0.0,88.0,17800.0,0.0,89.0,0.0,1088.0,4.0,54.0,1.0,1.0,0.0,0.0,0.0,2.0,0.0,1.0,0.0,445.0,445.0,1.0
0.446,2720.0,653.0,707.0,2013.0,2067.0,2039.0,2041.0,679.0,681.0,0.0,0.0,0.0,1.0,0.0,0.0,0.0,0.0,0.0,0.0,250000.0,0.019999999552965164,31.999046325683594,0.0,0.0,0.0,89.0,17840.0,0.0,89.0,0.0,1088.0,4.0,54.0,1.0,1.0,0.0,0.0,0.0,2.0,0.0,1.0,0.0,446.0,446.0,1.0
0.447,2720.0,653.0,707.0,2013.0,2067.0,2039.0,2041.0,679.0,681.0,0.0,0.0,0.0,1.0,0.0,0.0,0.0,0.0,0.0,0.0,250000.0,0.019999999552965164,31.999046325683594,0.0,0.0,0.0,89.0,17880.0,0.0,89.0,0.0,1088.0,4.0,54.0,1.0,1.0,0.0,0.0,0.0,2.0,0.0,1.0,0.0,447.0,447.0,1.0
0.448,2720.0,653.0,707.0,2013.0,2067.0,2039.0,2041.0,679.0,681.0,0.0,0.0,0.0,1.0,0.0,0.0,0.0,0.0,0.0,0.0,250000.0,0.019999999552965164,31.999046325683594,0.0,0.0,0.0,89.0,17920.0,0.0,89.0,0.0,1088.0,4.0,54.0,1.0,1.0,0.0,0.0,0.0,2.0,0.0,1.0,0.0,448.0,448.0,1.0
0.449,2720.0,653.0,707.0,2013.0,2067.0,2039.0,2041.0,679.0,681.0,0.0,0.0,0.0,1.0,0.0,0.0,0.0,0.0,0.0,0.0,250000.0,0.019999999552965164,31.999046325683594,0.0,0.0,0.0,89.0,17960.0,0.0,89.0,0.0,1088.0,4.0,54.0,1.0,1.0,0.0,0.0,0.0,2.0,0.0,1.0,0.0,449.0,449.0,1.0
0.45,2720.0,653.0,707.0,2013.0,2067.0,2039.0,2041.0,679.0,681.0,0.0,0.0,0.0,1.0,0.0,0.0,0.0,0.0,0.0,0.0,250000.0,0.019999999552965164,31.999046325683594,0.0,0.0,0.0,89.0,18000.0,0.0,90.0,0.0,1088.0,4.0,54.0,1.0,1.0,0.0,0.0,0.0,2.0,0.0,1.0,0.0,450.0,450.0,1.0
0.451,2720.0,653.0,707.0,2013.0,2067.0,2039.0,2041.0,679.0,681.0,0.0,0.0,0.0,1.0,0.0,0.0,0.0,0.0,0.0,0.0,250000.0,0.019999999552965164,31.999046325683594,0.0,0.0,0.0,90.0,18040.0,0.0,90.0,0.0,1088.0,4.0,54.0,1.0,1.0,0.0,0.0,0.0,2.0,0.0,1.0,0.0,451.0,451.0,1.0
0.452,2720.0,653.0,707.0,2013.0,2067.0,2039.0,2041.0,679.0,681.0,0.0,0.0,0.0,1.0,0.0,0.0,0.0,0.0,0.0,0.0,250000.0,0.019999999552965164,31.999046325683594,0.0,0.0,0.0,90.0,18080.0,0.0,90.0,0.0,1088.0,4.0,54.0,1.0,1.0,0.0,0.0,0.0,2.0,0.0,1.0,0.0,452.0,452.0,1.0
0.453,2720.0,653.0,707.0,2013.0,2067.0,2039.0,2041.0,679.0,681.0,0.0,0.0,0.0,1.0,0.0,0.0,0.0,0.0,0.0,0.0,250000.0,0.019999999552965164,31.999046325683594,0.0,0.0,0.0,90.0,18120.0,0.0,90.0,0.0,1088.0,4.0,54.0,1.0,1.0,0.0,0.0,0.0,2.0,0.0,1.0,0.0,453.0,453.0,1.0
0.454,2720.0,653.0,707.0,2013.0,2067.0,2039.0,2041.0,679.0,681.0,0.0,0.0,0.0,1.0,0.0,0.0,0.0,0.0,0.0,0.0,250000.0,0.019999999552965164,31.999046325683594,0.0,0.0,0.0,90.0,18160.0,0.0,90.0,0.0,1088.0,4.0,54.0,1.0,1.0,0.0,0.0,0.0,2.0,0.0,1.0,0.0,454.0,454.0,1.0
0.455,2720.0,653.0,707.0,2013.0,2067.0,2039.0,2041.0,679.0,681.0,0.0,0.0,0.0,1.0,0.0,0.0,0.0,0.0,0.0,0.0,250000.0,0.019999999552965164,31.999046325683594,0.0,0.0,0.0,90.0,18200.0,0.0,91.0,0.0,1088.0,4.0,54.0,1.0,1.0,0.0,0.0,0.0,2.0,0.0,1.0,0.0,455.0,455.0,1.0
0.456,2720.0,653.0,707.0,2013.0,2067.0,2039.0,2041.0,679.0,681.0,0.0,0.0,0.0,1.0,0.0,0.0,0.0,0.0,0.0,0.0,250000.0,0.019999999552965164,31.999046325683594,0.0,0.0,0.0,91.0,18240.0,0.0,91.0,0.0,1088.0,4.0,54.0,1.0,1.0,0.0,0.0,0.0,2.0,0.0,1.0,0.0,456.0,456.0,1.0
0.457,2720.0,653.0,707.0,2013.0,2067.0,2039.0,2041.0,679.0,681.0,0.0,0.0,0.0,1.0,0.0,0.0,0.0,0.0,0.0,0.0,250000.0,0.019999999552965164,31.999046325683594,0.0,0.0,0.0,91.0,18280.0,0.0,91.0,0.0,1088.0,4.0,54.0,1.0,1.0,0.0,0.0,0.0,2.0,0.0,1.0,0.0,457.0,457.0,1.0
0.458,2720.0,653.0,707.0,2013.0,2067.0,2039.0,2041.0,679.0,681.0,0.0,0.0,0.0,1.0,0.0,0.0,0.0,0.0,0.0,0.0,250000.0,0.019999999552965164,31.999046325683594,0.0,0.0,0.0,91.0,18320.0,0.0,91.0,0.0,1088.0,4.0,54.0,1.0,1.0,0.0,0.0,0.0,2.0,0.0,1.0,0.0,458.0,458.0,1.0
0.459,2720.0,653.0,707.0,2013.0,2067.0,2039.0,2041.0,679.0,681.0,0.0,0.0,0.0,1.0,0.0,0.0,0.0,0.0,0.0,0.0,250000.0,0.019999999552965164,31.999046325683594,0.0,0.0,0.0,91.0,18360.0,0.0,91.0,0.0,1088.0,4.0,54.0,1.0,1.0,0.0,0.0,0.0,2.0,0.0,1.0,0.0,459.0,459.0,1.0
0.46,2720.0,653.0,707.0,2013.0,2067.0,2039.0,2041.0,679.0,681.0,0.0,0.0,0.0,1.0,0.0,0.0,0.0,0.0,0.0,0.0,250000.0,0.019999999552965164,31.999046325683594,0.0,0.0,0.0,91.0,18400.0,0.0,92.0,0.0,1088.0,4.0,54.0,1.0,1.0,0.0,0.0,0.0,2.0,0.0,1.0,0.0,460.0,460.0,1.0
0.461,2720.0,653.0,707.0,2013.0,2067.0,2039.0,2041.0,679.0,681.0,0.0,0.0,0.0,1.0,0.0,0.0,0.0,0.0,0.0,0.0,250000.0,0.019999999552965164,31.999046325683594,0.0,0.0,0.0,92.0,18440.0,0.0,92.0,0.0,1088.0,4.0,54.0,1.0,1.0,0.0,0.0,0.0,2.0,0.0,1.0,0.0,461.0,461.0,1.0
0.462,2720.0,653.0,707.0,2013.0,2067.0,2039.0,2041.0,679.0,681.0,0.0,0.0,0.0,1.0,0.0,0.0,0.0,0.0,0.0,0.0,250000.0,0.019999999552965164,31.999046325683594,0.0,0.0,0.0,92.0,18480.0,0.0,92.0,0.0,1088.0,4.0,54.0,1.0,1.0,0.0,0.0,0.0,2.0,0.0,1.0,0.0,462.0,462.0,1.0
0.463,2720.0,653.0,707.0,2013.0,2067.0,2039.0,2041.0,679.0,681.0,0.0,0.0,0.0,1.0,0.0,0.0,0.0,0.0,0.0,0.0,250000.0,0.019999999552965164,31.999046325683594,0.0,0.0,0.0,92.0,18520.0,0.0,92.0,0.0,1088.0,4.0,54.0,1.0,1.0,0.0,0.0,0.0,2.0,0.0,1.0,0.0,463.0,463.0,1.0
0.464,2720.0,653.0,707.0,2013.0,2067.0,2039.0,2041.0,679.0,681.0,0.0,0.0,0.0,1.0,0.0,0.0,0.0,0.0,0.0,0.0,250000.0,0.019999999552965164,31.999046325683594,0.0,0.0,0.0,92.0,18560.0,0.0,92.0,0.0,1088.0,4.0,54.0,1.0,1.0,0.0,0.0,0.0,2.0,0.0,1.0,0.0,464.0,464.0,1.0
0.465,2720.0,653.0,707.0,2013.0,2067.0,2039.0,2041.0,679.0,681.0,0.0,0.0,0.0,1.0,0.0,0.0,0.0,0.0,0.0,0.0,250000.0,0.019999999552965164,31.999046325683594,0.0,0.0,0.0,92.0,18600.0,0.0,93.0,0.0,1088.0,4.0,54.0,1.0,1.0,0.0,0.0,0.0,2.0,0.0,1.0,0.0,465.0,465.0,1.0
0.466,2720.0,653.0,707.0,2013.0,2067.0,2039.0,2041.0,679.0,681.0,0.0,0.0,0.0,1.0,0.0,0.0,0.0,0.0,0.0,0.0,250000.0,0.019999999552965164,31.999046325683594,0.0,0.0,0.0,93.0,18640.0,0.0,93.0,0.0,1088.0,4.0,54.0,1.0,1.0,0.0,0.0,0.0,2.0,0.0,1.0,0.0,466.0,466.0,1.0
0.467,2720.0,653.0,707.0,2013.0,2067.0,2039.0,2041.0,679.0,681.0,0.0,0.0,0.0,1.0,0.0,0.0,0.0,0.0,0.0,0.0,250000.0,0.019999999552965164,31.999046325683594,0.0,0.0,0.0,93.0,18680.0,0.0,93.0,0.0,1088.0,4.0,54.0,1.0,1.0,0.0,0.0,0.0,2.0,0.0,1.0,0.0,467.0,467.0,1.0
0.468,2720.0,653.0,707.0,2013.0,2067.0,2039.0,2041.0,679.0,681.0,0.0,0.0,0.0,1.0,0.0,0.0,0.0,0.0,0.0,0.0,250000.0,0.019999999552965164,31.999046325683594,0.0,0.0,0.0,93.0,18720.0,0.0,93.0,0.0,1088.0,4.0,54.0,1.0,1.0,0.0,0.0,0.0,2.0,0.0,1.0,0.0,468.0,468.0,1.0
0.46900000000000003,2720.0,653.0,707.0,2013.0,2067.0,2039.0,2041.0,679.0,681.0,0.0,0.0,0.0,1.0,0.0,0.0,0.0,0.0,0.0,0.0,250000.0,0.019999999552965164,31.999046325683594,0.0,0.0,0.0,93.0,18760.0,0.0,93.0,0.0,1088.0,4.0,54.0,1.0,1.0,0.0,0.0,0.0,2.0,0.0,1.0,0.0,469.0,469.0,1.0
0.47000000000000003,2720.0,653.0,707.0,2013.0,2067.0,2039.0,2041.0,679.0,681.0,0.0,0.0,0.0,1.0,0.0,0.0,0.0,0.0,0.0,0.0,250000.0,0.019999999552965164,31.999046325683594,0.0,0.0,0.0,93.0,18800.0,0.0,94.0,0.0,1088.0,4.0,54.0,1.0,1.0,0.0,0.0,0.0,2.0,0.0,1.0,0.0,470.0,470.0,1.0
0.47100000000000003,2720.0,653.0,707.0,2013.0,2067.0,2039.0,2041.0,679.0,681.0,0.0,0.0,0.0,1.0,0.0,0.0,0.0,0.0,0.0,0.0,250000.0,0.019999999552965164,31.999046325683594,0.0,0.0,0.0,94.0,18840.0,0.0,94.0,0.0,1088.0,4.0,54.0,1.0,1.0,0.0,0.0,0.0,2.0,0.0,1.0,0.0,471.0,471.0,1.0
0.47200000000000003,2720.0,653.0,707.0,2013.0,2067.0,2039.0,2041.0,679.0,681.0,0.0,0.0,0.0,1.0,0.0,0.0,0.0,0.0,0.0,0.0,250000.0,0.019999999552965164,31.999046325683594,0.0,0.0,0.0,94.0,18880.0,0.0,94.0,0.0,1088.0,4.0,54.0,1.0,1.0,0.0,0.0,0.0,2.0,0.0,1.0,0.0,472.0,472.0,1.0
0.47300000000000003,2720.0,653.0,707.0,2013.0,2067.0,2039.0,2041.0,679.0,681.0,0.0,0.0,0.0,1.0,0.0,0.0,0.0,0.0,0.0,0.0,250000.0,0.019999999552965164,31.999046325683594,0.0,0.0,0.0,94.0,18920.0,0.0,94.0,0.0,1088.0,4.0,54.0,1.0,1.0,0.0,0.0,0.0,2.0,0.0,1.0,0.0,473.0,473.0,1.0
0.47400000000000003,2720.0,653.0,707.0,2013.0,2067.0,2039.0,2041.0,679.0,681.0,0.0,0.0,0.0,1.0,0.0,0.0,0.0,0.0,0.0,0.0,250000.0,0.019999999552965164,31.999046325683594,0.0,0.0,0.0,94.0,18960.0,0.0,94.0,0.0,1088.0,4.0,54.0,1.0,1.0,0.0,0.0,0.0,2.0,0.0,1.0,0.0,474.0,474.0,1.0
0.47500000000000003,2720.0,653.0,707.0,2013.0,2067.0,2039.0,2041.0,679.0,681.0,0.0,0.0,0.0,1.0,0.0,0.0,0.0,0.0,0.0,0.0,250000.0,0.019999999552965164,31.999046325683594,0.0,0.0,0.0,94.0,19000.0,0.0,95.0,0.0,1088.0,4.0,54.0,1.0,1.0,0.0,0.0,0.0,2.0,0.0,1.0,0.0,475.0,475.0,1.0
0.47600000000000003,2720.0,653.0,707.0,2013.0,2067.0,2039.0,2041.0,679.0,681.0,0.0,0.0,0.0,1.0,0.0,0.0,0.0,0.0,0.0,0.0,250000.0,0.019999999552965164,31.999046325683594,0.0,0.0,0.0,95.0,19040.0,0.0,95.0,0.0,1088.0,4.0,54.0,1.0,1.0,0.0,0.0,0.0,2.0,0.0,1.0,0.0,476.0,476.0,1.0
0.47700000000000004,2720.0,653.0,707.0,2013.0,2067.0,2039.0,2041.0,679.0,681.0,0.0,0.0,0.0,1.0,0.0,0.0,0.0,0.0,0.0,0.0,250000.0,0.019999999552965164,31.999046325683594,0.0,0.0,0.0,95.0,19080.0,0.0,95.0,0.0,1088.0,4.0,54.0,1.0,1.0,0.0,0.0,0.0,2.0,0.0,1.0,0.0,477.0,477.0,1.0
0.47800000000000004,2720.0,653.0,707.0,2013.0,2067.0,2039.0,2041.0,679.0,681.0,0.0,0.0,0.0,1.0,0.0,0.0,0.0,0.0,0.0,0.0,250000.0,0.019999999552965164,31.999046325683594,0.0,0.0,0.0,95.0,19120.0,0.0,95.0,0.0,1088.0,4.0,54.0,1.0,1.0,0.0,0.0,0.0,2.0,0.0,1.0,0.0,478.0,478.0,1.0
0.47900000000000004,2720.0,653.0,707.0,2013.0,2067.0,2039.0,2041.0,679.0,681.0,0.0,0.0,0.0,1.0,0.0,0.0,0.0,0.0,0.0,0.0,250000.0,0.019999999552965164,31.999046325683594,0.0,0.0,0.0,95.0,19160.0,0.0,95.0,0.0,1088.0,4.0,54.0,1.0,1.0,0.0,0.0,0.0,2.0,0.0,1.0,0.0,479.0,479.0,1.0
0.48000000000000004,2720.0,653.0,707.0,2013.0,2067.0,2039.0,2041.0,679.0,681.0,0.0,0.0,0.0,1.0,0.0,0.0,0.0,0.0,0.0,0.0,250000.0,0.019999999552965164,31.999046325683594,0.0,0.0,0.0,95.0,19200.0,0.0,96.0,0.0,1088.0,4.0,54.0,1.0,1.0,0.0,0.0,0.0,2.0,0.0,1.0,0.0,480.0,480.0,1.0
0.48100000000000004,2720.0,653.0,707.0,2013.0,2067.0,2039.0,2041.0,679.0,681.0,0.0,0.0,0.0,1.0,0.0,0.0,0.0,0.0,0.0,0.0,250000.0,0.019999999552965164,31.999046325683594,0.0,0.0,0.0,96.0,19240.0,0.0,96.0,0.0,1088.0,4.0,54.0,1.0,1.0,0.0,0.0,0.0,2.0,0.0,1.0,0.0,481.0,481.0,1.0
0.48200000000000004,2720.0,653.0,707.0,2013.0,2067.0,2039.0,2041.0,679.0,681.0,0.0,0.0,0.0,1.0,0.0,0.0,0.0,0.0,0.0,0.0,250000.0,0.019999999552965164,31.999046325683594,0.0,0.0,0.0,96.0,19280.0,0.0,96.0,0.0,1088.0,4.0,54.0,1.0,1.0,0.0,0.0,0.0,2.0,0.0,1.0,0.0,482.0,482.0,1.0
0.48300000000000004,2720.0,653.0,707.0,2013.0,2067.0,2039.0,2041.0,679.0,681.0,0.0,0.0,0.0,1.0,0.0,0.0,0.0,0.0,0.0,0.0,250000.0,0.019999999552965164,31.999046325683594,0.0,0.0,0.0,96.0,19320.0,0.0,96.0,0.0,1088.0,4.0,54.0,1.0,1.0,0.0,0.0,0.0,2.0,0.0,1.0,0.0,483.0,483.0,1.0
0.48400000000000004,2720.0,653.0,707.0,2013.0,2067.0,2039.0,2041.0,679.0,681.0,0.0,0.0,0.0,1.0,0.0,0.0,0.0,0.0,0.0,0.0,250000.0,0.019999999552965164,31.999046325683594,0.0,0.0,0.0,96.0,19360.0,0.0,96.0,0.0,1088.0,4.0,54.0,1.0,1.0,0.0,0.0,0.0,2.0,0.0,1.0,0.0,484.0,484.0,1.0
0.48500000000000004,2720.0,653.0,707.0,2013.0,2067.0,2039.0,2041.0,679.0,681.0,0.0,0.0,0.0,1.0,0.0,0.0,0.0,0.0,0.0,0.0,250000.0,0.019999999552965164,31.999046325683594,0.0,0.0,0.0,96.0,19400.0,0.0,97.0,0.0,1088.0,4.0,54.0,1.0,1.0,0.0,0.0,0.0,2.0,0.0,1.0,0.0,485.0,485.0,1.0
0.48600000000000004,2720.0,653.0,707.0,2013.0,2067.0,2039.0,2041.0,679.0,681.0,0.0,0.0,0.0,1.0,0.0,0.0,0.0,0.0,0.0,0.0,250000.0,0.019999999552965164,31.999046325683594,0.0,0.0,0.0,97.0,19440.0,0.0,97.0,0.0,1088.0,4.0,54.0,1.0,1.0,0.0,0.0,0.0,2.0,0.0,1.0,0.0,486.0,486.0,1.0
0.48700000000000004,2720.0,653.0,707.0,2013.0,2067.0,2039.0,2041.0,679.0,681.0,0.0,0.0,0.0,1.0,0.0,0.0,0.0,0.0,0.0,0.0,250000.0,0.019999999552965164,31.999046325683594,0.0,0.0,0.0,97.0,19480.0,0.0,97.0,0.0,1088.0,4.0,54.0,1.0,1.0,0.0,0.0,0.0,2.0,0.0,1.0,0.0,487.0,487.0,1.0
0.48800000000000004,2720.0,653.0,707.0,2013.0,2067.0,2039.0,2041.0,679.0,681.0,0.0,0.0,0.0,1.0,0.0,0.0,0.0,0.0,0.0,0.0,250000.0,0.019999999552965164,31.999046325683594,0.0,0.0,0.0,97.0,19520.0,0.0,97.0,0.0,1088.0,4.0,54.0,1.0,1.0,0.0,0.0,0.0,2.0,0.0,1.0,0.0,488.0,488.0,1.0
0.48900000000000005,2720.0,653.0,707.0,2013.0,2067.0,2039.0,2041.0,679.0,681.0,0.0,0.0,0.0,1.0,0.0,0.0,0.0,0.0,0.0,0.0,250000.0,0.019999999552965164,31.999046325683594,0.0,0.0,0.0,97.0,19560.0,0.0,97.0,0.0,1088.0,4.0,54.0,1.0,1.0,0.0,0.0,0.0,2.0,0.0,1.0,0.0,489.0,489.0,1.0
0.49000000000000005,2720.0,653.0,707.0,2013.0,2067.0,2039.0,2041.0,679.0,681.0,0.0,0.0,0.0,1.0,0.0,0.0,0.0,0.0,0.0,0.0,250000.0,0.019999999552965164,31.999046325683594,0.0,0.0,0.0,97.0,19600.0,0.0,98.0,0.0,1088.0,4.0,54.0,1.0,1.0,0.0,0.0,0.0,2.0,0.0,1.0,0.0,490.0,490.0,1.0
0.49100000000000005,2720.0,653.0,707.0,2013.0,2067.0,2039.0,2041.0,679.0,681.0,0.0,0.0,0.0,1.0,0.0,0.0,0.0,0.0,0.0,0.0,250000.0,0.019999999552965164,31.999046325683594,0.0,0.0,0.0,98.0,19640.0,0.0,98.0,0.0,1088.0,4.0,54.0,1.0,1.0,0.0,0.0,0.0,2.0,0.0,1.0,0.0,491.0,491.0,1.0
0.49200000000000005,2720.0,653.0,707.0,2013.0,2067.0,2039.0,2041.0,679.0,681.0,0.0,0.0,0.0,1.0,0.0,0.0,0.0,0.0,0.0,0.0,250000.0,0.019999999552965164,31.999046325683594,0.0,0.0,0.0,98.0,19680.0,0.0,98.0,0.0,1088.0,4.0,54.0,1.0,1.0,0.0,0.0,0.0,2.0,0.0,1.0,0.0,492.0,492.0,1.0
0.49300000000000005,2720.0,653.0,707.0,2013.0,2067.0,2039.0,2041.0,679.0,681.0,0.0,0.0,0.0,1.0,0.0,0.0,0.0,0.0,0.0,0.0,250000.0,0.019999999552965164,31.999046325683594,0.0,0.0,0.0,98.0,19720.0,0.0,98.0,0.0,1088.0,4.0,54.0,1.0,1.0,0.0,0.0,0.0,2.0,0.0,1.0,0.0,493.0,493.0,1.0
0.49400000000000005,2720.0,653.0,707.0,2013.0,2067.0,2039.0,2041.0,679.0,681.0,0.0,0.0,0.0,1.0,0.0,0.0,0.0,0.0,0.0,0.0,250000.0,0.019999999552965164,31.999046325683594,0.0,0.0,0.0,98.0,19760.0,0.0,98.0,0.0,1088.0,4.0,54.0,1.0,1.0,0.0,0.0,0.0,2.0,0.0,1.0,0.0,494.0,494.0,1.0
0.49500000000000005,2720.0,653.0,707.0,2013.0,2067.0,2039.0,2041.0,679.0,681.0,0.0,0.0,0.0,1.0,0.0,0.0,0.0,0.0,0.0,0.0,250000.0,0.019999999552965164,31.999046325683594,0.0,0.0,0.0,98.0,19800.0,0.0,99.0,0.0,1088.0,4.0,54.0,1.0,1.0,0.0,0.0,0.0,2.0,0.0,1.0,0.0,495.0,495.0,1.0
0.496,2720.0,653.0,707.0,2013.0,2067.0,2039.0,2041.0,679.0,681.0,0.0,0.0,0.0,1.0,0.0,0.0,0.0,0.0,0.0,0.0,250000.0,0.019999999552965164,31.999046325683594,0.0,0.0,0.0,99.0,19840.0,0.0,99.0,0.0,1088.0,4.0,54.0,1.0,1.0,0.0,0.0,0.0,2.0,0.0,1.0,0.0,496.0,496.0,1.0
0.497,2720.0,653.0,707.0,2013.0,2067.0,2039.0,2041.0,679.0,681.0,0.0,0.0,0.0,1.0,0.0,0.0,0.0,0.0,0.0,0.0,250000.0,0.019999999552965164,31.999046325683594,0.0,0.0,0.0,99.0,19880.0,0.0,99.0,0.0,1088.0,4.0,54.0,1.0,1.0,0.0,0.0,0.0,2.0,0.0,1.0,0.0,497.0,497.0,1.0
0.498,2720.0,653.0,707.0,2013.0,2067.0,2039.0,2041.0,679.0,681.0,0.0,0.0,0.0,1.0,0.0,0.0,0.0,0.0,0.0,0.0,250000.0,0.019999999552965164,31.999046325683594,0.0,0.0,0.0,99.0,19920.0,0.0,99.0,0.0,1088.0,4.0,54.0,1.0,1.0,0.0,0.0,0.0,2.0,0.0,1.0,0.0,498.0,498.0,1.0
0.499,2720.0,653.0,707.0,2013.0,2067.0,2039.0,2041.0,679.0,681.0,0.0,0.0,0.0,1.0,0.0,0.0,0.0,0.0,0.0,0.0,250000.0,0.019999999552965164,31.999046325683594,0.0,0.0,0.0,99.0,19960.0,0.0,99.0,0.0,1088.0,4.0,54.0,1.0,1.0,0.0,0.0,0.0,2.0,0.0,1.0,0.0,499.0,499.0,1.0
0.5,2720.0,653.0,707.0,2013.0,2067.0,2039.0,2041.0,679.0,681.0,0.0,0.0,0.0,1.0,0.0,0.0,0.0,0.0,0.0,0.0,250000.0,0.019999999552965164,31.999046325683594,0.0,0.0,0.0,99.0,20000.0,0.0,100.0,0.0,1088.0,4.0,54.0,1.0,1.0,0.0,0.0,0.0,2.0,0.0,1.0,0.0,500.0,500.0,1.0
0.501,2720.0,653.0,707.0,2013.0,2067.0,2039.0,2041.0,679.0,681.0,0.0,0.0,0.0,1.0,0.0,0.0,0.0,0.0,0.0,0.0,250000.0,0.019999999552965164,31.999046325683594,0.0,0.0,0.0,100.0,20040.0,0.0,100.0,0.0,1088.0,4.0,54.0,1.0,1.0,0.0,0.0,0.0,2.0,0.0,1.0,0.0,501.0,501.0,1.0
0.502,2720.0,653.0,707.0,2013.0,2067.0,2039.0,2041.0,679.0,681.0,0.0,0.0,0.0,1.0,0.0,0.0,0.0,0.0,0.0,0.0,250000.0,0.019999999552965164,31.999046325683594,0.0,0.0,0.0,100.0,20080.0,0.0,100.0,0.0,1088.0,4.0,54.0,1.0,1.0,0.0,0.0,0.0,2.0,0.0,1.0,0.0,502.0,502.0,1.0
0.503,2720.0,653.0,707.0,2013.0,2067.0,2039.0,2041.0,679.0,681.0,0.0,0.0,0.0,1.0,0.0,0.0,0.0,0.0,0.0,0.0,250000.0,0.019999999552965164,31.999046325683594,0.0,0.0,0.0,100.0,20120.0,0.0,100.0,0.0,1088.0,4.0,54.0,1.0,1.0,0.0,0.0,0.0,2.0,0.0,1.0,0.0,503.0,503.0,1.0
0.504,2720.0,653.0,707.0,2013.0,2067.0,2039.0,2041.0,679.0,681.0,0.0,0.0,0.0,1.0,0.0,0.0,0.0,0.0,0.0,0.0,250000.0,0.019999999552965164,31.999046325683594,0.0,0.0,0.0,100.0,20160.0,0.0,100.0,0.0,1088.0,4.0,54.0,1.0,1.0,0.0,0.0,0.0,2.0,0.0,1.0,0.0,504.0,504.0,1.0
0.505,2720.0,653.0,707.0,2013.0,2067.0,2039.0,2041.0,679.0,681.0,0.0,0.0,0.0,1.0,0.0,0.0,0.0,0.0,0.0,0.0,250000.0,0.019999999552965164,31.999046325683594,0.0,0.0,0.0,100.0,20200.0,0.0,101.0,0.0,1088.0,4.0,54.0,1.0,1.0,0.0,0.0,0.0,2.0,0.0,1.0,0.0,505.0,505.0,1.0
0.506,2720.0,653.0,707.0,2013.0,2067.0,2039.0,2041.0,679.0,681.0,0.0,0.0,0.0,1.0,0.0,0.0,0.0,0.0,0.0,0.0,250000.0,0.019999999552965164,31.999046325683594,0.0,0.0,0.0,101.0,20240.0,0.0,101.0,0.0,1088.0,4.0,54.0,1.0,1.0,0.0,0.0,0.0,2.0,0.0,1.0,0.0,506.0,506.0,1.0
0.507,2720.0,653.0,707.0,2013.0,2067.0,2039.0,2041.0,679.0,681.0,0.0,0.0,0.0,1.0,0.0,0.0,0.0,0.0,0.0,0.0,250000.0,0.019999999552965164,31.999046325683594,0.0,0.0,0.0,101.0,20280.0,0.0,101.0,0.0,1088.0,4.0,54.0,1.0,1.0,0.0,0.0,0.0,2.0,0.0,1.0,0.0,507.0,507.0,1.0
0.508,2720.0,653.0,707.0,2013.0,2067.0,2039.0,2041.0,679.0,681.0,0.0,0.0,0.0,1.0,0.0,0.0,0.0,0.0,0.0,0.0,250000.0,0.019999999552965164,31.999046325683594,0.0,0.0,0.0,101.0,20320.0,0.0,101.0,0.0,1088.0,4.0,54.0,1.0,1.0,0.0,0.0,0.0,2.0,0.0,1.0,0.0,508.0,508.0,1.0
0.509,2720.0,653.0,707.0,2013.0,2067.0,2039.0,2041.0,679.0,681.0,0.0,0.0,0.0,1.0,0.0,0.0,0.0,0.0,0.0,0.0,250000.0,0.019999999552965164,31.999046325683594,0.0,0.0,0.0,101.0,20360.0,0.0,101.0,0.0,1088.0,4.0,54.0,1.0,1.0,0.0,0.0,0.0,2.0,0.0,1.0,0.0,509.0,509.0,1.0
0.51,2720.0,653.0,707.0,2013.0,2067.0,2039.0,2041.0,679.0,681.0,0.0,0.0,0.0,1.0,0.0,0.0,0.0,0.0,0.0,0.0,250000.0,0.019999999552965164,31.999046325683594,0.0,0.0,0.0,101.0,20400.0,0.0,102.0,0.0,1088.0,4.0,54.0,1.0,1.0,0.0,0.0,0.0,2.0,0.0,1.0,0.0,510.0,510.0,1.0
0.511,2720.0,653.0,707.0,2013.0,2067.0,2039.0,2041.0,679.0,681.0,0.0,0.0,0.0,1.0,0.0,0.0,0.0,0.0,0.0,0.0,250000.0,0.019999999552965164,31.999046325683594,0.0,0.0,0.0,102.0,20440.0,0.0,102.0,0.0,1088.0,4.0,54.0,1.0,1.0,0.0,0.0,0.0,2.0,0.0,1.0,0.0,511.0,511.0,1.0
0.512,2720.0,653.0,707.0,2013.0,2067.0,2039.0,2041.0,679.0,681.0,0.0,0.0,0.0,1.0,0.0,0.0,0.0,0.0,0.0,0.0,250000.0,0.019999999552965164,31.999046325683594,0.0,0.0,0.0,102.0,20480.0,0.0,102.0,0.0,1088.0,4.0,54.0,1.0,1.0,0.0,0.0,0.0,2.0,0.0,1.0,0.0,512.0,512.0,1.0
0.513,2720.0,653.0,707.0,2013.0,2067.0,2039.0,2041.0,679.0,681.0,0.0,0.0,0.0,1.0,0.0,0.0,0.0,0.0,0.0,0.0,250000.0,0.019999999552965164,31.999046325683594,0.0,0.0,0.0,102.0,20520.0,0.0,102.0,0.0,1088.0,4.0,54.0,1.0,1.0,0.0,0.0,0.0,2.0,0.0,1.0,0.0,513.0,513.0,1.0
0.514,2720.0,653.0,707.0,2013.0,2067.0,2039.0,2041.0,679.0,681.0,0.0,0.0,0.0,1.0,0.0,0.0,0.0,0.0,0.0,0.0,250000.0,0.019999999552965164,31.999046325683594,0.0,0.0,0.0,102.0,20560.0,0.0,102.0,0.0,1088.0,4.0,54.0,1.0,1.0,0.0,0.0,0.0,2.0,0.0,1.0,0.0,514.0,514.0,1.0
0.515,2720.0,653.0,707.0,2013.0,2067.0,2039.0,2041.0,679.0,681.0,0.0,0.0,0.0,1.0,0.0,0.0,0.0,0.0,0.0,0.0,250000.0,0.019999999552965164,31.999046325683594,0.0,0.0,0.0,102.0,20600.0,0.0,103.0,0.0,1088.0,4.0,54.0,1.0,1.0,0.0,0.0,0.0,2.0,0.0,1.0,0.0,515.0,515.0,1.0
0.516,2720.0,653.0,707.0,2013.0,2067.0,2039.0,2041.0,679.0,681.0,0.0,0.0,0.0,1.0,0.0,0.0,0.0,0.0,0.0,0.0,250000.0,0.019999999552965164,31.999046325683594,0.0,0.0,0.0,103.0,20640.0,0.0,103.0,0.0,1088.0,4.0,54.0,1.0,1.0,0.0,0.0,0.0,2.0,0.0,1.0,0.0,516.0,516.0,1.0
0.517,2720.0,653.0,707.0,2013.0,2067.0,2039.0,2041.0,679.0,681.0,0.0,0.0,0.0,1.0,0.0,0.0,0.0,0.0,0.0,0.0,250000.0,0.019999999552965164,31.999046325683594,0.0,0.0,0.0,103.0,20680.0,0.0,103.0,0.0,1088.0,4.0,54.0,1.0,1.0,0.0,0.0,0.0,2.0,0.0,1.0,0.0,517.0,517.0,1.0
0.518,2720.0,653.0,707.0,2013.0,2067.0,2039.0,2041.0,679.0,681.0,0.0,0.0,0.0,1.0,0.0,0.0,0.0,0.0,0.0,0.0,250000.0,0.019999999552965164,31.999046325683594,0.0,0.0,0.0,103.0,20720.0,0.0,103.0,0.0,1088.0,4.0,54.0,1.0,1.0,0.0,0.0,0.0,2.0,0.0,1.0,0.0,518.0,518.0,1.0
0.519,2720.0,653.0,707.0,2013.0,2067.0,2039.0,2041.0,679.0,681.0,0.0,0.0,0.0,1.0,0.0,0.0,0.0,0.0,0.0,0.0,250000.0,0.019999999552965164,31.999046325683594,0.0,0.0,0.0,103.0,20760.0,0.0,103.0,0.0,1088.0,4.0,54.0,1.0,1.0,0.0,0.0,0.0,2.0,0.0,1.0,0.0,519.0,519.0,1.0
0.52,2720.0,653.0,707.0,2013.0,2067.0,2039.0,2041.0,679.0,681.0,0.0,0.0,0.0,1.0,0.0,0.0,0.0,0.0,0.0,0.0,250000.0,0.019999999552965164,31.999046325683594,0.0,0.0,0.0,103.0,20800.0,0.0,104.0,0.0,1088.0,4.0,54.0,1.0,1.0,0.0,0.0,0.0,2.0,0.0,1.0,0.0,520.0,520.0,1.0
0.521,2720.0,653.0,707.0,2013.0,2067.0,2039.0,2041.0,679.0,681.0,0.0,0.0,0.0,1.0,0.0,0.0,0.0,0.0,0.0,0.0,250000.0,0.019999999552965164,31.999046325683594,0.0,0.0,0.0,104.0,20840.0,0.0,104.0,0.0,1088.0,4.0,54.0,1.0,1.0,0.0,0.0,0.0,2.0,0.0,1.0,0.0,521.0,521.0,1.0
0.522,2720.0,653.0,707.0,2013.0,2067.0,2039.0,2041.0,679.0,681.0,0.0,0.0,0.0,1.0,0.0,0.0,0.0,0.0,0.0,0.0,250000.0,0.019999999552965164,31.999046325683594,0.0,0.0,0.0,104.0,20880.0,0.0,104.0,0.0,1088.0,4.0,54.0,1.0,1.0,0.0,0.0,0.0,2.0,0.0,1.0,0.0,522.0,522.0,1.0
0.523,2720.0,653.0,707.0,2013.0,2067.0,2039.0,2041.0,679.0,681.0,0.0,0.0,0.0,1.0,0.0,0.0,0.0,0.0,0.0,0.0,250000.0,0.019999999552965164,31.999046325683594,0.0,0.0,0.0,104.0,20920.0,0.0,104.0,0.0,1088.0,4.0,54.0,1.0,1.0,0.0,0.0,0.0,2.0,0.0,1.0,0.0,523.0,523.0,1.0
0.524,2720.0,653.0,707.0,2013.0,2067.0,2039.0,2041.0,679.0,681.0,0.0,0.0,0.0,1.0,0.0,0.0,0.0,0.0,0.0,0.0,250000.0,0.019999999552965164,31.999046325683594,0.0,0.0,0.0,104.0,20960.0,0.0,104.0,0.0,1088.0,4.0,54.0,1.0,1.0,0.0,0.0,0.0,2.0,0.0,1.0,0.0,524.0,524.0,1.0
0.525,2720.0,653.0,707.0,2013.0,2067.0,2039.0,2041.0,679.0,681.0,0.0,0.0,0.0,1.0,0.0,0.0,0.0,0.0,0.0,0.0,250000.0,0.019999999552965164,31.999046325683594,0.0,0.0,0.0,104.0,21000.0,0.0,105.0,0.0,1088.0,4.0,54.0,1.0,1.0,0.0,0.0,0.0,2.0,0.0,1.0,0.0,525.0,525.0,1.0
0.526,2720.0,653.0,707.0,2013.0,2067.0,2039.0,2041.0,679.0,681.0,0.0,0.0,0.0,1.0,0.0,0.0,0.0,0.0,0.0,0.0,250000.0,0.019999999552965164,31.999046325683594,0.0,0.0,0.0,105.0,21040.0,0.0,105.0,0.0,1088.0,4.0,54.0,1.0,1.0,0.0,0.0,0.0,2.0,0.0,1.0,0.0,526.0,526.0,1.0
0.527,2720.0,653.0,707.0,2013.0,2067.0,2039.0,2041.0,679.0,681.0,0.0,0.0,0.0,1.0,0.0,0.0,0.0,0.0,0.0,0.0,250000.0,0.019999999552965164,31.999046325683594,0.0,0.0,0.0,105.0,21080.0,0.0,105.0,0.0,1088.0,4.0,54.0,1.0,1.0,0.0,0.0,0.0,2.0,0.0,1.0,0.0,527.0,527.0,1.0
0.528,2720.0,653.0,707.0,2013.0,2067.0,2039.0,2041.0,679.0,681.0,0.0,0.0,0.0,1.0,0.0,0.0,0.0,0.0,0.0,0.0,250000.0,0.019999999552965164,31.999046325683594,0.0,0.0,0.0,105.0,21120.0,0.0,105.0,0.0,1088.0,4.0,54.0,1.0,1.0,0.0,0.0,0.0,2.0,0.0,1.0,0.0,528.0,528.0,1.0
0.529,2720.0,653.0,707.0,2013.0,2067.0,2039.0,2041.0,679.0,681.0,0.0,0.0,0.0,1.0,0.0,0.0,0.0,0.0,0.0,0.0,250000.0,0.019999999552965164,31.999046325683594,0.0,0.0,0.0,105.0,21160.0,0.0,105.0,0.0,1088.0,4.0,54.0,1.0,1.0,0.0,0.0,0.0,2.0,0.0,1.0,0.0,529.0,529.0,1.0
0.53,2720.0,653.0,707.0,2013.0,2067.0,2039.0,2041.0,679.0,681.0,0.0,0.0,0.0,1.0,0.0,0.0,0.0,0.0,0.0,0.0,250000.0,0.019999999552965164,31.999046325683594,0.0,0.0,0.0,105.0,21200.0,0.0,106.0,0.0,1088.0,4.0,54.0,1.0,1.0,0.0,0.0,0.0,2.0,0.0,1.0,0.0,530.0,530.0,1.0
0.531,2720.0,653.0,707.0,2013.0,2067.0,2039.0,2041.0,679.0,681.0,0.0,0.0,0.0,1.0,0.0,0.0,0.0,0.0,0.0,0.0,250000.0,0.019999999552965164,31.999046325683594,0.0,0.0,0.0,106.0,21240.0,0.0,106.0,0.0,1088.0,4.0,54.0,1.0,1.0,0.0,0.0,0.0,2.0,0.0,1.0,0.0,531.0,531.0,1.0
0.532,2720.0,653.0,707.0,2013.0,2067.0,2039.0,2041.0,679.0,681.0,0.0,0.0,0.0,1.0,0.0,0.0,0.0,0.0,0.0,0.0,250000.0,0.019999999552965164,31.999046325683594,0.0,0.0,0.0,106.0,21280.0,0.0,106.0,0.0,1088.0,4.0,54.0,1.0,1.0,0.0,0.0,0.0,2.0,0.0,1.0,0.0,532.0,532.0,1.0
0.533,2720.0,653.0,707.0,2013.0,2067.0,2039.0,2041.0,679.0,681.0,0.0,0.0,0.0,1.0,0.0,0.0,0.0,0.0,0.0,0.0,250000.0,0.019999999552965164,31.999046325683594,0.0,0.0,0.0,106.0,21320.0,0.0,106.0,0.0,1088.0,4.0,54.0,1.0,1.0,0.0,0.0,0.0,2.0,0.0,1.0,0.0,533.0,533.0,1.0
0.534,2720.0,653.0,707.0,2013.0,2067.0,2039.0,2041.0,679.0,681.0,0.0,0.0,0.0,1.0,0.0,0.0,0.0,0.0,0.0,0.0,250000.0,0.019999999552965164,31.999046325683594,0.0,0.0,0.0,106.0,21360.0,0.0,106.0,0.0,1088.0,4.0,54.0,1.0,1.0,0.0,0.0,0.0,2.0,0.0,1.0,0.0,534.0,534.0,1.0
0.535,2720.0,653.0,707.0,2013.0,2067.0,2039.0,2041.0,679.0,681.0,0.0,0.0,0.0,1.0,0.0,0.0,0.0,0.0,0.0,0.0,250000.0,0.019999999552965164,31.999046325683594,0.0,0.0,0.0,106.0,21400.0,0.0,107.0,0.0,1088.0,4.0,54.0,1.0,1.0,0.0,0.0,0.0,2.0,0.0,1.0,0.0,535.0,535.0,1.0
0.536,2720.0,653.0,707.0,2013.0,2067.0,2039.0,2041.0,679.0,681.0,0.0,0.0,0.0,1.0,0.0,0.0,0.0,0.0,0.0,0.0,250000.0,0.019999999552965164,31.999046325683594,0.0,0.0,0.0,107.0,21440.0,0.0,107.0,0.0,1088.0,4.0,54.0,1.0,1.0,0.0,0.0,0.0,2.0,0.0,1.0,0.0,536.0,536.0,1.0
0.537,2720.0,653.0,707.0,2013.0,2067.0,2039.0,2041.0,679.0,681.0,0.0,0.0,0.0,1.0,0.0,0.0,0.0,0.0,0.0,0.0,250000.0,0.019999999552965164,31.999046325683594,0.0,0.0,0.0,107.0,21480.0,0.0,107.0,0.0,1088.0,4.0,54.0,1.0,1.0,0.0,0.0,0.0,2.0,0.0,1.0,0.0,537.0,537.0,1.0
0.538,2720.0,653.0,707.0,2013.0,2067.0,2039.0,2041.0,679.0,681.0,0.0,0.0,0.0,1.0,0.0,0.0,0.0,0.0,0.0,0.0,250000.0,0.019999999552965164,31.999046325683594,0.0,0.0,0.0,107.0,21520.0,0.0,107.0,0.0,1088.0,4.0,54.0,1.0,1.0,0.0,0.0,0.0,2.0,0.0,1.0,0.0,538.0,538.0,1.0
0.539,2720.0,653.0,707.0,2013.0,2067.0,2039.0,2041.0,679.0,681.0,0.0,0.0,0.0,1.0,0.0,0.0,0.0,0.0,0.0,0.0,250000.0,0.019999999552965164,31.999046325683594,0.0,0.0,0.0,107.0,21560.0,0.0,107.0,0.0,1088.0,4.0,54.0,1.0,1.0,0.0,0.0,0.0,2.0,0.0,1.0,0.0,539.0,539.0,1.0
0.54,2720.0,653.0,707.0,2013.0,2067.0,2039.0,2041.0,679.0,681.0,0.0,0.0,0.0,1.0,0.0,0.0,0.0,0.0,0.0,0.0,250000.0,0.019999999552965164,31.999046325683594,0.0,0.0,0.0,107.0,21600.0,0.0,108.0,0.0,1088.0,4.0,54.0,1.0,1.0,0.0,0.0,0.0,2.0,0.0,1.0,0.0,540.0,540.0,1.0
0.541,2720.0,653.0,707.0,2013.0,2067.0,2039.0,2041.0,679.0,681.0,0.0,0.0,0.0,1.0,0.0,0.0,0.0,0.0,0.0,0.0,250000.0,0.019999999552965164,31.999046325683594,0.0,0.0,0.0,108.0,21640.0,0.0,108.0,0.0,1088.0,4.0,54.0,1.0,1.0,0.0,0.0,0.0,2.0,0.0,1.0,0.0,541.0,541.0,1.0
0.542,2720.0,653.0,707.0,2013.0,2067.0,2039.0,2041.0,679.0,681.0,0.0,0.0,0.0,1.0,0.0,0.0,0.0,0.0,0.0,0.0,250000.0,0.019999999552965164,31.999046325683594,0.0,0.0,0.0,108.0,21680.0,0.0,108.0,0.0,1088.0,4.0,54.0,1.0,1.0,0.0,0.0,0.0,2.0,0.0,1.0,0.0,542.0,542.0,1.0
0.543,2720.0,653.0,707.0,2013.0,2067.0,2039.0,2041.0,679.0,681.0,0.0,0.0,0.0,1.0,0.0,0.0,0.0,0.0,0.0,0.0,250000.0,0.019999999552965164,31.999046325683594,0.0,0.0,0.0,108.0,21720.0,0.0,108.0,0.0,1088.0,4.0,54.0,1.0,1.0,0.0,0.0,0.0,2.0,0.0,1.0,0.0,543.0,543.0,1.0
0.544,2720.0,653.0,707.0,2013.0,2067.0,2039.0,2041.0,679.0,681.0,0.0,0.0,0.0,1.0,0.0,0.0,0.0,0.0,0.0,0.0,250000.0,0.019999999552965164,31.999046325683594,0.0,0.0,0.0,108.0,21760.0,0.0,108.0,0.0,1088.0,4.0,54.0,1.0,1.0,0.0,0.0,0.0,2.0,0.0,1.0,0.0,544.0,544.0,1.0
0.545,2720.0,653.0,707.0,2013.0,2067.0,2039.0,2041.0,679.0,681.0,0.0,0.0,0.0,1.0,0.0,0.0,0.0,0.0,0.0,0.0,250000.0,0.019999999552965164,31.999046325683594,0.0,0.0,0.0,108.0,21800.0,0.0,109.0,0.0,1088.0,4.0,54.0,1.0,1.0,0.0,0.0,0.0,2.0,0.0,1.0,0.0,545.0,545.0,1.0
0.546,2720.0,653.0,707.0,2013.0,2067.0,2039.0,2041.0,679.0,681.0,0.0,0.0,0.0,1.0,0.0,0.0,0.0,0.0,0.0,0.0,250000.0,0.019999999552965164,31.999046325683594,0.0,0.0,0.0,109.0,21840.0,0.0,109.0,0.0,1088.0,4.0,54.0,1.0,1.0,0.0,0.0,0.0,2.0,0.0,1.0,0.0,546.0,546.0,1.0
0.547,2720.0,653.0,707.0,2013.0,2067.0,2039.0,2041.0,679.0,681.0,0.0,0.0,0.0,1.0,0.0,0.0,0.0,0.0,0.0,0.0,250000.0,0.019999999552965164,31.999046325683594,0.0,0.0,0.0,109.0,21880.0,0.0,109.0,0.0,1088.0,4.0,54.0,1.0,1.0,0.0,0.0,0.0,2.0,0.0,1.0,0.0,547.0,547.0,1.0
0.548,2720.0,653.0,707.0,2013.0,2067.0,2039.0,2041.0,679.0,681.0,0.0,0.0,0.0,1.0,0.0,0.0,0.0,0.0,0.0,0.0,250000.0,0.019999999552965164,31.999046325683594,0.0,0.0,0.0,109.0,21920.0,0.0,109.0,0.0,1088.0,4.0,54.0,1.0,1.0,0.0,0.0,0.0,2.0,0.0,1.0,0.0,548.0,548.0,1.0
0.549,2720.0,653.0,707.0,2013.0,2067.0,2039.0,2041.0,679.0,681.0,0.0,0.0,0.0,1.0,0.0,0.0,0.0,0.0,0.0,0.0,250000.0,0.019999999552965164,31.999046325683594,0.0,0.0,0.0,109.0,21960.0,0.0,109.0,0.0,1088.0,4.0,54.0,1.0,1.0,0.0,0.0,0.0,2.0,0.0,1.0,0.0,549.0,549.0,1.0
0.55,2720.0,653.0,707.0,2013.0,2067.0,2039.0,2041.0,679.0,681.0,0.0,0.0,0.0,1.0,0.0,0.0,0.0,0.0,0.0,0.0,250000.0,0.019999999552965164,31.999046325683594,0.0,0.0,0.0,109.0,22000.0,0.0,110.0,0.0,1088.0,4.0,54.0,1.0,1.0,0.0,0.0,0.0,2.0,0.0,1.0,0.0,550.0,550.0,1.0
0.551,2720.0,653.0,707.0,2013.0,2067.0,2039.0,2041.0,679.0,681.0,0.0,0.0,0.0,1.0,0.0,0.0,0.0,0.0,0.0,0.0,250000.0,0.019999999552965164,31.999046325683594,0.0,0.0,0.0,110.0,22040.0,0.0,110.0,0.0,1088.0,4.0,54.0,1.0,1.0,0.0,0.0,0.0,2.0,0.0,1.0,0.0,551.0,551.0,1.0
0.552,2720.0,653.0,707.0,2013.0,2067.0,2039.0,2041.0,679.0,681.0,0.0,0.0,0.0,1.0,0.0,0.0,0.0,0.0,0.0,0.0,250000.0,0.019999999552965164,31.999046325683594,0.0,0.0,0.0,110.0,22080.0,0.0,110.0,0.0,1088.0,4.0,54.0,1.0,1.0,0.0,0.0,0.0,2.0,0.0,1.0,0.0,552.0,552.0,1.0
0.553,2720.0,653.0,707.0,2013.0,2067.0,2039.0,2041.0,679.0,681.0,0.0,0.0,0.0,1.0,0.0,0.0,0.0,0.0,0.0,0.0,250000.0,0.019999999552965164,31.999046325683594,0.0,0.0,0.0,110.0,22120.0,0.0,110.0,0.0,1088.0,4.0,54.0,1.0,1.0,0.0,0.0,0.0,2.0,0.0,1.0,0.0,553.0,553.0,1.0
0.554,2720.0,653.0,707.0,2013.0,2067.0,2039.0,2041.0,679.0,681.0,0.0,0.0,0.0,1.0,0.0,0.0,0.0,0.0,0.0,0.0,250000.0,0.019999999552965164,31.999046325683594,0.0,0.0,0.0,110.0,22160.0,0.0,110.0,0.0,1088.0,4.0,54.0,1.0,1.0,0.0,0.0,0.0,2.0,0.0,1.0,0.0,554.0,554.0,1.0
0.555,2720.0,653.0,707.0,2013.0,2067.0,2039.0,2041.0,679.0,681.0,0.0,0.0,0.0,1.0,0.0,0.0,0.0,0.0,0.0,0.0,250000.0,0.019999999552965164,31.999046325683594,0.0,0.0,0.0,110.0,22200.0,0.0,111.0,0.0,1088.0,4.0,54.0,1.0,1.0,0.0,0.0,0.0,2.0,0.0,1.0,0.0,555.0,555.0,1.0
0.556,2720.0,653.0,707.0,2013.0,2067.0,2039.0,2041.0,679.0,681.0,0.0,0.0,0.0,1.0,0.0,0.0,0.0,0.0,0.0,0.0,250000.0,0.019999999552965164,31.999046325683594,0.0,0.0,0.0,111.0,22240.0,0.0,111.0,0.0,1088.0,4.0,54.0,1.0,1.0,0.0,0.0,0.0,2.0,0.0,1.0,0.0,556.0,556.0,1.0
0.557,2720.0,653.0,707.0,2013.0,2067.0,2039.0,2041.0,679.0,681.0,0.0,0.0,0.0,1.0,0.0,0.0,0.0,0.0,0.0,0.0,250000.0,0.019999999552965164,31.999046325683594,0.0,0.0,0.0,111.0,22280.0,0.0,111.0,0.0,1088.0,4.0,54.0,1.0,1.0,0.0,0.0,0.0,2.0,0.0,1.0,0.0,557.0,557.0,1.0
0.558,2720.0,653.0,707.0,2013.0,2067.0,2039.0,2041.0,679.0,681.0,0.0,0.0,0.0,1.0,0.0,0.0,0.0,0.0,0.0,0.0,250000.0,0.019999999552965164,31.999046325683594,0.0,0.0,0.0,111.0,22320.0,0.0,111.0,0.0,1088.0,4.0,54.0,1.0,1.0,0.0,0.0,0.0,2.0,0.0,1.0,0.0,558.0,558.0,1.0
0.559,2720.0,653.0,707.0,2013.0,2067.0,2039.0,2041.0,679.0,681.0,0.0,0.0,0.0,1.0,0.0,0.0,0.0,0.0,0.0,0.0,250000.0,0.019999999552965164,31.999046325683594,0.0,0.0,0.0,111.0,22360.0,0.0,111.0,0.0,1088.0,4.0,54.0,1.0,1.0,0.0,0.0,0.0,2.0,0.0,1.0,0.0,559.0,559.0,1.0
0.56,2720.0,653.0,707.0,2013.0,2067.0,2039.0,2041.0,679.0,681.0,0.0,0.0,0.0,1.0,0.0,0.0,0.0,0.0,0.0,0.0,250000.0,0.019999999552965164,31.999046325683594,0.0,0.0,0.0,111.0,22400.0,0.0,112.0,0.0,1088.0,4.0,54.0,1.0,1.0,0.0,0.0,0.0,2.0,0.0,1.0,0.0,560.0,560.0,1.0
0.561,2720.0,653.0,707.0,2013.0,2067.0,2039.0,2041.0,679.0,681.0,0.0,0.0,0.0,1.0,0.0,0.0,0.0,0.0,0.0,0.0,250000.0,0.019999999552965164,31.999046325683594,0.0,0.0,0.0,112.0,22440.0,0.0,112.0,0.0,1088.0,4.0,54.0,1.0,1.0,0.0,0.0,0.0,2.0,0.0,1.0,0.0,561.0,561.0,1.0
0.562,2720.0,653.0,707.0,2013.0,2067.0,2039.0,2041.0,679.0,681.0,0.0,0.0,0.0,1.0,0.0,0.0,0.0,0.0,0.0,0.0,250000.0,0.019999999552965164,31.999046325683594,0.0,0.0,0.0,112.0,22480.0,0.0,112.0,0.0,1088.0,4.0,54.0,1.0,1.0,0.0,0.0,0.0,2.0,0.0,1.0,0.0,562.0,562.0,1.0
0.5630000000000001,2720.0,653.0,707.0,2013.0,2067.0,2039.0,2041.0,679.0,681.0,0.0,0.0,0.0,1.0,0.0,0.0,0.0,0.0,0.0,0.0,250000.0,0.019999999552965164,31.999046325683594,0.0,0.0,0.0,112.0,22520.0,0.0,112.0,0.0,1088.0,4.0,54.0,1.0,1.0,0.0,0.0,0.0,2.0,0.0,1.0,0.0,563.0,563.0,1.0
0.5640000000000001,2720.0,653.0,707.0,2013.0,2067.0,2039.0,2041.0,679.0,681.0,0.0,0.0,0.0,1.0,0.0,0.0,0.0,0.0,0.0,0.0,250000.0,0.019999999552965164,31.999046325683594,0.0,0.0,0.0,112.0,22560.0,0.0,112.0,0.0,1088.0,4.0,54.0,1.0,1.0,0.0,0.0,0.0,2.0,0.0,1.0,0.0,564.0,564.0,1.0
0.5650000000000001,2720.0,653.0,707.0,2013.0,2067.0,2039.0,2041.0,679.0,681.0,0.0,0.0,0.0,1.0,0.0,0.0,0.0,0.0,0.0,0.0,250000.0,0.019999999552965164,31.999046325683594,0.0,0.0,0.0,112.0,22600.0,0.0,113.0,0.0,1088.0,4.0,54.0,1.0,1.0,0.0,0.0,0.0,2.0,0.0,1.0,0.0,565.0,565.0,1.0
0.5660000000000001,2720.0,653.0,707.0,2013.0,2067.0,2039.0,2041.0,679.0,681.0,0.0,0.0,0.0,1.0,0.0,0.0,0.0,0.0,0.0,0.0,250000.0,0.019999999552965164,31.999046325683594,0.0,0.0,0.0,113.0,22640.0,0.0,113.0,0.0,1088.0,4.0,54.0,1.0,1.0,0.0,0.0,0.0,2.0,0.0,1.0,0.0,566.0,566.0,1.0
0.5670000000000001,2720.0,653.0,707.0,2013.0,2067.0,2039.0,2041.0,679.0,681.0,0.0,0.0,0.0,1.0,0.0,0.0,0.0,0.0,0.0,0.0,250000.0,0.019999999552965164,31.999046325683594,0.0,0.0,0.0,113.0,22680.0,0.0,113.0,0.0,1088.0,4.0,54.0,1.0,1.0,0.0,0.0,0.0,2.0,0.0,1.0,0.0,567.0,567.0,1.0
0.5680000000000001,2720.0,653.0,707.0,2013.0,2067.0,2039.0,2041.0,679.0,681.0,0.0,0.0,0.0,1.0,0.0,0.0,0.0,0.0,0.0,0.0,250000.0,0.019999999552965164,31.999046325683594,0.0,0.0,0.0,113.0,22720.0,0.0,113.0,0.0,1088.0,4.0,54.0,1.0,1.0,0.0,0.0,0.0,2.0,0.0,1.0,0.0,568.0,568.0,1.0
0.5690000000000001,2720.0,653.0,707.0,2013.0,2067.0,2039.0,2041.0,679.0,681.0,0.0,0.0,0.0,1.0,0.0,0.0,0.0,0.0,0.0,0.0,250000.0,0.019999999552965164,31.999046325683594,0.0,0.0,0.0,113.0,22760.0,0.0,113.0,0.0,1088.0,4.0,54.0,1.0,1.0,0.0,0.0,0.0,2.0,0.0,1.0,0.0,569.0,569.0,1.0
0.5700000000000001,2720.0,653.0,707.0,2013.0,2067.0,2039.0,2041.0,679.0,681.0,0.0,0.0,0.0,1.0,0.0,0.0,0.0,0.0,0.0,0.0,250000.0,0.019999999552965164,31.999046325683594,0.0,0.0,0.0,113.0,22800.0,0.0,114.0,0.0,1088.0,4.0,54.0,1.0,1.0,0.0,0.0,0.0,2.0,0.0,1.0,0.0,570.0,570.0,1.0
0.5710000000000001,2720.0,653.0,707.0,2013.0,2067.0,2039.0,2041.0,679.0,681.0,0.0,0.0,0.0,1.0,0.0,0.0,0.0,0.0,0.0,0.0,250000.0,0.019999999552965164,31.999046325683594,0.0,0.0,0.0,114.0,22840.0,0.0,114.0,0.0,1088.0,4.0,54.0,1.0,1.0,0.0,0.0,0.0,2.0,0.0,1.0,0.0,571.0,571.0,1.0
0.5720000000000001,2720.0,653.0,707.0,2013.0,2067.0,2039.0,2041.0,679.0,681.0,0.0,0.0,0.0,1.0,0.0,0.0,0.0,0.0,0.0,0.0,250000.0,0.019999999552965164,31.999046325683594,0.0,0.0,0.0,114.0,22880.0,0.0,114.0,0.0,1088.0,4.0,54.0,1.0,1.0,0.0,0.0,0.0,2.0,0.0,1.0,0.0,572.0,572.0,1.0
0.5730000000000001,2720.0,653.0,707.0,2013.0,2067.0,2039.0,2041.0,679.0,681.0,0.0,0.0,0.0,1.0,0.0,0.0,0.0,0.0,0.0,0.0,250000.0,0.019999999552965164,31.999046325683594,0.0,0.0,0.0,114.0,22920.0,0.0,114.0,0.0,1088.0,4.0,54.0,1.0,1.0,0.0,0.0,0.0,2.0,0.0,1.0,0.0,573.0,573.0,1.0
0.5740000000000001,2720.0,653.0,707.0,2013.0,2067.0,2039.0,2041.0,679.0,681.0,0.0,0.0,0.0,1.0,0.0,0.0,0.0,0.0,0.0,0.0,250000.0,0.019999999552965164,31.999046325683594,0.0,0.0,0.0,114.0,22960.0,0.0,114.0,0.0,1088.0,4.0,54.0,1.0,1.0,0.0,0.0,0.0,2.0,0.0,1.0,0.0,574.0,574.0,1.0
0.5750000000000001,2720.0,653.0,707.0,2013.0,2067.0,2039.0,2041.0,679.0,681.0,0.0,0.0,0.0,1.0,0.0,0.0,0.0,0.0,0.0,0.0,250000.0,0.019999999552965164,31.999046325683594,0.0,0.0,0.0,114.0,23000.0,0.0,115.0,0.0,1088.0,4.0,54.0,1.0,1.0,0.0,0.0,0.0,2.0,0.0,1.0,0.0,575.0,575.0,1.0
0.5760000000000001,2720.0,653.0,707.0,2013.0,2067.0,2039.0,2041.0,679.0,681.0,0.0,0.0,0.0,1.0,0.0,0.0,0.0,0.0,0.0,0.0,250000.0,0.019999999552965164,31.999046325683594,0.0,0.0,0.0,115.0,23040.0,0.0,115.0,0.0,1088.0,4.0,54.0,1.0,1.0,0.0,0.0,0.0,2.0,0.0,1.0,0.0,576.0,576.0,1.0
0.5770000000000001,2720.0,653.0,707.0,2013.0,2067.0,2039.0,2041.0,679.0,681.0,0.0,0.0,0.0,1.0,0.0,0.0,0.0,0.0,0.0,0.0,250000.0,0.019999999552965164,31.999046325683594,0.0,0.0,0.0,115.0,23080.0,0.0,115.0,0.0,1088.0,4.0,54.0,1.0,1.0,0.0,0.0,0.0,2.0,0.0,1.0,0.0,577.0,577.0,1.0
0.5780000000000001,2720.0,653.0,707.0,2013.0,2067.0,2039.0,2041.0,679.0,681.0,0.0,0.0,0.0,1.0,0.0,0.0,0.0,0.0,0.0,0.0,250000.0,0.019999999552965164,31.999046325683594,0.0,0.0,0.0,115.0,23120.0,0.0,115.0,0.0,1088.0,4.0,54.0,1.0,1.0,0.0,0.0,0.0,2.0,0.0,1.0,0.0,578.0,578.0,1.0
0.5790000000000001,2720.0,653.0,707.0,2013.0,2067.0,2039.0,2041.0,679.0,681.0,0.0,0.0,0.0,1.0,0.0,0.0,0.0,0.0,0.0,0.0,250000.0,0.019999999552965164,31.999046325683594,0.0,0.0,0.0,115.0,23160.0,0.0,115.0,0.0,1088.0,4.0,54.0,1.0,1.0,0.0,0.0,0.0,2.0,0.0,1.0,0.0,579.0,579.0,1.0
0.5800000000000001,2720.0,653.0,707.0,2013.0,2067.0,2039.0,2041.0,679.0,681.0,0.0,0.0,0.0,1.0,0.0,0.0,0.0,0.0,0.0,0.0,250000.0,0.019999999552965164,31.999046325683594,0.0,0.0,0.0,115.0,23200.0,0.0,116.0,0.0,1088.0,4.0,54.0,1.0,1.0,0.0,0.0,0.0,2.0,0.0,1.0,0.0,580.0,580.0,1.0
0.5810000000000001,2720.0,653.0,707.0,2013.0,2067.0,2039.0,2041.0,679.0,681.0,0.0,0.0,0.0,1.0,0.0,0.0,0.0,0.0,0.0,0.0,250000.0,0.019999999552965164,31.999046325683594,0.0,0.0,0.0,116.0,23240.0,0.0,116.0,0.0,1088.0,4.0,54.0,1.0,1.0,0.0,0.0,0.0,2.0,0.0,1.0,0.0,581.0,581.0,1.0
0.5820000000000001,2720.0,653.0,707.0,2013.0,2067.0,2039.0,2041.0,679.0,681.0,0.0,0.0,0.0,1.0,0.0,0.0,0.0,0.0,0.0,0.0,250000.0,0.019999999552965164,31.999046325683594,0.0,0.0,0.0,116.0,23280.0,0.0,116.0,0.0,1088.0,4.0,54.0,1.0,1.0,0.0,0.0,0.0,2.0,0.0,1.0,0.0,582.0,582.0,1.0
0.5830000000000001,2720.0,653.0,707.0,2013.0,2067.0,2039.0,2041.0,679.0,681.0,0.0,0.0,0.0,1.0,0.0,0.0,0.0,0.0,0.0,0.0,250000.0,0.019999999552965164,31.999046325683594,0.0,0.0,0.0,116.0,23320.0,0.0,116.0,0.0,1088.0,4.0,54.0,1.0,1.0,0.0,0.0,0.0,2.0,0.0,1.0,0.0,583.0,583.0,1.0
0.5840000000000001,2720.0,653.0,707.0,2013.0,2067.0,2039.0,2041.0,679.0,681.0,0.0,0.0,0.0,1.0,0.0,0.0,0.0,0.0,0.0,0.0,250000.0,0.019999999552965164,31.999046325683594,0.0,0.0,0.0,116.0,23360.0,0.0,116.0,0.0,1088.0,4.0,54.0,1.0,1.0,0.0,0.0,0.0,2.0,0.0,1.0,0.0,584.0,584.0,1.0
0.5850000000000001,2720.0,653.0,707.0,2013.0,2067.0,2039.0,2041.0,679.0,681.0,0.0,0.0,0.0,1.0,0.0,0.0,0.0,0.0,0.0,0.0,250000.0,0.019999999552965164,31.999046325683594,0.0,0.0,0.0,116.0,23400.0,0.0,117.0,0.0,1088.0,4.0,54.0,1.0,1.0,0.0,0.0,0.0,2.0,0.0,1.0,0.0,585.0,585.0,1.0
0.5860000000000001,2720.0,653.0,707.0,2013.0,2067.0,2039.0,2041.0,679.0,681.0,0.0,0.0,0.0,1.0,0.0,0.0,0.0,0.0,0.0,0.0,250000.0,0.019999999552965164,31.999046325683594,0.0,0.0,0.0,117.0,23440.0,0.0,117.0,0.0,1088.0,4.0,54.0,1.0,1.0,0.0,0.0,0.0,2.0,0.0,1.0,0.0,586.0,586.0,1.0
0.5870000000000001,2720.0,653.0,707.0,2013.0,2067.0,2039.0,2041.0,679.0,681.0,0.0,0.0,0.0,1.0,0.0,0.0,0.0,0.0,0.0,0.0,250000.0,0.019999999552965164,31.999046325683594,0.0,0.0,0.0,117.0,23480.0,0.0,117.0,0.0,1088.0,4.0,54.0,1.0,1.0,0.0,0.0,0.0,2.0,0.0,1.0,0.0,587.0,587.0,1.0
0.5880000000000001,2720.0,653.0,707.0,2013.0,2067.0,2039.0,2041.0,679.0,681.0,0.0,0.0,0.0,1.0,0.0,0.0,0.0,0.0,0.0,0.0,250000.0,0.019999999552965164,31.999046325683594,0.0,0.0,0.0,117.0,23520.0,0.0,117.0,0.0,1088.0,4.0,54.0,1.0,1.0,0.0,0.0,0.0,2.0,0.0,1.0,0.0,588.0,588.0,1.0
0.5890000000000001,2720.0,653.0,707.0,2013.0,2067.0,2039.0,2041.0,679.0,681.0,0.0,0.0,0.0,1.0,0.0,0.0,0.0,0.0,0.0,0.0,250000.0,0.019999999552965164,31.999046325683594,0.0,0.0,0.0,117.0,23560.0,0.0,117.0,0.0,1088.0,4.0,54.0,1.0,1.0,0.0,0.0,0.0,2.0,0.0,1.0,0.0,589.0,589.0,1.0
0.5900000000000001,2720.0,653.0,707.0,2013.0,2067.0,2039.0,2041.0,679.0,681.0,0.0,0.0,0.0,1.0,0.0,0.0,0.0,0.0,0.0,0.0,250000.0,0.019999999552965164,31.999046325683594,0.0,0.0,0.0,117.0,23600.0,0.0,118.0,0.0,1088.0,4.0,54.0,1.0,1.0,0.0,0.0,0.0,2.0,0.0,1.0,0.0,590.0,590.0,1.0
0.5910000000000001,2720.0,653.0,707.0,2013.0,2067.0,2039.0,2041.0,679.0,681.0,0.0,0.0,0.0,1.0,0.0,0.0,0.0,0.0,0.0,0.0,250000.0,0.019999999552965164,31.999046325683594,0.0,0.0,0.0,118.0,23640.0,0.0,118.0,0.0,1088.0,4.0,54.0,1.0,1.0,0.0,0.0,0.0,2.0,0.0,1.0,0.0,591.0,591.0,1.0
0.5920000000000001,2720.0,653.0,707.0,2013.0,2067.0,2039.0,2041.0,679.0,681.0,0.0,0.0,0.0,1.0,0.0,0.0,0.0,0.0,0.0,0.0,250000.0,0.019999999552965164,31.999046325683594,0.0,0.0,0.0,118.0,23680.0,0.0,118.0,0.0,1088.0,4.0,54.0,1.0,1.0,0.0,0.0,0.0,2.0,0.0,1.0,0.0,592.0,592.0,1.0
0.5930000000000001,2720.0,653.0,707.0,2013.0,2067.0,2039.0,2041.0,679.0,681.0,0.0,0.0,0.0,1.0,0.0,0.0,0.0,0.0,0.0,0.0,250000.0,0.019999999552965164,31.999046325683594,0.0,0.0,0.0,118.0,23720.0,0.0,118.0,0.0,1088.0,4.0,54.0,1.0,1.0,0.0,0.0,0.0,2.0,0.0,1.0,0.0,593.0,593.0,1.0
0.5940000000000001,2720.0,653.0,707.0,2013.0,2067.0,2039.0,2041.0,679.0,681.0,0.0,0.0,0.0,1.0,0.0,0.0,0.0,0.0,0.0,0.0,250000.0,0.019999999552965164,31.999046325683594,0.0,0.0,0.0,118.0,23760.0,0.0,118.0,0.0,1088.0,4.0,54.0,1.0,1.0,0.0,0.0,0.0,2.0,0.0,1.0,0.0,594.0,594.0,1.0
0.595,2720.0,653.0,707.0,2013.0,2067.0,2039.0,2041.0,679.0,681.0,0.0,0.0,0.0,1.0,0.0,0.0,0.0,0.0,0.0,0.0,250000.0,0.019999999552965164,31.999046325683594,0.0,0.0,0.0,118.0,23800.0,0.0,119.0,0.0,1088.0,4.0,54.0,1.0,1.0,0.0,0.0,0.0,2.0,0.0,1.0,0.0,595.0,595.0,1.0
0.596,2720.0,653.0,707.0,2013.0,2067.0,2039.0,2041.0,679.0,681.0,0.0,0.0,0.0,1.0,0.0,0.0,0.0,0.0,0.0,0.0,250000.0,0.019999999552965164,31.999046325683594,0.0,0.0,0.0,119.0,23840.0,0.0,119.0,0.0,1088.0,4.0,54.0,1.0,1.0,0.0,0.0,0.0,2.0,0.0,1.0,0.0,596.0,596.0,1.0
0.597,2720.0,653.0,707.0,2013.0,2067.0,2039.0,2041.0,679.0,681.0,0.0,0.0,0.0,1.0,0.0,0.0,0.0,0.0,0.0,0.0,250000.0,0.019999999552965164,31.999046325683594,0.0,0.0,0.0,119.0,23880.0,0.0,119.0,0.0,1088.0,4.0,54.0,1.0,1.0,0.0,0.0,0.0,2.0,0.0,1.0,0.0,597.0,597.0,1.0
0.598,2720.0,653.0,707.0,2013.0,2067.0,2039.0,2041.0,679.0,681.0,0.0,0.0,0.0,1.0,0.0,0.0,0.0,0.0,0.0,0.0,250000.0,0.019999999552965164,31.999046325683594,0.0,0.0,0.0,119.0,23920.0,0.0,119.0,0.0,1088.0,4.0,54.0,1.0,1.0,0.0,0.0,0.0,2.0,0.0,1.0,0.0,598.0,598.0,1.0
0.599,2720.0,653.0,707.0,2013.0,2067.0,2039.0,2041.0,679.0,681.0,0.0,0.0,0.0,1.0,0.0,0.0,0.0,0.0,0.0,0.0,250000.0,0.019999999552965164,31.999046325683594,0.0,0.0,0.0,119.0,23960.0,0.0,119.0,0.0,1088.0,4.0,54.0,1.0,1.0,0.0,0.0,0.0,2.0,0.0,1.0,0.0,599.0,599.0,1.0
0.6,2720.0,653.0,707.0,2013.0,2067.0,2039.0,2041.0,679.0,681.0,0.0,0.0,0.0,1.0,0.0,0.0,0.0,0.0,0.0,0.0,250000.0,0.019999999552965164,31.999046325683594,0.0,0.0,0.0,119.0,24000.0,0.0,120.0,0.0,1088.0,4.0,54.0,1.0,1.0,0.0,0.0,0.0,2.0,0.0,1.0,0.0,600.0,600.0,1.0
0.601,2720.0,653.0,707.0,2013.0,2067.0,2039.0,2041.0,679.0,681.0,0.0,0.0,0.0,1.0,0.0,0.0,0.0,0.0,0.0,0.0,250000.0,0.019999999552965164,31.999046325683594,0.0,0.0,0.0,120.0,24040.0,0.0,120.0,0.0,1088.0,4.0,54.0,1.0,1.0,0.0,0.0,0.0,2.0,0.0,1.0,0.0,601.0,601.0,1.0
0.602,2720.0,653.0,707.0,2013.0,2067.0,2039.0,2041.0,679.0,681.0,0.0,0.0,0.0,1.0,0.0,0.0,0.0,0.0,0.0,0.0,250000.0,0.019999999552965164,31.999046325683594,0.0,0.0,0.0,120.0,24080.0,0.0,120.0,0.0,1088.0,4.0,54.0,1.0,1.0,0.0,0.0,0.0,2.0,0.0,1.0,0.0,602.0,602.0,1.0
0.603,2720.0,653.0,707.0,2013.0,2067.0,2039.0,2041.0,679.0,681.0,0.0,0.0,0.0,1.0,0.0,0.0,0.0,0.0,0.0,0.0,250000.0,0.019999999552965164,31.999046325683594,0.0,0.0,0.0,120.0,24120.0,0.0,120.0,0.0,1088.0,4.0,54.0,1.0,1.0,0.0,0.0,0.0,2.0,0.0,1.0,0.0,603.0,603.0,1.0
0.604,2720.0,653.0,707.0,2013.0,2067.0,2039.0,2041.0,679.0,681.0,0.0,0.0,0.0,1.0,0.0,0.0,0.0,0.0,0.0,0.0,250000.0,0.019999999552965164,31.999046325683594,0.0,0.0,0.0,120.0,24160.0,0.0,120.0,0.0,1088.0,4.0,54.0,1.0,1.0,0.0,0.0,0.0,2.0,0.0,1.0,0.0,604.0,604.0,1.0
0.605,2720.0,653.0,707.0,2013.0,2067.0,2039.0,2041.0,679.0,681.0,0.0,0.0,0.0,1.0,0.0,0.0,0.0,0.0,0.0,0.0,250000.0,0.019999999552965164,31.999046325683594,0.0,0.0,0.0,120.0,24200.0,0.0,121.0,0.0,1088.0,4.0,54.0,1.0,1.0,0.0,0.0,0.0,2.0,0.0,1.0,0.0,605.0,605.0,1.0
0.606,2720.0,653.0,707.0,2013.0,2067.0,2039.0,2041.0,679.0,681.0,0.0,0.0,0.0,1.0,0.0,0.0,0.0,0.0,0.0,0.0,250000.0,0.019999999552965164,31.999046325683594,0.0,0.0,0.0,121.0,24240.0,0.0,121.0,0.0,1088.0,4.0,54.0,1.0,1.0,0.0,0.0,0.0,2.0,0.0,1.0,0.0,606.0,606.0,1.0
0.607,2720.0,653.0,707.0,2013.0,2067.0,2039.0,2041.0,679.0,681.0,0.0,0.0,0.0,1.0,0.0,0.0,0.0,0.0,0.0,0.0,250000.0,0.019999999552965164,31.999046325683594,0.0,0.0,0.0,121.0,24280.0,0.0,121.0,0.0,1088.0,4.0,54.0,1.0,1.0,0.0,0.0,0.0,2.0,0.0,1.0,0.0,607.0,607.0,1.0
0.608,2720.0,653.0,707.0,2013.0,2067.0,2039.0,2041.0,679.0,681.0,0.0,0.0,0.0,1.0,0.0,0.0,0.0,0.0,0.0,0.0,250000.0,0.019999999552965164,31.999046325683594,0.0,0.0,0.0,121.0,24320.0,0.0,121.0,0.0,1088.0,4.0,54.0,1.0,1.0,0.0,0.0,0.0,2.0,0.0,1.0,0.0,608.0,608.0,1.0
0.609,2720.0,653.0,707.0,2013.0,2067.0,2039.0,2041.0,679.0,681.0,0.0,0.0,0.0,1.0,0.0,0.0,0.0,0.0,0.0,0.0,250000.0,0.019999999552965164,31.999046325683594,0.0,0.0,0.0,121.0,24360.0,0.0,121.0,0.0,1088.0,4.0,54.0,1.0,1.0,0.0,0.0,0.0,2.0,0.0,1.0,0.0,609.0,609.0,1.0
0.61,2720.0,653.0,707.0,2013.0,2067.0,2039.0,2041.0,679.0,681.0,0.0,0.0,0.0,1.0,0.0,0.0,0.0,0.0,0.0,0.0,250000.0,0.019999999552965164,31.999046325683594,0.0,0.0,0.0,121.0,24400.0,0.0,122.0,0.0,1088.0,4.0,54.0,1.0,1.0,0.0,0.0,0.0,2.0,0.0,1.0,0.0,610.0,610.0,1.0
0.611,2720.0,653.0,707.0,2013.0,2067.0,2039.0,2041.0,679.0,681.0,0.0,0.0,0.0,1.0,0.0,0.0,0.0,0.0,0.0,0.0,250000.0,0.019999999552965164,31.999046325683594,0.0,0.0,0.0,122.0,24440.0,0.0,122.0,0.0,1088.0,4.0,54.0,1.0,1.0,0.0,0.0,0.0,2.0,0.0,1.0,0.0,611.0,611.0,1.0
0.612,2720.0,653.0,707.0,2013.0,2067.0,2039.0,2041.0,679.0,681.0,0.0,0.0,0.0,1.0,0.0,0.0,0.0,0.0,0.0,0.0,250000.0,0.019999999552965164,31.999046325683594,0.0,0.0,0.0,122.0,24480.0,0.0,122.0,0.0,1088.0,4.0,54.0,1.0,1.0,0.0,0.0,0.0,2.0,0.0,1.0,0.0,612.0,612.0,1.0
0.613,2720.0,653.0,707.0,2013.0,2067.0,2039.0,2041.0,679.0,681.0,0.0,0.0,0.0,1.0,0.0,0.0,0.0,0.0,0.0,0.0,250000.0,0.019999999552965164,31.999046325683594,0.0,0.0,0.0,122.0,24520.0,0.0,122.0,0.0,1088.0,4.0,54.0,1.0,1.0,0.0,0.0,0.0,2.0,0.0,1.0,0.0,613.0,613.0,1.0
0.614,2720.0,653.0,707.0,2013.0,2067.0,2039.0,2041.0,679.0,681.0,0.0,0.0,0.0,1.0,0.0,0.0,0.0,0.0,0.0,0.0,250000.0,0.019999999552965164,31.999046325683594,0.0,0.0,0.0,122.0,24560.0,0.0,122.0,0.0,1088.0,4.0,54.0,1.0,1.0,0.0,0.0,0.0,2.0,0.0,1.0,0.0,614.0,614.0,1.0
0.615,2720.0,653.0,707.0,2013.0,2067.0,2039.0,2041.0,679.0,681.0,0.0,0.0,0.0,1.0,0.0,0.0,0.0,0.0,0.0,0.0,250000.0,0.019999999552965164,31.999046325683594,0.0,0.0,0.0,122.0,24600.0,0.0,123.0,0.0,1088.0,4.0,54.0,1.0,1.0,0.0,0.0,0.0,2.0,0.0,1.0,0.0,615.0,615.0,1.0
0.616,2720.0,653.0,707.0,2013.0,2067.0,2039.0,2041.0,679.0,681.0,0.0,0.0,0.0,1.0,0.0,0.0,0.0,0.0,0.0,0.0,250000.0,0.019999999552965164,31.999046325683594,0.0,0.0,0.0,123.0,24640.0,0.0,123.0,0.0,1088.0,4.0,54.0,1.0,1.0,0.0,0.0,0.0,2.0,0.0,1.0,0.0,616.0,616.0,1.0
0.617,2720.0,653.0,707.0,2013.0,2067.0,2039.0,2041.0,679.0,681.0,0.0,0.0,0.0,1.0,0.0,0.0,0.0,0.0,0.0,0.0,250000.0,0.019999999552965164,31.999046325683594,0.0,0.0,0.0,123.0,24680.0,0.0,123.0,0.0,1088.0,4.0,54.0,1.0,1.0,0.0,0.0,0.0,2.0,0.0,1.0,0.0,617.0,617.0,1.0
0.618,2720.0,653.0,707.0,2013.0,2067.0,2039.0,2041.0,679.0,681.0,0.0,0.0,0.0,1.0,0.0,0.0,0.0,0.0,0.0,0.0,250000.0,0.019999999552965164,31.999046325683594,0.0,0.0,0.0,123.0,24720.0,0.0,123.0,0.0,1088.0,4.0,54.0,1.0,1.0,0.0,0.0,0.0,2.0,0.0,1.0,0.0,618.0,618.0,1.0
0.619,2720.0,653.0,707.0,2013.0,2067.0,2039.0,2041.0,679.0,681.0,0.0,0.0,0.0,1.0,0.0,0.0,0.0,0.0,0.0,0.0,250000.0,0.019999999552965164,31.999046325683594,0.0,0.0,0.0,123.0,24760.0,0.0,123.0,0.0,1088.0,4.0,54.0,1.0,1.0,0.0,0.0,0.0,2.0,0.0,1.0,0.0,619.0,619.0,1.0
0.62,2720.0,653.0,707.0,2013.0,2067.0,2039.0,2041.0,679.0,681.0,0.0,0.0,0.0,1.0,0.0,0.0,0.0,0.0,0.0,0.0,250000.0,0.019999999552965164,31.999046325683594,0.0,0.0,0.0,123.0,24800.0,0.0,124.0,0.0,1088.0,4.0,54.0,1.0,1.0,0.0,0.0,0.0,2.0,0.0,1.0,0.0,620.0,620.0,1.0
0.621,2720.0,653.0,707.0,2013.0,2067.0,2039.0,2041.0,679.0,681.0,0.0,0.0,0.0,1.0,0.0,0.0,0.0,0.0,0.0,0.0,250000.0,0.019999999552965164,31.999046325683594,0.0,0.0,0.0,124.0,24840.0,0.0,124.0,0.0,1088.0,4.0,54.0,1.0,1.0,0.0,0.0,0.0,2.0,0.0,1.0,0.0,621.0,621.0,1.0
0.622,2720.0,653.0,707.0,2013.0,2067.0,2039.0,2041.0,679.0,681.0,0.0,0.0,0.0,1.0,0.0,0.0,0.0,0.0,0.0,0.0,250000.0,0.019999999552965164,31.999046325683594,0.0,0.0,0.0,124.0,24880.0,0.0,124.0,0.0,1088.0,4.0,54.0,1.0,1.0,0.0,0.0,0.0,2.0,0.0,1.0,0.0,622.0,622.0,1.0
0.623,2720.0,653.0,707.0,2013.0,2067.0,2039.0,2041.0,679.0,681.0,0.0,0.0,0.0,1.0,0.0,0.0,0.0,0.0,0.0,0.0,250000.0,0.019999999552965164,31.999046325683594,0.0,0.0,0.0,124.0,24920.0,0.0,124.0,0.0,1088.0,4.0,54.0,1.0,1.0,0.0,0.0,0.0,2.0,0.0,1.0,0.0,623.0,623.0,1.0
0.624,2720.0,653.0,707.0,2013.0,2067.0,2039.0,2041.0,679.0,681.0,0.0,0.0,0.0,1.0,0.0,0.0,0.0,0.0,0.0,0.0,250000.0,0.019999999552965164,31.999046325683594,0.0,0.0,0.0,124.0,24960.0,0.0,124.0,0.0,1088.0,4.0,54.0,1.0,1.0,0.0,0.0,0.0,2.0,0.0,1.0,0.0,624.0,624.0,1.0
0.625,2720.0,653.0,707.0,2013.0,2067.0,2039.0,2041.0,679.0,681.0,0.0,0.0,0.0,1.0,0.0,0.0,0.0,0.0,0.0,0.0,250000.0,0.019999999552965164,31.999046325683594,0.0,0.0,0.0,124.0,25000.0,0.0,125.0,0.0,1088.0,4.0,54.0,1.0,1.0,0.0,0.0,0.0,2.0,0.0,1.0,0.0,625.0,625.0,1.0
0.626,2720.0,653.0,707.0,2013.0,2067.0,2039.0,2041.0,679.0,681.0,0.0,0.0,0.0,1.0,0.0,0.0,0.0,0.0,0.0,0.0,250000.0,0.019999999552965164,31.999046325683594,0.0,0.0,0.0,125.0,25040.0,0.0,125.0,0.0,1088.0,4.0,54.0,1.0,1.0,0.0,0.0,0.0,2.0,0.0,1.0,0.0,626.0,626.0,1.0
0.627,2720.0,653.0,707.0,2013.0,2067.0,2039.0,2041.0,679.0,681.0,0.0,0.0,0.0,1.0,0.0,0.0,0.0,0.0,0.0,0.0,250000.0,0.019999999552965164,31.999046325683594,0.0,0.0,0.0,125.0,25080.0,0.0,125.0,0.0,1088.0,4.0,54.0,1.0,1.0,0.0,0.0,0.0,2.0,0.0,1.0,0.0,627.0,627.0,1.0
0.628,2720.0,653.0,707.0,2013.0,2067.0,2039.0,2041.0,679.0,681.0,0.0,0.0,0.0,1.0,0.0,0.0,0.0,0.0,0.0,0.0,250000.0,0.019999999552965164,31.999046325683594,0.0,0.0,0.0,125.0,25120.0,0.0,125.0,0.0,1088.0,4.0,54.0,1.0,1.0,0.0,0.0,0.0,2.0,0.0,1.0,0.0,628.0,628.0,1.0
0.629,2720.0,653.0,707.0,2013.0,2067.0,2039.0,2041.0,679.0,681.0,0.0,0.0,0.0,1.0,0.0,0.0,0.0,0.0,0.0,0.0,250000.0,0.019999999552965164,31.999046325683594,0.0,0.0,0.0,125.0,25160.0,0.0,125.0,0.0,1088.0,4.0,54.0,1.0,1.0,0.0,0.0,0.0,2.0,0.0,1.0,0.0,629.0,629.0,1.0
0.63,2720.0,653.0,707.0,2013.0,2067.0,2039.0,2041.0,679.0,681.0,0.0,0.0,0.0,1.0,0.0,0.0,0.0,0.0,0.0,0.0,250000.0,0.019999999552965164,31.999046325683594,0.0,0.0,0.0,125.0,25200.0,0.0,126.0,0.0,1088.0,4.0,54.0,1.0,1.0,0.0,0.0,0.0,2.0,0.0,1.0,0.0,630.0,630.0,1.0
0.631,2720.0,653.0,707.0,2013.0,2067.0,2039.0,2041.0,679.0,681.0,0.0,0.0,0.0,1.0,0.0,0.0,0.0,0.0,0.0,0.0,250000.0,0.019999999552965164,31.999046325683594,0.0,0.0,0.0,126.0,25240.0,0.0,126.0,0.0,1088.0,4.0,54.0,1.0,1.0,0.0,0.0,0.0,2.0,0.0,1.0,0.0,631.0,631.0,1.0
0.632,2720.0,653.0,707.0,2013.0,2067.0,2039.0,2041.0,679.0,681.0,0.0,0.0,0.0,1.0,0.0,0.0,0.0,0.0,0.0,0.0,250000.0,0.019999999552965164,31.999046325683594,0.0,0.0,0.0,126.0,25280.0,0.0,126.0,0.0,1088.0,4.0,54.0,1.0,1.0,0.0,0.0,0.0,2.0,0.0,1.0,0.0,632.0,632.0,1.0
0.633,2720.0,653.0,707.0,2013.0,2067.0,2039.0,2041.0,679.0,681.0,0.0,0.0,0.0,1.0,0.0,0.0,0.0,0.0,0.0,0.0,250000.0,0.019999999552965164,31.999046325683594,0.0,0.0,0.0,126.0,25320.0,0.0,126.0,0.0,1088.0,4.0,54.0,1.0,1.0,0.0,0.0,0.0,2.0,0.0,1.0,0.0,633.0,633.0,1.0
0.634,2720.0,653.0,707.0,2013.0,2067.0,2039.0,2041.0,679.0,681.0,0.0,0.0,0.0,1.0,0.0,0.0,0.0,0.0,0.0,0.0,250000.0,0.019999999552965164,31.999046325683594,0.0,0.0,0.0,126.0,25360.0,0.0,126.0,0.0,1088.0,4.0,54.0,1.0,1.0,0.0,0.0,0.0,2.0,0.0,1.0,0.0,634.0,634.0,1.0
0.635,2720.0,653.0,707.0,2013.0,2067.0,2039.0,2041.0,679.0,681.0,0.0,0.0,0.0,1.0,0.0,0.0,0.0,0.0,0.0,0.0,250000.0,0.019999999552965164,31.999046325683594,0.0,0.0,0.0,126.0,25400.0,0.0,127.0,0.0,1088.0,4.0,54.0,1.0,1.0,0.0,0.0,0.0,2.0,0.0,1.0,0.0,635.0,635.0,1.0
0.636,2720.0,653.0,707.0,2013.0,2067.0,2039.0,2041.0,679.0,681.0,0.0,0.0,0.0,1.0,0.0,0.0,0.0,0.0,0.0,0.0,250000.0,0.019999999552965164,31.999046325683594,0.0,0.0,0.0,127.0,25440.0,0.0,127.0,0.0,1088.0,4.0,54.0,1.0,1.0,0.0,0.0,0.0,2.0,0.0,1.0,0.0,636.0,636.0,1.0
0.637,2720.0,653.0,707.0,2013.0,2067.0,2039.0,2041.0,679.0,681.0,0.0,0.0,0.0,1.0,0.0,0.0,0.0,0.0,0.0,0.0,250000.0,0.019999999552965164,31.999046325683594,0.0,0.0,0.0,127.0,25480.0,0.0,127.0,0.0,1088.0,4.0,54.0,1.0,1.0,0.0,0.0,0.0,2.0,0.0,1.0,0.0,637.0,637.0,1.0
0.638,2720.0,653.0,707.0,2013.0,2067.0,2039.0,2041.0,679.0,681.0,0.0,0.0,0.0,1.0,0.0,0.0,0.0,0.0,0.0,0.0,250000.0,0.019999999552965164,31.999046325683594,0.0,0.0,0.0,127.0,25520.0,0.0,127.0,0.0,1088.0,4.0,54.0,1.0,1.0,0.0,0.0,0.0,2.0,0.0,1.0,0.0,638.0,638.0,1.0
0.639,2720.0,653.0,707.0,2013.0,2067.0,2039.0,2041.0,679.0,681.0,0.0,0.0,0.0,1.0,0.0,0.0,0.0,0.0,0.0,0.0,250000.0,0.019999999552965164,31.999046325683594,0.0,0.0,0.0,127.0,25560.0,0.0,127.0,0.0,1088.0,4.0,54.0,1.0,1.0,0.0,0.0,0.0,2.0,0.0,1.0,0.0,639.0,639.0,1.0
0.64,2720.0,653.0,707.0,2013.0,2067.0,2039.0,2041.0,679.0,681.0,0.0,0.0,0.0,1.0,0.0,0.0,0.0,0.0,0.0,0.0,250000.0,0.019999999552965164,31.999046325683594,0.0,0.0,0.0,127.0,25600.0,0.0,128.0,0.0,1088.0,4.0,54.0,1.0,1.0,0.0,0.0,0.0,2.0,0.0,1.0,0.0,640.0,640.0,1.0
0.641,2720.0,653.0,707.0,2013.0,2067.0,2039.0,2041.0,679.0,681.0,0.0,0.0,0.0,1.0,0.0,0.0,0.0,0.0,0.0,0.0,250000.0,0.019999999552965164,31.999046325683594,0.0,0.0,0.0,128.0,25640.0,0.0,128.0,0.0,1088.0,4.0,54.0,1.0,1.0,0.0,0.0,0.0,2.0,0.0,1.0,0.0,641.0,641.0,1.0
0.642,2720.0,653.0,707.0,2013.0,2067.0,2039.0,2041.0,679.0,681.0,0.0,0.0,0.0,1.0,0.0,0.0,0.0,0.0,0.0,0.0,250000.0,0.019999999552965164,31.999046325683594,0.0,0.0,0.0,128.0,25680.0,0.0,128.0,0.0,1088.0,4.0,54.0,1.0,1.0,0.0,0.0,0.0,2.0,0.0,1.0,0.0,642.0,642.0,1.0
0.643,2720.0,653.0,707.0,2013.0,2067.0,2039.0,2041.0,679.0,681.0,0.0,0.0,0.0,1.0,0.0,0.0,0.0,0.0,0.0,0.0,250000.0,0.019999999552965164,31.999046325683594,0.0,0.0,0.0,128.0,25720.0,0.0,128.0,0.0,1088.0,4.0,54.0,1.0,1.0,0.0,0.0,0.0,2.0,0.0,1.0,0.0,643.0,643.0,1.0
0.644,2720.0,653.0,707.0,2013.0,2067.0,2039.0,2041.0,679.0,681.0,0.0,0.0,0.0,1.0,0.0,0.0,0.0,0.0,0.0,0.0,250000.0,0.019999999552965164,31.999046325683594,0.0,0.0,0.0,128.0,25760.0,0.0,128.0,0.0,1088.0,4.0,54.0,1.0,1.0,0.0,0.0,0.0,2.0,0.0,1.0,0.0,644.0,644.0,1.0
0.645,2720.0,653.0,707.0,2013.0,2067.0,2039.0,2041.0,679.0,681.0,0.0,0.0,0.0,1.0,0.0,0.0,0.0,0.0,0.0,0.0,250000.0,0.019999999552965164,31.999046325683594,0.0,0.0,0.0,128.0,25800.0,0.0,129.0,0.0,1088.0,4.0,54.0,1.0,1.0,0.0,0.0,0.0,2.0,0.0,1.0,0.0,645.0,645.0,1.0
0.646,2720.0,653.0,707.0,2013.0,2067.0,2039.0,2041.0,679.0,681.0,0.0,0.0,0.0,1.0,0.0,0.0,0.0,0.0,0.0,0.0,250000.0,0.019999999552965164,31.999046325683594,0.0,0.0,0.0,129.0,25840.0,0.0,129.0,0.0,1088.0,4.0,54.0,1.0,1.0,0.0,0.0,0.0,2.0,0.0,1.0,0.0,646.0,646.0,1.0
0.647,2720.0,653.0,707.0,2013.0,2067.0,2039.0,2041.0,679.0,681.0,0.0,0.0,0.0,1.0,0.0,0.0,0.0,0.0,0.0,0.0,250000.0,0.019999999552965164,31.999046325683594,0.0,0.0,0.0,129.0,25880.0,0.0,129.0,0.0,1088.0,4.0,54.0,1.0,1.0,0.0,0.0,0.0,2.0,0.0,1.0,0.0,647.0,647.0,1.0
0.648,2720.0,653.0,707.0,2013.0,2067.0,2039.0,2041.0,679.0,681.0,0.0,0.0,0.0,1.0,0.0,0.0,0.0,0.0,0.0,0.0,250000.0,0.019999999552965164,31.999046325683594,0.0,0.0,0.0,129.0,25920.0,0.0,129.0,0.0,1088.0,4.0,54.0,1.0,1.0,0.0,0.0,0.0,2.0,0.0,1.0,0.0,648.0,648.0,1.0
0.649,2720.0,653.0,707.0,2013.0,2067.0,2039.0,2041.0,679.0,681.0,0.0,0.0,0.0,1.0,0.0,0.0,0.0,0.0,0.0,0.0,250000.0,0.019999999552965164,31.999046325683594,0.0,0.0,0.0,129.0,25960.0,0.0,129.0,0.0,1088.0,4.0,54.0,1.0,1.0,0.0,0.0,0.0,2.0,0.0,1.0,0.0,649.0,649.0,1.0
0.65,2720.0,653.0,707.0,2013.0,2067.0,2039.0,2041.0,679.0,681.0,0.0,0.0,0.0,1.0,0.0,0.0,0.0,0.0,0.0,0.0,250000.0,0.019999999552965164,31.999046325683594,0.0,0.0,0.0,129.0,26000.0,0.0,130.0,0.0,1088.0,4.0,54.0,1.0,1.0,0.0,0.0,0.0,2.0,0.0,1.0,0.0,650.0,650.0,1.0
0.651,2720.0,653.0,707.0,2013.0,2067.0,2039.0,2041.0,679.0,681.0,0.0,0.0,0.0,1.0,0.0,0.0,0.0,0.0,0.0,0.0,250000.0,0.019999999552965164,31.999046325683594,0.0,0.0,0.0,130.0,26040.0,0.0,130.0,0.0,1088.0,4.0,54.0,1.0,1.0,0.0,0.0,0.0,2.0,0.0,1.0,0.0,651.0,651.0,1.0
0.652,2720.0,653.0,707.0,2013.0,2067.0,2039.0,2041.0,679.0,681.0,0.0,0.0,0.0,1.0,0.0,0.0,0.0,0.0,0.0,0.0,250000.0,0.019999999552965164,31.999046325683594,0.0,0.0,0.0,130.0,26080.0,0.0,130.0,0.0,1088.0,4.0,54.0,1.0,1.0,0.0,0.0,0.0,2.0,0.0,1.0,0.0,652.0,652.0,1.0
0.653,2720.0,653.0,707.0,2013.0,2067.0,2039.0,2041.0,679.0,681.0,0.0,0.0,0.0,1.0,0.0,0.0,0.0,0.0,0.0,0.0,250000.0,0.019999999552965164,31.999046325683594,0.0,0.0,0.0,130.0,26120.0,0.0,130.0,0.0,1088.0,4.0,54.0,1.0,1.0,0.0,0.0,0.0,2.0,0.0,1.0,0.0,653.0,653.0,1.0
0.654,2720.0,653.0,707.0,2013.0,2067.0,2039.0,2041.0,679.0,681.0,0.0,0.0,0.0,1.0,0.0,0.0,0.0,0.0,0.0,0.0,250000.0,0.019999999552965164,31.999046325683594,0.0,0.0,0.0,130.0,26160.0,0.0,130.0,0.0,1088.0,4.0,54.0,1.0,1.0,0.0,0.0,0.0,2.0,0.0,1.0,0.0,654.0,654.0,1.0
0.655,2720.0,653.0,707.0,2013.0,2067.0,2039.0,2041.0,679.0,681.0,0.0,0.0,0.0,1.0,0.0,0.0,0.0,0.0,0.0,0.0,250000.0,0.019999999552965164,31.999046325683594,0.0,0.0,0.0,130.0,26200.0,0.0,131.0,0.0,1088.0,4.0,54.0,1.0,1.0,0.0,0.0,0.0,2.0,0.0,1.0,0.0,655.0,655.0,1.0
0.656,2720.0,653.0,707.0,2013.0,2067.0,2039.0,2041.0,679.0,681.0,0.0,0.0,0.0,1.0,0.0,0.0,0.0,0.0,0.0,0.0,250000.0,0.019999999552965164,31.999046325683594,0.0,0.0,0.0,131.0,26240.0,0.0,131.0,0.0,1088.0,4.0,54.0,1.0,1.0,0.0,0.0,0.0,2.0,0.0,1.0,0.0,656.0,656.0,1.0
0.657,2720.0,653.0,707.0,2013.0,2067.0,2039.0,2041.0,679.0,681.0,0.0,0.0,0.0,1.0,0.0,0.0,0.0,0.0,0.0,0.0,250000.0,0.019999999552965164,31.999046325683594,0.0,0.0,0.0,131.0,26280.0,0.0,131.0,0.0,1088.0,4.0,54.0,1.0,1.0,0.0,0.0,0.0,2.0,0.0,1.0,0.0,657.0,657.0,1.0
0.658,2720.0,653.0,707.0,2013.0,2067.0,2039.0,2041.0,679.0,681.0,0.0,0.0,0.0,1.0,0.0,0.0,0.0,0.0,0.0,0.0,250000.0,0.019999999552965164,31.999046325683594,0.0,0.0,0.0,131.0,26320.0,0.0,131.0,0.0,1088.0,4.0,54.0,1.0,1.0,0.0,0.0,0.0,2.0,0.0,1.0,0.0,658.0,658.0,1.0
0.659,2720.0,653.0,707.0,2013.0,2067.0,2039.0,2041.0,679.0,681.0,0.0,0.0,0.0,1.0,0.0,0.0,0.0,0.0,0.0,0.0,250000.0,0.019999999552965164,31.999046325683594,0.0,0.0,0.0,131.0,26360.0,0.0,131.0,0.0,1088.0,4.0,54.0,1.0,1.0,0.0,0.0,0.0,2.0,0.0,1.0,0.0,659.0,659.0,1.0
0.66,2720.0,653.0,707.0,2013.0,2067.0,2039.0,2041.0,679.0,681.0,0.0,0.0,0.0,1.0,0.0,0.0,0.0,0.0,0.0,0.0,250000.0,0.019999999552965164,31.999046325683594,0.0,0.0,0.0,131.0,26400.0,0.0,132.0,0.0,1088.0,4.0,54.0,1.0,1.0,0.0,0.0,0.0,2.0,0.0,1.0,0.0,660.0,660.0,1.0
0.661,2720.0,653.0,707.0,2013.0,2067.0,2039.0,2041.0,679.0,681.0,0.0,0.0,0.0,1.0,0.0,0.0,0.0,0.0,0.0,0.0,250000.0,0.019999999552965164,31.999046325683594,0.0,0.0,0.0,132.0,26440.0,0.0,132.0,0.0,1088.0,4.0,54.0,1.0,1.0,0.0,0.0,0.0,2.0,0.0,1.0,0.0,661.0,661.0,1.0
0.662,2720.0,653.0,707.0,2013.0,2067.0,2039.0,2041.0,679.0,681.0,0.0,0.0,0.0,1.0,0.0,0.0,0.0,0.0,0.0,0.0,250000.0,0.019999999552965164,31.999046325683594,0.0,0.0,0.0,132.0,26480.0,0.0,132.0,0.0,1088.0,4.0,54.0,1.0,1.0,0.0,0.0,0.0,2.0,0.0,1.0,0.0,662.0,662.0,1.0
0.663,2720.0,653.0,707.0,2013.0,2067.0,2039.0,2041.0,679.0,681.0,0.0,0.0,0.0,1.0,0.0,0.0,0.0,0.0,0.0,0.0,250000.0,0.019999999552965164,31.999046325683594,0.0,0.0,0.0,132.0,26520.0,0.0,132.0,0.0,1088.0,4.0,54.0,1.0,1.0,0.0,0.0,0.0,2.0,0.0,1.0,0.0,663.0,663.0,1.0
0.664,2720.0,653.0,707.0,2013.0,2067.0,2039.0,2041.0,679.0,681.0,0.0,0.0,0.0,1.0,0.0,0.0,0.0,0.0,0.0,0.0,250000.0,0.019999999552965164,31.999046325683594,0.0,0.0,0.0,132.0,26560.0,0.0,132.0,0.0,1088.0,4.0,54.0,1.0,1.0,0.0,0.0,0.0,2.0,0.0,1.0,0.0,664.0,664.0,1.0
0.665,2720.0,653.0,707.0,2013.0,2067.0,2039.0,2041.0,679.0,681.0,0.0,0.0,0.0,1.0,0.0,0.0,0.0,0.0,0.0,0.0,250000.0,0.019999999552965164,31.999046325683594,0.0,0.0,0.0,132.0,26600.0,0.0,133.0,0.0,1088.0,4.0,54.0,1.0,1.0,0.0,0.0,0.0,2.0,0.0,1.0,0.0,665.0,665.0,1.0
0.666,2720.0,653.0,707.0,2013.0,2067.0,2039.0,2041.0,679.0,681.0,0.0,0.0,0.0,1.0,0.0,0.0,0.0,0.0,0.0,0.0,250000.0,0.019999999552965164,31.999046325683594,0.0,0.0,0.0,133.0,26640.0,0.0,133.0,0.0,1088.0,4.0,54.0,1.0,1.0,0.0,0.0,0.0,2.0,0.0,1.0,0.0,666.0,666.0,1.0
0.667,2720.0,653.0,707.0,2013.0,2067.0,2039.0,2041.0,679.0,681.0,0.0,0.0,0.0,1.0,0.0,0.0,0.0,0.0,0.0,0.0,250000.0,0.019999999552965164,31.999046325683594,0.0,0.0,0.0,133.0,26680.0,0.0,133.0,0.0,1088.0,4.0,54.0,1.0,1.0,0.0,0.0,0.0,2.0,0.0,1.0,0.0,667.0,667.0,1.0
0.668,2720.0,653.0,707.0,2013.0,2067.0,2039.0,2041.0,679.0,681.0,0.0,0.0,0.0,1.0,0.0,0.0,0.0,0.0,0.0,0.0,250000.0,0.019999999552965164,31.999046325683594,0.0,0.0,0.0,133.0,26720.0,0.0,133.0,0.0,1088.0,4.0,54.0,1.0,1.0,0.0,0.0,0.0,2.0,0.0,1.0,0.0,668.0,668.0,1.0
0.669,2720.0,653.0,707.0,2013.0,2067.0,2039.0,2041.0,679.0,681.0,0.0,0.0,0.0,1.0,0.0,0.0,0.0,0.0,0.0,0.0,250000.0,0.019999999552965164,31.999046325683594,0.0,0.0,0.0,133.0,26760.0,0.0,133.0,0.0,1088.0,4.0,54.0,1.0,1.0,0.0,0.0,0.0,2.0,0.0,1.0,0.0,669.0,669.0,1.0
0.67,2720.0,653.0,707.0,2013.0,2067.0,2039.0,2041.0,679.0,681.0,0.0,0.0,0.0,1.0,0.0,0.0,0.0,0.0,0.0,0.0,250000.0,0.019999999552965164,31.999046325683594,0.0,0.0,0.0,133.0,26800.0,0.0,134.0,0.0,1088.0,4.0,54.0,1.0,1.0,0.0,0.0,0.0,2.0,0.0,1.0,0.0,670.0,670.0,1.0
0.671,2720.0,653.0,707.0,2013.0,2067.0,2039.0,2041.0,679.0,681.0,0.0,0.0,0.0,1.0,0.0,0.0,0.0,0.0,0.0,0.0,250000.0,0.019999999552965164,31.999046325683594,0.0,0.0,0.0,134.0,26840.0,0.0,134.0,0.0,1088.0,4.0,54.0,1.0,1.0,0.0,0.0,0.0,2.0,0.0,1.0,0.0,671.0,671.0,1.0
0.672,2720.0,653.0,707.0,2013.0,2067.0,2039.0,2041.0,679.0,681.0,0.0,0.0,0.0,1.0,0.0,0.0,0.0,0.0,0.0,0.0,250000.0,0.019999999552965164,31.999046325683594,0.0,0.0,0.0,134.0,26880.0,0.0,134.0,0.0,1088.0,4.0,54.0,1.0,1.0,0.0,0.0,0.0,2.0,0.0,1.0,0.0,672.0,672.0,1.0
0.673,2720.0,653.0,707.0,2013.0,2067.0,2039.0,2041.0,679.0,681.0,0.0,0.0,0.0,1.0,0.0,0.0,0.0,0.0,0.0,0.0,250000.0,0.019999999552965164,31.999046325683594,0.0,0.0,0.0,134.0,26920.0,0.0,134.0,0.0,1088.0,4.0,54.0,1.0,1.0,0.0,0.0,0.0,2.0,0.0,1.0,0.0,673.0,673.0,1.0
0.674,2720.0,653.0,707.0,2013.0,2067.0,2039.0,2041.0,679.0,681.0,0.0,0.0,0.0,1.0,0.0,0.0,0.0,0.0,0.0,0.0,250000.0,0.019999999552965164,31.999046325683594,0.0,0.0,0.0,134.0,26960.0,0.0,134.0,0.0,1088.0,4.0,54.0,1.0,1.0,0.0,0.0,0.0,2.0,0.0,1.0,0.0,674.0,674.0,1.0
0.675,2720.0,653.0,707.0,2013.0,2067.0,2039.0,2041.0,679.0,681.0,0.0,0.0,0.0,1.0,0.0,0.0,0.0,0.0,0.0,0.0,250000.0,0.019999999552965164,31.999046325683594,0.0,0.0,0.0,134.0,27000.0,0.0,135.0,0.0,1088.0,4.0,54.0,1.0,1.0,0.0,0.0,0.0,2.0,0.0,1.0,0.0,675.0,675.0,1.0
0.676,2720.0,653.0,707.0,2013.0,2067.0,2039.0,2041.0,679.0,681.0,0.0,0.0,0.0,1.0,0.0,0.0,0.0,0.0,0.0,0.0,250000.0,0.019999999552965164,31.999046325683594,0.0,0.0,0.0,135.0,27040.0,0.0,135.0,0.0,1088.0,4.0,54.0,1.0,1.0,0.0,0.0,0.0,2.0,0.0,1.0,0.0,676.0,676.0,1.0
0.677,2720.0,653.0,707.0,2013.0,2067.0,2039.0,2041.0,679.0,681.0,0.0,0.0,0.0,1.0,0.0,0.0,0.0,0.0,0.0,0.0,250000.0,0.019999999552965164,31.999046325683594,0.0,0.0,0.0,135.0,27080.0,0.0,135.0,0.0,1088.0,4.0,54.0,1.0,1.0,0.0,0.0,0.0,2.0,0.0,1.0,0.0,677.0,677.0,1.0
0.678,2720.0,653.0,707.0,2013.0,2067.0,2039.0,2041.0,679.0,681.0,0.0,0.0,0.0,1.0,0.0,0.0,0.0,0.0,0.0,0.0,250000.0,0.019999999552965164,31.999046325683594,0.0,0.0,0.0,135.0,27120.0,0.0,135.0,0.0,1088.0,4.0,54.0,1.0,1.0,0.0,0.0,0.0,2.0,0.0,1.0,0.0,678.0,678.0,1.0
0.679,2720.0,653.0,707.0,2013.0,2067.0,2039.0,2041.0,679.0,681.0,0.0,0.0,0.0,1.0,0.0,0.0,0.0,0.0,0.0,0.0,250000.0,0.019999999552965164,31.999046325683594,0.0,0.0,0.0,135.0,27160.0,0.0,135.0,0.0,1088.0,4.0,54.0,1.0,1.0,0.0,0.0,0.0,2.0,0.0,1.0,0.0,679.0,679.0,1.0
0.68,2720.0,653.0,707.0,2013.0,2067.0,2039.0,2041.0,679.0,681.0,0.0,0.0,0.0,1.0,0.0,0.0,0.0,0.0,0.0,0.0,250000.0,0.019999999552965164,31.999046325683594,0.0,0.0,0.0,135.0,27200.0,0.0,136.0,0.0,1088.0,4.0,54.0,1.0,1.0,0.0,0.0,0.0,2.0,0.0,1.0,0.0,680.0,680.0,1.0
0.681,2720.0,653.0,707.0,2013.0,2067.0,2039.0,2041.0,679.0,681.0,0.0,0.0,0.0,1.0,0.0,0.0,0.0,0.0,0.0,0.0,250000.0,0.019999999552965164,31.999046325683594,0.0,0.0,0.0,136.0,27240.0,0.0,136.0,0.0,1088.0,4.0,54.0,1.0,1.0,0.0,0.0,0.0,2.0,0.0,1.0,0.0,681.0,681.0,1.0
0.682,2720.0,653.0,707.0,2013.0,2067.0,2039.0,2041.0,679.0,681.0,0.0,0.0,0.0,1.0,0.0,0.0,0.0,0.0,0.0,0.0,250000.0,0.019999999552965164,31.999046325683594,0.0,0.0,0.0,136.0,27280.0,0.0,136.0,0.0,1088.0,4.0,54.0,1.0,1.0,0.0,0.0,0.0,2.0,0.0,1.0,0.0,682.0,682.0,1.0
0.683,2720.0,653.0,707.0,2013.0,2067.0,2039.0,2041.0,679.0,681.0,0.0,0.0,0.0,1.0,0.0,0.0,0.0,0.0,0.0,0.0,250000.0,0.019999999552965164,31.999046325683594,0.0,0.0,0.0,136.0,27320.0,0.0,136.0,0.0,1088.0,4.0,54.0,1.0,1.0,0.0,0.0,0.0,2.0,0.0,1.0,0.0,683.0,683.0,1.0
0.684,2720.0,653.0,707.0,2013.0,2067.0,2039.0,2041.0,679.0,681.0,0.0,0.0,0.0,1.0,0.0,0.0,0.0,0.0,0.0,0.0,250000.0,0.019999999552965164,31.999046325683594,0.0,0.0,0.0,136.0,27360.0,0.0,136.0,0.0,1088.0,4.0,54.0,1.0,1.0,0.0,0.0,0.0,2.0,0.0,1.0,0.0,684.0,684.0,1.0
0.685,2720.0,653.0,707.0,2013.0,2067.0,2039.0,2041.0,679.0,681.0,0.0,0.0,0.0,1.0,0.0,0.0,0.0,0.0,0.0,0.0,250000.0,0.019999999552965164,31.999046325683594,0.0,0.0,0.0,136.0,27400.0,0.0,137.0,0.0,1088.0,4.0,54.0,1.0,1.0,0.0,0.0,0.0,2.0,0.0,1.0,0.0,685.0,685.0,1.0
0.686,2720.0,653.0,707.0,2013.0,2067.0,2039.0,2041.0,679.0,681.0,0.0,0.0,0.0,1.0,0.0,0.0,0.0,0.0,0.0,0.0,250000.0,0.019999999552965164,31.999046325683594,0.0,0.0,0.0,137.0,27440.0,0.0,137.0,0.0,1088.0,4.0,54.0,1.0,1.0,0.0,0.0,0.0,2.0,0.0,1.0,0.0,686.0,686.0,1.0
0.687,2720.0,653.0,707.0,2013.0,2067.0,2039.0,2041.0,679.0,681.0,0.0,0.0,0.0,1.0,0.0,0.0,0.0,0.0,0.0,0.0,250000.0,0.019999999552965164,31.999046325683594,0.0,0.0,0.0,137.0,27480.0,0.0,137.0,0.0,1088.0,4.0,54.0,1.0,1.0,0.0,0.0,0.0,2.0,0.0,1.0,0.0,687.0,687.0,1.0
0.6880000000000001,2720.0,653.0,707.0,2013.0,2067.0,2039.0,2041.0,679.0,681.0,0.0,0.0,0.0,1.0,0.0,0.0,0.0,0.0,0.0,0.0,250000.0,0.019999999552965164,31.999046325683594,0.0,0.0,0.0,137.0,27520.0,0.0,137.0,0.0,1088.0,4.0,54.0,1.0,1.0,0.0,0.0,0.0,2.0,0.0,1.0,0.0,688.0,688.0,1.0
0.6890000000000001,2720.0,653.0,707.0,2013.0,2067.0,2039.0,2041.0,679.0,681.0,0.0,0.0,0.0,1.0,0.0,0.0,0.0,0.0,0.0,0.0,250000.0,0.019999999552965164,31.999046325683594,0.0,0.0,0.0,137.0,27560.0,0.0,137.0,0.0,1088.0,4.0,54.0,1.0,1.0,0.0,0.0,0.0,2.0,0.0,1.0,0.0,689.0,689.0,1.0
0.6900000000000001,2720.0,653.0,707.0,2013.0,2067.0,2039.0,2041.0,679.0,681.0,0.0,0.0,0.0,1.0,0.0,0.0,0.0,0.0,0.0,0.0,250000.0,0.019999999552965164,31.999046325683594,0.0,0.0,0.0,137.0,27600.0,0.0,138.0,0.0,1088.0,4.0,54.0,1.0,1.0,0.0,0.0,0.0,2.0,0.0,1.0,0.0,690.0,690.0,1.0
0.6910000000000001,2720.0,653.0,707.0,2013.0,2067.0,2039.0,2041.0,679.0,681.0,0.0,0.0,0.0,1.0,0.0,0.0,0.0,0.0,0.0,0.0,250000.0,0.019999999552965164,31.999046325683594,0.0,0.0,0.0,138.0,27640.0,0.0,138.0,0.0,1088.0,4.0,54.0,1.0,1.0,0.0,0.0,0.0,2.0,0.0,1.0,0.0,691.0,691.0,1.0
0.6920000000000001,2720.0,653.0,707.0,2013.0,2067.0,2039.0,2041.0,679.0,681.0,0.0,0.0,0.0,1.0,0.0,0.0,0.0,0.0,0.0,0.0,250000.0,0.019999999552965164,31.999046325683594,0.0,0.0,0.0,138.0,27680.0,0.0,138.0,0.0,1088.0,4.0,54.0,1.0,1.0,0.0,0.0,0.0,2.0,0.0,1.0,0.0,692.0,692.0,1.0
0.6930000000000001,2720.0,653.0,707.0,2013.0,2067.0,2039.0,2041.0,679.0,681.0,0.0,0.0,0.0,1.0,0.0,0.0,0.0,0.0,0.0,0.0,250000.0,0.019999999552965164,31.999046325683594,0.0,0.0,0.0,138.0,27720.0,0.0,138.0,0.0,1088.0,4.0,54.0,1.0,1.0,0.0,0.0,0.0,2.0,0.0,1.0,0.0,693.0,693.0,1.0
0.6940000000000001,2720.0,653.0,707.0,2013.0,2067.0,2039.0,2041.0,679.0,681.0,0.0,0.0,0.0,1.0,0.0,0.0,0.0,0.0,0.0,0.0,250000.0,0.019999999552965164,31.999046325683594,0.0,0.0,0.0,138.0,27760.0,0.0,138.0,0.0,1088.0,4.0,54.0,1.0,1.0,0.0,0.0,0.0,2.0,0.0,1.0,0.0,694.0,694.0,1.0
0.6950000000000001,2720.0,653.0,707.0,2013.0,2067.0,2039.0,2041.0,679.0,681.0,0.0,0.0,0.0,1.0,0.0,0.0,0.0,0.0,0.0,0.0,250000.0,0.019999999552965164,31.999046325683594,0.0,0.0,0.0,138.0,27800.0,0.0,139.0,0.0,1088.0,4.0,54.0,1.0,1.0,0.0,0.0,0.0,2.0,0.0,1.0,0.0,695.0,695.0,1.0
0.6960000000000001,2720.0,653.0,707.0,2013.0,2067.0,2039.0,2041.0,679.0,681.0,0.0,0.0,0.0,1.0,0.0,0.0,0.0,0.0,0.0,0.0,250000.0,0.019999999552965164,31.999046325683594,0.0,0.0,0.0,139.0,27840.0,0.0,139.0,0.0,1088.0,4.0,54.0,1.0,1.0,0.0,0.0,0.0,2.0,0.0,1.0,0.0,696.0,696.0,1.0
0.6970000000000001,2720.0,653.0,707.0,2013.0,2067.0,2039.0,2041.0,679.0,681.0,0.0,0.0,0.0,1.0,0.0,0.0,0.0,0.0,0.0,0.0,250000.0,0.019999999552965164,31.999046325683594,0.0,0.0,0.0,139.0,27880.0,0.0,139.0,0.0,1088.0,4.0,54.0,1.0,1.0,0.0,0.0,0.0,2.0,0.0,1.0,0.0,697.0,697.0,1.0
0.6980000000000001,2720.0,653.0,707.0,2013.0,2067.0,2039.0,2041.0,679.0,681.0,0.0,0.0,0.0,1.0,0.0,0.0,0.0,0.0,0.0,0.0,250000.0,0.019999999552965164,31.999046325683594,0.0,0.0,0.0,139.0,27920.0,0.0,139.0,0.0,1088.0,4.0,54.0,1.0,1.0,0.0,0.0,0.0,2.0,0.0,1.0,0.0,698.0,698.0,1.0
0.6990000000000001,2720.0,653.0,707.0,2013.0,2067.0,2039.0,2041.0,679.0,681.0,0.0,0.0,0.0,1.0,0.0,0.0,0.0,0.0,0.0,0.0,250000.0,0.019999999552965164,31.999046325683594,0.0,0.0,0.0,139.0,27960.0,0.0,139.0,0.0,1088.0,4.0,54.0,1.0,1.0,0.0,0.0,0.0,2.0,0.0,1.0,0.0,699.0,699.0,1.0
0.7000000000000001,2720.0,653.0,707.0,2013.0,2067.0,2039.0,2041.0,679.0,681.0,0.0,0.0,0.0,1.0,0.0,0.0,0.0,0.0,0.0,0.0,250000.0,0.019999999552965164,31.999046325683594,0.0,0.0,0.0,139.0,28000.0,0.0,140.0,0.0,1088.0,4.0,54.0,1.0,1.0,0.0,0.0,0.0,2.0,0.0,1.0,0.0,700.0,700.0,1.0
0.7010000000000001,2720.0,653.0,707.0,2013.0,2067.0,2039.0,2041.0,679.0,681.0,0.0,0.0,0.0,1.0,0.0,0.0,0.0,0.0,0.0,0.0,250000.0,0.019999999552965164,31.999046325683594,0.0,0.0,0.0,140.0,28040.0,0.0,140.0,0.0,1088.0,4.0,54.0,1.0,1.0,0.0,0.0,0.0,2.0,0.0,1.0,0.0,701.0,701.0,1.0
0.7020000000000001,2720.0,653.0,707.0,2013.0,2067.0,2039.0,2041.0,679.0,681.0,0.0,0.0,0.0,1.0,0.0,0.0,0.0,0.0,0.0,0.0,250000.0,0.019999999552965164,31.999046325683594,0.0,0.0,0.0,140.0,28080.0,0.0,140.0,0.0,1088.0,4.0,54.0,1.0,1.0,0.0,0.0,0.0,2.0,0.0,1.0,0.0,702.0,702.0,1.0
0.7030000000000001,2720.0,653.0,707.0,2013.0,2067.0,2039.0,2041.0,679.0,681.0,0.0,0.0,0.0,1.0,0.0,0.0,0.0,0.0,0.0,0.0,250000.0,0.019999999552965164,31.999046325683594,0.0,0.0,0.0,140.0,28120.0,0.0,140.0,0.0,1088.0,4.0,54.0,1.0,1.0,0.0,0.0,0.0,2.0,0.0,1.0,0.0,703.0,703.0,1.0
0.7040000000000001,2720.0,653.0,707.0,2013.0,2067.0,2039.0,2041.0,679.0,681.0,0.0,0.0,0.0,1.0,0.0,0.0,0.0,0.0,0.0,0.0,250000.0,0.019999999552965164,31.999046325683594,0.0,0.0,0.0,140.0,28160.0,0.0,140.0,0.0,1088.0,4.0,54.0,1.0,1.0,0.0,0.0,0.0,2.0,0.0,1.0,0.0,704.0,704.0,1.0
0.7050000000000001,2720.0,653.0,707.0,2013.0,2067.0,2039.0,2041.0,679.0,681.0,0.0,0.0,0.0,1.0,0.0,0.0,0.0,0.0,0.0,0.0,250000.0,0.019999999552965164,31.999046325683594,0.0,0.0,0.0,140.0,28200.0,0.0,141.0,0.0,1088.0,4.0,54.0,1.0,1.0,0.0,0.0,0.0,2.0,0.0,1.0,0.0,705.0,705.0,1.0
0.7060000000000001,2720.0,653.0,707.0,2013.0,2067.0,2039.0,2041.0,679.0,681.0,0.0,0.0,0.0,1.0,0.0,0.0,0.0,0.0,0.0,0.0,250000.0,0.019999999552965164,31.999046325683594,0.0,0.0,0.0,141.0,28240.0,0.0,141.0,0.0,1088.0,4.0,54.0,1.0,1.0,0.0,0.0,0.0,2.0,0.0,1.0,0.0,706.0,706.0,1.0
0.7070000000000001,2720.0,653.0,707.0,2013.0,2067.0,2039.0,2041.0,679.0,681.0,0.0,0.0,0.0,1.0,0.0,0.0,0.0,0.0,0.0,0.0,250000.0,0.019999999552965164,31.999046325683594,0.0,0.0,0.0,141.0,28280.0,0.0,141.0,0.0,1088.0,4.0,54.0,1.0,1.0,0.0,0.0,0.0,2.0,0.0,1.0,0.0,707.0,707.0,1.0
0.7080000000000001,2720.0,653.0,707.0,2013.0,2067.0,2039.0,2041.0,679.0,681.0,0.0,0.0,0.0,1.0,0.0,0.0,0.0,0.0,0.0,0.0,250000.0,0.019999999552965164,31.999046325683594,0.0,0.0,0.0,141.0,28320.0,0.0,141.0,0.0,1088.0,4.0,54.0,1.0,1.0,0.0,0.0,0.0,2.0,0.0,1.0,0.0,708.0,708.0,1.0
0.7090000000000001,2720.0,653.0,707.0,2013.0,2067.0,2039.0,2041.0,679.0,681.0,0.0,0.0,0.0,1.0,0.0,0.0,0.0,0.0,0.0,0.0,250000.0,0.019999999552965164,31.999046325683594,0.0,0.0,0.0,141.0,28360.0,0.0,141.0,0.0,1088.0,4.0,54.0,1.0,1.0,0.0,0.0,0.0,2.0,0.0,1.0,0.0,709.0,709.0,1.0
0.7100000000000001,2720.0,653.0,707.0,2013.0,2067.0,2039.0,2041.0,679.0,681.0,0.0,0.0,0.0,1.0,0.0,0.0,0.0,0.0,0.0,0.0,250000.0,0.019999999552965164,31.999046325683594,0.0,0.0,0.0,141.0,28400.0,0.0,142.0,0.0,1088.0,4.0,54.0,1.0,1.0,0.0,0.0,0.0,2.0,0.0,1.0,0.0,710.0,710.0,1.0
0.7110000000000001,2720.0,653.0,707.0,2013.0,2067.0,2039.0,2041.0,679.0,681.0,0.0,0.0,0.0,1.0,0.0,0.0,0.0,0.0,0.0,0.0,250000.0,0.019999999552965164,31.999046325683594,0.0,0.0,0.0,142.0,28440.0,0.0,142.0,0.0,1088.0,4.0,54.0,1.0,1.0,0.0,0.0,0.0,2.0,0.0,1.0,0.0,711.0,711.0,1.0
0.7120000000000001,2720.0,653.0,707.0,2013.0,2067.0,2039.0,2041.0,679.0,681.0,0.0,0.0,0.0,1.0,0.0,0.0,0.0,0.0,0.0,0.0,250000.0,0.019999999552965164,31.999046325683594,0.0,0.0,0.0,142.0,28480.0,0.0,142.0,0.0,1088.0,4.0,54.0,1.0,1.0,0.0,0.0,0.0,2.0,0.0,1.0,0.0,712.0,712.0,1.0
0.7130000000000001,2720.0,653.0,707.0,2013.0,2067.0,2039.0,2041.0,679.0,681.0,0.0,0.0,0.0,1.0,0.0,0.0,0.0,0.0,0.0,0.0,250000.0,0.019999999552965164,31.999046325683594,0.0,0.0,0.0,142.0,28520.0,0.0,142.0,0.0,1088.0,4.0,54.0,1.0,1.0,0.0,0.0,0.0,2.0,0.0,1.0,0.0,713.0,713.0,1.0
0.7140000000000001,2720.0,653.0,707.0,2013.0,2067.0,2039.0,2041.0,679.0,681.0,0.0,0.0,0.0,1.0,0.0,0.0,0.0,0.0,0.0,0.0,250000.0,0.019999999552965164,31.999046325683594,0.0,0.0,0.0,142.0,28560.0,0.0,142.0,0.0,1088.0,4.0,54.0,1.0,1.0,0.0,0.0,0.0,2.0,0.0,1.0,0.0,714.0,714.0,1.0
0.7150000000000001,2720.0,653.0,707.0,2013.0,2067.0,2039.0,2041.0,679.0,681.0,0.0,0.0,0.0,1.0,0.0,0.0,0.0,0.0,0.0,0.0,250000.0,0.019999999552965164,31.999046325683594,0.0,0.0,0.0,142.0,28600.0,0.0,143.0,0.0,1088.0,4.0,54.0,1.0,1.0,0.0,0.0,0.0,2.0,0.0,1.0,0.0,715.0,715.0,1.0
0.7160000000000001,2720.0,653.0,707.0,2013.0,2067.0,2039.0,2041.0,679.0,681.0,0.0,0.0,0.0,1.0,0.0,0.0,0.0,0.0,0.0,0.0,250000.0,0.019999999552965164,31.999046325683594,0.0,0.0,0.0,143.0,28640.0,0.0,143.0,0.0,1088.0,4.0,54.0,1.0,1.0,0.0,0.0,0.0,2.0,0.0,1.0,0.0,716.0,716.0,1.0
0.7170000000000001,2720.0,653.0,707.0,2013.0,2067.0,2039.0,2041.0,679.0,681.0,0.0,0.0,0.0,1.0,0.0,0.0,0.0,0.0,0.0,0.0,250000.0,0.019999999552965164,31.999046325683594,0.0,0.0,0.0,143.0,28680.0,0.0,143.0,0.0,1088.0,4.0,54.0,1.0,1.0,0.0,0.0,0.0,2.0,0.0,1.0,0.0,717.0,717.0,1.0
0.7180000000000001,2720.0,653.0,707.0,2013.0,2067.0,2039.0,2041.0,679.0,681.0,0.0,0.0,0.0,1.0,0.0,0.0,0.0,0.0,0.0,0.0,250000.0,0.019999999552965164,31.999046325683594,0.0,0.0,0.0,143.0,28720.0,0.0,143.0,0.0,1088.0,4.0,54.0,1.0,1.0,0.0,0.0,0.0,2.0,0.0,1.0,0.0,718.0,718.0,1.0
0.7190000000000001,2720.0,653.0,707.0,2013.0,2067.0,2039.0,2041.0,679.0,681.0,0.0,0.0,0.0,1.0,0.0,0.0,0.0,0.0,0.0,0.0,250000.0,0.019999999552965164,31.999046325683594,0.0,0.0,0.0,143.0,28760.0,0.0,143.0,0.0,1088.0,4.0,54.0,1.0,1.0,0.0,0.0,0.0,2.0,0.0,1.0,0.0,719.0,719.0,1.0
0.7200000000000001,2720.0,653.0,707.0,2013.0,2067.0,2039.0,2041.0,679.0,681.0,0.0,0.0,0.0,1.0,0.0,0.0,0.0,0.0,0.0,0.0,250000.0,0.019999999552965164,31.999046325683594,0.0,0.0,0.0,143.0,28800.0,0.0,144.0,0.0,1088.0,4.0,54.0,1.0,1.0,0.0,0.0,0.0,2.0,0.0,1.0,0.0,720.0,720.0,1.0
0.7210000000000001,2720.0,653.0,707.0,2013.0,2067.0,2039.0,2041.0,679.0,681.0,0.0,0.0,0.0,1.0,0.0,0.0,0.0,0.0,0.0,0.0,250000.0,0.019999999552965164,31.999046325683594,0.0,0.0,0.0,144.0,28840.0,0.0,144.0,0.0,1088.0,4.0,54.0,1.0,1.0,0.0,0.0,0.0,2.0,0.0,1.0,0.0,721.0,721.0,1.0
0.7220000000000001,2720.0,653.0,707.0,2013.0,2067.0,2039.0,2041.0,679.0,681.0,0.0,0.0,0.0,1.0,0.0,0.0,0.0,0.0,0.0,0.0,250000.0,0.019999999552965164,31.999046325683594,0.0,0.0,0.0,144.0,28880.0,0.0,144.0,0.0,1088.0,4.0,54.0,1.0,1.0,0.0,0.0,0.0,2.0,0.0,1.0,0.0,722.0,722.0,1.0
0.7230000000000001,2720.0,653.0,707.0,2013.0,2067.0,2039.0,2041.0,679.0,681.0,0.0,0.0,0.0,1.0,0.0,0.0,0.0,0.0,0.0,0.0,250000.0,0.019999999552965164,31.999046325683594,0.0,0.0,0.0,144.0,28920.0,0.0,144.0,0.0,1088.0,4.0,54.0,1.0,1.0,0.0,0.0,0.0,2.0,0.0,1.0,0.0,723.0,723.0,1.0
0.7240000000000001,2720.0,653.0,707.0,2013.0,2067.0,2039.0,2041.0,679.0,681.0,0.0,0.0,0.0,1.0,0.0,0.0,0.0,0.0,0.0,0.0,250000.0,0.019999999552965164,31.999046325683594,0.0,0.0,0.0,144.0,28960.0,0.0,144.0,0.0,1088.0,4.0,54.0,1.0,1.0,0.0,0.0,0.0,2.0,0.0,1.0,0.0,724.0,724.0,1.0
0.7250000000000001,2720.0,653.0,707.0,2013.0,2067.0,2039.0,2041.0,679.0,681.0,0.0,0.0,0.0,1.0,0.0,0.0,0.0,0.0,0.0,0.0,250000.0,0.019999999552965164,31.999046325683594,0.0,0.0,0.0,144.0,29000.0,0.0,145.0,0.0,1088.0,4.0,54.0,1.0,1.0,0.0,0.0,0.0,2.0,0.0,1.0,0.0,725.0,725.0,1.0
0.7260000000000001,2720.0,653.0,707.0,2013.0,2067.0,2039.0,2041.0,679.0,681.0,0.0,0.0,0.0,1.0,0.0,0.0,0.0,0.0,0.0,0.0,250000.0,0.019999999552965164,31.999046325683594,0.0,0.0,0.0,145.0,29040.0,0.0,145.0,0.0,1088.0,4.0,54.0,1.0,1.0,0.0,0.0,0.0,2.0,0.0,1.0,0.0,726.0,726.0,1.0
0.727,2720.0,653.0,707.0,2013.0,2067.0,2039.0,2041.0,679.0,681.0,0.0,0.0,0.0,1.0,0.0,0.0,0.0,0.0,0.0,0.0,250000.0,0.019999999552965164,31.999046325683594,0.0,0.0,0.0,145.0,29080.0,0.0,145.0,0.0,1088.0,4.0,54.0,1.0,1.0,0.0,0.0,0.0,2.0,0.0,1.0,0.0,727.0,727.0,1.0
0.728,2720.0,653.0,707.0,2013.0,2067.0,2039.0,2041.0,679.0,681.0,0.0,0.0,0.0,1.0,0.0,0.0,0.0,0.0,0.0,0.0,250000.0,0.019999999552965164,31.999046325683594,0.0,0.0,0.0,145.0,29120.0,0.0,145.0,0.0,1088.0,4.0,54.0,1.0,1.0,0.0,0.0,0.0,2.0,0.0,1.0,0.0,728.0,728.0,1.0
0.729,2720.0,653.0,707.0,2013.0,2067.0,2039.0,2041.0,679.0,681.0,0.0,0.0,0.0,1.0,0.0,0.0,0.0,0.0,0.0,0.0,250000.0,0.019999999552965164,31.999046325683594,0.0,0.0,0.0,145.0,29160.0,0.0,145.0,0.0,1088.0,4.0,54.0,1.0,1.0,0.0,0.0,0.0,2.0,0.0,1.0,0.0,729.0,729.0,1.0
0.73,2720.0,653.0,707.0,2013.0,2067.0,2039.0,2041.0,679.0,681.0,0.0,0.0,0.0,1.0,0.0,0.0,0.0,0.0,0.0,0.0,250000.0,0.019999999552965164,31.999046325683594,0.0,0.0,0.0,145.0,29200.0,0.0,146.0,0.0,1088.0,4.0,54.0,1.0,1.0,0.0,0.0,0.0,2.0,0.0,1.0,0.0,730.0,730.0,1.0
0.731,2720.0,653.0,707.0,2013.0,2067.0,2039.0,2041.0,679.0,681.0,0.0,0.0,0.0,1.0,0.0,0.0,0.0,0.0,0.0,0.0,250000.0,0.019999999552965164,31.999046325683594,0.0,0.0,0.0,146.0,29240.0,0.0,146.0,0.0,1088.0,4.0,54.0,1.0,1.0,0.0,0.0,0.0,2.0,0.0,1.0,0.0,731.0,731.0,1.0
0.732,2720.0,653.0,707.0,2013.0,2067.0,2039.0,2041.0,679.0,681.0,0.0,0.0,0.0,1.0,0.0,0.0,0.0,0.0,0.0,0.0,250000.0,0.019999999552965164,31.999046325683594,0.0,0.0,0.0,146.0,29280.0,0.0,146.0,0.0,1088.0,4.0,54.0,1.0,1.0,0.0,0.0,0.0,2.0,0.0,1.0,0.0,732.0,732.0,1.0
0.733,2720.0,653.0,707.0,2013.0,2067.0,2039.0,2041.0,679.0,681.0,0.0,0.0,0.0,1.0,0.0,0.0,0.0,0.0,0.0,0.0,250000.0,0.019999999552965164,31.999046325683594,0.0,0.0,0.0,146.0,29320.0,0.0,146.0,0.0,1088.0,4.0,54.0,1.0,1.0,0.0,0.0,0.0,2.0,0.0,1.0,0.0,733.0,733.0,1.0
0.734,2720.0,653.0,707.0,2013.0,2067.0,2039.0,2041.0,679.0,681.0,0.0,0.0,0.0,1.0,0.0,0.0,0.0,0.0,0.0,0.0,250000.0,0.019999999552965164,31.999046325683594,0.0,0.0,0.0,146.0,29360.0,0.0,146.0,0.0,1088.0,4.0,54.0,1.0,1.0,0.0,0.0,0.0,2.0,0.0,1.0,0.0,734.0,734.0,1.0
0.735,2720.0,653.0,707.0,2013.0,2067.0,2039.0,2041.0,679.0,681.0,0.0,0.0,0.0,1.0,0.0,0.0,0.0,0.0,0.0,0.0,250000.0,0.019999999552965164,31.999046325683594,0.0,0.0,0.0,146.0,29400.0,0.0,147.0,0.0,1088.0,4.0,54.0,1.0,1.0,0.0,0.0,0.0,2.0,0.0,1.0,0.0,735.0,735.0,1.0
0.736,2720.0,653.0,707.0,2013.0,2067.0,2039.0,2041.0,679.0,681.0,0.0,0.0,0.0,1.0,0.0,0.0,0.0,0.0,0.0,0.0,250000.0,0.019999999552965164,31.999046325683594,0.0,0.0,0.0,147.0,29440.0,0.0,147.0,0.0,1088.0,4.0,54.0,1.0,1.0,0.0,0.0,0.0,2.0,0.0,1.0,0.0,736.0,736.0,1.0
0.737,2720.0,653.0,707.0,2013.0,2067.0,2039.0,2041.0,679.0,681.0,0.0,0.0,0.0,1.0,0.0,0.0,0.0,0.0,0.0,0.0,250000.0,0.019999999552965164,31.999046325683594,0.0,0.0,0.0,147.0,29480.0,0.0,147.0,0.0,1088.0,4.0,54.0,1.0,1.0,0.0,0.0,0.0,2.0,0.0,1.0,0.0,737.0,737.0,1.0
0.738,2720.0,653.0,707.0,2013.0,2067.0,2039.0,2041.0,679.0,681.0,0.0,0.0,0.0,1.0,0.0,0.0,0.0,0.0,0.0,0.0,250000.0,0.019999999552965164,31.999046325683594,0.0,0.0,0.0,147.0,29520.0,0.0,147.0,0.0,1088.0,4.0,54.0,1.0,1.0,0.0,0.0,0.0,2.0,0.0,1.0,0.0,738.0,738.0,1.0
0.739,2720.0,653.0,707.0,2013.0,2067.0,2039.0,2041.0,679.0,681.0,0.0,0.0,0.0,1.0,0.0,0.0,0.0,0.0,0.0,0.0,250000.0,0.019999999552965164,31.999046325683594,0.0,0.0,0.0,147.0,29560.0,0.0,147.0,0.0,1088.0,4.0,54.0,1.0,1.0,0.0,0.0,0.0,2.0,0.0,1.0,0.0,739.0,739.0,1.0
0.74,2720.0,653.0,707.0,2013.0,2067.0,2039.0,2041.0,679.0,681.0,0.0,0.0,0.0,1.0,0.0,0.0,0.0,0.0,0.0,0.0,250000.0,0.019999999552965164,31.999046325683594,0.0,0.0,0.0,147.0,29600.0,0.0,148.0,0.0,1088.0,4.0,54.0,1.0,1.0,0.0,0.0,0.0,2.0,0.0,1.0,0.0,740.0,740.0,1.0
0.741,2720.0,653.0,707.0,2013.0,2067.0,2039.0,2041.0,679.0,681.0,0.0,0.0,0.0,1.0,0.0,0.0,0.0,0.0,0.0,0.0,250000.0,0.019999999552965164,31.999046325683594,0.0,0.0,0.0,148.0,29640.0,0.0,148.0,0.0,1088.0,4.0,54.0,1.0,1.0,0.0,0.0,0.0,2.0,0.0,1.0,0.0,741.0,741.0,1.0
0.742,2720.0,653.0,707.0,2013.0,2067.0,2039.0,2041.0,679.0,681.0,0.0,0.0,0.0,1.0,0.0,0.0,0.0,0.0,0.0,0.0,250000.0,0.019999999552965164,31.999046325683594,0.0,0.0,0.0,148.0,29680.0,0.0,148.0,0.0,1088.0,4.0,54.0,1.0,1.0,0.0,0.0,0.0,2.0,0.0,1.0,0.0,742.0,742.0,1.0
0.743,2720.0,653.0,707.0,2013.0,2067.0,2039.0,2041.0,679.0,681.0,0.0,0.0,0.0,1.0,0.0,0.0,0.0,0.0,0.0,0.0,250000.0,0.019999999552965164,31.999046325683594,0.0,0.0,0.0,148.0,29720.0,0.0,148.0,0.0,1088.0,4.0,54.0,1.0,1.0,0.0,0.0,0.0,2.0,0.0,1.0,0.0,743.0,743.0,1.0
0.744,2720.0,653.0,707.0,2013.0,2067.0,2039.0,2041.0,679.0,681.0,0.0,0.0,0.0,1.0,0.0,0.0,0.0,0.0,0.0,0.0,250000.0,0.019999999552965164,31.999046325683594,0.0,0.0,0.0,148.0,29760.0,0.0,148.0,0.0,1088.0,4.0,54.0,1.0,1.0,0.0,0.0,0.0,2.0,0.0,1.0,0.0,744.0,744.0,1.0
0.745,2720.0,653.0,707.0,2013.0,2067.0,2039.0,2041.0,679.0,681.0,0.0,0.0,0.0,1.0,0.0,0.0,0.0,0.0,0.0,0.0,250000.0,0.019999999552965164,31.999046325683594,0.0,0.0,0.0,148.0,29800.0,0.0,149.0,0.0,1088.0,4.0,54.0,1.0,1.0,0.0,0.0,0.0,2.0,0.0,1.0,0.0,745.0,745.0,1.0
0.746,2720.0,653.0,707.0,2013.0,2067.0,2039.0,2041.0,679.0,681.0,0.0,0.0,0.0,1.0,0.0,0.0,0.0,0.0,0.0,0.0,250000.0,0.019999999552965164,31.999046325683594,0.0,0.0,0.0,149.0,29840.0,0.0,149.0,0.0,1088.0,4.0,54.0,1.0,1.0,0.0,0.0,0.0,2.0,0.0,1.0,0.0,746.0,746.0,1.0
0.747,2720.0,653.0,707.0,2013.0,2067.0,2039.0,2041.0,679.0,681.0,0.0,0.0,0.0,1.0,0.0,0.0,0.0,0.0,0.0,0.0,250000.0,0.019999999552965164,31.999046325683594,0.0,0.0,0.0,149.0,29880.0,0.0,149.0,0.0,1088.0,4.0,54.0,1.0,1.0,0.0,0.0,0.0,2.0,0.0,1.0,0.0,747.0,747.0,1.0
0.748,2720.0,653.0,707.0,2013.0,2067.0,2039.0,2041.0,679.0,681.0,0.0,0.0,0.0,1.0,0.0,0.0,0.0,0.0,0.0,0.0,250000.0,0.019999999552965164,31.999046325683594,0.0,0.0,0.0,149.0,29920.0,0.0,149.0,0.0,1088.0,4.0,54.0,1.0,1.0,0.0,0.0,0.0,2.0,0.0,1.0,0.0,748.0,748.0,1.0
0.749,2720.0,653.0,707.0,2013.0,2067.0,2039.0,2041.0,679.0,681.0,0.0,0.0,0.0,1.0,0.0,0.0,0.0,0.0,0.0,0.0,250000.0,0.019999999552965164,31.999046325683594,0.0,0.0,0.0,149.0,29960.0,0.0,149.0,0.0,1088.0,4.0,54.0,1.0,1.0,0.0,0.0,0.0,2.0,0.0,1.0,0.0,749.0,749.0,1.0
0.75,2720.0,653.0,707.0,2013.0,2067.0,2039.0,2041.0,679.0,681.0,0.0,0.0,0.0,1.0,0.0,0.0,0.0,0.0,0.0,0.0,250000.0,0.019999999552965164,31.999046325683594,0.0,0.0,0.0,149.0,30000.0,0.0,150.0,0.0,1088.0,4.0,54.0,1.0,1.0,0.0,0.0,0.0,2.0,0.0,1.0,0.0,750.0,750.0,1.0
0.751,2720.0,653.0,707.0,2013.0,2067.0,2039.0,2041.0,679.0,681.0,0.0,0.0,0.0,1.0,0.0,0.0,0.0,0.0,0.0,0.0,250000.0,0.019999999552965164,31.999046325683594,0.0,0.0,0.0,150.0,30040.0,0.0,150.0,0.0,1088.0,4.0,54.0,1.0,1.0,0.0,0.0,0.0,2.0,0.0,1.0,0.0,751.0,751.0,1.0
0.752,2720.0,653.0,707.0,2013.0,2067.0,2039.0,2041.0,679.0,681.0,0.0,0.0,0.0,1.0,0.0,0.0,0.0,0.0,0.0,0.0,250000.0,0.019999999552965164,31.999046325683594,0.0,0.0,0.0,150.0,30080.0,0.0,150.0,0.0,1088.0,4.0,54.0,1.0,1.0,0.0,0.0,0.0,2.0,0.0,1.0,0.0,752.0,752.0,1.0
0.753,2720.0,653.0,707.0,2013.0,2067.0,2039.0,2041.0,679.0,681.0,0.0,0.0,0.0,1.0,0.0,0.0,0.0,0.0,0.0,0.0,250000.0,0.019999999552965164,31.999046325683594,0.0,0.0,0.0,150.0,30120.0,0.0,150.0,0.0,1088.0,4.0,54.0,1.0,1.0,0.0,0.0,0.0,2.0,0.0,1.0,0.0,753.0,753.0,1.0
0.754,2720.0,653.0,707.0,2013.0,2067.0,2039.0,2041.0,679.0,681.0,0.0,0.0,0.0,1.0,0.0,0.0,0.0,0.0,0.0,0.0,250000.0,0.019999999552965164,31.999046325683594,0.0,0.0,0.0,150.0,30160.0,0.0,150.0,0.0,1088.0,4.0,54.0,1.0,1.0,0.0,0.0,0.0,2.0,0.0,1.0,0.0,754.0,754.0,1.0
0.755,2720.0,653.0,707.0,2013.0,2067.0,2039.0,2041.0,679.0,681.0,0.0,0.0,0.0,1.0,0.0,0.0,0.0,0.0,0.0,0.0,250000.0,0.019999999552965164,31.999046325683594,0.0,0.0,0.0,150.0,30200.0,0.0,151.0,0.0,1088.0,4.0,54.0,1.0,1.0,0.0,0.0,0.0,2.0,0.0,1.0,0.0,755.0,755.0,1.0
0.756,2720.0,653.0,707.0,2013.0,2067.0,2039.0,2041.0,679.0,681.0,0.0,0.0,0.0,1.0,0.0,0.0,0.0,0.0,0.0,0.0,250000.0,0.019999999552965164,31.999046325683594,0.0,0.0,0.0,151.0,30240.0,0.0,151.0,0.0,1088.0,4.0,54.0,1.0,1.0,0.0,0.0,0.0,2.0,0.0,1.0,0.0,756.0,756.0,1.0
0.757,2720.0,653.0,707.0,2013.0,2067.0,2039.0,2041.0,679.0,681.0,0.0,0.0,0.0,1.0,0.0,0.0,0.0,0.0,0.0,0.0,250000.0,0.019999999552965164,31.999046325683594,0.0,0.0,0.0,151.0,30280.0,0.0,151.0,0.0,1088.0,4.0,54.0,1.0,1.0,0.0,0.0,0.0,2.0,0.0,1.0,0.0,757.0,757.0,1.0
0.758,2720.0,653.0,707.0,2013.0,2067.0,2039.0,2041.0,679.0,681.0,0.0,0.0,0.0,1.0,0.0,0.0,0.0,0.0,0.0,0.0,250000.0,0.019999999552965164,31.999046325683594,0.0,0.0,0.0,151.0,30320.0,0.0,151.0,0.0,1088.0,4.0,54.0,1.0,1.0,0.0,0.0,0.0,2.0,0.0,1.0,0.0,758.0,758.0,1.0
0.759,2720.0,653.0,707.0,2013.0,2067.0,2039.0,2041.0,679.0,681.0,0.0,0.0,0.0,1.0,0.0,0.0,0.0,0.0,0.0,0.0,250000.0,0.019999999552965164,31.999046325683594,0.0,0.0,0.0,151.0,30360.0,0.0,151.0,0.0,1088.0,4.0,54.0,1.0,1.0,0.0,0.0,0.0,2.0,0.0,1.0,0.0,759.0,759.0,1.0
0.76,2720.0,653.0,707.0,2013.0,2067.0,2039.0,2041.0,679.0,681.0,0.0,0.0,0.0,1.0,0.0,0.0,0.0,0.0,0.0,0.0,250000.0,0.019999999552965164,31.999046325683594,0.0,0.0,0.0,151.0,30400.0,0.0,152.0,0.0,1088.0,4.0,54.0,1.0,1.0,0.0,0.0,0.0,2.0,0.0,1.0,0.0,760.0,760.0,1.0
0.761,2720.0,653.0,707.0,2013.0,2067.0,2039.0,2041.0,679.0,681.0,0.0,0.0,0.0,1.0,0.0,0.0,0.0,0.0,0.0,0.0,250000.0,0.019999999552965164,31.999046325683594,0.0,0.0,0.0,152.0,30440.0,0.0,152.0,0.0,1088.0,4.0,54.0,1.0,1.0,0.0,0.0,0.0,2.0,0.0,1.0,0.0,761.0,761.0,1.0
0.762,2720.0,653.0,707.0,2013.0,2067.0,2039.0,2041.0,679.0,681.0,0.0,0.0,0.0,1.0,0.0,0.0,0.0,0.0,0.0,0.0,250000.0,0.019999999552965164,31.999046325683594,0.0,0.0,0.0,152.0,30480.0,0.0,152.0,0.0,1088.0,4.0,54.0,1.0,1.0,0.0,0.0,0.0,2.0,0.0,1.0,0.0,762.0,762.0,1.0
0.763,2720.0,653.0,707.0,2013.0,2067.0,2039.0,2041.0,679.0,681.0,0.0,0.0,0.0,1.0,0.0,0.0,0.0,0.0,0.0,0.0,250000.0,0.019999999552965164,31.999046325683594,0.0,0.0,0.0,152.0,30520.0,0.0,152.0,0.0,1088.0,4.0,54.0,1.0,1.0,0.0,0.0,0.0,2.0,0.0,1.0,0.0,763.0,763.0,1.0
0.764,2720.0,653.0,707.0,2013.0,2067.0,2039.0,2041.0,679.0,681.0,0.0,0.0,0.0,1.0,0.0,0.0,0.0,0.0,0.0,0.0,250000.0,0.019999999552965164,31.999046325683594,0.0,0.0,0.0,152.0,30560.0,0.0,152.0,0.0,1088.0,4.0,54.0,1.0,1.0,0.0,0.0,0.0,2.0,0.0,1.0,0.0,764.0,764.0,1.0
0.765,2720.0,653.0,707.0,2013.0,2067.0,2039.0,2041.0,679.0,681.0,0.0,0.0,0.0,1.0,0.0,0.0,0.0,0.0,0.0,0.0,250000.0,0.019999999552965164,31.999046325683594,0.0,0.0,0.0,152.0,30600.0,0.0,153.0,0.0,1088.0,4.0,54.0,1.0,1.0,0.0,0.0,0.0,2.0,0.0,1.0,0.0,765.0,765.0,1.0
0.766,2720.0,653.0,707.0,2013.0,2067.0,2039.0,2041.0,679.0,681.0,0.0,0.0,0.0,1.0,0.0,0.0,0.0,0.0,0.0,0.0,250000.0,0.019999999552965164,31.999046325683594,0.0,0.0,0.0,153.0,30640.0,0.0,153.0,0.0,1088.0,4.0,54.0,1.0,1.0,0.0,0.0,0.0,2.0,0.0,1.0,0.0,766.0,766.0,1.0
0.767,2720.0,653.0,707.0,2013.0,2067.0,2039.0,2041.0,679.0,681.0,0.0,0.0,0.0,1.0,0.0,0.0,0.0,0.0,0.0,0.0,250000.0,0.019999999552965164,31.999046325683594,0.0,0.0,0.0,153.0,30680.0,0.0,153.0,0.0,1088.0,4.0,54.0,1.0,1.0,0.0,0.0,0.0,2.0,0.0,1.0,0.0,767.0,767.0,1.0
0.768,2720.0,653.0,707.0,2013.0,2067.0,2039.0,2041.0,679.0,681.0,0.0,0.0,0.0,1.0,0.0,0.0,0.0,0.0,0.0,0.0,250000.0,0.019999999552965164,31.999046325683594,0.0,0.0,0.0,153.0,30720.0,0.0,153.0,0.0,1088.0,4.0,54.0,1.0,1.0,0.0,0.0,0.0,2.0,0.0,1.0,0.0,768.0,768.0,1.0
0.769,2720.0,653.0,707.0,2013.0,2067.0,2039.0,2041.0,679.0,681.0,0.0,0.0,0.0,1.0,0.0,0.0,0.0,0.0,0.0,0.0,250000.0,0.019999999552965164,31.999046325683594,0.0,0.0,0.0,153.0,30760.0,0.0,153.0,0.0,1088.0,4.0,54.0,1.0,1.0,0.0,0.0,0.0,2.0,0.0,1.0,0.0,769.0,769.0,1.0
0.77,2720.0,653.0,707.0,2013.0,2067.0,2039.0,2041.0,679.0,681.0,0.0,0.0,0.0,1.0,0.0,0.0,0.0,0.0,0.0,0.0,250000.0,0.019999999552965164,31.999046325683594,0.0,0.0,0.0,153.0,30800.0,0.0,154.0,0.0,1088.0,4.0,54.0,1.0,1.0,0.0,0.0,0.0,2.0,0.0,1.0,0.0,770.0,770.0,1.0
0.771,2720.0,653.0,707.0,2013.0,2067.0,2039.0,2041.0,679.0,681.0,0.0,0.0,0.0,1.0,0.0,0.0,0.0,0.0,0.0,0.0,250000.0,0.019999999552965164,31.999046325683594,0.0,0.0,0.0,154.0,30840.0,0.0,154.0,0.0,1088.0,4.0,54.0,1.0,1.0,0.0,0.0,0.0,2.0,0.0,1.0,0.0,771.0,771.0,1.0
0.772,2720.0,653.0,707.0,2013.0,2067.0,2039.0,2041.0,679.0,681.0,0.0,0.0,0.0,1.0,0.0,0.0,0.0,0.0,0.0,0.0,250000.0,0.019999999552965164,31.999046325683594,0.0,0.0,0.0,154.0,30880.0,0.0,154.0,0.0,1088.0,4.0,54.0,1.0,1.0,0.0,0.0,0.0,2.0,0.0,1.0,0.0,772.0,772.0,1.0
0.773,2720.0,653.0,707.0,2013.0,2067.0,2039.0,2041.0,679.0,681.0,0.0,0.0,0.0,1.0,0.0,0.0,0.0,0.0,0.0,0.0,250000.0,0.019999999552965164,31.999046325683594,0.0,0.0,0.0,154.0,30920.0,0.0,154.0,0.0,1088.0,4.0,54.0,1.0,1.0,0.0,0.0,0.0,2.0,0.0,1.0,0.0,773.0,773.0,1.0
0.774,2720.0,653.0,707.0,2013.0,2067.0,2039.0,2041.0,679.0,681.0,0.0,0.0,0.0,1.0,0.0,0.0,0.0,0.0,0.0,0.0,250000.0,0.019999999552965164,31.999046325683594,0.0,0.0,0.0,154.0,30960.0,0.0,154.0,0.0,1088.0,4.0,54.0,1.0,1.0,0.0,0.0,0.0,2.0,0.0,1.0,0.0,774.0,774.0,1.0
0.775,2720.0,653.0,707.0,2013.0,2067.0,2039.0,2041.0,679.0,681.0,0.0,0.0,0.0,1.0,0.0,0.0,0.0,0.0,0.0,0.0,250000.0,0.019999999552965164,31.999046325683594,0.0,0.0,0.0,154.0,31000.0,0.0,155.0,0.0,1088.0,4.0,54.0,1.0,1.0,0.0,0.0,0.0,2.0,0.0,1.0,0.0,775.0,775.0,1.0
0.776,2720.0,653.0,707.0,2013.0,2067.0,2039.0,2041.0,679.0,681.0,0.0,0.0,0.0,1.0,0.0,0.0,0.0,0.0,0.0,0.0,250000.0,0.019999999552965164,31.999046325683594,0.0,0.0,0.0,155.0,31040.0,0.0,155.0,0.0,1088.0,4.0,54.0,1.0,1.0,0.0,0.0,0.0,2.0,0.0,1.0,0.0,776.0,776.0,1.0
0.777,2720.0,653.0,707.0,2013.0,2067.0,2039.0,2041.0,679.0,681.0,0.0,0.0,0.0,1.0,0.0,0.0,0.0,0.0,0.0,0.0,250000.0,0.019999999552965164,31.999046325683594,0.0,0.0,0.0,155.0,31080.0,0.0,155.0,0.0,1088.0,4.0,54.0,1.0,1.0,0.0,0.0,0.0,2.0,0.0,1.0,0.0,777.0,777.0,1.0
0.778,2720.0,653.0,707.0,2013.0,2067.0,2039.0,2041.0,679.0,681.0,0.0,0.0,0.0,1.0,0.0,0.0,0.0,0.0,0.0,0.0,250000.0,0.019999999552965164,31.999046325683594,0.0,0.0,0.0,155.0,31120.0,0.0,155.0,0.0,1088.0,4.0,54.0,1.0,1.0,0.0,0.0,0.0,2.0,0.0,1.0,0.0,778.0,778.0,1.0
0.779,2720.0,653.0,707.0,2013.0,2067.0,2039.0,2041.0,679.0,681.0,0.0,0.0,0.0,1.0,0.0,0.0,0.0,0.0,0.0,0.0,250000.0,0.019999999552965164,31.999046325683594,0.0,0.0,0.0,155.0,31160.0,0.0,155.0,0.0,1088.0,4.0,54.0,1.0,1.0,0.0,0.0,0.0,2.0,0.0,1.0,0.0,779.0,779.0,1.0
0.78,2720.0,653.0,707.0,2013.0,2067.0,2039.0,2041.0,679.0,681.0,0.0,0.0,0.0,1.0,0.0,0.0,0.0,0.0,0.0,0.0,250000.0,0.019999999552965164,31.999046325683594,0.0,0.0,0.0,155.0,31200.0,0.0,156.0,0.0,1088.0,4.0,54.0,1.0,1.0,0.0,0.0,0.0,2.0,0.0,1.0,0.0,780.0,780.0,1.0
0.781,2720.0,653.0,707.0,2013.0,2067.0,2039.0,2041.0,679.0,681.0,0.0,0.0,0.0,1.0,0.0,0.0,0.0,0.0,0.0,0.0,250000.0,0.019999999552965164,31.999046325683594,0.0,0.0,0.0,156.0,31240.0,0.0,156.0,0.0,1088.0,4.0,54.0,1.0,1.0,0.0,0.0,0.0,2.0,0.0,1.0,0.0,781.0,781.0,1.0
0.782,2720.0,653.0,707.0,2013.0,2067.0,2039.0,2041.0,679.0,681.0,0.0,0.0,0.0,1.0,0.0,0.0,0.0,0.0,0.0,0.0,250000.0,0.019999999552965164,31.999046325683594,0.0,0.0,0.0,156.0,31280.0,0.0,156.0,0.0,1088.0,4.0,54.0,1.0,1.0,0.0,0.0,0.0,2.0,0.0,1.0,0.0,782.0,782.0,1.0
0.783,2720.0,653.0,707.0,2013.0,2067.0,2039.0,2041.0,679.0,681.0,0.0,0.0,0.0,1.0,0.0,0.0,0.0,0.0,0.0,0.0,250000.0,0.019999999552965164,31.999046325683594,0.0,0.0,0.0,156.0,31320.0,0.0,156.0,0.0,1088.0,4.0,54.0,1.0,1.0,0.0,0.0,0.0,2.0,0.0,1.0,0.0,783.0,783.0,1.0
0.784,2720.0,653.0,707.0,2013.0,2067.0,2039.0,2041.0,679.0,681.0,0.0,0.0,0.0,1.0,0.0,0.0,0.0,0.0,0.0,0.0,250000.0,0.019999999552965164,31.999046325683594,0.0,0.0,0.0,156.0,31360.0,0.0,156.0,0.0,1088.0,4.0,54.0,1.0,1.0,0.0,0.0,0.0,2.0,0.0,1.0,0.0,784.0,784.0,1.0
0.785,2720.0,653.0,707.0,2013.0,2067.0,2039.0,2041.0,679.0,681.0,0.0,0.0,0.0,1.0,0.0,0.0,0.0,0.0,0.0,0.0,250000.0,0.019999999552965164,31.999046325683594,0.0,0.0,0.0,156.0,31400.0,0.0,157.0,0.0,1088.0,4.0,54.0,1.0,1.0,0.0,0.0,0.0,2.0,0.0,1.0,0.0,785.0,785.0,1.0
0.786,2720.0,653.0,707.0,2013.0,2067.0,2039.0,2041.0,679.0,681.0,0.0,0.0,0.0,1.0,0.0,0.0,0.0,0.0,0.0,0.0,250000.0,0.019999999552965164,31.999046325683594,0.0,0.0,0.0,157.0,31440.0,0.0,157.0,0.0,1088.0,4.0,54.0,1.0,1.0,0.0,0.0,0.0,2.0,0.0,1.0,0.0,786.0,786.0,1.0
0.787,2720.0,653.0,707.0,2013.0,2067.0,2039.0,2041.0,679.0,681.0,0.0,0.0,0.0,1.0,0.0,0.0,0.0,0.0,0.0,0.0,250000.0,0.019999999552965164,31.999046325683594,0.0,0.0,0.0,157.0,31480.0,0.0,157.0,0.0,1088.0,4.0,54.0,1.0,1.0,0.0,0.0,0.0,2.0,0.0,1.0,0.0,787.0,787.0,1.0
0.788,2720.0,653.0,707.0,2013.0,2067.0,2039.0,2041.0,679.0,681.0,0.0,0.0,0.0,1.0,0.0,0.0,0.0,0.0,0.0,0.0,250000.0,0.019999999552965164,31.999046325683594,0.0,0.0,0.0,157.0,31520.0,0.0,157.0,0.0,1088.0,4.0,54.0,1.0,1.0,0.0,0.0,0.0,2.0,0.0,1.0,0.0,788.0,788.0,1.0
0.789,2720.0,653.0,707.0,2013.0,2067.0,2039.0,2041.0,679.0,681.0,0.0,0.0,0.0,1.0,0.0,0.0,0.0,0.0,0.0,0.0,250000.0,0.019999999552965164,31.999046325683594,0.0,0.0,0.0,157.0,31560.0,0.0,157.0,0.0,1088.0,4.0,54.0,1.0,1.0,0.0,0.0,0.0,2.0,0.0,1.0,0.0,789.0,789.0,1.0
0.79,2720.0,653.0,707.0,2013.0,2067.0,2039.0,2041.0,679.0,681.0,0.0,0.0,0.0,1.0,0.0,0.0,0.0,0.0,0.0,0.0,250000.0,0.019999999552965164,31.999046325683594,0.0,0.0,0.0,157.0,31600.0,0.0,158.0,0.0,1088.0,4.0,54.0,1.0,1.0,0.0,0.0,0.0,2.0,0.0,1.0,0.0,790.0,790.0,1.0
0.791,2720.0,653.0,707.0,2013.0,2067.0,2039.0,2041.0,679.0,681.0,0.0,0.0,0.0,1.0,0.0,0.0,0.0,0.0,0.0,0.0,250000.0,0.019999999552965164,31.999046325683594,0.0,0.0,0.0,158.0,31640.0,0.0,158.0,0.0,1088.0,4.0,54.0,1.0,1.0,0.0,0.0,0.0,2.0,0.0,1.0,0.0,791.0,791.0,1.0
0.792,2720.0,653.0,707.0,2013.0,2067.0,2039.0,2041.0,679.0,681.0,0.0,0.0,0.0,1.0,0.0,0.0,0.0,0.0,0.0,0.0,250000.0,0.019999999552965164,31.999046325683594,0.0,0.0,0.0,158.0,31680.0,0.0,158.0,0.0,1088.0,4.0,54.0,1.0,1.0,0.0,0.0,0.0,2.0,0.0,1.0,0.0,792.0,792.0,1.0
0.793,2720.0,653.0,707.0,2013.0,2067.0,2039.0,2041.0,679.0,681.0,0.0,0.0,0.0,1.0,0.0,0.0,0.0,0.0,0.0,0.0,250000.0,0.019999999552965164,31.999046325683594,0.0,0.0,0.0,158.0,31720.0,0.0,158.0,0.0,1088.0,4.0,54.0,1.0,1.0,0.0,0.0,0.0,2.0,0.0,1.0,0.0,793.0,793.0,1.0
0.794,2720.0,653.0,707.0,2013.0,2067.0,2039.0,2041.0,679.0,681.0,0.0,0.0,0.0,1.0,0.0,0.0,0.0,0.0,0.0,0.0,250000.0,0.019999999552965164,31.999046325683594,0.0,0.0,0.0,158.0,31760.0,0.0,158.0,0.0,1088.0,4.0,54.0,1.0,1.0,0.0,0.0,0.0,2.0,0.0,1.0,0.0,794.0,794.0,1.0
0.795,2720.0,653.0,707.0,2013.0,2067.0,2039.0,2041.0,679.0,681.0,0.0,0.0,0.0,1.0,0.0,0.0,0.0,0.0,0.0,0.0,250000.0,0.019999999552965164,31.999046325683594,0.0,0.0,0.0,158.0,31800.0,0.0,159.0,0.0,1088.0,4.0,54.0,1.0,1.0,0.0,0.0,0.0,2.0,0.0,1.0,0.0,795.0,795.0,1.0
0.796,2720.0,653.0,707.0,2013.0,2067.0,2039.0,2041.0,679.0,681.0,0.0,0.0,0.0,1.0,0.0,0.0,0.0,0.0,0.0,0.0,250000.0,0.019999999552965164,31.999046325683594,0.0,0.0,0.0,159.0,31840.0,0.0,159.0,0.0,1088.0,4.0,54.0,1.0,1.0,0.0,0.0,0.0,2.0,0.0,1.0,0.0,796.0,796.0,1.0
0.797,2720.0,653.0,707.0,2013.0,2067.0,2039.0,2041.0,679.0,681.0,0.0,0.0,0.0,1.0,0.0,0.0,0.0,0.0,0.0,0.0,250000.0,0.019999999552965164,31.999046325683594,0.0,0.0,0.0,159.0,31880.0,0.0,159.0,0.0,1088.0,4.0,54.0,1.0,1.0,0.0,0.0,0.0,2.0,0.0,1.0,0.0,797.0,797.0,1.0
0.798,2720.0,653.0,707.0,2013.0,2067.0,2039.0,2041.0,679.0,681.0,0.0,0.0,0.0,1.0,0.0,0.0,0.0,0.0,0.0,0.0,250000.0,0.019999999552965164,31.999046325683594,0.0,0.0,0.0,159.0,31920.0,0.0,159.0,0.0,1088.0,4.0,54.0,1.0,1.0,0.0,0.0,0.0,2.0,0.0,1.0,0.0,798.0,798.0,1.0
0.799,2720.0,653.0,707.0,2013.0,2067.0,2039.0,2041.0,679.0,681.0,0.0,0.0,0.0,1.0,0.0,0.0,0.0,0.0,0.0,0.0,250000.0,0.019999999552965164,31.999046325683594,0.0,0.0,0.0,159.0,31960.0,0.0,159.0,0.0,1088.0,4.0,54.0,1.0,1.0,0.0,0.0,0.0,2.0,0.0,1.0,0.0,799.0,799.0,1.0
0.8,2720.0,653.0,707.0,2013.0,2067.0,2039.0,2041.0,679.0,681.0,0.0,0.0,0.0,1.0,0.0,0.0,0.0,0.0,0.0,0.0,250000.0,0.019999999552965164,31.999046325683594,0.0,0.0,0.0,159.0,32000.0,0.0,160.0,0.0,1088.0,4.0,54.0,1.0,1.0,0.0,0.0,0.0,2.0,0.0,1.0,0.0,800.0,800.0,1.0
0.801,2720.0,653.0,707.0,2013.0,2067.0,2039.0,2041.0,679.0,681.0,0.0,0.0,0.0,1.0,0.0,0.0,0.0,0.0,0.0,0.0,250000.0,0.019999999552965164,31.999046325683594,0.0,0.0,0.0,160.0,32040.0,0.0,160.0,0.0,1088.0,4.0,54.0,1.0,1.0,0.0,0.0,0.0,2.0,0.0,1.0,0.0,801.0,801.0,1.0
0.802,2720.0,653.0,707.0,2013.0,2067.0,2039.0,2041.0,679.0,681.0,0.0,0.0,0.0,1.0,0.0,0.0,0.0,0.0,0.0,0.0,250000.0,0.019999999552965164,31.999046325683594,0.0,0.0,0.0,160.0,32080.0,0.0,160.0,0.0,1088.0,4.0,54.0,1.0,1.0,0.0,0.0,0.0,2.0,0.0,1.0,0.0,802.0,802.0,1.0
0.803,2720.0,653.0,707.0,2013.0,2067.0,2039.0,2041.0,679.0,681.0,0.0,0.0,0.0,1.0,0.0,0.0,0.0,0.0,0.0,0.0,250000.0,0.019999999552965164,31.999046325683594,0.0,0.0,0.0,160.0,32120.0,0.0,160.0,0.0,1088.0,4.0,54.0,1.0,1.0,0.0,0.0,0.0,2.0,0.0,1.0,0.0,803.0,803.0,1.0
0.804,2720.0,653.0,707.0,2013.0,2067.0,2039.0,2041.0,679.0,681.0,0.0,0.0,0.0,1.0,0.0,0.0,0.0,0.0,0.0,0.0,250000.0,0.019999999552965164,31.999046325683594,0.0,0.0,0.0,160.0,32160.0,0.0,160.0,0.0,1088.0,4.0,54.0,1.0,1.0,0.0,0.0,0.0,2.0,0.0,1.0,0.0,804.0,804.0,1.0
0.805,2720.0,653.0,707.0,2013.0,2067.0,2039.0,2041.0,679.0,681.0,0.0,0.0,0.0,1.0,0.0,0.0,0.0,0.0,0.0,0.0,250000.0,0.019999999552965164,31.999046325683594,0.0,0.0,0.0,160.0,32200.0,0.0,161.0,0.0,1088.0,4.0,54.0,1.0,1.0,0.0,0.0,0.0,2.0,0.0,1.0,0.0,805.0,805.0,1.0
0.806,2720.0,653.0,707.0,2013.0,2067.0,2039.0,2041.0,679.0,681.0,0.0,0.0,0.0,1.0,0.0,0.0,0.0,0.0,0.0,0.0,250000.0,0.019999999552965164,31.999046325683594,0.0,0.0,0.0,161.0,32240.0,0.0,161.0,0.0,1088.0,4.0,54.0,1.0,1.0,0.0,0.0,0.0,2.0,0.0,1.0,0.0,806.0,806.0,1.0
0.807,2720.0,653.0,707.0,2013.0,2067.0,2039.0,2041.0,679.0,681.0,0.0,0.0,0.0,1.0,0.0,0.0,0.0,0.0,0.0,0.0,250000.0,0.019999999552965164,31.999046325683594,0.0,0.0,0.0,161.0,32280.0,0.0,161.0,0.0,1088.0,4.0,54.0,1.0,1.0,0.0,0.0,0.0,2.0,0.0,1.0,0.0,807.0,807.0,1.0
0.808,2720.0,653.0,707.0,2013.0,2067.0,2039.0,2041.0,679.0,681.0,0.0,0.0,0.0,1.0,0.0,0.0,0.0,0.0,0.0,0.0,250000.0,0.019999999552965164,31.999046325683594,0.0,0.0,0.0,161.0,32320.0,0.0,161.0,0.0,1088.0,4.0,54.0,1.0,1.0,0.0,0.0,0.0,2.0,0.0,1.0,0.0,808.0,808.0,1.0
0.809,2720.0,653.0,707.0,2013.0,2067.0,2039.0,2041.0,679.0,681.0,0.0,0.0,0.0,1.0,0.0,0.0,0.0,0.0,0.0,0.0,250000.0,0.019999999552965164,31.999046325683594,0.0,0.0,0.0,161.0,32360.0,0.0,161.0,0.0,1088.0,4.0,54.0,1.0,1.0,0.0,0.0,0.0,2.0,0.0,1.0,0.0,809.0,809.0,1.0
0.81,2720.0,653.0,707.0,2013.0,2067.0,2039.0,2041.0,679.0,681.0,0.0,0.0,0.0,1.0,0.0,0.0,0.0,0.0,0.0,0.0,250000.0,0.019999999552965164,31.999046325683594,0.0,0.0,0.0,161.0,32400.0,0.0,162.0,0.0,1088.0,4.0,54.0,1.0,1.0,0.0,0.0,0.0,2.0,0.0,1.0,0.0,810.0,810.0,1.0
0.811,2720.0,653.0,707.0,2013.0,2067.0,2039.0,2041.0,679.0,681.0,0.0,0.0,0.0,1.0,0.0,0.0,0.0,0.0,0.0,0.0,250000.0,0.019999999552965164,31.999046325683594,0.0,0.0,0.0,162.0,32440.0,0.0,162.0,0.0,1088.0,4.0,54.0,1.0,1.0,0.0,0.0,0.0,2.0,0.0,1.0,0.0,811.0,811.0,1.0
0.812,2720.0,653.0,707.0,2013.0,2067.0,2039.0,2041.0,679.0,681.0,0.0,0.0,0.0,1.0,0.0,0.0,0.0,0.0,0.0,0.0,250000.0,0.019999999552965164,31.999046325683594,0.0,0.0,0.0,162.0,32480.0,0.0,162.0,0.0,1088.0,4.0,54.0,1.0,1.0,0.0,0.0,0.0,2.0,0.0,1.0,0.0,812.0,812.0,1.0
0.8130000000000001,2720.0,653.0,707.0,2013.0,2067.0,2039.0,2041.0,679.0,681.0,0.0,0.0,0.0,1.0,0.0,0.0,0.0,0.0,0.0,0.0,250000.0,0.019999999552965164,31.999046325683594,0.0,0.0,0.0,162.0,32520.0,0.0,162.0,0.0,1088.0,4.0,54.0,1.0,1.0,0.0,0.0,0.0,2.0,0.0,1.0,0.0,813.0,813.0,1.0
0.8140000000000001,2720.0,653.0,707.0,2013.0,2067.0,2039.0,2041.0,679.0,681.0,0.0,0.0,0.0,1.0,0.0,0.0,0.0,0.0,0.0,0.0,250000.0,0.019999999552965164,31.999046325683594,0.0,0.0,0.0,162.0,32560.0,0.0,162.0,0.0,1088.0,4.0,54.0,1.0,1.0,0.0,0.0,0.0,2.0,0.0,1.0,0.0,814.0,814.0,1.0
0.8150000000000001,2720.0,653.0,707.0,2013.0,2067.0,2039.0,2041.0,679.0,681.0,0.0,0.0,0.0,1.0,0.0,0.0,0.0,0.0,0.0,0.0,250000.0,0.019999999552965164,31.999046325683594,0.0,0.0,0.0,162.0,32600.0,0.0,163.0,0.0,1088.0,4.0,54.0,1.0,1.0,0.0,0.0,0.0,2.0,0.0,1.0,0.0,815.0,815.0,1.0
0.8160000000000001,2720.0,653.0,707.0,2013.0,2067.0,2039.0,2041.0,679.0,681.0,0.0,0.0,0.0,1.0,0.0,0.0,0.0,0.0,0.0,0.0,250000.0,0.019999999552965164,31.999046325683594,0.0,0.0,0.0,163.0,32640.0,0.0,163.0,0.0,1088.0,4.0,54.0,1.0,1.0,0.0,0.0,0.0,2.0,0.0,1.0,0.0,816.0,816.0,1.0
0.8170000000000001,2720.0,653.0,707.0,2013.0,2067.0,2039.0,2041.0,679.0,681.0,0.0,0.0,0.0,1.0,0.0,0.0,0.0,0.0,0.0,0.0,250000.0,0.019999999552965164,31.999046325683594,0.0,0.0,0.0,163.0,32680.0,0.0,163.0,0.0,1088.0,4.0,54.0,1.0,1.0,0.0,0.0,0.0,2.0,0.0,1.0,0.0,817.0,817.0,1.0
0.8180000000000001,2720.0,653.0,707.0,2013.0,2067.0,2039.0,2041.0,679.0,681.0,0.0,0.0,0.0,1.0,0.0,0.0,0.0,0.0,0.0,0.0,250000.0,0.019999999552965164,31.999046325683594,0.0,0.0,0.0,163.0,32720.0,0.0,163.0,0.0,1088.0,4.0,54.0,1.0,1.0,0.0,0.0,0.0,2.0,0.0,1.0,0.0,818.0,818.0,1.0
0.8190000000000001,2720.0,653.0,707.0,2013.0,2067.0,2039.0,2041.0,679.0,681.0,0.0,0.0,0.0,1.0,0.0,0.0,0.0,0.0,0.0,0.0,250000.0,0.019999999552965164,31.999046325683594,0.0,0.0,0.0,163.0,32760.0,0.0,163.0,0.0,1088.0,4.0,54.0,1.0,1.0,0.0,0.0,0.0,2.0,0.0,1.0,0.0,819.0,819.0,1.0
0.8200000000000001,2720.0,653.0,707.0,2013.0,2067.0,2039.0,2041.0,679.0,681.0,0.0,0.0,0.0,1.0,0.0,0.0,0.0,0.0,0.0,0.0,250000.0,0.019999999552965164,31.999046325683594,0.0,0.0,0.0,163.0,32800.0,0.0,164.0,0.0,1088.0,4.0,54.0,1.0,1.0,0.0,0.0,0.0,2.0,0.0,1.0,0.0,820.0,820.0,1.0
0.8210000000000001,2720.0,653.0,707.0,2013.0,2067.0,2039.0,2041.0,679.0,681.0,0.0,0.0,0.0,1.0,0.0,0.0,0.0,0.0,0.0,0.0,250000.0,0.019999999552965164,31.999046325683594,0.0,0.0,0.0,164.0,32840.0,0.0,164.0,0.0,1088.0,4.0,54.0,1.0,1.0,0.0,0.0,0.0,2.0,0.0,1.0,0.0,821.0,821.0,1.0
0.8220000000000001,2720.0,653.0,707.0,2013.0,2067.0,2039.0,2041.0,679.0,681.0,0.0,0.0,0.0,1.0,0.0,0.0,0.0,0.0,0.0,0.0,250000.0,0.019999999552965164,31.999046325683594,0.0,0.0,0.0,164.0,32880.0,0.0,164.0,0.0,1088.0,4.0,54.0,1.0,1.0,0.0,0.0,0.0,2.0,0.0,1.0,0.0,822.0,822.0,1.0
0.8230000000000001,2720.0,653.0,707.0,2013.0,2067.0,2039.0,2041.0,679.0,681.0,0.0,0.0,0.0,1.0,0.0,0.0,0.0,0.0,0.0,0.0,250000.0,0.019999999552965164,31.999046325683594,0.0,0.0,0.0,164.0,32920.0,0.0,164.0,0.0,1088.0,4.0,54.0,1.0,1.0,0.0,0.0,0.0,2.0,0.0,1.0,0.0,823.0,823.0,1.0
0.8240000000000001,2720.0,653.0,707.0,2013.0,2067.0,2039.0,2041.0,679.0,681.0,0.0,0.0,0.0,1.0,0.0,0.0,0.0,0.0,0.0,0.0,250000.0,0.019999999552965164,31.999046325683594,0.0,0.0,0.0,164.0,32960.0,0.0,164.0,0.0,1088.0,4.0,54.0,1.0,1.0,0.0,0.0,0.0,2.0,0.0,1.0,0.0,824.0,824.0,1.0
0.8250000000000001,2720.0,653.0,707.0,2013.0,2067.0,2039.0,2041.0,679.0,681.0,0.0,0.0,0.0,1.0,0.0,0.0,0.0,0.0,0.0,0.0,250000.0,0.019999999552965164,31.999046325683594,0.0,0.0,0.0,164.0,33000.0,0.0,165.0,0.0,1088.0,4.0,54.0,1.0,1.0,0.0,0.0,0.0,2.0,0.0,1.0,0.0,825.0,825.0,1.0
0.8260000000000001,2720.0,653.0,707.0,2013.0,2067.0,2039.0,2041.0,679.0,681.0,0.0,0.0,0.0,1.0,0.0,0.0,0.0,0.0,0.0,0.0,250000.0,0.019999999552965164,31.999046325683594,0.0,0.0,0.0,165.0,33040.0,0.0,165.0,0.0,1088.0,4.0,54.0,1.0,1.0,0.0,0.0,0.0,2.0,0.0,1.0,0.0,826.0,826.0,1.0
0.8270000000000001,2720.0,653.0,707.0,2013.0,2067.0,2039.0,2041.0,679.0,681.0,0.0,0.0,0.0,1.0,0.0,0.0,0.0,0.0,0.0,0.0,250000.0,0.019999999552965164,31.999046325683594,0.0,0.0,0.0,165.0,33080.0,0.0,165.0,0.0,1088.0,4.0,54.0,1.0,1.0,0.0,0.0,0.0,2.0,0.0,1.0,0.0,827.0,827.0,1.0
0.8280000000000001,2720.0,653.0,707.0,2013.0,2067.0,2039.0,2041.0,679.0,681.0,0.0,0.0,0.0,1.0,0.0,0.0,0.0,0.0,0.0,0.0,250000.0,0.019999999552965164,31.999046325683594,0.0,0.0,0.0,165.0,33120.0,0.0,165.0,0.0,1088.0,4.0,54.0,1.0,1.0,0.0,0.0,0.0,2.0,0.0,1.0,0.0,828.0,828.0,1.0
0.8290000000000001,2720.0,653.0,707.0,2013.0,2067.0,2039.0,2041.0,679.0,681.0,0.0,0.0,0.0,1.0,0.0,0.0,0.0,0.0,0.0,0.0,250000.0,0.019999999552965164,31.999046325683594,0.0,0.0,0.0,165.0,33160.0,0.0,165.0,0.0,1088.0,4.0,54.0,1.0,1.0,0.0,0.0,0.0,2.0,0.0,1.0,0.0,829.0,829.0,1.0
0.8300000000000001,2720.0,653.0,707.0,2013.0,2067.0,2039.0,2041.0,679.0,681.0,0.0,0.0,0.0,1.0,0.0,0.0,0.0,0.0,0.0,0.0,250000.0,0.019999999552965164,31.999046325683594,0.0,0.0,0.0,165.0,33200.0,0.0,166.0,0.0,1088.0,4.0,54.0,1.0,1.0,0.0,0.0,0.0,2.0,0.0,1.0,0.0,830.0,830.0,1.0
0.8310000000000001,2720.0,653.0,707.0,2013.0,2067.0,2039.0,2041.0,679.0,681.0,0.0,0.0,0.0,1.0,0.0,0.0,0.0,0.0,0.0,0.0,250000.0,0.019999999552965164,31.999046325683594,0.0,0.0,0.0,166.0,33240.0,0.0,166.0,0.0,1088.0,4.0,54.0,1.0,1.0,0.0,0.0,0.0,2.0,0.0,1.0,0.0,831.0,831.0,1.0
0.8320000000000001,2720.0,653.0,707.0,2013.0,2067.0,2039.0,2041.0,679.0,681.0,0.0,0.0,0.0,1.0,0.0,0.0,0.0,0.0,0.0,0.0,250000.0,0.019999999552965164,31.999046325683594,0.0,0.0,0.0,166.0,33280.0,0.0,166.0,0.0,1088.0,4.0,54.0,1.0,1.0,0.0,0.0,0.0,2.0,0.0,1.0,0.0,832.0,832.0,1.0
0.8330000000000001,2720.0,653.0,707.0,2013.0,2067.0,2039.0,2041.0,679.0,681.0,0.0,0.0,0.0,1.0,0.0,0.0,0.0,0.0,0.0,0.0,250000.0,0.019999999552965164,31.999046325683594,0.0,0.0,0.0,166.0,33320.0,0.0,166.0,0.0,1088.0,4.0,54.0,1.0,1.0,0.0,0.0,0.0,2.0,0.0,1.0,0.0,833.0,833.0,1.0
0.8340000000000001,2720.0,653.0,707.0,2013.0,2067.0,2039.0,2041.0,679.0,681.0,0.0,0.0,0.0,1.0,0.0,0.0,0.0,0.0,0.0,0.0,250000.0,0.019999999552965164,31.999046325683594,0.0,0.0,0.0,166.0,33360.0,0.0,166.0,0.0,1088.0,4.0,54.0,1.0,1.0,0.0,0.0,0.0,2.0,0.0,1.0,0.0,834.0,834.0,1.0
0.8350000000000001,2720.0,653.0,707.0,2013.0,2067.0,2039.0,2041.0,679.0,681.0,0.0,0.0,0.0,1.0,0.0,0.0,0.0,0.0,0.0,0.0,250000.0,0.019999999552965164,31.999046325683594,0.0,0.0,0.0,166.0,33400.0,0.0,167.0,0.0,1088.0,4.0,54.0,1.0,1.0,0.0,0.0,0.0,2.0,0.0,1.0,0.0,835.0,835.0,1.0
0.8360000000000001,2720.0,653.0,707.0,2013.0,2067.0,2039.0,2041.0,679.0,681.0,0.0,0.0,0.0,1.0,0.0,0.0,0.0,0.0,0.0,0.0,250000.0,0.019999999552965164,31.999046325683594,0.0,0.0,0.0,167.0,33440.0,0.0,167.0,0.0,1088.0,4.0,54.0,1.0,1.0,0.0,0.0,0.0,2.0,0.0,1.0,0.0,836.0,836.0,1.0
0.8370000000000001,2720.0,653.0,707.0,2013.0,2067.0,2039.0,2041.0,679.0,681.0,0.0,0.0,0.0,1.0,0.0,0.0,0.0,0.0,0.0,0.0,250000.0,0.019999999552965164,31.999046325683594,0.0,0.0,0.0,167.0,33480.0,0.0,167.0,0.0,1088.0,4.0,54.0,1.0,1.0,0.0,0.0,0.0,2.0,0.0,1.0,0.0,837.0,837.0,1.0
0.8380000000000001,2720.0,653.0,707.0,2013.0,2067.0,2039.0,2041.0,679.0,681.0,0.0,0.0,0.0,1.0,0.0,0.0,0.0,0.0,0.0,0.0,250000.0,0.019999999552965164,31.999046325683594,0.0,0.0,0.0,167.0,33520.0,0.0,167.0,0.0,1088.0,4.0,54.0,1.0,1.0,0.0,0.0,0.0,2.0,0.0,1.0,0.0,838.0,838.0,1.0
0.8390000000000001,2720.0,653.0,707.0,2013.0,2067.0,2039.0,2041.0,679.0,681.0,0.0,0.0,0.0,1.0,0.0,0.0,0.0,0.0,0.0,0.0,250000.0,0.019999999552965164,31.999046325683594,0.0,0.0,0.0,167.0,33560.0,0.0,167.0,0.0,1088.0,4.0,54.0,1.0,1.0,0.0,0.0,0.0,2.0,0.0,1.0,0.0,839.0,839.0,1.0
0.8400000000000001,2720.0,653.0,707.0,2013.0,2067.0,2039.0,2041.0,679.0,681.0,0.0,0.0,0.0,1.0,0.0,0.0,0.0,0.0,0.0,0.0,250000.0,0.019999999552965164,31.999046325683594,0.0,0.0,0.0,167.0,33600.0,0.0,168.0,0.0,1088.0,4.0,54.0,1.0,1.0,0.0,0.0,0.0,2.0,0.0,1.0,0.0,840.0,840.0,1.0
0.8410000000000001,2720.0,653.0,707.0,2013.0,2067.0,2039.0,2041.0,679.0,681.0,0.0,0.0,0.0,1.0,0.0,0.0,0.0,0.0,0.0,0.0,250000.0,0.019999999552965164,31.999046325683594,0.0,0.0,0.0,168.0,33640.0,0.0,168.0,0.0,1088.0,4.0,54.0,1.0,1.0,0.0,0.0,0.0,2.0,0.0,1.0,0.0,841.0,841.0,1.0
0.8420000000000001,2720.0,653.0,707.0,2013.0,2067.0,2039.0,2041.0,679.0,681.0,0.0,0.0,0.0,1.0,0.0,0.0,0.0,0.0,0.0,0.0,250000.0,0.019999999552965164,31.999046325683594,0.0,0.0,0.0,168.0,33680.0,0.0,168.0,0.0,1088.0,4.0,54.0,1.0,1.0,0.0,0.0,0.0,2.0,0.0,1.0,0.0,842.0,842.0,1.0
0.8430000000000001,2720.0,653.0,707.0,2013.0,2067.0,2039.0,2041.0,679.0,681.0,0.0,0.0,0.0,1.0,0.0,0.0,0.0,0.0,0.0,0.0,250000.0,0.019999999552965164,31.999046325683594,0.0,0.0,0.0,168.0,33720.0,0.0,168.0,0.0,1088.0,4.0,54.0,1.0,1.0,0.0,0.0,0.0,2.0,0.0,1.0,0.0,843.0,843.0,1.0
0.8440000000000001,2720.0,653.0,707.0,2013.0,2067.0,2039.0,2041.0,679.0,681.0,0.0,0.0,0.0,1.0,0.0,0.0,0.0,0.0,0.0,0.0,250000.0,0.019999999552965164,31.999046325683594,0.0,0.0,0.0,168.0,33760.0,0.0,168.0,0.0,1088.0,4.0,54.0,1.0,1.0,0.0,0.0,0.0,2.0,0.0,1.0,0.0,844.0,844.0,1.0
0.8450000000000001,2720.0,653.0,707.0,2013.0,2067.0,2039.0,2041.0,679.0,681.0,0.0,0.0,0.0,1.0,0.0,0.0,0.0,0.0,0.0,0.0,250000.0,0.019999999552965164,31.999046325683594,0.0,0.0,0.0,168.0,33800.0,0.0,169.0,0.0,1088.0,4.0,54.0,1.0,1.0,0.0,0.0,0.0,2.0,0.0,1.0,0.0,845.0,845.0,1.0
0.8460000000000001,2720.0,653.0,707.0,2013.0,2067.0,2039.0,2041.0,679.0,681.0,0.0,0.0,0.0,1.0,0.0,0.0,0.0,0.0,0.0,0.0,250000.0,0.019999999552965164,31.999046325683594,0.0,0.0,0.0,169.0,33840.0,0.0,169.0,0.0,1088.0,4.0,54.0,1.0,1.0,0.0,0.0,0.0,2.0,0.0,1.0,0.0,846.0,846.0,1.0
0.8470000000000001,2720.0,653.0,707.0,2013.0,2067.0,2039.0,2041.0,679.0,681.0,0.0,0.0,0.0,1.0,0.0,0.0,0.0,0.0,0.0,0.0,250000.0,0.019999999552965164,31.999046325683594,0.0,0.0,0.0,169.0,33880.0,0.0,169.0,0.0,1088.0,4.0,54.0,1.0,1.0,0.0,0.0,0.0,2.0,0.0,1.0,0.0,847.0,847.0,1.0
0.8480000000000001,2720.0,653.0,707.0,2013.0,2067.0,2039.0,2041.0,679.0,681.0,0.0,0.0,0.0,1.0,0.0,0.0,0.0,0.0,0.0,0.0,250000.0,0.019999999552965164,31.999046325683594,0.0,0.0,0.0,169.0,33920.0,0.0,169.0,0.0,1088.0,4.0,54.0,1.0,1.0,0.0,0.0,0.0,2.0,0.0,1.0,0.0,848.0,848.0,1.0
0.8490000000000001,2720.0,653.0,707.0,2013.0,2067.0,2039.0,2041.0,679.0,681.0,0.0,0.0,0.0,1.0,0.0,0.0,0.0,0.0,0.0,0.0,250000.0,0.019999999552965164,31.999046325683594,0.0,0.0,0.0,169.0,33960.0,0.0,169.0,0.0,1088.0,4.0,54.0,1.0,1.0,0.0,0.0,0.0,2.0,0.0,1.0,0.0,849.0,849.0,1.0
0.8500000000000001,2720.0,653.0,707.0,2013.0,2067.0,2039.0,2041.0,679.0,681.0,0.0,0.0,0.0,1.0,0.0,0.0,0.0,0.0,0.0,0.0,250000.0,0.019999999552965164,31.999046325683594,0.0,0.0,0.0,169.0,34000.0,0.0,170.0,0.0,1088.0,4.0,54.0,1.0,1.0,0.0,0.0,0.0,2.0,0.0,1.0,0.0,850.0,850.0,1.0
0.8510000000000001,2720.0,653.0,707.0,2013.0,2067.0,2039.0,2041.0,679.0,681.0,0.0,0.0,0.0,1.0,0.0,0.0,0.0,0.0,0.0,0.0,250000.0,0.019999999552965164,31.999046325683594,0.0,0.0,0.0,170.0,34040.0,0.0,170.0,0.0,1088.0,4.0,54.0,1.0,1.0,0.0,0.0,0.0,2.0,0.0,1.0,0.0,851.0,851.0,1.0
0.8520000000000001,2720.0,653.0,707.0,2013.0,2067.0,2039.0,2041.0,679.0,681.0,0.0,0.0,0.0,1.0,0.0,0.0,0.0,0.0,0.0,0.0,250000.0,0.019999999552965164,31.999046325683594,0.0,0.0,0.0,170.0,34080.0,0.0,170.0,0.0,1088.0,4.0,54.0,1.0,1.0,0.0,0.0,0.0,2.0,0.0,1.0,0.0,852.0,852.0,1.0
0.8530000000000001,2720.0,653.0,707.0,2013.0,2067.0,2039.0,2041.0,679.0,681.0,0.0,0.0,0.0,1.0,0.0,0.0,0.0,0.0,0.0,0.0,250000.0,0.019999999552965164,31.999046325683594,0.0,0.0,0.0,170.0,34120.0,0.0,170.0,0.0,1088.0,4.0,54.0,1.0,1.0,0.0,0.0,0.0,2.0,0.0,1.0,0.0,853.0,853.0,1.0
0.8540000000000001,2720.0,653.0,707.0,2013.0,2067.0,2039.0,2041.0,679.0,681.0,0.0,0.0,0.0,1.0,0.0,0.0,0.0,0.0,0.0,0.0,250000.0,0.019999999552965164,31.999046325683594,0.0,0.0,0.0,170.0,34160.0,0.0,170.0,0.0,1088.0,4.0,54.0,1.0,1.0,0.0,0.0,0.0,2.0,0.0,1.0,0.0,854.0,854.0,1.0
0.8550000000000001,2720.0,653.0,707.0,2013.0,2067.0,2039.0,2041.0,679.0,681.0,0.0,0.0,0.0,1.0,0.0,0.0,0.0,0.0,0.0,0.0,250000.0,0.019999999552965164,31.999046325683594,0.0,0.0,0.0,170.0,34200.0,0.0,171.0,0.0,1088.0,4.0,54.0,1.0,1.0,0.0,0.0,0.0,2.0,0.0,1.0,0.0,855.0,855.0,1.0
0.8560000000000001,2720.0,653.0,707.0,2013.0,2067.0,2039.0,2041.0,679.0,681.0,0.0,0.0,0.0,1.0,0.0,0.0,0.0,0.0,0.0,0.0,250000.0,0.019999999552965164,31.999046325683594,0.0,0.0,0.0,171.0,34240.0,0.0,171.0,0.0,1088.0,4.0,54.0,1.0,1.0,0.0,0.0,0.0,2.0,0.0,1.0,0.0,856.0,856.0,1.0
0.8570000000000001,2720.0,653.0,707.0,2013.0,2067.0,2039.0,2041.0,679.0,681.0,0.0,0.0,0.0,1.0,0.0,0.0,0.0,0.0,0.0,0.0,250000.0,0.019999999552965164,31.999046325683594,0.0,0.0,0.0,171.0,34280.0,0.0,171.0,0.0,1088.0,4.0,54.0,1.0,1.0,0.0,0.0,0.0,2.0,0.0,1.0,0.0,857.0,857.0,1.0
0.8580000000000001,2720.0,653.0,707.0,2013.0,2067.0,2039.0,2041.0,679.0,681.0,0.0,0.0,0.0,1.0,0.0,0.0,0.0,0.0,0.0,0.0,250000.0,0.019999999552965164,31.999046325683594,0.0,0.0,0.0,171.0,34320.0,0.0,171.0,0.0,1088.0,4.0,54.0,1.0,1.0,0.0,0.0,0.0,2.0,0.0,1.0,0.0,858.0,858.0,1.0
0.859,2720.0,653.0,707.0,2013.0,2067.0,2039.0,2041.0,679.0,681.0,0.0,0.0,0.0,1.0,0.0,0.0,0.0,0.0,0.0,0.0,250000.0,0.019999999552965164,31.999046325683594,0.0,0.0,0.0,171.0,34360.0,0.0,171.0,0.0,1088.0,4.0,54.0,1.0,1.0,0.0,0.0,0.0,2.0,0.0,1.0,0.0,859.0,859.0,1.0
0.86,2720.0,653.0,707.0,2013.0,2067.0,2039.0,2041.0,679.0,681.0,0.0,0.0,0.0,1.0,0.0,0.0,0.0,0.0,0.0,0.0,250000.0,0.019999999552965164,31.999046325683594,0.0,0.0,0.0,171.0,34400.0,0.0,172.0,0.0,1088.0,4.0,54.0,1.0,1.0,0.0,0.0,0.0,2.0,0.0,1.0,0.0,860.0,860.0,1.0
0.861,2720.0,653.0,707.0,2013.0,2067.0,2039.0,2041.0,679.0,681.0,0.0,0.0,0.0,1.0,0.0,0.0,0.0,0.0,0.0,0.0,250000.0,0.019999999552965164,31.999046325683594,0.0,0.0,0.0,172.0,34440.0,0.0,172.0,0.0,1088.0,4.0,54.0,1.0,1.0,0.0,0.0,0.0,2.0,0.0,1.0,0.0,861.0,861.0,1.0
0.862,2720.0,653.0,707.0,2013.0,2067.0,2039.0,2041.0,679.0,681.0,0.0,0.0,0.0,1.0,0.0,0.0,0.0,0.0,0.0,0.0,250000.0,0.019999999552965164,31.999046325683594,0.0,0.0,0.0,172.0,34480.0,0.0,172.0,0.0,1088.0,4.0,54.0,1.0,1.0,0.0,0.0,0.0,2.0,0.0,1.0,0.0,862.0,862.0,1.0
0.863,2720.0,653.0,707.0,2013.0,2067.0,2039.0,2041.0,679.0,681.0,0.0,0.0,0.0,1.0,0.0,0.0,0.0,0.0,0.0,0.0,250000.0,0.019999999552965164,31.999046325683594,0.0,0.0,0.0,172.0,34520.0,0.0,172.0,0.0,1088.0,4.0,54.0,1.0,1.0,0.0,0.0,0.0,2.0,0.0,1.0,0.0,863.0,863.0,1.0
0.864,2720.0,653.0,707.0,2013.0,2067.0,2039.0,2041.0,679.0,681.0,0.0,0.0,0.0,1.0,0.0,0.0,0.0,0.0,0.0,0.0,250000.0,0.019999999552965164,31.999046325683594,0.0,0.0,0.0,172.0,34560.0,0.0,172.0,0.0,1088.0,4.0,54.0,1.0,1.0,0.0,0.0,0.0,2.0,0.0,1.0,0.0,864.0,864.0,1.0
0.865,2720.0,653.0,707.0,2013.0,2067.0,2039.0,2041.0,679.0,681.0,0.0,0.0,0.0,1.0,0.0,0.0,0.0,0.0,0.0,0.0,250000.0,0.019999999552965164,31.999046325683594,0.0,0.0,0.0,172.0,34600.0,0.0,173.0,0.0,1088.0,4.0,54.0,1.0,1.0,0.0,0.0,0.0,2.0,0.0,1.0,0.0,865.0,865.0,1.0
0.866,2720.0,653.0,707.0,2013.0,2067.0,2039.0,2041.0,679.0,681.0,0.0,0.0,0.0,1.0,0.0,0.0,0.0,0.0,0.0,0.0,250000.0,0.019999999552965164,31.999046325683594,0.0,0.0,0.0,173.0,34640.0,0.0,173.0,0.0,1088.0,4.0,54.0,1.0,1.0,0.0,0.0,0.0,2.0,0.0,1.0,0.0,866.0,866.0,1.0
0.867,2720.0,653.0,707.0,2013.0,2067.0,2039.0,2041.0,679.0,681.0,0.0,0.0,0.0,1.0,0.0,0.0,0.0,0.0,0.0,0.0,250000.0,0.019999999552965164,31.999046325683594,0.0,0.0,0.0,173.0,34680.0,0.0,173.0,0.0,1088.0,4.0,54.0,1.0,1.0,0.0,0.0,0.0,2.0,0.0,1.0,0.0,867.0,867.0,1.0
0.868,2720.0,653.0,707.0,2013.0,2067.0,2039.0,2041.0,679.0,681.0,0.0,0.0,0.0,1.0,0.0,0.0,0.0,0.0,0.0,0.0,250000.0,0.019999999552965164,31.999046325683594,0.0,0.0,0.0,173.0,34720.0,0.0,173.0,0.0,1088.0,4.0,54.0,1.0,1.0,0.0,0.0,0.0,2.0,0.0,1.0,0.0,868.0,868.0,1.0
0.869,2720.0,653.0,707.0,2013.0,2067.0,2039.0,2041.0,679.0,681.0,0.0,0.0,0.0,1.0,0.0,0.0,0.0,0.0,0.0,0.0,250000.0,0.019999999552965164,31.999046325683594,0.0,0.0,0.0,173.0,34760.0,0.0,173.0,0.0,1088.0,4.0,54.0,1.0,1.0,0.0,0.0,0.0,2.0,0.0,1.0,0.0,869.0,869.0,1.0
0.87,2720.0,653.0,707.0,2013.0,2067.0,2039.0,2041.0,679.0,681.0,0.0,0.0,0.0,1.0,0.0,0.0,0.0,0.0,0.0,0.0,250000.0,0.019999999552965164,31.999046325683594,0.0,0.0,0.0,173.0,34800.0,0.0,174.0,0.0,1088.0,4.0,54.0,1.0,1.0,0.0,0.0,0.0,2.0,0.0,1.0,0.0,870.0,870.0,1.0
0.871,2720.0,653.0,707.0,2013.0,2067.0,2039.0,2041.0,679.0,681.0,0.0,0.0,0.0,1.0,0.0,0.0,0.0,0.0,0.0,0.0,250000.0,0.019999999552965164,31.999046325683594,0.0,0.0,0.0,174.0,34840.0,0.0,174.0,0.0,1088.0,4.0,54.0,1.0,1.0,0.0,0.0,0.0,2.0,0.0,1.0,0.0,871.0,871.0,1.0
0.872,2720.0,653.0,707.0,2013.0,2067.0,2039.0,2041.0,679.0,681.0,0.0,0.0,0.0,1.0,0.0,0.0,0.0,0.0,0.0,0.0,250000.0,0.019999999552965164,31.999046325683594,0.0,0.0,0.0,174.0,34880.0,0.0,174.0,0.0,1088.0,4.0,54.0,1.0,1.0,0.0,0.0,0.0,2.0,0.0,1.0,0.0,872.0,872.0,1.0
0.873,2720.0,653.0,707.0,2013.0,2067.0,2039.0,2041.0,679.0,681.0,0.0,0.0,0.0,1.0,0.0,0.0,0.0,0.0,0.0,0.0,250000.0,0.019999999552965164,31.999046325683594,0.0,0.0,0.0,174.0,34920.0,0.0,174.0,0.0,1088.0,4.0,54.0,1.0,1.0,0.0,0.0,0.0,2.0,0.0,1.0,0.0,873.0,873.0,1.0
0.874,2720.0,653.0,707.0,2013.0,2067.0,2039.0,2041.0,679.0,681.0,0.0,0.0,0.0,1.0,0.0,0.0,0.0,0.0,0.0,0.0,250000.0,0.019999999552965164,31.999046325683594,0.0,0.0,0.0,174.0,34960.0,0.0,174.0,0.0,1088.0,4.0,54.0,1.0,1.0,0.0,0.0,0.0,2.0,0.0,1.0,0.0,874.0,874.0,1.0
0.875,2720.0,653.0,707.0,2013.0,2067.0,2039.0,2041.0,679.0,681.0,0.0,0.0,0.0,1.0,0.0,0.0,0.0,0.0,0.0,0.0,250000.0,0.019999999552965164,31.999046325683594,0.0,0.0,0.0,174.0,35000.0,0.0,175.0,0.0,1088.0,4.0,54.0,1.0,1.0,0.0,0.0,0.0,2.0,0.0,1.0,0.0,875.0,875.0,1.0
0.876,2720.0,653.0,707.0,2013.0,2067.0,2039.0,2041.0,679.0,681.0,0.0,0.0,0.0,1.0,0.0,0.0,0.0,0.0,0.0,0.0,250000.0,0.019999999552965164,31.999046325683594,0.0,0.0,0.0,175.0,35040.0,0.0,175.0,0.0,1088.0,4.0,54.0,1.0,1.0,0.0,0.0,0.0,2.0,0.0,1.0,0.0,876.0,876.0,1.0
0.877,2720.0,653.0,707.0,2013.0,2067.0,2039.0,2041.0,679.0,681.0,0.0,0.0,0.0,1.0,0.0,0.0,0.0,0.0,0.0,0.0,250000.0,0.019999999552965164,31.999046325683594,0.0,0.0,0.0,175.0,35080.0,0.0,175.0,0.0,1088.0,4.0,54.0,1.0,1.0,0.0,0.0,0.0,2.0,0.0,1.0,0.0,877.0,877.0,1.0
0.878,2720.0,653.0,707.0,2013.0,2067.0,2039.0,2041.0,679.0,681.0,0.0,0.0,0.0,1.0,0.0,0.0,0.0,0.0,0.0,0.0,250000.0,0.019999999552965164,31.999046325683594,0.0,0.0,0.0,175.0,35120.0,0.0,175.0,0.0,1088.0,4.0,54.0,1.0,1.0,0.0,0.0,0.0,2.0,0.0,1.0,0.0,878.0,878.0,1.0
0.879,2720.0,653.0,707.0,2013.0,2067.0,2039.0,2041.0,679.0,681.0,0.0,0.0,0.0,1.0,0.0,0.0,0.0,0.0,0.0,0.0,250000.0,0.019999999552965164,31.999046325683594,0.0,0.0,0.0,175.0,35160.0,0.0,175.0,0.0,1088.0,4.0,54.0,1.0,1.0,0.0,0.0,0.0,2.0,0.0,1.0,0.0,879.0,879.0,1.0
0.88,2720.0,653.0,707.0,2013.0,2067.0,2039.0,2041.0,679.0,681.0,0.0,0.0,0.0,1.0,0.0,0.0,0.0,0.0,0.0,0.0,250000.0,0.019999999552965164,31.999046325683594,0.0,0.0,0.0,175.0,35200.0,0.0,176.0,0.0,1088.0,4.0,54.0,1.0,1.0,0.0,0.0,0.0,2.0,0.0,1.0,0.0,880.0,880.0,1.0
0.881,2720.0,653.0,707.0,2013.0,2067.0,2039.0,2041.0,679.0,681.0,0.0,0.0,0.0,1.0,0.0,0.0,0.0,0.0,0.0,0.0,250000.0,0.019999999552965164,31.999046325683594,0.0,0.0,0.0,176.0,35240.0,0.0,176.0,0.0,1088.0,4.0,54.0,1.0,1.0,0.0,0.0,0.0,2.0,0.0,1.0,0.0,881.0,881.0,1.0
0.882,2720.0,653.0,707.0,2013.0,2067.0,2039.0,2041.0,679.0,681.0,0.0,0.0,0.0,1.0,0.0,0.0,0.0,0.0,0.0,0.0,250000.0,0.019999999552965164,31.999046325683594,0.0,0.0,0.0,176.0,35280.0,0.0,176.0,0.0,1088.0,4.0,54.0,1.0,1.0,0.0,0.0,0.0,2.0,0.0,1.0,0.0,882.0,882.0,1.0
0.883,2720.0,653.0,707.0,2013.0,2067.0,2039.0,2041.0,679.0,681.0,0.0,0.0,0.0,1.0,0.0,0.0,0.0,0.0,0.0,0.0,250000.0,0.019999999552965164,31.999046325683594,0.0,0.0,0.0,176.0,35320.0,0.0,176.0,0.0,1088.0,4.0,54.0,1.0,1.0,0.0,0.0,0.0,2.0,0.0,1.0,0.0,883.0,883.0,1.0
0.884,2720.0,653.0,707.0,2013.0,2067.0,2039.0,2041.0,679.0,681.0,0.0,0.0,0.0,1.0,0.0,0.0,0.0,0.0,0.0,0.0,250000.0,0.019999999552965164,31.999046325683594,0.0,0.0,0.0,176.0,35360.0,0.0,176.0,0.0,1088.0,4.0,54.0,1.0,1.0,0.0,0.0,0.0,2.0,0.0,1.0,0.0,884.0,884.0,1.0
0.885,2720.0,653.0,707.0,2013.0,2067.0,2039.0,2041.0,679.0,681.0,0.0,0.0,0.0,1.0,0.0,0.0,0.0,0.0,0.0,0.0,250000.0,0.019999999552965164,31.999046325683594,0.0,0.0,0.0,176.0,35400.0,0.0,177.0,0.0,1088.0,4.0,54.0,1.0,1.0,0.0,0.0,0.0,2.0,0.0,1.0,0.0,885.0,885.0,1.0
0.886,2720.0,653.0,707.0,2013.0,2067.0,2039.0,2041.0,679.0,681.0,0.0,0.0,0.0,1.0,0.0,0.0,0.0,0.0,0.0,0.0,250000.0,0.019999999552965164,31.999046325683594,0.0,0.0,0.0,177.0,35440.0,0.0,177.0,0.0,1088.0,4.0,54.0,1.0,1.0,0.0,0.0,0.0,2.0,0.0,1.0,0.0,886.0,886.0,1.0
0.887,2720.0,653.0,707.0,2013.0,2067.0,2039.0,2041.0,679.0,681.0,0.0,0.0,0.0,1.0,0.0,0.0,0.0,0.0,0.0,0.0,250000.0,0.019999999552965164,31.999046325683594,0.0,0.0,0.0,177.0,35480.0,0.0,177.0,0.0,1088.0,4.0,54.0,1.0,1.0,0.0,0.0,0.0,2.0,0.0,1.0,0.0,887.0,887.0,1.0
0.888,2720.0,653.0,707.0,2013.0,2067.0,2039.0,2041.0,679.0,681.0,0.0,0.0,0.0,1.0,0.0,0.0,0.0,0.0,0.0,0.0,250000.0,0.019999999552965164,31.999046325683594,0.0,0.0,0.0,177.0,35520.0,0.0,177.0,0.0,1088.0,4.0,54.0,1.0,1.0,0.0,0.0,0.0,2.0,0.0,1.0,0.0,888.0,888.0,1.0
0.889,2720.0,653.0,707.0,2013.0,2067.0,2039.0,2041.0,679.0,681.0,0.0,0.0,0.0,1.0,0.0,0.0,0.0,0.0,0.0,0.0,250000.0,0.019999999552965164,31.999046325683594,0.0,0.0,0.0,177.0,35560.0,0.0,177.0,0.0,1088.0,4.0,54.0,1.0,1.0,0.0,0.0,0.0,2.0,0.0,1.0,0.0,889.0,889.0,1.0
0.89,2720.0,653.0,707.0,2013.0,2067.0,2039.0,2041.0,679.0,681.0,0.0,0.0,0.0,1.0,0.0,0.0,0.0,0.0,0.0,0.0,250000.0,0.019999999552965164,31.999046325683594,0.0,0.0,0.0,177.0,35600.0,0.0,178.0,0.0,1088.0,4.0,54.0,1.0,1.0,0.0,0.0,0.0,2.0,0.0,1.0,0.0,890.0,890.0,1.0
0.891,2720.0,653.0,707.0,2013.0,2067.0,2039.0,2041.0,679.0,681.0,0.0,0.0,0.0,1.0,0.0,0.0,0.0,0.0,0.0,0.0,250000.0,0.019999999552965164,31.999046325683594,0.0,0.0,0.0,178.0,35640.0,0.0,178.0,0.0,1088.0,4.0,54.0,1.0,1.0,0.0,0.0,0.0,2.0,0.0,1.0,0.0,891.0,891.0,1.0
0.892,2720.0,653.0,707.0,2013.0,2067.0,2039.0,2041.0,679.0,681.0,0.0,0.0,0.0,1.0,0.0,0.0,0.0,0.0,0.0,0.0,250000.0,0.019999999552965164,31.999046325683594,0.0,0.0,0.0,178.0,35680.0,0.0,178.0,0.0,1088.0,4.0,54.0,1.0,1.0,0.0,0.0,0.0,2.0,0.0,1.0,0.0,892.0,892.0,1.0
0.893,2720.0,653.0,707.0,2013.0,2067.0,2039.0,2041.0,679.0,681.0,0.0,0.0,0.0,1.0,0.0,0.0,0.0,0.0,0.0,0.0,250000.0,0.019999999552965164,31.999046325683594,0.0,0.0,0.0,178.0,35720.0,0.0,178.0,0.0,1088.0,4.0,54.0,1.0,1.0,0.0,0.0,0.0,2.0,0.0,1.0,0.0,893.0,893.0,1.0
0.894,2720.0,653.0,707.0,2013.0,2067.0,2039.0,2041.0,679.0,681.0,0.0,0.0,0.0,1.0,0.0,0.0,0.0,0.0,0.0,0.0,250000.0,0.019999999552965164,31.999046325683594,0.0,0.0,0.0,178.0,35760.0,0.0,178.0,0.0,1088.0,4.0,54.0,1.0,1.0,0.0,0.0,0.0,2.0,0.0,1.0,0.0,894.0,894.0,1.0
0.895,2720.0,653.0,707.0,2013.0,2067.0,2039.0,2041.0,679.0,681.0,0.0,0.0,0.0,1.0,0.0,0.0,0.0,0.0,0.0,0.0,250000.0,0.019999999552965164,31.999046325683594,0.0,0.0,0.0,178.0,35800.0,0.0,179.0,0.0,1088.0,4.0,54.0,1.0,1.0,0.0,0.0,0.0,2.0,0.0,1.0,0.0,895.0,895.0,1.0
0.896,2720.0,653.0,707.0,2013.0,2067.0,2039.0,2041.0,679.0,681.0,0.0,0.0,0.0,1.0,0.0,0.0,0.0,0.0,0.0,0.0,250000.0,0.019999999552965164,31.999046325683594,0.0,0.0,0.0,179.0,35840.0,0.0,179.0,0.0,1088.0,4.0,54.0,1.0,1.0,0.0,0.0,0.0,2.0,0.0,1.0,0.0,896.0,896.0,1.0
0.897,2720.0,653.0,707.0,2013.0,2067.0,2039.0,2041.0,679.0,681.0,0.0,0.0,0.0,1.0,0.0,0.0,0.0,0.0,0.0,0.0,250000.0,0.019999999552965164,31.999046325683594,0.0,0.0,0.0,179.0,35880.0,0.0,179.0,0.0,1088.0,4.0,54.0,1.0,1.0,0.0,0.0,0.0,2.0,0.0,1.0,0.0,897.0,897.0,1.0
0.898,2720.0,653.0,707.0,2013.0,2067.0,2039.0,2041.0,679.0,681.0,0.0,0.0,0.0,1.0,0.0,0.0,0.0,0.0,0.0,0.0,250000.0,0.019999999552965164,31.999046325683594,0.0,0.0,0.0,179.0,35920.0,0.0,179.0,0.0,1088.0,4.0,54.0,1.0,1.0,0.0,0.0,0.0,2.0,0.0,1.0,0.0,898.0,898.0,1.0
0.899,2720.0,653.0,707.0,2013.0,2067.0,2039.0,2041.0,679.0,681.0,0.0,0.0,0.0,1.0,0.0,0.0,0.0,0.0,0.0,0.0,250000.0,0.019999999552965164,31.999046325683594,0.0,0.0,0.0,179.0,35960.0,0.0,179.0,0.0,1088.0,4.0,54.0,1.0,1.0,0.0,0.0,0.0,2.0,0.0,1.0,0.0,899.0,899.0,1.0
0.9,2720.0,653.0,707.0,2013.0,2067.0,2039.0,2041.0,679.0,681.0,0.0,0.0,0.0,1.0,0.0,0.0,0.0,0.0,0.0,0.0,250000.0,0.019999999552965164,31.999046325683594,0.0,0.0,0.0,179.0,36000.0,0.0,180.0,0.0,0.0,4.0,54.0,1.0,1.0,3.0,0.0,0.0,3.0,0.0,0.0,0.0,900.0,900.0,1.0
0.901,2720.0,653.0,707.0,2013.0,2067.0,2039.0,2041.0,679.0,681.0,0.0,0.0,0.0,1.0,0.0,0.0,0.0,0.0,0.0,0.0,250000.0,0.019999999552965164,31.999046325683594,0.0,0.0,0.0,180.0,36040.0,0.0,180.0,0.0,0.0,4.0,54.0,1.0,1.0,3.0,0.0,0.0,3.0,0.0,0.0,0.0,901.0,901.0,1.0
0.902,2720.0,653.0,707.0,2013.0,2067.0,2039.0,2041.0,679.0,681.0,0.0,0.0,0.0,1.0,0.0,0.0,0.0,0.0,0.0,0.0,250000.0,0.019999999552965164,31.999046325683594,0.0,0.0,0.0,180.0,36080.0,0.0,180.0,0.0,0.0,4.0,54.0,1.0,1.0,3.0,0.0,0.0,3.0,0.0,0.0,0.0,902.0,902.0,1.0
0.903,2720.0,653.0,707.0,2013.0,2067.0,2039.0,2041.0,679.0,681.0,0.0,0.0,0.0,1.0,0.0,0.0,0.0,0.0,0.0,0.0,250000.0,0.019999999552965164,31.999046325683594,0.0,0.0,0.0,180.0,36120.0,0.0,180.0,0.0,0.0,4.0,54.0,1.0,1.0,3.0,0.0,0.0,3.0,0.0,0.0,0.0,903.0,903.0,1.0
0.904,2720.0,653.0,707.0,2013.0,2067.0,2039.0,2041.0,679.0,681.0,0.0,0.0,0.0,1.0,0.0,0.0,0.0,0.0,0.0,0.0,250000.0,0.019999999552965164,31.999046325683594,0.0,0.0,0.0,180.0,36160.0,0.0,180.0,0.0,0.0,4.0,54.0,1.0,1.0,3.0,0.0,0.0,3.0,0.0,0.0,0.0,904.0,904.0,1.0
0.905,2720.0,653.0,707.0,2013.0,2067.0,2039.0,2041.0,679.0,681.0,0.0,0.0,0.0,1.0,0.0,0.0,0.0,0.0,0.0,0.0,250000.0,0.019999999552965164,31.999046325683594,0.0,0.0,0.0,180.0,36200.0,0.0,181.0,0.0,0.0,4.0,54.0,1.0,1.0,3.0,0.0,0.0,3.0,0.0,0.0,0.0,905.0,905.0,1.0
0.906,2720.0,653.0,707.0,2013.0,2067.0,2039.0,2041.0,679.0,681.0,0.0,0.0,0.0,1.0,0.0,0.0,0.0,0.0,0.0,0.0,250000.0,0.019999999552965164,31.999046325683594,0.0,0.0,0.0,181.0,36240.0,0.0,181.0,0.0,0.0,4.0,54.0,1.0,1.0,3.0,0.0,0.0,3.0,0.0,0.0,0.0,906.0,906.0,1.0
0.907,2720.0,653.0,707.0,2013.0,2067.0,2039.0,2041.0,679.0,681.0,0.0,0.0,0.0,1.0,0.0,0.0,0.0,0.0,0.0,0.0,250000.0,0.019999999552965164,31.999046325683594,0.0,0.0,0.0,181.0,36280.0,0.0,181.0,0.0,0.0,4.0,54.0,1.0,1.0,3.0,0.0,0.0,3.0,0.0,0.0,0.0,907.0,907.0,1.0
0.908,2720.0,653.0,707.0,2013.0,2067.0,2039.0,2041.0,679.0,681.0,0.0,0.0,0.0,1.0,0.0,0.0,0.0,0.0,0.0,0.0,250000.0,0.019999999552965164,31.999046325683594,0.0,0.0,0.0,181.0,36320.0,0.0,181.0,0.0,0.0,4.0,54.0,1.0,1.0,3.0,0.0,0.0,3.0,0.0,0.0,0.0,908.0,908.0,1.0
0.909,2720.0,653.0,707.0,2013.0,2067.0,2039.0,2041.0,679.0,681.0,0.0,0.0,0.0,1.0,0.0,0.0,0.0,0.0,0.0,0.0,250000.0,0.019999999552965164,31.999046325683594,0.0,0.0,0.0,181.0,36360.0,0.0,181.0,0.0,0.0,4.0,54.0,1.0,1.0,3.0,0.0,0.0,3.0,0.0,0.0,0.0,909.0,909.0,1.0
0.91,2720.0,653.0,707.0,2013.0,2067.0,2039.0,2041.0,679.0,681.0,0.0,0.0,0.0,1.0,0.0,0.0,0.0,0.0,0.0,0.0,250000.0,0.019999999552965164,31.999046325683594,0.0,0.0,0.0,181.0,36400.0,0.0,182.0,0.0,0.0,4.0,54.0,1.0,1.0,3.0,0.0,0.0,3.0,0.0,0.0,0.0,910.0,910.0,1.0
0.911,2720.0,653.0,707.0,2013.0,2067.0,2039.0,2041.0,679.0,681.0,0.0,0.0,0.0,1.0,0.0,0.0,0.0,0.0,0.0,0.0,250000.0,0.019999999552965164,31.999046325683594,0.0,0.0,0.0,182.0,36440.0,0.0,182.0,0.0,0.0,4.0,54.0,1.0,1.0,3.0,0.0,0.0,3.0,0.0,0.0,0.0,911.0,911.0,1.0
0.912,2720.0,653.0,707.0,2013.0,2067.0,2039.0,2041.0,679.0,681.0,0.0,0.0,0.0,1.0,0.0,0.0,0.0,0.0,0.0,0.0,250000.0,0.019999999552965164,31.999046325683594,0.0,0.0,0.0,182.0,36480.0,0.0,182.0,0.0,0.0,4.0,54.0,1.0,1.0,3.0,0.0,0.0,3.0,0.0,0.0,0.0,912.0,912.0,1.0
0.913,2720.0,653.0,707.0,2013.0,2067.0,2039.0,2041.0,679.0,681.0,0.0,0.0,0.0,1.0,0.0,0.0,0.0,0.0,0.0,0.0,250000.0,0.019999999552965164,31.999046325683594,0.0,0.0,0.0,182.0,36520.0,0.0,182.0,0.0,0.0,4.0,54.0,1.0,1.0,3.0,0.0,0.0,3.0,0.0,0.0,0.0,913.0,913.0,1.0
0.914,2720.0,653.0,707.0,2013.0,2067.0,2039.0,2041.0,679.0,681.0,0.0,0.0,0.0,1.0,0.0,0.0,0.0,0.0,0.0,0.0,250000.0,0.019999999552965164,31.999046325683594,0.0,0.0,0.0,182.0,36560.0,0.0,182.0,0.0,0.0,4.0,54.0,1.0,1.0,3.0,0.0,0.0,3.0,0.0,0.0,0.0,914.0,914.0,1.0
0.915,2720.0,653.0,707.0,2013.0,2067.0,2039.0,2041.0,679.0,681.0,0.0,0.0,0.0,1.0,0.0,0.0,0.0,0.0,0.0,0.0,250000.0,0.019999999552965164,31.999046325683594,0.0,0.0,0.0,182.0,36600.0,0.0,183.0,0.0,0.0,4.0,54.0,1.0,1.0,3.0,0.0,0.0,3.0,0.0,0.0,0.0,915.0,915.0,1.0
0.916,2720.0,653.0,707.0,2013.0,2067.0,2039.0,2041.0,679.0,681.0,0.0,0.0,0.0,1.0,0.0,0.0,0.0,0.0,0.0,0.0,250000.0,0.019999999552965164,31.999046325683594,0.0,0.0,0.0,183.0,36640.0,0.0,183.0,0.0,0.0,4.0,54.0,1.0,1.0,3.0,0.0,0.0,3.0,0.0,0.0,0.0,916.0,916.0,1.0
0.917,2720.0,653.0,707.0,2013.0,2067.0,2039.0,2041.0,679.0,681.0,0.0,0.0,0.0,1.0,0.0,0.0,0.0,0.0,0.0,0.0,250000.0,0.019999999552965164,31.999046325683594,0.0,0.0,0.0,183.0,36680.0,0.0,183.0,0.0,0.0,4.0,54.0,1.0,1.0,3.0,0.0,0.0,3.0,0.0,0.0,0.0,917.0,917.0,1.0
0.918,2720.0,653.0,707.0,2013.0,2067.0,2039.0,2041.0,679.0,681.0,0.0,0.0,0.0,1.0,0.0,0.0,0.0,0.0,0.0,0.0,250000.0,0.019999999552965164,31.999046325683594,0.0,0.0,0.0,183.0,36720.0,0.0,183.0,0.0,0.0,4.0,54.0,1.0,1.0,3.0,0.0,0.0,3.0,0.0,0.0,0.0,918.0,918.0,1.0
0.919,2720.0,653.0,707.0,2013.0,2067.0,2039.0,2041.0,679.0,681.0,0.0,0.0,0.0,1.0,0.0,0.0,0.0,0.0,0.0,0.0,250000.0,0.019999999552965164,31.999046325683594,0.0,0.0,0.0,183.0,36760.0,0.0,183.0,0.0,0.0,4.0,54.0,1.0,1.0,3.0,0.0,0.0,3.0,0.0,0.0,0.0,919.0,919.0,1.0
0.92,2720.0,653.0,707.0,2013.0,2067.0,2039.0,2041.0,679.0,681.0,0.0,0.0,0.0,1.0,0.0,0.0,0.0,0.0,0.0,0.0,250000.0,0.019999999552965164,31.999046325683594,0.0,0.0,0.0,183.0,36800.0,0.0,184.0,0.0,0.0,4.0,54.0,1.0,1.0,3.0,0.0,0.0,3.0,0.0,0.0,0.0,920.0,920.0,1.0
0.921,2720.0,653.0,707.0,2013.0,2067.0,2039.0,2041.0,679.0,681.0,0.0,0.0,0.0,1.0,0.0,0.0,0.0,0.0,0.0,0.0,250000.0,0.019999999552965164,31.999046325683594,0.0,0.0,0.0,184.0,36840.0,0.0,184.0,0.0,0.0,4.0,54.0,1.0,1.0,3.0,0.0,0.0,3.0,0.0,0.0,0.0,921.0,921.0,1.0
0.922,2720.0,653.0,707.0,2013.0,2067.0,2039.0,2041.0,679.0,681.0,0.0,0.0,0.0,1.0,0.0,0.0,0.0,0.0,0.0,0.0,250000.0,0.019999999552965164,31.999046325683594,0.0,0.0,0.0,184.0,36880.0,0.0,184.0,0.0,0.0,4.0,54.0,1.0,1.0,3.0,0.0,0.0,3.0,0.0,0.0,0.0,922.0,922.0,1.0
0.923,2720.0,653.0,707.0,2013.0,2067.0,2039.0,2041.0,679.0,681.0,0.0,0.0,0.0,1.0,0.0,0.0,0.0,0.0,0.0,0.0,250000.0,0.019999999552965164,31.999046325683594,0.0,0.0,0.0,184.0,36920.0,0.0,184.0,0.0,0.0,4.0,54.0,1.0,1.0,3.0,0.0,0.0,3.0,0.0,0.0,0.0,923.0,923.0,1.0
0.924,2720.0,653.0,707.0,2013.0,2067.0,2039.0,2041.0,679.0,681.0,0.0,0.0,0.0,1.0,0.0,0.0,0.0,0.0,0.0,0.0,250000.0,0.019999999552965164,31.999046325683594,0.0,0.0,0.0,184.0,36960.0,0.0,184.0,0.0,0.0,4.0,54.0,1.0,1.0,3.0,0.0,0.0,3.0,0.0,0.0,0.0,924.0,924.0,1.0
0.925,2720.0,653.0,707.0,2013.0,2067.0,2039.0,2041.0,679.0,681.0,0.0,0.0,0.0,1.0,0.0,0.0,0.0,0.0,0.0,0.0,250000.0,0.019999999552965164,31.999046325683594,0.0,0.0,0.0,184.0,37000.0,0.0,185.0,0.0,0.0,4.0,54.0,1.0,1.0,3.0,0.0,0.0,3.0,0.0,0.0,0.0,925.0,925.0,1.0
0.926,2720.0,653.0,707.0,2013.0,2067.0,2039.0,2041.0,679.0,681.0,0.0,0.0,0.0,1.0,0.0,0.0,0.0,0.0,0.0,0.0,250000.0,0.019999999552965164,31.999046325683594,0.0,0.0,0.0,185.0,37040.0,0.0,185.0,0.0,0.0,4.0,54.0,1.0,1.0,3.0,0.0,0.0,3.0,0.0,0.0,0.0,926.0,926.0,1.0
0.927,2720.0,653.0,707.0,2013.0,2067.0,2039.0,2041.0,679.0,681.0,0.0,0.0,0.0,1.0,0.0,0.0,0.0,0.0,0.0,0.0,250000.0,0.019999999552965164,31.999046325683594,0.0,0.0,0.0,185.0,37080.0,0.0,185.0,0.0,0.0,4.0,54.0,1.0,1.0,3.0,0.0,0.0,3.0,0.0,0.0,0.0,927.0,927.0,1.0
0.928,2720.0,653.0,707.0,2013.0,2067.0,2039.0,2041.0,679.0,681.0,0.0,0.0,0.0,1.0,0.0,0.0,0.0,0.0,0.0,0.0,250000.0,0.019999999552965164,31.999046325683594,0.0,0.0,0.0,185.0,37120.0,0.0,185.0,0.0,0.0,4.0,54.0,1.0,1.0,3.0,0.0,0.0,3.0,0.0,0.0,0.0,928.0,928.0,1.0
0.929,2720.0,653.0,707.0,2013.0,2067.0,2039.0,2041.0,679.0,681.0,0.0,0.0,0.0,1.0,0.0,0.0,0.0,0.0,0.0,0.0,250000.0,0.019999999552965164,31.999046325683594,0.0,0.0,0.0,185.0,37160.0,0.0,185.0,0.0,0.0,4.0,54.0,1.0,1.0,3.0,0.0,0.0,3.0,0.0,0.0,0.0,929.0,929.0,1.0
0.93,2720.0,653.0,707.0,2013.0,2067.0,2039.0,2041.0,679.0,681.0,0.0,0.0,0.0,1.0,0.0,0.0,0.0,0.0,0.0,0.0,250000.0,0.019999999552965164,31.999046325683594,0.0,0.0,0.0,185.0,37200.0,0.0,186.0,0.0,0.0,4.0,54.0,1.0,1.0,3.0,0.0,0.0,3.0,0.0,0.0,0.0,930.0,930.0,1.0
0.931,2720.0,653.0,707.0,2013.0,2067.0,2039.0,2041.0,679.0,681.0,0.0,0.0,0.0,1.0,0.0,0.0,0.0,0.0,0.0,0.0,250000.0,0.019999999552965164,31.999046325683594,0.0,0.0,0.0,186.0,37240.0,0.0,186.0,0.0,0.0,4.0,54.0,1.0,1.0,3.0,0.0,0.0,3.0,0.0,0.0,0.0,931.0,931.0,1.0
0.932,2720.0,653.0,707.0,2013.0,2067.0,2039.0,2041.0,679.0,681.0,0.0,0.0,0.0,1.0,0.0,0.0,0.0,0.0,0.0,0.0,250000.0,0.019999999552965164,31.999046325683594,0.0,0.0,0.0,186.0,37280.0,0.0,186.0,0.0,0.0,4.0,54.0,1.0,1.0,3.0,0.0,0.0,3.0,0.0,0.0,0.0,932.0,932.0,1.0
0.933,2720.0,653.0,707.0,2013.0,2067.0,2039.0,2041.0,679.0,681.0,0.0,0.0,0.0,1.0,0.0,0.0,0.0,0.0,0.0,0.0,250000.0,0.019999999552965164,31.999046325683594,0.0,0.0,0.0,186.0,37320.0,0.0,186.0,0.0,0.0,4.0,54.0,1.0,1.0,3.0,0.0,0.0,3.0,0.0,0.0,0.0,933.0,933.0,1.0
0.934,2720.0,653.0,707.0,2013.0,2067.0,2039.0,2041.0,679.0,681.0,0.0,0.0,0.0,1.0,0.0,0.0,0.0,0.0,0.0,0.0,250000.0,0.019999999552965164,31.999046325683594,0.0,0.0,0.0,186.0,37360.0,0.0,186.0,0.0,0.0,4.0,54.0,1.0,1.0,3.0,0.0,0.0,3.0,0.0,0.0,0.0,934.0,934.0,1.0
0.935,2720.0,653.0,707.0,2013.0,2067.0,2039.0,2041.0,679.0,681.0,0.0,0.0,0.0,1.0,0.0,0.0,0.0,0.0,0.0,0.0,250000.0,0.019999999552965164,31.999046325683594,0.0,0.0,0.0,186.0,37400.0,0.0,187.0,0.0,0.0,4.0,54.0,1.0,1.0,3.0,0.0,0.0,3.0,0.0,0.0,0.0,935.0,935.0,1.0
0.936,2720.0,653.0,707.0,2013.0,2067.0,2039.0,2041.0,679.0,681.0,0.0,0.0,0.0,1.0,0.0,0.0,0.0,0.0,0.0,0.0,250000.0,0.019999999552965164,31.999046325683594,0.0,0.0,0.0,187.0,37440.0,0.0,187.0,0.0,0.0,4.0,54.0,1.0,1.0,3.0,0.0,0.0,3.0,0.0,0.0,0.0,936.0,936.0,1.0
0.937,2720.0,653.0,707.0,2013.0,2067.0,2039.0,2041.0,679.0,681.0,0.0,0.0,0.0,1.0,0.0,0.0,0.0,0.0,0.0,0.0,250000.0,0.019999999552965164,31.999046325683594,0.0,0.0,0.0,187.0,37480.0,0.0,187.0,0.0,0.0,4.0,54.0,1.0,1.0,3.0,0.0,0.0,3.0,0.0,0.0,0.0,937.0,937.0,1.0
0.9380000000000001,2720.0,653.0,707.0,2013.0,2067.0,2039.0,2041.0,679.0,681.0,0.0,0.0,0.0,1.0,0.0,0.0,0.0,0.0,0.0,0.0,250000.0,0.019999999552965164,31.999046325683594,0.0,0.0,0.0,187.0,37520.0,0.0,187.0,0.0,0.0,4.0,54.0,1.0,1.0,3.0,0.0,0.0,3.0,0.0,0.0,0.0,938.0,938.0,1.0
0.9390000000000001,2720.0,653.0,707.0,2013.0,2067.0,2039.0,2041.0,679.0,681.0,0.0,0.0,0.0,1.0,0.0,0.0,0.0,0.0,0.0,0.0,250000.0,0.019999999552965164,31.999046325683594,0.0,0.0,0.0,187.0,37560.0,0.0,187.0,0.0,0.0,4.0,54.0,1.0,1.0,3.0,0.0,0.0,3.0,0.0,0.0,0.0,939.0,939.0,1.0
0.9400000000000001,2720.0,653.0,707.0,2013.0,2067.0,2039.0,2041.0,679.0,681.0,0.0,0.0,0.0,1.0,0.0,0.0,0.0,0.0,0.0,0.0,250000.0,0.019999999552965164,31.999046325683594,0.0,0.0,0.0,187.0,37600.0,0.0,188.0,0.0,0.0,4.0,54.0,1.0,1.0,3.0,0.0,0.0,3.0,0.0,0.0,0.0,940.0,940.0,1.0
0.9410000000000001,2720.0,653.0,707.0,2013.0,2067.0,2039.0,2041.0,679.0,681.0,0.0,0.0,0.0,1.0,0.0,0.0,0.0,0.0,0.0,0.0,250000.0,0.019999999552965164,31.999046325683594,0.0,0.0,0.0,188.0,37640.0,0.0,188.0,0.0,0.0,4.0,54.0,1.0,1.0,3.0,0.0,0.0,3.0,0.0,0.0,0.0,941.0,941.0,1.0
0.9420000000000001,2720.0,653.0,707.0,2013.0,2067.0,2039.0,2041.0,679.0,681.0,0.0,0.0,0.0,1.0,0.0,0.0,0.0,0.0,0.0,0.0,250000.0,0.019999999552965164,31.999046325683594,0.0,0.0,0.0,188.0,37680.0,0.0,188.0,0.0,0.0,4.0,54.0,1.0,1.0,3.0,0.0,0.0,3.0,0.0,0.0,0.0,942.0,942.0,1.0
0.9430000000000001,2720.0,653.0,707.0,2013.0,2067.0,2039.0,2041.0,679.0,681.0,0.0,0.0,0.0,1.0,0.0,0.0,0.0,0.0,0.0,0.0,250000.0,0.019999999552965164,31.999046325683594,0.0,0.0,0.0,188.0,37720.0,0.0,188.0,0.0,0.0,4.0,54.0,1.0,1.0,3.0,0.0,0.0,3.0,0.0,0.0,0.0,943.0,943.0,1.0
0.9440000000000001,2720.0,653.0,707.0,2013.0,2067.0,2039.0,2041.0,679.0,681.0,0.0,0.0,0.0,1.0,0.0,0.0,0.0,0.0,0.0,0.0,250000.0,0.019999999552965164,31.999046325683594,0.0,0.0,0.0,188.0,37760.0,0.0,188.0,0.0,0.0,4.0,54.0,1.0,1.0,3.0,0.0,0.0,3.0,0.0,0.0,0.0,944.0,944.0,1.0
0.9450000000000001,2720.0,653.0,707.0,2013.0,2067.0,2039.0,2041.0,679.0,681.0,0.0,0.0,0.0,1.0,0.0,0.0,0.0,0.0,0.0,0.0,250000.0,0.019999999552965164,31.999046325683594,0.0,0.0,0.0,188.0,37800.0,0.0,189.0,0.0,0.0,4.0,54.0,1.0,1.0,3.0,0.0,0.0,3.0,0.0,0.0,0.0,945.0,945.0,1.0
0.9460000000000001,2720.0,653.0,707.0,2013.0,2067.0,2039.0,2041.0,679.0,681.0,0.0,0.0,0.0,1.0,0.0,0.0,0.0,0.0,0.0,0.0,250000.0,0.019999999552965164,31.999046325683594,0.0,0.0,0.0,189.0,37840.0,0.0,189.0,0.0,0.0,4.0,54.0,1.0,1.0,3.0,0.0,0.0,3.0,0.0,0.0,0.0,946.0,946.0,1.0
0.9470000000000001,2720.0,653.0,707.0,2013.0,2067.0,2039.0,2041.0,679.0,681.0,0.0,0.0,0.0,1.0,0.0,0.0,0.0,0.0,0.0,0.0,250000.0,0.019999999552965164,31.999046325683594,0.0,0.0,0.0,189.0,37880.0,0.0,189.0,0.0,0.0,4.0,54.0,1.0,1.0,3.0,0.0,0.0,3.0,0.0,0.0,0.0,947.0,947.0,1.0
0.9480000000000001,2720.0,653.0,707.0,2013.0,2067.0,2039.0,2041.0,679.0,681.0,0.0,0.0,0.0,1.0,0.0,0.0,0.0,0.0,0.0,0.0,250000.0,0.019999999552965164,31.999046325683594,0.0,0.0,0.0,189.0,37920.0,0.0,189.0,0.0,0.0,4.0,54.0,1.0,1.0,3.0,0.0,0.0,3.0,0.0,0.0,0.0,948.0,948.0,1.0
0.9490000000000001,2720.0,653.0,707.0,2013.0,2067.0,2039.0,2041.0,679.0,681.0,0.0,0.0,0.0,1.0,0.0,0.0,0.0,0.0,0.0,0.0,250000.0,0.019999999552965164,31.999046325683594,0.0,0.0,0.0,189.0,37960.0,0.0,189.0,0.0,0.0,4.0,54.0,1.0,1.0,3.0,0.0,0.0,3.0,0.0,0.0,0.0,949.0,949.0,1.0
0.9500000000000001,2720.0,653.0,707.0,2013.0,2067.0,2039.0,2041.0,679.0,681.0,0.0,0.0,0.0,1.0,0.0,0.0,0.0,0.0,0.0,0.0,250000.0,0.019999999552965164,31.999046325683594,0.0,0.0,0.0,189.0,38000.0,0.0,190.0,0.0,0.0,4.0,54.0,1.0,1.0,3.0,0.0,0.0,3.0,0.0,0.0,0.0,950.0,950.0,1.0
0.9510000000000001,2720.0,653.0,707.0,2013.0,2067.0,2039.0,2041.0,679.0,681.0,0.0,0.0,0.0,1.0,0.0,0.0,0.0,0.0,0.0,0.0,250000.0,0.019999999552965164,31.999046325683594,0.0,0.0,0.0,190.0,38040.0,0.0,190.0,0.0,0.0,4.0,54.0,1.0,1.0,3.0,0.0,0.0,3.0,0.0,0.0,0.0,951.0,951.0,1.0
0.9520000000000001,2720.0,653.0,707.0,2013.0,2067.0,2039.0,2041.0,679.0,681.0,0.0,0.0,0.0,1.0,0.0,0.0,0.0,0.0,0.0,0.0,250000.0,0.019999999552965164,31.999046325683594,0.0,0.0,0.0,190.0,38080.0,0.0,190.0,0.0,0.0,4.0,54.0,1.0,1.0,3.0,0.0,0.0,3.0,0.0,0.0,0.0,952.0,952.0,1.0
0.9530000000000001,2720.0,653.0,707.0,2013.0,2067.0,2039.0,2041.0,679.0,681.0,0.0,0.0,0.0,1.0,0.0,0.0,0.0,0.0,0.0,0.0,250000.0,0.019999999552965164,31.999046325683594,0.0,0.0,0.0,190.0,38120.0,0.0,190.0,0.0,0.0,4.0,54.0,1.0,1.0,3.0,0.0,0.0,3.0,0.0,0.0,0.0,953.0,953.0,1.0
0.9540000000000001,2720.0,653.0,707.0,2013.0,2067.0,2039.0,2041.0,679.0,681.0,0.0,0.0,0.0,1.0,0.0,0.0,0.0,0.0,0.0,0.0,250000.0,0.019999999552965164,31.999046325683594,0.0,0.0,0.0,190.0,38160.0,0.0,190.0,0.0,0.0,4.0,54.0,1.0,1.0,3.0,0.0,0.0,3.0,0.0,0.0,0.0,954.0,954.0,1.0
0.9550000000000001,2720.0,653.0,707.0,2013.0,2067.0,2039.0,2041.0,679.0,681.0,0.0,0.0,0.0,1.0,0.0,0.0,0.0,0.0,0.0,0.0,250000.0,0.019999999552965164,31.999046325683594,0.0,0.0,0.0,190.0,38200.0,0.0,191.0,0.0,0.0,4.0,54.0,1.0,1.0,3.0,0.0,0.0,3.0,0.0,0.0,0.0,955.0,955.0,1.0
0.9560000000000001,2720.0,653.0,707.0,2013.0,2067.0,2039.0,2041.0,679.0,681.0,0.0,0.0,0.0,1.0,0.0,0.0,0.0,0.0,0.0,0.0,250000.0,0.019999999552965164,31.999046325683594,0.0,0.0,0.0,191.0,38240.0,0.0,191.0,0.0,0.0,4.0,54.0,1.0,1.0,3.0,0.0,0.0,3.0,0.0,0.0,0.0,956.0,956.0,1.0
0.9570000000000001,2720.0,653.0,707.0,2013.0,2067.0,2039.0,2041.0,679.0,681.0,0.0,0.0,0.0,1.0,0.0,0.0,0.0,0.0,0.0,0.0,250000.0,0.019999999552965164,31.999046325683594,0.0,0.0,0.0,191.0,38280.0,0.0,191.0,0.0,0.0,4.0,54.0,1.0,1.0,3.0,0.0,0.0,3.0,0.0,0.0,0.0,957.0,957.0,1.0
0.9580000000000001,2720.0,653.0,707.0,2013.0,2067.0,2039.0,2041.0,679.0,681.0,0.0,0.0,0.0,1.0,0.0,0.0,0.0,0.0,0.0,0.0,250000.0,0.019999999552965164,31.999046325683594,0.0,0.0,0.0,191.0,38320.0,0.0,191.0,0.0,0.0,4.0,54.0,1.0,1.0,3.0,0.0,0.0,3.0,0.0,0.0,0.0,958.0,958.0,1.0
0.9590000000000001,2720.0,653.0,707.0,2013.0,2067.0,2039.0,2041.0,679.0,681.0,0.0,0.0,0.0,1.0,0.0,0.0,0.0,0.0,0.0,0.0,250000.0,0.019999999552965164,31.999046325683594,0.0,0.0,0.0,191.0,38360.0,0.0,191.0,0.0,0.0,4.0,54.0,1.0,1.0,3.0,0.0,0.0,3.0,0.0,0.0,0.0,959.0,959.0,1.0
0.9600000000000001,2720.0,653.0,707.0,2013.0,2067.0,2039.0,2041.0,679.0,681.0,0.0,0.0,0.0,1.0,0.0,0.0,0.0,0.0,0.0,0.0,250000.0,0.019999999552965164,31.999046325683594,0.0,0.0,0.0,191.0,38400.0,0.0,192.0,0.0,0.0,4.0,54.0,1.0,1.0,3.0,0.0,0.0,3.0,0.0,0.0,0.0,960.0,960.0,1.0
0.9610000000000001,2720.0,653.0,707.0,2013.0,2067.0,2039.0,2041.0,679.0,681.0,0.0,0.0,0.0,1.0,0.0,0.0,0.0,0.0,0.0,0.0,250000.0,0.019999999552965164,31.999046325683594,0.0,0.0,0.0,192.0,38440.0,0.0,192.0,0.0,0.0,4.0,54.0,1.0,1.0,3.0,0.0,0.0,3.0,0.0,0.0,0.0,961.0,961.0,1.0
0.9620000000000001,2720.0,653.0,707.0,2013.0,2067.0,2039.0,2041.0,679.0,681.0,0.0,0.0,0.0,1.0,0.0,0.0,0.0,0.0,0.0,0.0,250000.0,0.019999999552965164,31.999046325683594,0.0,0.0,0.0,192.0,38480.0,0.0,192.0,0.0,0.0,4.0,54.0,1.0,1.0,3.0,0.0,0.0,3.0,0.0,0.0,0.0,962.0,962.0,1.0
0.9630000000000001,2720.0,653.0,707.0,2013.0,2067.0,2039.0,2041.0,679.0,681.0,0.0,0.0,0.0,1.0,0.0,0.0,0.0,0.0,0.0,0.0,250000.0,0.019999999552965164,31.999046325683594,0.0,0.0,0.0,192.0,38520.0,0.0,192.0,0.0,0.0,4.0,54.0,1.0,1.0,3.0,0.0,0.0,3.0,0.0,0.0,0.0,963.0,963.0,1.0
0.9640000000000001,2720.0,653.0,707.0,2013.0,2067.0,2039.0,2041.0,679.0,681.0,0.0,0.0,0.0,1.0,0.0,0.0,0.0,0.0,0.0,0.0,250000.0,0.019999999552965164,31.999046325683594,0.0,0.0,0.0,192.0,38560.0,0.0,192.0,0.0,0.0,4.0,54.0,1.0,1.0,3.0,0.0,0.0,3.0,0.0,0.0,0.0,964.0,964.0,1.0
0.9650000000000001,2720.0,653.0,707.0,2013.0,2067.0,2039.0,2041.0,679.0,681.0,0.0,0.0,0.0,1.0,0.0,0.0,0.0,0.0,0.0,0.0,250000.0,0.019999999552965164,31.999046325683594,0.0,0.0,0.0,192.0,38600.0,0.0,193.0,0.0,0.0,4.0,54.0,1.0,1.0,3.0,0.0,0.0,3.0,0.0,0.0,0.0,965.0,965.0,1.0
0.9660000000000001,2720.0,653.0,707.0,2013.0,2067.0,2039.0,2041.0,679.0,681.0,0.0,0.0,0.0,1.0,0.0,0.0,0.0,0.0,0.0,0.0,250000.0,0.019999999552965164,31.999046325683594,0.0,0.0,0.0,193.0,38640.0,0.0,193.0,0.0,0.0,4.0,54.0,1.0,1.0,3.0,0.0,0.0,3.0,0.0,0.0,0.0,966.0,966.0,1.0
0.9670000000000001,2720.0,653.0,707.0,2013.0,2067.0,2039.0,2041.0,679.0,681.0,0.0,0.0,0.0,1.0,0.0,0.0,0.0,0.0,0.0,0.0,250000.0,0.019999999552965164,31.999046325683594,0.0,0.0,0.0,193.0,38680.0,0.0,193.0,0.0,0.0,4.0,54.0,1.0,1.0,3.0,0.0,0.0,3.0,0.0,0.0,0.0,967.0,967.0,1.0
0.9680000000000001,2720.0,653.0,707.0,2013.0,2067.0,2039.0,2041.0,679.0,681.0,0.0,0.0,0.0,1.0,0.0,0.0,0.0,0.0,0.0,0.0,250000.0,0.019999999552965164,31.999046325683594,0.0,0.0,0.0,193.0,38720.0,0.0,193.0,0.0,0.0,4.0,54.0,1.0,1.0,3.0,0.0,0.0,3.0,0.0,0.0,0.0,968.0,968.0,1.0
0.9690000000000001,2720.0,653.0,707.0,2013.0,2067.0,2039.0,2041.0,679.0,681.0,0.0,0.0,0.0,1.0,0.0,0.0,0.0,0.0,0.0,0.0,250000.0,0.019999999552965164,31.999046325683594,0.0,0.0,0.0,193.0,38760.0,0.0,193.0,0.0,0.0,4.0,54.0,1.0,1.0,3.0,0.0,0.0,3.0,0.0,0.0,0.0,969.0,969.0,1.0
0.9700000000000001,2720.0,653.0,707.0,2013.0,2067.0,2039.0,2041.0,679.0,681.0,0.0,0.0,0.0,1.0,0.0,0.0,0.0,0.0,0.0,0.0,250000.0,0.019999999552965164,31.999046325683594,0.0,0.0,0.0,193.0,38800.0,0.0,194.0,0.0,0.0,4.0,54.0,1.0,1.0,3.0,0.0,0.0,3.0,0.0,0.0,0.0,970.0,970.0,1.0
0.9710000000000001,2720.0,653.0,707.0,2013.0,2067.0,2039.0,2041.0,679.0,681.0,0.0,0.0,0.0,1.0,0.0,0.0,0.0,0.0,0.0,0.0,250000.0,0.019999999552965164,31.999046325683594,0.0,0.0,0.0,194.0,38840.0,0.0,194.0,0.0,0.0,4.0,54.0,1.0,1.0,3.0,0.0,0.0,3.0,0.0,0.0,0.0,971.0,971.0,1.0
0.9720000000000001,2720.0,653.0,707.0,2013.0,2067.0,2039.0,2041.0,679.0,681.0,0.0,0.0,0.0,1.0,0.0,0.0,0.0,0.0,0.0,0.0,250000.0,0.019999999552965164,31.999046325683594,0.0,0.0,0.0,194.0,38880.0,0.0,194.0,0.0,0.0,4.0,54.0,1.0,1.0,3.0,0.0,0.0,3.0,0.0,0.0,0.0,972.0,972.0,1.0
0.9730000000000001,2720.0,653.0,707.0,2013.0,2067.0,2039.0,2041.0,679.0,681.0,0.0,0.0,0.0,1.0,0.0,0.0,0.0,0.0,0.0,0.0,250000.0,0.019999999552965164,31.999046325683594,0.0,0.0,0.0,194.0,38920.0,0.0,194.0,0.0,0.0,4.0,54.0,1.0,1.0,3.0,0.0,0.0,3.0,0.0,0.0,0.0,973.0,973.0,1.0
0.9740000000000001,2720.0,653.0,707.0,2013.0,2067.0,2039.0,2041.0,679.0,681.0,0.0,0.0,0.0,1.0,0.0,0.0,0.0,0.0,0.0,0.0,250000.0,0.019999999552965164,31.999046325683594,0.0,0.0,0.0,194.0,38960.0,0.0,194.0,0.0,0.0,4.0,54.0,1.0,1.0,3.0,0.0,0.0,3.0,0.0,0.0,0.0,974.0,974.0,1.0
0.9750000000000001,2720.0,653.0,707.0,2013.0,2067.0,2039.0,2041.0,679.0,681.0,0.0,0.0,0.0,1.0,0.0,0.0,0.0,0.0,0.0,0.0,250000.0,0.019999999552965164,31.999046325683594,0.0,0.0,0.0,194.0,39000.0,0.0,195.0,0.0,0.0,4.0,54.0,1.0,1.0,3.0,0.0,0.0,3.0,0.0,0.0,0.0,975.0,975.0,1.0
0.9760000000000001,2720.0,653.0,707.0,2013.0,2067.0,2039.0,2041.0,679.0,681.0,0.0,0.0,0.0,1.0,0.0,0.0,0.0,0.0,0.0,0.0,250000.0,0.019999999552965164,31.999046325683594,0.0,0.0,0.0,195.0,39040.0,0.0,195.0,0.0,0.0,4.0,54.0,1.0,1.0,3.0,0.0,0.0,3.0,0.0,0.0,0.0,976.0,976.0,1.0
0.9770000000000001,2720.0,653.0,707.0,2013.0,2067.0,2039.0,2041.0,679.0,681.0,0.0,0.0,0.0,1.0,0.0,0.0,0.0,0.0,0.0,0.0,250000.0,0.019999999552965164,31.999046325683594,0.0,0.0,0.0,195.0,39080.0,0.0,195.0,0.0,0.0,4.0,54.0,1.0,1.0,3.0,0.0,0.0,3.0,0.0,0.0,0.0,977.0,977.0,1.0
0.9780000000000001,2720.0,653.0,707.0,2013.0,2067.0,2039.0,2041.0,679.0,681.0,0.0,0.0,0.0,1.0,0.0,0.0,0.0,0.0,0.0,0.0,250000.0,0.019999999552965164,31.999046325683594,0.0,0.0,0.0,195.0,39120.0,0.0,195.0,0.0,0.0,4.0,54.0,1.0,1.0,3.0,0.0,0.0,3.0,0.0,0.0,0.0,978.0,978.0,1.0
0.9790000000000001,2720.0,653.0,707.0,2013.0,2067.0,2039.0,2041.0,679.0,681.0,0.0,0.0,0.0,1.0,0.0,0.0,0.0,0.0,0.0,0.0,250000.0,0.019999999552965164,31.999046325683594,0.0,0.0,0.0,195.0,39160.0,0.0,195.0,0.0,0.0,4.0,54.0,1.0,1.0,3.0,0.0,0.0,3.0,0.0,0.0,0.0,979.0,979.0,1.0
0.9800000000000001,2720.0,653.0,707.0,2013.0,2067.0,2039.0,2041.0,679.0,681.0,0.0,0.0,0.0,1.0,0.0,0.0,0.0,0.0,0.0,0.0,250000.0,0.019999999552965164,31.999046325683594,0.0,0.0,0.0,195.0,39200.0,0.0,196.0,0.0,0.0,4.0,54.0,1.0,1.0,3.0,0.0,0.0,3.0,0.0,0.0,0.0,980.0,980.0,1.0
0.9810000000000001,2720.0,653.0,707.0,2013.0,2067.0,2039.0,2041.0,679.0,681.0,0.0,0.0,0.0,1.0,0.0,0.0,0.0,0.0,0.0,0.0,250000.0,0.019999999552965164,31.999046325683594,0.0,0.0,0.0,196.0,39240.0,0.0,196.0,0.0,0.0,4.0,54.0,1.0,1.0,3.0,0.0,0.0,3.0,0.0,0.0,0.0,981.0,981.0,1.0
0.9820000000000001,2720.0,653.0,707.0,2013.0,2067.0,2039.0,2041.0,679.0,681.0,0.0,0.0,0.0,1.0,0.0,0.0,0.0,0.0,0.0,0.0,250000.0,0.019999999552965164,31.999046325683594,0.0,0.0,0.0,196.0,39280.0,0.0,196.0,0.0,0.0,4.0,54.0,1.0,1.0,3.0,0.0,0.0,3.0,0.0,0.0,0.0,982.0,982.0,1.0
0.9830000000000001,2720.0,653.0,707.0,2013.0,2067.0,2039.0,2041.0,679.0,681.0,0.0,0.0,0.0,1.0,0.0,0.0,0.0,0.0,0.0,0.0,250000.0,0.019999999552965164,31.999046325683594,0.0,0.0,0.0,196.0,39320.0,0.0,196.0,0.0,0.0,4.0,54.0,1.0,1.0,3.0,0.0,0.0,3.0,0.0,0.0,0.0,983.0,983.0,1.0
0.9840000000000001,2720.0,653.0,707.0,2013.0,2067.0,2039.0,2041.0,679.0,681.0,0.0,0.0,0.0,1.0,0.0,0.0,0.0,0.0,0.0,0.0,250000.0,0.019999999552965164,31.999046325683594,0.0,0.0,0.0,196.0,39360.0,0.0,196.0,0.0,0.0,4.0,54.0,1.0,1.0,3.0,0.0,0.0,3.0,0.0,0.0,0.0,984.0,984.0,1.0
0.9850000000000001,2720.0,653.0,707.0,2013.0,2067.0,2039.0,2041.0,679.0,681.0,0.0,0.0,0.0,1.0,0.0,0.0,0.0,0.0,0.0,0.0,250000.0,0.019999999552965164,31.999046325683594,0.0,0.0,0.0,196.0,39400.0,0.0,197.0,0.0,0.0,4.0,54.0,1.0,1.0,3.0,0.0,0.0,3.0,0.0,0.0,0.0,985.0,985.0,1.0
0.9860000000000001,2720.0,653.0,707.0,2013.0,2067.0,2039.0,2041.0,679.0,681.0,0.0,0.0,0.0,1.0,0.0,0.0,0.0,0.0,0.0,0.0,250000.0,0.019999999552965164,31.999046325683594,0.0,0.0,0.0,197.0,39440.0,0.0,197.0,0.0,0.0,4.0,54.0,1.0,1.0,3.0,0.0,0.0,3.0,0.0,0.0,0.0,986.0,986.0,1.0
0.9870000000000001,2720.0,653.0,707.0,2013.0,2067.0,2039.0,2041.0,679.0,681.0,0.0,0.0,0.0,1.0,0.0,0.0,0.0,0.0,0.0,0.0,250000.0,0.019999999552965164,31.999046325683594,0.0,0.0,0.0,197.0,39480.0,0.0,197.0,0.0,0.0,4.0,54.0,1.0,1.0,3.0,0.0,0.0,3.0,0.0,0.0,0.0,987.0,987.0,1.0
0.9880000000000001,2720.0,653.0,707.0,2013.0,2067.0,2039.0,2041.0,679.0,681.0,0.0,0.0,0.0,1.0,0.0,0.0,0.0,0.0,0.0,0.0,250000.0,0.019999999552965164,31.999046325683594,0.0,0.0,0.0,197.0,39520.0,0.0,197.0,0.0,0.0,4.0,54.0,1.0,1.0,3.0,0.0,0.0,3.0,0.0,0.0,0.0,988.0,988.0,1.0
0.9890000000000001,2720.0,653.0,707.0,2013.0,2067.0,2039.0,2041.0,679.0,681.0,0.0,0.0,0.0,1.0,0.0,0.0,0.0,0.0,0.0,0.0,250000.0,0.019999999552965164,31.999046325683594,0.0,0.0,0.0,197.0,39560.0,0.0,197.0,0.0,0.0,4.0,54.0,1.0,1.0,3.0,0.0,0.0,3.0,0.0,0.0,0.0,989.0,989.0,1.0
0.9900000000000001,2720.0,653.0,707.0,2013.0,2067.0,2039.0,2041.0,679.0,681.0,0.0,0.0,0.0,1.0,0.0,0.0,0.0,0.0,0.0,0.0,250000.0,0.019999999552965164,31.999046325683594,0.0,0.0,0.0,197.0,39600.0,0.0,198.0,0.0,0.0,4.0,54.0,1.0,1.0,3.0,0.0,0.0,3.0,0.0,0.0,0.0,990.0,990.0,1.0
0.991,2720.0,653.0,707.0,2013.0,2067.0,2039.0,2041.0,679.0,681.0,0.0,0.0,0.0,1.0,0.0,0.0,0.0,0.0,0.0,0.0,250000.0,0.019999999552965164,31.999046325683594,0.0,0.0,0.0,198.0,39640.0,0.0,198.0,0.0,0.0,4.0,54.0,1.0,1.0,3.0,0.0,0.0,3.0,0.0,0.0,0.0,991.0,991.0,1.0
0.992,2720.0,653.0,707.0,2013.0,2067.0,2039.0,2041.0,679.0,681.0,0.0,0.0,0.0,1.0,0.0,0.0,0.0,0.0,0.0,0.0,250000.0,0.019999999552965164,31.999046325683594,0.0,0.0,0.0,198.0,39680.0,0.0,198.0,0.0,0.0,4.0,54.0,1.0,1.0,3.0,0.0,0.0,3.0,0.0,0.0,0.0,992.0,992.0,1.0
0.993,2720.0,653.0,707.0,2013.0,2067.0,2039.0,2041.0,679.0,681.0,0.0,0.0,0.0,1.0,0.0,0.0,0.0,0.0,0.0,0.0,250000.0,0.019999999552965164,31.999046325683594,0.0,0.0,0.0,198.0,39720.0,0.0,198.0,0.0,0.0,4.0,54.0,1.0,1.0,3.0,0.0,0.0,3.0,0.0,0.0,0.0,993.0,993.0,1.0
0.994,2720.0,653.0,707.0,2013.0,2067.0,2039.0,2041.0,679.0,681.0,0.0,0.0,0.0,1.0,0.0,0.0,0.0,0.0,0.0,0.0,250000.0,0.019999999552965164,31.999046325683594,0.0,0.0,0.0,198.0,39760.0,0.0,198.0,0.0,0.0,4.0,54.0,1.0,1.0,3.0,0.0,0.0,3.0,0.0,0.0,0.0,994.0,994.0,1.0
0.995,2720.0,653.0,707.0,2013.0,2067.0,2039.0,2041.0,679.0,681.0,0.0,0.0,0.0,1.0,0.0,0.0,0.0,0.0,0.0,0.0,250000.0,0.019999999552965164,31.999046325683594,0.0,0.0,0.0,198.0,39800.0,0.0,199.0,0.0,0.0,4.0,54.0,1.0,1.0,3.0,0.0,0.0,3.0,0.0,0.0,0.0,995.0,995.0,1.0
0.996,2720.0,653.0,707.0,2013.0,2067.0,2039.0,2041.0,679.0,681.0,0.0,0.0,0.0,1.0,0.0,0.0,0.0,0.0,0.0,0.0,250000.0,0.019999999552965164,31.999046325683594,0.0,0.0,0.0,199.0,39840.0,0.0,199.0,0.0,0.0,4.0,54.0,1.0,1.0,3.0,0.0,0.0,3.0,0.0,0.0,0.0,996.0,996.0,1.0
0.997,2720.0,653.0,707.0,2013.0,2067.0,2039.0,2041.0,679.0,681.0,0.0,0.0,0.0,1.0,0.0,0.0,0.0,0.0,0.0,0.0,250000.0,0.019999999552965164,31.999046325683594,0.0,0.0,0.0,199.0,39880.0,0.0,199.0,0.0,0.0,4.0,54.0,1.0,1.0,3.0,0.0,0.0,3.0,0.0,0.0,0.0,997.0,997.0,1.0
0.998,2720.0,653.0,707.0,2013.0,2067.0,2039.0,2041.0,679.0,681.0,0.0,0.0,0.0,1.0,0.0,0.0,0.0,0.0,0.0,0.0,250000.0,0.019999999552965164,31.999046325683594,0.0,0.0,0.0,199.0,39920.0,0.0,199.0,0.0,0.0,4.0,54.0,1.0,1.0,3.0,0.0,0.0,3.0,0.0,0.0,0.0,998.0,998.0,1.0
0.999,2720.0,653.0,707.0,2013.0,2067.0,2039.0,2041.0,679.0,681.0,0.0,0.0,0.0,1.0,0.0,0.0,0.0,0.0,0.0,0.0,250000.0,0.019999999552965164,31.999046325683594,0.0,0.0,0.0,199.0,39960.0,0.0,199.0,0.0,0.0,4.0,54.0,1.0,1.0,3.0,0.0,0.0,3.0,0.0,0.0,0.0,999.0,999.0,1.0
1.0,2720.0,653.0,707.0,2013.0,2067.0,2039.0,2041.0,679.0,681.0,0.0,0.0,0.0,1.0,0.0,0.0,0.0,0.0,0.0,0.0,250000.0,0.019999999552965164,31.999046325683594,0.0,0.0,0.0,199.0,40000.0,0.0,200.0,0.0,0.0,4.0,54.0,1.0,1.0,3.0,0.0,0.0,3.0,0.0,0.0,0.0,1000.0,1000.0,1.0
1.0010000000000001,2720.0,653.0,707.0,2013.0,2067.0,2039.0,2041.0,679.0,681.0,0.0,0.0,0.0,1.0,0.0,0.0,0.0,0.0,0.0,0.0,250000.0,0.019999999552965164,31.999046325683594,0.0,0.0,0.0,200.0,40040.0,0.0,200.0,0.0,0.0,4.0,54.0,1.0,1.0,3.0,0.0,0.0,3.0,0.0,0.0,0.0,1001.0,1001.0,1.0
1.002,2720.0,653.0,707.0,2013.0,2067.0,2039.0,2041.0,679.0,681.0,0.0,0.0,0.0,1.0,0.0,0.0,0.0,0.0,0.0,0.0,250000.0,0.019999999552965164,31.999046325683594,0.0,0.0,0.0,200.0,40080.0,0.0,200.0,0.0,0.0,4.0,54.0,1.0,1.0,3.0,0.0,0.0,3.0,0.0,0.0,0.0,1002.0,1002.0,1.0
1.0030000000000001,2720.0,653.0,707.0,2013.0,2067.0,2039.0,2041.0,679.0,681.0,0.0,0.0,0.0,1.0,0.0,0.0,0.0,0.0,0.0,0.0,250000.0,0.019999999552965164,31.999046325683594,0.0,0.0,0.0,200.0,40120.0,0.0,200.0,0.0,0.0,4.0,54.0,1.0,1.0,3.0,0.0,0.0,3.0,0.0,0.0,0.0,1003.0,1003.0,1.0
1.004,2720.0,653.0,707.0,2013.0,2067.0,2039.0,2041.0,679.0,681.0,0.0,0.0,0.0,1.0,0.0,0.0,0.0,0.0,0.0,0.0,250000.0,0.019999999552965164,31.999046325683594,0.0,0.0,0.0,200.0,40160.0,0.0,200.0,0.0,0.0,4.0,54.0,1.0,1.0,3.0,0.0,0.0,3.0,0.0,0.0,0.0,1004.0,1004.0,1.0
1.0050000000000001,2720.0,653.0,707.0,2013.0,2067.0,2039.0,2041.0,679.0,681.0,0.0,0.0,0.0,1.0,0.0,0.0,0.0,0.0,0.0,0.0,250000.0,0.019999999552965164,31.999046325683594,0.0,0.0,0.0,200.0,40200.0,0.0,201.0,0.0,0.0,4.0,54.0,1.0,1.0,3.0,0.0,0.0,3.0,0.0,0.0,0.0,1005.0,1005.0,1.0
1.006,2720.0,653.0,707.0,2013.0,2067.0,2039.0,2041.0,679.0,681.0,0.0,0.0,0.0,1.0,0.0,0.0,0.0,0.0,0.0,0.0,250000.0,0.019999999552965164,31.999046325683594,0.0,0.0,0.0,201.0,40240.0,0.0,201.0,0.0,0.0,4.0,54.0,1.0,1.0,3.0,0.0,0.0,3.0,0.0,0.0,0.0,1006.0,1006.0,1.0
1.0070000000000001,2720.0,653.0,707.0,2013.0,2067.0,2039.0,2041.0,679.0,681.0,0.0,0.0,0.0,1.0,0.0,0.0,0.0,0.0,0.0,0.0,250000.0,0.019999999552965164,31.999046325683594,0.0,0.0,0.0,201.0,40280.0,0.0,201.0,0.0,0.0,4.0,54.0,1.0,1.0,3.0,0.0,0.0,3.0,0.0,0.0,0.0,1007.0,1007.0,1.0
1.008,2720.0,653.0,707.0,2013.0,2067.0,2039.0,2041.0,679.0,681.0,0.0,0.0,0.0,1.0,0.0,0.0,0.0,0.0,0.0,0.0,250000.0,0.019999999552965164,31.999046325683594,0.0,0.0,0.0,201.0,40320.0,0.0,201.0,0.0,0.0,4.0,54.0,1.0,1.0,3.0,0.0,0.0,3.0,0.0,0.0,0.0,1008.0,1008.0,1.0
1.0090000000000001,2720.0,653.0,707.0,2013.0,2067.0,2039.0,2041.0,679.0,681.0,0.0,0.0,0.0,1.0,0.0,0.0,0.0,0.0,0.0,0.0,250000.0,0.019999999552965164,31.999046325683594,0.0,0.0,0.0,201.0,40360.0,0.0,201.0,0.0,0.0,4.0,54.0,1.0,1.0,3.0,0.0,0.0,3.0,0.0,0.0,0.0,1009.0,1009.0,1.0
1.01,2720.0,653.0,707.0,2013.0,2067.0,2039.0,2041.0,679.0,681.0,0.0,0.0,0.0,1.0,0.0,0.0,0.0,0.0,0.0,0.0,250000.0,0.019999999552965164,31.999046325683594,0.0,0.0,0.0,201.0,40400.0,0.0,202.0,0.0,0.0,4.0,54.0,1.0,1.0,3.0,0.0,0.0,3.0,0.0,0.0,0.0,1010.0,1010.0,1.0
1.0110000000000001,2720.0,653.0,707.0,2013.0,2067.0,2039.0,2041.0,679.0,681.0,0.0,0.0,0.0,1.0,0.0,0.0,0.0,0.0,0.0,0.0,250000.0,0.019999999552965164,31.999046325683594,0.0,0.0,0.0,202.0,40440.0,0.0,202.0,0.0,0.0,4.0,54.0,1.0,1.0,3.0,0.0,0.0,3.0,0.0,0.0,0.0,1011.0,1011.0,1.0
1.012,2720.0,653.0,707.0,2013.0,2067.0,2039.0,2041.0,679.0,681.0,0.0,0.0,0.0,1.0,0.0,0.0,0.0,0.0,0.0,0.0,250000.0,0.019999999552965164,31.999046325683594,0.0,0.0,0.0,202.0,40480.0,0.0,202.0,0.0,0.0,4.0,54.0,1.0,1.0,3.0,0.0,0.0,3.0,0.0,0.0,0.0,1012.0,1012.0,1.0
1.0130000000000001,2720.0,653.0,707.0,2013.0,2067.0,2039.0,2041.0,679.0,681.0,0.0,0.0,0.0,1.0,0.0,0.0,0.0,0.0,0.0,0.0,250000.0,0.019999999552965164,31.999046325683594,0.0,0.0,0.0,202.0,40520.0,0.0,202.0,0.0,0.0,4.0,54.0,1.0,1.0,3.0,0.0,0.0,3.0,0.0,0.0,0.0,1013.0,1013.0,1.0
1.014,2720.0,653.0,707.0,2013.0,2067.0,2039.0,2041.0,679.0,681.0,0.0,0.0,0.0,1.0,0.0,0.0,0.0,0.0,0.0,0.0,250000.0,0.019999999552965164,31.999046325683594,0.0,0.0,0.0,202.0,40560.0,0.0,202.0,0.0,0.0,4.0,54.0,1.0,1.0,3.0,0.0,0.0,3.0,0.0,0.0,0.0,1014.0,1014.0,1.0
1.0150000000000001,2720.0,653.0,707.0,2013.0,2067.0,2039.0,2041.0,679.0,681.0,0.0,0.0,0.0,1.0,0.0,0.0,0.0,0.0,0.0,0.0,250000.0,0.019999999552965164,31.999046325683594,0.0,0.0,0.0,202.0,40600.0,0.0,203.0,0.0,0.0,4.0,54.0,1.0,1.0,3.0,0.0,0.0,3.0,0.0,0.0,0.0,1015.0,1015.0,1.0
1.016,2720.0,653.0,707.0,2013.0,2067.0,2039.0,2041.0,679.0,681.0,0.0,0.0,0.0,1.0,0.0,0.0,0.0,0.0,0.0,0.0,250000.0,0.019999999552965164,31.999046325683594,0.0,0.0,0.0,203.0,40640.0,0.0,203.0,0.0,0.0,4.0,54.0,1.0,1.0,3.0,0.0,0.0,3.0,0.0,0.0,0.0,1016.0,1016.0,1.0
1.0170000000000001,2720.0,653.0,707.0,2013.0,2067.0,2039.0,2041.0,679.0,681.0,0.0,0.0,0.0,1.0,0.0,0.0,0.0,0.0,0.0,0.0,250000.0,0.019999999552965164,31.999046325683594,0.0,0.0,0.0,203.0,40680.0,0.0,203.0,0.0,0.0,4.0,54.0,1.0,1.0,3.0,0.0,0.0,3.0,0.0,0.0,0.0,1017.0,1017.0,1.0
1.018,2720.0,653.0,707.0,2013.0,2067.0,2039.0,2041.0,679.0,681.0,0.0,0.0,0.0,1.0,0.0,0.0,0.0,0.0,0.0,0.0,250000.0,0.019999999552965164,31.999046325683594,0.0,0.0,0.0,203.0,40720.0,0.0,203.0,0.0,0.0,4.0,54.0,1.0,1.0,3.0,0.0,0.0,3.0,0.0,0.0,0.0,1018.0,1018.0,1.0
1.0190000000000001,2720.0,653.0,707.0,2013.0,2067.0,2039.0,2041.0,679.0,681.0,0.0,0.0,0.0,1.0,0.0,0.0,0.0,0.0,0.0,0.0,250000.0,0.019999999552965164,31.999046325683594,0.0,0.0,0.0,203.0,40760.0,0.0,203.0,0.0,0.0,4.0,54.0,1.0,1.0,3.0,0.0,0.0,3.0,0.0,0.0,0.0,1019.0,1019.0,1.0
1.02,2720.0,653.0,707.0,2013.0,2067.0,2039.0,2041.0,679.0,681.0,0.0,0.0,0.0,1.0,0.0,0.0,0.0,0.0,0.0,0.0,250000.0,0.019999999552965164,31.999046325683594,0.0,0.0,0.0,203.0,40800.0,0.0,204.0,0.0,0.0,4.0,54.0,1.0,1.0,3.0,0.0,0.0,3.0,0.0,0.0,0.0,1020.0,1020.0,1.0
1.0210000000000001,2720.0,653.0,707.0,2013.0,2067.0,2039.0,2041.0,679.0,681.0,0.0,0.0,0.0,1.0,0.0,0.0,0.0,0.0,0.0,0.0,250000.0,0.019999999552965164,31.999046325683594,0.0,0.0,0.0,204.0,40840.0,0.0,204.0,0.0,0.0,4.0,54.0,1.0,1.0,3.0,0.0,0.0,3.0,0.0,0.0,0.0,1021.0,1021.0,1.0
1.022,2720.0,653.0,707.0,2013.0,2067.0,2039.0,2041.0,679.0,681.0,0.0,0.0,0.0,1.0,0.0,0.0,0.0,0.0,0.0,0.0,250000.0,0.019999999552965164,31.999046325683594,0.0,0.0,0.0,204.0,40880.0,0.0,204.0,0.0,0.0,4.0,54.0,1.0,1.0,3.0,0.0,0.0,3.0,0.0,0.0,0.0,1022.0,1022.0,1.0
1.0230000000000001,2720.0,653.0,707.0,2013.0,2067.0,2039.0,2041.0,679.0,681.0,0.0,0.0,0.0,1.0,0.0,0.0,0.0,0.0,0.0,0.0,250000.0,0.019999999552965164,31.999046325683594,0.0,0.0,0.0,204.0,40920.0,0.0,204.0,0.0,0.0,4.0,54.0,1.0,1.0,3.0,0.0,0.0,3.0,0.0,0.0,0.0,1023.0,1023.0,1.0
1.024,2720.0,653.0,707.0,2013.0,2067.0,2039.0,2041.0,679.0,681.0,0.0,0.0,0.0,1.0,0.0,0.0,0.0,0.0,0.0,0.0,250000.0,0.019999999552965164,31.999046325683594,0.0,0.0,0.0,204.0,40960.0,0.0,204.0,0.0,0.0,4.0,54.0,1.0,1.0,3.0,0.0,0.0,3.0,0.0,0.0,0.0,1024.0,1024.0,1.0
1.0250000000000001,2720.0,653.0,707.0,2013.0,2067.0,2039.0,2041.0,679.0,681.0,0.0,0.0,0.0,1.0,0.0,0.0,0.0,0.0,0.0,0.0,250000.0,0.019999999552965164,31.999046325683594,0.0,0.0,0.0,204.0,41000.0,0.0,205.0,0.0,0.0,4.0,54.0,1.0,1.0,3.0,0.0,0.0,3.0,0.0,0.0,0.0,1025.0,1025.0,1.0
1.026,2720.0,653.0,707.0,2013.0,2067.0,2039.0,2041.0,679.0,681.0,0.0,0.0,0.0,1.0,0.0,0.0,0.0,0.0,0.0,0.0,250000.0,0.019999999552965164,31.999046325683594,0.0,0.0,0.0,205.0,41040.0,0.0,205.0,0.0,0.0,4.0,54.0,1.0,1.0,3.0,0.0,0.0,3.0,0.0,0.0,0.0,1026.0,1026.0,1.0
1.0270000000000001,2720.0,653.0,707.0,2013.0,2067.0,2039.0,2041.0,679.0,681.0,0.0,0.0,0.0,1.0,0.0,0.0,0.0,0.0,0.0,0.0,250000.0,0.019999999552965164,31.999046325683594,0.0,0.0,0.0,205.0,41080.0,0.0,205.0,0.0,0.0,4.0,54.0,1.0,1.0,3.0,0.0,0.0,3.0,0.0,0.0,0.0,1027.0,1027.0,1.0
1.028,2720.0,653.0,707.0,2013.0,2067.0,2039.0,2041.0,679.0,681.0,0.0,0.0,0.0,1.0,0.0,0.0,0.0,0.0,0.0,0.0,250000.0,0.019999999552965164,31.999046325683594,0.0,0.0,0.0,205.0,41120.0,0.0,205.0,0.0,0.0,4.0,54.0,1.0,1.0,3.0,0.0,0.0,3.0,0.0,0.0,0.0,1028.0,1028.0,1.0
1.0290000000000001,2720.0,653.0,707.0,2013.0,2067.0,2039.0,2041.0,679.0,681.0,0.0,0.0,0.0,1.0,0.0,0.0,0.0,0.0,0.0,0.0,250000.0,0.019999999552965164,31.999046325683594,0.0,0.0,0.0,205.0,41160.0,0.0,205.0,0.0,0.0,4.0,54.0,1.0,1.0,3.0,0.0,0.0,3.0,0.0,0.0,0.0,1029.0,1029.0,1.0
1.03,2720.0,653.0,707.0,2013.0,2067.0,2039.0,2041.0,679.0,681.0,0.0,0.0,0.0,1.0,0.0,0.0,0.0,0.0,0.0,0.0,250000.0,0.019999999552965164,31.999046325683594,0.0,0.0,0.0,205.0,41200.0,0.0,206.0,0.0,0.0,4.0,54.0,1.0,1.0,3.0,0.0,0.0,3.0,0.0,0.0,0.0,1030.0,1030.0,1.0
1.0310000000000001,2720.0,653.0,707.0,2013.0,2067.0,2039.0,2041.0,679.0,681.0,0.0,0.0,0.0,1.0,0.0,0.0,0.0,0.0,0.0,0.0,250000.0,0.019999999552965164,31.999046325683594,0.0,0.0,0.0,206.0,41240.0,0.0,206.0,0.0,0.0,4.0,54.0,1.0,1.0,3.0,0.0,0.0,3.0,0.0,0.0,0.0,1031.0,1031.0,1.0
1.032,2720.0,653.0,707.0,2013.0,2067.0,2039.0,2041.0,679.0,681.0,0.0,0.0,0.0,1.0,0.0,0.0,0.0,0.0,0.0,0.0,250000.0,0.019999999552965164,31.999046325683594,0.0,0.0,0.0,206.0,41280.0,0.0,206.0,0.0,0.0,4.0,54.0,1.0,1.0,3.0,0.0,0.0,3.0,0.0,0.0,0.0,1032.0,1032.0,1.0
1.0330000000000001,2720.0,653.0,707.0,2013.0,2067.0,2039.0,2041.0,679.0,681.0,0.0,0.0,0.0,1.0,0.0,0.0,0.0,0.0,0.0,0.0,250000.0,0.019999999552965164,31.999046325683594,0.0,0.0,0.0,206.0,41320.0,0.0,206.0,0.0,0.0,4.0,54.0,1.0,1.0,3.0,0.0,0.0,3.0,0.0,0.0,0.0,1033.0,1033.0,1.0
1.034,2720.0,653.0,707.0,2013.0,2067.0,2039.0,2041.0,679.0,681.0,0.0,0.0,0.0,1.0,0.0,0.0,0.0,0.0,0.0,0.0,250000.0,0.019999999552965164,31.999046325683594,0.0,0.0,0.0,206.0,41360.0,0.0,206.0,0.0,0.0,4.0,54.0,1.0,1.0,3.0,0.0,0.0,3.0,0.0,0.0,0.0,1034.0,1034.0,1.0
1.0350000000000001,2720.0,653.0,707.0,2013.0,2067.0,2039.0,2041.0,679.0,681.0,0.0,0.0,0.0,1.0,0.0,0.0,0.0,0.0,0.0,0.0,250000.0,0.019999999552965164,31.999046325683594,0.0,0.0,0.0,206.0,41400.0,0.0,207.0,0.0,0.0,4.0,54.0,1.0,1.0,3.0,0.0,0.0,3.0,0.0,0.0,0.0,1035.0,1035.0,1.0
1.036,2720.0,653.0,707.0,2013.0,2067.0,2039.0,2041.0,679.0,681.0,0.0,0.0,0.0,1.0,0.0,0.0,0.0,0.0,0.0,0.0,250000.0,0.019999999552965164,31.999046325683594,0.0,0.0,0.0,207.0,41440.0,0.0,207.0,0.0,0.0,4.0,54.0,1.0,1.0,3.0,0.0,0.0,3.0,0.0,0.0,0.0,1036.0,1036.0,1.0
1.0370000000000001,2720.0,653.0,707.0,2013.0,2067.0,2039.0,2041.0,679.0,681.0,0.0,0.0,0.0,1.0,0.0,0.0,0.0,0.0,0.0,0.0,250000.0,0.019999999552965164,31.999046325683594,0.0,0.0,0.0,207.0,41480.0,0.0,207.0,0.0,0.0,4.0,54.0,1.0,1.0,3.0,0.0,0.0,3.0,0.0,0.0,0.0,1037.0,1037.0,1.0
1.038,2720.0,653.0,707.0,2013.0,2067.0,2039.0,2041.0,679.0,681.0,0.0,0.0,0.0,1.0,0.0,0.0,0.0,0.0,0.0,0.0,250000.0,0.019999999552965164,31.999046325683594,0.0,0.0,0.0,207.0,41520.0,0.0,207.0,0.0,0.0,4.0,54.0,1.0,1.0,3.0,0.0,0.0,3.0,0.0,0.0,0.0,1038.0,1038.0,1.0
1.0390000000000001,2720.0,653.0,707.0,2013.0,2067.0,2039.0,2041.0,679.0,681.0,0.0,0.0,0.0,1.0,0.0,0.0,0.0,0.0,0.0,0.0,250000.0,0.019999999552965164,31.999046325683594,0.0,0.0,0.0,207.0,41560.0,0.0,207.0,0.0,0.0,4.0,54.0,1.0,1.0,3.0,0.0,0.0,3.0,0.0,0.0,0.0,1039.0,1039.0,1.0
1.04,2720.0,653.0,707.0,2013.0,2067.0,2039.0,2041.0,679.0,681.0,0.0,0.0,0.0,1.0,0.0,0.0,0.0,0.0,0.0,0.0,250000.0,0.019999999552965164,31.999046325683594,0.0,0.0,0.0,207.0,41600.0,0.0,208.0,0.0,0.0,4.0,54.0,1.0,1.0,3.0,0.0,0.0,3.0,0.0,0.0,0.0,1040.0,1040.0,1.0
1.0410000000000001,2720.0,653.0,707.0,2013.0,2067.0,2039.0,2041.0,679.0,681.0,0.0,0.0,0.0,1.0,0.0,0.0,0.0,0.0,0.0,0.0,250000.0,0.019999999552965164,31.999046325683594,0.0,0.0,0.0,208.0,41640.0,0.0,208.0,0.0,0.0,4.0,54.0,1.0,1.0,3.0,0.0,0.0,3.0,0.0,0.0,0.0,1041.0,1041.0,1.0
1.042,2720.0,653.0,707.0,2013.0,2067.0,2039.0,2041.0,679.0,681.0,0.0,0.0,0.0,1.0,0.0,0.0,0.0,0.0,0.0,0.0,250000.0,0.019999999552965164,31.999046325683594,0.0,0.0,0.0,208.0,41680.0,0.0,208.0,0.0,0.0,4.0,54.0,1.0,1.0,3.0,0.0,0.0,3.0,0.0,0.0,0.0,1042.0,1042.0,1.0
1.0430000000000001,2720.0,653.0,707.0,2013.0,2067.0,2039.0,2041.0,679.0,681.0,0.0,0.0,0.0,1.0,0.0,0.0,0.0,0.0,0.0,0.0,250000.0,0.019999999552965164,31.999046325683594,0.0,0.0,0.0,208.0,41720.0,0.0,208.0,0.0,0.0,4.0,54.0,1.0,1.0,3.0,0.0,0.0,3.0,0.0,0.0,0.0,1043.0,1043.0,1.0
1.044,2720.0,653.0,707.0,2013.0,2067.0,2039.0,2041.0,679.0,681.0,0.0,0.0,0.0,1.0,0.0,0.0,0.0,0.0,0.0,0.0,250000.0,0.019999999552965164,31.999046325683594,0.0,0.0,0.0,208.0,41760.0,0.0,208.0,0.0,0.0,4.0,54.0,1.0,1.0,3.0,0.0,0.0,3.0,0.0,0.0,0.0,1044.0,1044.0,1.0
1.0450000000000002,2720.0,653.0,707.0,2013.0,2067.0,2039.0,2041.0,679.0,681.0,0.0,0.0,0.0,1.0,0.0,0.0,0.0,0.0,0.0,0.0,250000.0,0.019999999552965164,31.999046325683594,0.0,0.0,0.0,208.0,41800.0,0.0,209.0,0.0,0.0,4.0,54.0,1.0,1.0,3.0,0.0,0.0,3.0,0.0,0.0,0.0,1045.0,1045.0,1.0
1.046,2720.0,653.0,707.0,2013.0,2067.0,2039.0,2041.0,679.0,681.0,0.0,0.0,0.0,1.0,0.0,0.0,0.0,0.0,0.0,0.0,250000.0,0.019999999552965164,31.999046325683594,0.0,0.0,0.0,209.0,41840.0,0.0,209.0,0.0,0.0,4.0,54.0,1.0,1.0,3.0,0.0,0.0,3.0,0.0,0.0,0.0,1046.0,1046.0,1.0
1.0470000000000002,2720.0,653.0,707.0,2013.0,2067.0,2039.0,2041.0,679.0,681.0,0.0,0.0,0.0,1.0,0.0,0.0,0.0,0.0,0.0,0.0,250000.0,0.019999999552965164,31.999046325683594,0.0,0.0,0.0,209.0,41880.0,0.0,209.0,0.0,0.0,4.0,54.0,1.0,1.0,3.0,0.0,0.0,3.0,0.0,0.0,0.0,1047.0,1047.0,1.0
1.048,2720.0,653.0,707.0,2013.0,2067.0,2039.0,2041.0,679.0,681.0,0.0,0.0,0.0,1.0,0.0,0.0,0.0,0.0,0.0,0.0,250000.0,0.019999999552965164,31.999046325683594,0.0,0.0,0.0,209.0,41920.0,0.0,209.0,0.0,0.0,4.0,54.0,1.0,1.0,3.0,0.0,0.0,3.0,0.0,0.0,0.0,1048.0,1048.0,1.0
1.0490000000000002,2720.0,653.0,707.0,2013.0,2067.0,2039.0,2041.0,679.0,681.0,0.0,0.0,0.0,1.0,0.0,0.0,0.0,0.0,0.0,0.0,250000.0,0.019999999552965164,31.999046325683594,0.0,0.0,0.0,209.0,41960.0,0.0,209.0,0.0,0.0,4.0,54.0,1.0,1.0,3.0,0.0,0.0,3.0,0.0,0.0,0.0,1049.0,1049.0,1.0
1.05,2720.0,653.0,707.0,2013.0,2067.0,2039.0,2041.0,679.0,681.0,0.0,0.0,0.0,1.0,0.0,0.0,0.0,0.0,0.0,0.0,250000.0,0.019999999552965164,31.999046325683594,0.0,0.0,0.0,209.0,42000.0,0.0,210.0,0.0,0.0,4.0,54.0,1.0,1.0,3.0,0.0,0.0,3.0,0.0,0.0,0.0,1050.0,1050.0,1.0
1.0510000000000002,2720.0,653.0,707.0,2013.0,2067.0,2039.0,2041.0,679.0,681.0,0.0,0.0,0.0,1.0,0.0,0.0,0.0,0.0,0.0,0.0,250000.0,0.019999999552965164,31.999046325683594,0.0,0.0,0.0,210.0,42040.0,0.0,210.0,0.0,0.0,4.0,54.0,1.0,1.0,3.0,0.0,0.0,3.0,0.0,0.0,0.0,1051.0,1051.0,1.0
1.052,2720.0,653.0,707.0,2013.0,2067.0,2039.0,2041.0,679.0,681.0,0.0,0.0,0.0,1.0,0.0,0.0,0.0,0.0,0.0,0.0,250000.0,0.019999999552965164,31.999046325683594,0.0,0.0,0.0,210.0,42080.0,0.0,210.0,0.0,0.0,4.0,54.0,1.0,1.0,3.0,0.0,0.0,3.0,0.0,0.0,0.0,1052.0,1052.0,1.0
1.0530000000000002,2720.0,653.0,707.0,2013.0,2067.0,2039.0,2041.0,679.0,681.0,0.0,0.0,0.0,1.0,0.0,0.0,0.0,0.0,0.0,0.0,250000.0,0.019999999552965164,31.999046325683594,0.0,0.0,0.0,210.0,42120.0,0.0,210.0,0.0,0.0,4.0,54.0,1.0,1.0,3.0,0.0,0.0,3.0,0.0,0.0,0.0,1053.0,1053.0,1.0
1.054,2720.0,653.0,707.0,2013.0,2067.0,2039.0,2041.0,679.0,681.0,0.0,0.0,0.0,1.0,0.0,0.0,0.0,0.0,0.0,0.0,250000.0,0.019999999552965164,31.999046325683594,0.0,0.0,0.0,210.0,42160.0,0.0,210.0,0.0,0.0,4.0,54.0,1.0,1.0,3.0,0.0,0.0,3.0,0.0,0.0,0.0,1054.0,1054.0,1.0
1.0550000000000002,2720.0,653.0,707.0,2013.0,2067.0,2039.0,2041.0,679.0,681.0,0.0,0.0,0.0,1.0,0.0,0.0,0.0,0.0,0.0,0.0,250000.0,0.019999999552965164,31.999046325683594,0.0,0.0,0.0,210.0,42200.0,0.0,211.0,0.0,0.0,4.0,54.0,1.0,1.0,3.0,0.0,0.0,3.0,0.0,0.0,0.0,1055.0,1055.0,1.0
1.056,2720.0,653.0,707.0,2013.0,2067.0,2039.0,2041.0,679.0,681.0,0.0,0.0,0.0,1.0,0.0,0.0,0.0,0.0,0.0,0.0,250000.0,0.019999999552965164,31.999046325683594,0.0,0.0,0.0,211.0,42240.0,0.0,211.0,0.0,0.0,4.0,54.0,1.0,1.0,3.0,0.0,0.0,3.0,0.0,0.0,0.0,1056.0,1056.0,1.0
1.0570000000000002,2720.0,653.0,707.0,2013.0,2067.0,2039.0,2041.0,679.0,681.0,0.0,0.0,0.0,1.0,0.0,0.0,0.0,0.0,0.0,0.0,250000.0,0.019999999552965164,31.999046325683594,0.0,0.0,0.0,211.0,42280.0,0.0,211.0,0.0,0.0,4.0,54.0,1.0,1.0,3.0,0.0,0.0,3.0,0.0,0.0,0.0,1057.0,1057.0,1.0
1.058,2720.0,653.0,707.0,2013.0,2067.0,2039.0,2041.0,679.0,681.0,0.0,0.0,0.0,1.0,0.0,0.0,0.0,0.0,0.0,0.0,250000.0,0.019999999552965164,31.999046325683594,0.0,0.0,0.0,211.0,42320.0,0.0,211.0,0.0,0.0,4.0,54.0,1.0,1.0,3.0,0.0,0.0,3.0,0.0,0.0,0.0,1058.0,1058.0,1.0
1.059,2720.0,653.0,707.0,2013.0,2067.0,2039.0,2041.0,679.0,681.0,0.0,0.0,0.0,1.0,0.0,0.0,0.0,0.0,0.0,0.0,250000.0,0.019999999552965164,31.999046325683594,0.0,0.0,0.0,211.0,42360.0,0.0,211.0,0.0,0.0,4.0,54.0,1.0,1.0,3.0,0.0,0.0,3.0,0.0,0.0,0.0,1059.0,1059.0,1.0
1.06,2720.0,653.0,707.0,2013.0,2067.0,2039.0,2041.0,679.0,681.0,0.0,0.0,0.0,1.0,0.0,0.0,0.0,0.0,0.0,0.0,250000.0,0.019999999552965164,31.999046325683594,0.0,0.0,0.0,211.0,42400.0,0.0,212.0,0.0,0.0,4.0,54.0,1.0,1.0,3.0,0.0,0.0,3.0,0.0,0.0,0.0,1060.0,1060.0,1.0
1.061,2720.0,653.0,707.0,2013.0,2067.0,2039.0,2041.0,679.0,681.0,0.0,0.0,0.0,1.0,0.0,0.0,0.0,0.0,0.0,0.0,250000.0,0.019999999552965164,31.999046325683594,0.0,0.0,0.0,212.0,42440.0,0.0,212.0,0.0,0.0,4.0,54.0,1.0,1.0,3.0,0.0,0.0,3.0,0.0,0.0,0.0,1061.0,1061.0,1.0
1.062,2720.0,653.0,707.0,2013.0,2067.0,2039.0,2041.0,679.0,681.0,0.0,0.0,0.0,1.0,0.0,0.0,0.0,0.0,0.0,0.0,250000.0,0.019999999552965164,31.999046325683594,0.0,0.0,0.0,212.0,42480.0,0.0,212.0,0.0,0.0,4.0,54.0,1.0,1.0,3.0,0.0,0.0,3.0,0.0,0.0,0.0,1062.0,1062.0,1.0
1.063,2720.0,653.0,707.0,2013.0,2067.0,2039.0,2041.0,679.0,681.0,0.0,0.0,0.0,1.0,0.0,0.0,0.0,0.0,0.0,0.0,250000.0,0.019999999552965164,31.999046325683594,0.0,0.0,0.0,212.0,42520.0,0.0,212.0,0.0,0.0,4.0,54.0,1.0,1.0,3.0,0.0,0.0,3.0,0.0,0.0,0.0,1063.0,1063.0,1.0
1.064,2720.0,653.0,707.0,2013.0,2067.0,2039.0,2041.0,679.0,681.0,0.0,0.0,0.0,1.0,0.0,0.0,0.0,0.0,0.0,0.0,250000.0,0.019999999552965164,31.999046325683594,0.0,0.0,0.0,212.0,42560.0,0.0,212.0,0.0,0.0,4.0,54.0,1.0,1.0,3.0,0.0,0.0,3.0,0.0,0.0,0.0,1064.0,1064.0,1.0
1.065,2720.0,653.0,707.0,2013.0,2067.0,2039.0,2041.0,679.0,681.0,0.0,0.0,0.0,1.0,0.0,0.0,0.0,0.0,0.0,0.0,250000.0,0.019999999552965164,31.999046325683594,0.0,0.0,0.0,212.0,42600.0,0.0,213.0,0.0,0.0,4.0,54.0,1.0,1.0,3.0,0.0,0.0,3.0,0.0,0.0,0.0,1065.0,1065.0,1.0
1.066,2720.0,653.0,707.0,2013.0,2067.0,2039.0,2041.0,679.0,681.0,0.0,0.0,0.0,1.0,0.0,0.0,0.0,0.0,0.0,0.0,250000.0,0.019999999552965164,31.999046325683594,0.0,0.0,0.0,213.0,42640.0,0.0,213.0,0.0,0.0,4.0,54.0,1.0,1.0,3.0,0.0,0.0,3.0,0.0,0.0,0.0,1066.0,1066.0,1.0
1.067,2720.0,653.0,707.0,2013.0,2067.0,2039.0,2041.0,679.0,681.0,0.0,0.0,0.0,1.0,0.0,0.0,0.0,0.0,0.0,0.0,250000.0,0.019999999552965164,31.999046325683594,0.0,0.0,0.0,213.0,42680.0,0.0,213.0,0.0,0.0,4.0,54.0,1.0,1.0,3.0,0.0,0.0,3.0,0.0,0.0,0.0,1067.0,1067.0,1.0
1.068,2720.0,653.0,707.0,2013.0,2067.0,2039.0,2041.0,679.0,681.0,0.0,0.0,0.0,1.0,0.0,0.0,0.0,0.0,0.0,0.0,250000.0,0.019999999552965164,31.999046325683594,0.0,0.0,0.0,213.0,42720.0,0.0,213.0,0.0,0.0,4.0,54.0,1.0,1.0,3.0,0.0,0.0,3.0,0.0,0.0,0.0,1068.0,1068.0,1.0
1.069,2720.0,653.0,707.0,2013.0,2067.0,2039.0,2041.0,679.0,681.0,0.0,0.0,0.0,1.0,0.0,0.0,0.0,0.0,0.0,0.0,250000.0,0.019999999552965164,31.999046325683594,0.0,0.0,0.0,213.0,42760.0,0.0,213.0,0.0,0.0,4.0,54.0,1.0,1.0,3.0,0.0,0.0,3.0,0.0,0.0,0.0,1069.0,1069.0,1.0
1.07,2720.0,653.0,707.0,2013.0,2067.0,2039.0,2041.0,679.0,681.0,0.0,0.0,0.0,1.0,0.0,0.0,0.0,0.0,0.0,0.0,250000.0,0.019999999552965164,31.999046325683594,0.0,0.0,0.0,213.0,42800.0,0.0,214.0,0.0,0.0,4.0,54.0,1.0,1.0,3.0,0.0,0.0,3.0,0.0,0.0,0.0,1070.0,1070.0,1.0
1.071,2720.0,653.0,707.0,2013.0,2067.0,2039.0,2041.0,679.0,681.0,0.0,0.0,0.0,1.0,0.0,0.0,0.0,0.0,0.0,0.0,250000.0,0.019999999552965164,31.999046325683594,0.0,0.0,0.0,214.0,42840.0,0.0,214.0,0.0,0.0,4.0,54.0,1.0,1.0,3.0,0.0,0.0,3.0,0.0,0.0,0.0,1071.0,1071.0,1.0
1.072,2720.0,653.0,707.0,2013.0,2067.0,2039.0,2041.0,679.0,681.0,0.0,0.0,0.0,1.0,0.0,0.0,0.0,0.0,0.0,0.0,250000.0,0.019999999552965164,31.999046325683594,0.0,0.0,0.0,214.0,42880.0,0.0,214.0,0.0,0.0,4.0,54.0,1.0,1.0,3.0,0.0,0.0,3.0,0.0,0.0,0.0,1072.0,1072.0,1.0
1.073,2720.0,653.0,707.0,2013.0,2067.0,2039.0,2041.0,679.0,681.0,0.0,0.0,0.0,1.0,0.0,0.0,0.0,0.0,0.0,0.0,250000.0,0.019999999552965164,31.999046325683594,0.0,0.0,0.0,214.0,42920.0,0.0,214.0,0.0,0.0,4.0,54.0,1.0,1.0,3.0,0.0,0.0,3.0,0.0,0.0,0.0,1073.0,1073.0,1.0
1.074,2720.0,653.0,707.0,2013.0,2067.0,2039.0,2041.0,679.0,681.0,0.0,0.0,0.0,1.0,0.0,0.0,0.0,0.0,0.0,0.0,250000.0,0.019999999552965164,31.999046325683594,0.0,0.0,0.0,214.0,42960.0,0.0,214.0,0.0,0.0,4.0,54.0,1.0,1.0,3.0,0.0,0.0,3.0,0.0,0.0,0.0,1074.0,1074.0,1.0
1.075,2720.0,653.0,707.0,2013.0,2067.0,2039.0,2041.0,679.0,681.0,0.0,0.0,0.0,1.0,0.0,0.0,0.0,0.0,0.0,0.0,250000.0,0.019999999552965164,31.999046325683594,0.0,0.0,0.0,214.0,43000.0,0.0,215.0,0.0,0.0,4.0,54.0,1.0,1.0,3.0,0.0,0.0,3.0,0.0,0.0,0.0,1075.0,1075.0,1.0
1.076,2720.0,653.0,707.0,2013.0,2067.0,2039.0,2041.0,679.0,681.0,0.0,0.0,0.0,1.0,0.0,0.0,0.0,0.0,0.0,0.0,250000.0,0.019999999552965164,31.999046325683594,0.0,0.0,0.0,215.0,43040.0,0.0,215.0,0.0,0.0,4.0,54.0,1.0,1.0,3.0,0.0,0.0,3.0,0.0,0.0,0.0,1076.0,1076.0,1.0
1.077,2720.0,653.0,707.0,2013.0,2067.0,2039.0,2041.0,679.0,681.0,0.0,0.0,0.0,1.0,0.0,0.0,0.0,0.0,0.0,0.0,250000.0,0.019999999552965164,31.999046325683594,0.0,0.0,0.0,215.0,43080.0,0.0,215.0,0.0,0.0,4.0,54.0,1.0,1.0,3.0,0.0,0.0,3.0,0.0,0.0,0.0,1077.0,1077.0,1.0
1.078,2720.0,653.0,707.0,2013.0,2067.0,2039.0,2041.0,679.0,681.0,0.0,0.0,0.0,1.0,0.0,0.0,0.0,0.0,0.0,0.0,250000.0,0.019999999552965164,31.999046325683594,0.0,0.0,0.0,215.0,43120.0,0.0,215.0,0.0,0.0,4.0,54.0,1.0,1.0,3.0,0.0,0.0,3.0,0.0,0.0,0.0,1078.0,1078.0,1.0
1.079,2720.0,653.0,707.0,2013.0,2067.0,2039.0,2041.0,679.0,681.0,0.0,0.0,0.0,1.0,0.0,0.0,0.0,0.0,0.0,0.0,250000.0,0.019999999552965164,31.999046325683594,0.0,0.0,0.0,215.0,43160.0,0.0,215.0,0.0,0.0,4.0,54.0,1.0,1.0,3.0,0.0,0.0,3.0,0.0,0.0,0.0,1079.0,1079.0,1.0
1.08,2720.0,653.0,707.0,2013.0,2067.0,2039.0,2041.0,679.0,681.0,0.0,0.0,0.0,1.0,0.0,0.0,0.0,0.0,0.0,0.0,250000.0,0.019999999552965164,31.999046325683594,0.0,0.0,0.0,215.0,43200.0,0.0,216.0,0.0,0.0,4.0,54.0,1.0,1.0,3.0,0.0,0.0,3.0,0.0,0.0,0.0,1080.0,1080.0,1.0
1.081,2720.0,653.0,707.0,2013.0,2067.0,2039.0,2041.0,679.0,681.0,0.0,0.0,0.0,1.0,0.0,0.0,0.0,0.0,0.0,0.0,250000.0,0.019999999552965164,31.999046325683594,0.0,0.0,0.0,216.0,43240.0,0.0,216.0,0.0,0.0,4.0,54.0,1.0,1.0,3.0,0.0,0.0,3.0,0.0,0.0,0.0,1081.0,1081.0,1.0
1.082,2720.0,653.0,707.0,2013.0,2067.0,2039.0,2041.0,679.0,681.0,0.0,0.0,0.0,1.0,0.0,0.0,0.0,0.0,0.0,0.0,250000.0,0.019999999552965164,31.999046325683594,0.0,0.0,0.0,216.0,43280.0,0.0,216.0,0.0,0.0,4.0,54.0,1.0,1.0,3.0,0.0,0.0,3.0,0.0,0.0,0.0,1082.0,1082.0,1.0
1.083,2720.0,653.0,707.0,2013.0,2067.0,2039.0,2041.0,679.0,681.0,0.0,0.0,0.0,1.0,0.0,0.0,0.0,0.0,0.0,0.0,250000.0,0.019999999552965164,31.999046325683594,0.0,0.0,0.0,216.0,43320.0,0.0,216.0,0.0,0.0,4.0,54.0,1.0,1.0,3.0,0.0,0.0,3.0,0.0,0.0,0.0,1083.0,1083.0,1.0
1.084,2720.0,653.0,707.0,2013.0,2067.0,2039.0,2041.0,679.0,681.0,0.0,0.0,0.0,1.0,0.0,0.0,0.0,0.0,0.0,0.0,250000.0,0.019999999552965164,31.999046325683594,0.0,0.0,0.0,216.0,43360.0,0.0,216.0,0.0,0.0,4.0,54.0,1.0,1.0,3.0,0.0,0.0,3.0,0.0,0.0,0.0,1084.0,1084.0,1.0
1.085,2720.0,653.0,707.0,2013.0,2067.0,2039.0,2041.0,679.0,681.0,0.0,0.0,0.0,1.0,0.0,0.0,0.0,0.0,0.0,0.0,250000.0,0.019999999552965164,31.999046325683594,0.0,0.0,0.0,216.0,43400.0,0.0,217.0,0.0,0.0,4.0,54.0,1.0,1.0,3.0,0.0,0.0,3.0,0.0,0.0,0.0,1085.0,1085.0,1.0
1.086,2720.0,653.0,707.0,2013.0,2067.0,2039.0,2041.0,679.0,681.0,0.0,0.0,0.0,1.0,0.0,0.0,0.0,0.0,0.0,0.0,250000.0,0.019999999552965164,31.999046325683594,0.0,0.0,0.0,217.0,43440.0,0.0,217.0,0.0,0.0,4.0,54.0,1.0,1.0,3.0,0.0,0.0,3.0,0.0,0.0,0.0,1086.0,1086.0,1.0
1.087,2720.0,653.0,707.0,2013.0,2067.0,2039.0,2041.0,679.0,681.0,0.0,0.0,0.0,1.0,0.0,0.0,0.0,0.0,0.0,0.0,250000.0,0.019999999552965164,31.999046325683594,0.0,0.0,0.0,217.0,43480.0,0.0,217.0,0.0,0.0,4.0,54.0,1.0,1.0,3.0,0.0,0.0,3.0,0.0,0.0,0.0,1087.0,1087.0,1.0
1.088,2720.0,653.0,707.0,2013.0,2067.0,2039.0,2041.0,679.0,681.0,0.0,0.0,0.0,1.0,0.0,0.0,0.0,0.0,0.0,0.0,250000.0,0.019999999552965164,31.999046325683594,0.0,0.0,0.0,217.0,43520.0,0.0,217.0,0.0,0.0,4.0,54.0,1.0,1.0,3.0,0.0,0.0,3.0,0.0,0.0,0.0,1088.0,1088.0,1.0
1.089,2720.0,653.0,707.0,2013.0,2067.0,2039.0,2041.0,679.0,681.0,0.0,0.0,0.0,1.0,0.0,0.0,0.0,0.0,0.0,0.0,250000.0,0.019999999552965164,31.999046325683594,0.0,0.0,0.0,217.0,43560.0,0.0,217.0,0.0,0.0,4.0,54.0,1.0,1.0,3.0,0.0,0.0,3.0,0.0,0.0,0.0,1089.0,1089.0,1.0
1.09,2720.0,653.0,707.0,2013.0,2067.0,2039.0,2041.0,679.0,681.0,0.0,0.0,0.0,1.0,0.0,0.0,0.0,0.0,0.0,0.0,250000.0,0.019999999552965164,31.999046325683594,0.0,0.0,0.0,217.0,43600.0,0.0,218.0,0.0,0.0,4.0,54.0,1.0,1.0,3.0,0.0,0.0,3.0,0.0,0.0,0.0,1090.0,1090.0,1.0
1.091,2720.0,653.0,707.0,2013.0,2067.0,2039.0,2041.0,679.0,681.0,0.0,0.0,0.0,1.0,0.0,0.0,0.0,0.0,0.0,0.0,250000.0,0.019999999552965164,31.999046325683594,0.0,0.0,0.0,218.0,43640.0,0.0,218.0,0.0,0.0,4.0,54.0,1.0,1.0,3.0,0.0,0.0,3.0,0.0,0.0,0.0,1091.0,1091.0,1.0
1.092,2720.0,653.0,707.0,2013.0,2067.0,2039.0,2041.0,679.0,681.0,0.0,0.0,0.0,1.0,0.0,0.0,0.0,0.0,0.0,0.0,250000.0,0.019999999552965164,31.999046325683594,0.0,0.0,0.0,218.0,43680.0,0.0,218.0,0.0,0.0,4.0,54.0,1.0,1.0,3.0,0.0,0.0,3.0,0.0,0.0,0.0,1092.0,1092.0,1.0
1.093,2720.0,653.0,707.0,2013.0,2067.0,2039.0,2041.0,679.0,681.0,0.0,0.0,0.0,1.0,0.0,0.0,0.0,0.0,0.0,0.0,250000.0,0.019999999552965164,31.999046325683594,0.0,0.0,0.0,218.0,43720.0,0.0,218.0,0.0,0.0,4.0,54.0,1.0,1.0,3.0,0.0,0.0,3.0,0.0,0.0,0.0,1093.0,1093.0,1.0
1.094,2720.0,653.0,707.0,2013.0,2067.0,2039.0,2041.0,679.0,681.0,0.0,0.0,0.0,1.0,0.0,0.0,0.0,0.0,0.0,0.0,250000.0,0.019999999552965164,31.999046325683594,0.0,0.0,0.0,218.0,43760.0,0.0,218.0,0.0,0.0,4.0,54.0,1.0,1.0,3.0,0.0,0.0,3.0,0.0,0.0,0.0,1094.0,1094.0,1.0
1.095,2720.0,653.0,707.0,2013.0,2067.0,2039.0,2041.0,679.0,681.0,0.0,0.0,0.0,1.0,0.0,0.0,0.0,0.0,0.0,0.0,250000.0,0.019999999552965164,31.999046325683594,0.0,0.0,0.0,218.0,43800.0,0.0,219.0,2.0,135.0,4.0,54.0,1.0,1.0,3.0,0.0,0.0,3.0,0.0,0.0,0.0,1095.0,1095.0,1.0
1.096,17000.0,4165.0,4335.0,12665.0,12835.0,12749.0,12751.0,4249.0,4251.0,1.0,1.0,0.0,1.0,0.0,0.0,2.0,0.0,0.0,0.0,40000.0,0.009999999776482582,31.999046325683594,0.0,0.0,0.0,219.0,43840.0,0.0,219.0,2.0,135.0,4.0,54.0,1.0,1.0,3.0,0.0,0.0,3.0,0.0,0.0,0.0,1096.0,1096.0,1.0
1.097,17000.0,4165.0,4335.0,12665.0,12835.0,12749.0,12751.0,4249.0,4251.0,1.0,1.0,0.0,1.0,0.0,0.0,2.0,0.0,0.0,0.0,40000.0,0.009999999776482582,31.999046325683594,0.0,0.0,0.0,219.0,43880.0,0.0,219.0,2.0,135.0,4.0,54.0,1.0,1.0,3.0,0.0,0.0,3.0,0.0,0.0,0.0,1097.0,1097.0,1.0
1.098,17000.0,4165.0,4335.0,12665.0,12835.0,12749.0,12751.0,4249.0,4251.0,1.0,1.0,0.0,1.0,0.0,0.0,2.0,0.0,0.0,0.0,40000.0,0.009999999776482582,31.999046325683594,0.0,0.0,0.0,219.0,43920.0,0.0,219.0,2.0,135.0,4.0,54.0,1.0,1.0,3.0,0.0,0.0,3.0,0.0,0.0,0.0,1098.0,1098.0,1.0
1.099,17000.0,4165.0,4335.0,12665.0,12835.0,12749.0,12751.0,4249.0,4251.0,1.0,1.0,0.0,1.0,0.0,0.0,2.0,0.0,0.0,0.0,40000.0,0.009999999776482582,31.999046325683594,0.0,0.0,0.0,219.0,43960.0,0.0,219.0,2.0,135.0,4.0,54.0,1.0,1.0,3.0,0.0,0.0,3.0,0.0,0.0,0.0,1099.0,1099.0,1.0
1.1,17000.0,4165.0,4335.0,12665.0,12835.0,12749.0,12751.0,4249.0,4251.0,1.0,1.0,0.0,1.0,0.0,0.0,2.0,0.0,0.0,0.0,40000.0,0.009999999776482582,31.999046325683594,0.0,0.0,0.0,219.0,44000.0,0.0,219.0,2.0,135.0,4.0,54.0,1.0,1.0,3.0,0.0,0.0,3.0,0.0,0.0,0.0,1100.0,1100.0,1.0
1.101,17000.0,4165.0,4335.0,12665.0,12835.0,12749.0,12751.0,4249.0,4251.0,1.0,1.0,0.0,1.0,0.0,0.0,2.0,0.0,0.0,0.0,40000.0,0.009999999776482582,31.999046325683594,0.0,0.0,0.0,219.0,44040.0,0.0,219.0,2.0,135.0,4.0,54.0,1.0,1.0,3.0,0.0,0.0,3.0,0.0,0.0,0.0,1101.0,1101.0,1.0
1.102,17000.0,4165.0,4335.0,12665.0,12835.0,12749.0,12751.0,4249.0,4251.0,1.0,1.0,0.0,1.0,0.0,0.0,2.0,0.0,0.0,0.0,40000.0,0.009999999776482582,31.999046325683594,0.0,0.0,0.0,219.0,44080.0,0.0,219.0,2.0,135.0,4.0,54.0,1.0,1.0,3.0,0.0,0.0,3.0,0.0,0.0,0.0,1102.0,1102.0,1.0
1.103,17000.0,4165.0,4335.0,12665.0,12835.0,12749.0,12751.0,4249.0,4251.0,1.0,1.0,0.0,1.0,0.0,0.0,2.0,0.0,0.0,0.0,40000.0,0.009999999776482582,31.999046325683594,0.0,0.0,0.0,219.0,44120.0,0.0,219.0,2.0,135.0,4.0,54.0,1.0,1.0,3.0,0.0,0.0,3.0,0.0,0.0,0.0,1103.0,1103.0,1.0
1.104,17000.0,4165.0,4335.0,12665.0,12835.0,12749.0,12751.0,4249.0,4251.0,1.0,1.0,0.0,1.0,0.0,0.0,2.0,0.0,0.0,0.0,40000.0,0.009999999776482582,31.999046325683594,0.0,0.0,0.0,219.0,44160.0,0.0,219.0,2.0,135.0,4.0,54.0,1.0,1.0,3.0,0.0,0.0,3.0,0.0,0.0,0.0,1104.0,1104.0,1.0
1.105,17000.0,4165.0,4335.0,12665.0,12835.0,12749.0,12751.0,4249.0,4251.0,1.0,1.0,0.0,1.0,0.0,0.0,2.0,0.0,0.0,0.0,40000.0,0.009999999776482582,31.999046325683594,0.0,0.0,0.0,219.0,44200.0,0.0,219.0,2.0,135.0,4.0,54.0,1.0,1.0,3.0,0.0,0.0,3.0,0.0,0.0,0.0,1105.0,1105.0,1.0
1.106,17000.0,4165.0,4335.0,12665.0,12835.0,12749.0,12751.0,4249.0,4251.0,1.0,1.0,0.0,1.0,0.0,0.0,2.0,0.0,0.0,0.0,40000.0,0.009999999776482582,31.999046325683594,0.0,0.0,0.0,219.0,44240.0,0.0,219.0,2.0,135.0,4.0,54.0,1.0,1.0,3.0,0.0,0.0,3.0,0.0,0.0,0.0,1106.0,1106.0,1.0
1.107,17000.0,4165.0,4335.0,12665.0,12835.0,12749.0,12751.0,4249.0,4251.0,1.0,1.0,0.0,1.0,0.0,0.0,2.0,0.0,0.0,0.0,40000.0,0.009999999776482582,31.999046325683594,0.0,0.0,0.0,219.0,44280.0,0.0,219.0,2.0,135.0,4.0,54.0,1.0,1.0,3.0,0.0,0.0,3.0,0.0,0.0,0.0,1107.0,1107.0,1.0
1.108,17000.0,4165.0,4335.0,12665.0,12835.0,12749.0,12751.0,4249.0,4251.0,1.0,1.0,0.0,1.0,0.0,0.0,2.0,0.0,0.0,0.0,40000.0,0.009999999776482582,31.999046325683594,0.0,0.0,0.0,219.0,44320.0,0.0,219.0,2.0,135.0,4.0,54.0,1.0,1.0,3.0,0.0,0.0,3.0,0.0,0.0,0.0,1108.0,1108.0,1.0
1.109,17000.0,4165.0,4335.0,12665.0,12835.0,12749.0,12751.0,4249.0,4251.0,1.0,1.0,0.0,1.0,0.0,0.0,2.0,0.0,0.0,0.0,40000.0,0.009999999776482582,31.999046325683594,0.0,0.0,0.0,219.0,44360.0,0.0,219.0,2.0,135.0,4.0,54.0,1.0,1.0,3.0,0.0,0.0,3.0,0.0,0.0,0.0,1109.0,1109.0,1.0
1.11,17000.0,4165.0,4335.0,12665.0,12835.0,12749.0,12751.0,4249.0,4251.0,1.0,1.0,0.0,1.0,0.0,0.0,2.0,0.0,0.0,0.0,40000.0,0.009999999776482582,31.999046325683594,0.0,0.0,0.0,219.0,44400.0,0.0,219.0,2.0,135.0,4.0,54.0,1.0,1.0,3.0,0.0,0.0,3.0,0.0,0.0,0.0,1110.0,1110.0,1.0
1.111,17000.0,4165.0,4335.0,12665.0,12835.0,12749.0,12751.0,4249.0,4251.0,1.0,1.0,0.0,1.0,0.0,0.0,2.0,0.0,0.0,0.0,40000.0,0.009999999776482582,31.999046325683594,0.0,0.0,0.0,219.0,44440.0,0.0,219.0,2.0,135.0,4.0,54.0,1.0,1.0,3.0,0.0,0.0,3.0,0.0,0.0,0.0,1111.0,1111.0,1.0
1.112,17000.0,4165.0,4335.0,12665.0,12835.0,12749.0,12751.0,4249.0,4251.0,1.0,1.0,0.0,1.0,0.0,0.0,2.0,0.0,0.0,0.0,40000.0,0.009999999776482582,31.999046325683594,0.0,0.0,0.0,219.0,44480.0,0.0,219.0,2.0,135.0,4.0,54.0,1.0,1.0,3.0,0.0,0.0,3.0,0.0,0.0,0.0,1112.0,1112.0,1.0
1.113,17000.0,4165.0,4335.0,12665.0,12835.0,12749.0,12751.0,4249.0,4251.0,1.0,1.0,0.0,1.0,0.0,0.0,2.0,0.0,0.0,0.0,40000.0,0.009999999776482582,31.999046325683594,0.0,0.0,0.0,219.0,44520.0,0.0,219.0,2.0,135.0,4.0,54.0,1.0,1.0,3.0,0.0,0.0,3.0,0.0,0.0,0.0,1113.0,1113.0,1.0
1.114,17000.0,4165.0,4335.0,12665.0,12835.0,12749.0,12751.0,4249.0,4251.0,1.0,1.0,0.0,1.0,0.0,0.0,2.0,0.0,0.0,0.0,40000.0,0.009999999776482582,31.999046325683594,0.0,0.0,0.0,219.0,44560.0,0.0,219.0,2.0,135.0,4.0,54.0,1.0,1.0,3.0,0.0,0.0,3.0,0.0,0.0,0.0,1114.0,1114.0,1.0
1.115,17000.0,4165.0,4335.0,12665.0,12835.0,12749.0,12751.0,4249.0,4251.0,1.0,1.0,0.0,1.0,0.0,0.0,2.0,0.0,0.0,0.0,40000.0,0.009999999776482582,31.999046325683594,0.0,0.0,0.0,219.0,44600.0,0.0,219.0,2.0,135.0,4.0,54.0,1.0,1.0,3.0,0.0,0.0,3.0,0.0,0.0,0.0,1115.0,1115.0,1.0
1.116,17000.0,4165.0,4335.0,12665.0,12835.0,12749.0,12751.0,4249.0,4251.0,1.0,1.0,0.0,1.0,0.0,0.0,2.0,0.0,0.0,0.0,40000.0,0.009999999776482582,31.999046325683594,0.0,0.0,0.0,219.0,44640.0,0.0,219.0,2.0,135.0,4.0,54.0,1.0,1.0,3.0,0.0,0.0,3.0,0.0,0.0,0.0,1116.0,1116.0,1.0
1.117,17000.0,4165.0,4335.0,12665.0,12835.0,12749.0,12751.0,4249.0,4251.0,1.0,1.0,0.0,1.0,0.0,0.0,2.0,0.0,0.0,0.0,40000.0,0.009999999776482582,31.999046325683594,0.0,0.0,0.0,219.0,44680.0,0.0,219.0,2.0,135.0,4.0,54.0,1.0,1.0,3.0,0.0,0.0,3.0,0.0,0.0,0.0,1117.0,1117.0,1.0
1.118,17000.0,4165.0,4335.0,12665.0,12835.0,12749.0,12751.0,4249.0,4251.0,1.0,1.0,0.0,1.0,0.0,0.0,2.0,0.0,0.0,0.0,40000.0,0.009999999776482582,31.999046325683594,0.0,0.0,0.0,219.0,44720.0,0.0,219.0,2.0,135.0,4.0,54.0,1.0,1.0,3.0,0.0,0.0,3.0,0.0,0.0,0.0,1118.0,1118.0,1.0
1.119,17000.0,4165.0,4335.0,12665.0,12835.0,12749.0,12751.0,4249.0,4251.0,1.0,1.0,0.0,1.0,0.0,0.0,2.0,0.0,0.0,0.0,40000.0,0.009999999776482582,31.999046325683594,0.0,0.0,0.0,219.0,44760.0,0.0,219.0,2.0,135.0,4.0,54.0,1.0,1.0,3.0,0.0,0.0,3.0,0.0,0.0,0.0,1119.0,1119.0,1.0
1.12,17000.0,4165.0,4335.0,12665.0,12835.0,12749.0,12751.0,4249.0,4251.0,1.0,1.0,0.0,1.0,0.0,0.0,2.0,0.0,0.0,0.0,40000.0,0.009999999776482582,31.999046325683594,0.0,0.0,0.0,219.0,44800.0,0.0,219.0,2.0,135.0,4.0,54.0,1.0,1.0,3.0,0.0,0.0,3.0,0.0,0.0,0.0,1120.0,1120.0,1.0
1.121,17000.0,4165.0,4335.0,12665.0,12835.0,12749.0,12751.0,4249.0,4251.0,1.0,1.0,0.0,1.0,0.0,0.0,2.0,0.0,0.0,0.0,40000.0,0.009999999776482582,31.999046325683594,0.0,0.0,0.0,219.0,44840.0,0.0,219.0,2.0,135.0,4.0,54.0,1.0,1.0,3.0,0.0,0.0,3.0,0.0,0.0,0.0,1121.0,1121.0,1.0
1.122,17000.0,4165.0,4335.0,12665.0,12835.0,12749.0,12751.0,4249.0,4251.0,1.0,1.0,0.0,1.0,0.0,0.0,2.0,0.0,0.0,0.0,40000.0,0.009999999776482582,31.999046325683594,0.0,0.0,0.0,219.0,44880.0,0.0,219.0,2.0,135.0,4.0,54.0,1.0,1.0,3.0,0.0,0.0,3.0,0.0,0.0,0.0,1122.0,1122.0,1.0
1.123,17000.0,4165.0,4335.0,12665.0,12835.0,12749.0,12751.0,4249.0,4251.0,1.0,1.0,0.0,1.0,0.0,0.0,2.0,0.0,0.0,0.0,40000.0,0.009999999776482582,31.999046325683594,0.0,0.0,0.0,219.0,44920.0,0.0,219.0,2.0,135.0,4.0,54.0,1.0,1.0,3.0,0.0,0.0,3.0,0.0,0.0,0.0,1123.0,1123.0,1.0
1.124,17000.0,4165.0,4335.0,12665.0,12835.0,12749.0,12751.0,4249.0,4251.0,1.0,1.0,0.0,1.0,0.0,0.0,2.0,0.0,0.0,0.0,40000.0,0.009999999776482582,31.999046325683594,0.0,0.0,0.0,219.0,44960.0,0.0,219.0,2.0,135.0,4.0,54.0,1.0,1.0,3.0,0.0,0.0,3.0,0.0,0.0,0.0,1124.0,1124.0,1.0
1.125,17000.0,4165.0,4335.0,12665.0,12835.0,12749.0,12751.0,4249.0,4251.0,1.0,1.0,0.0,1.0,0.0,0.0,2.0,0.0,0.0,0.0,40000.0,0.009999999776482582,31.999046325683594,0.0,0.0,0.0,219.0,45000.0,0.0,219.0,2.0,135.0,4.0,54.0,1.0,1.0,3.0,0.0,0.0,3.0,0.0,0.0,0.0,1125.0,1125.0,1.0
1.1260000000000001,17000.0,4165.0,4335.0,12665.0,12835.0,12749.0,12751.0,4249.0,4251.0,1.0,1.0,0.0,1.0,0.0,0.0,2.0,0.0,0.0,0.0,40000.0,0.009999999776482582,31.999046325683594,0.0,0.0,0.0,219.0,45040.0,0.0,219.0,2.0,135.0,4.0,54.0,1.0,1.0,3.0,0.0,0.0,3.0,0.0,0.0,0.0,1126.0,1126.0,1.0
1.127,17000.0,4165.0,4335.0,12665.0,12835.0,12749.0,12751.0,4249.0,4251.0,1.0,1.0,0.0,1.0,0.0,0.0,2.0,0.0,0.0,0.0,40000.0,0.009999999776482582,31.999046325683594,0.0,0.0,0.0,219.0,45080.0,0.0,219.0,2.0,135.0,4.0,54.0,1.0,1.0,3.0,0.0,0.0,3.0,0.0,0.0,0.0,1127.0,1127.0,1.0
1.1280000000000001,17000.0,4165.0,4335.0,12665.0,12835.0,12749.0,12751.0,4249.0,4251.0,1.0,1.0,0.0,1.0,0.0,0.0,2.0,0.0,0.0,0.0,40000.0,0.009999999776482582,31.999046325683594,0.0,0.0,0.0,219.0,45120.0,0.0,219.0,2.0,135.0,4.0,54.0,1.0,1.0,3.0,0.0,0.0,3.0,0.0,0.0,0.0,1128.0,1128.0,1.0
1.129,17000.0,4165.0,4335.0,12665.0,12835.0,12749.0,12751.0,4249.0,4251.0,1.0,1.0,0.0,1.0,0.0,0.0,2.0,0.0,0.0,0.0,40000.0,0.009999999776482582,31.999046325683594,0.0,0.0,0.0,219.0,45160.0,0.0,219.0,2.0,135.0,4.0,54.0,1.0,1.0,3.0,0.0,0.0,3.0,0.0,0.0,0.0,1129.0,1129.0,1.0
1.1300000000000001,17000.0,4165.0,4335.0,12665.0,12835.0,12749.0,12751.0,4249.0,4251.0,1.0,1.0,0.0,1.0,0.0,0.0,2.0,0.0,0.0,0.0,40000.0,0.009999999776482582,31.999046325683594,0.0,0.0,0.0,219.0,45200.0,0.0,219.0,2.0,135.0,4.0,54.0,1.0,1.0,3.0,0.0,0.0,3.0,0.0,0.0,0.0,1130.0,1130.0,1.0
1.131,17000.0,4165.0,4335.0,12665.0,12835.0,12749.0,12751.0,4249.0,4251.0,1.0,1.0,0.0,1.0,0.0,0.0,2.0,0.0,0.0,0.0,40000.0,0.009999999776482582,31.999046325683594,0.0,0.0,0.0,219.0,45240.0,0.0,219.0,2.0,135.0,4.0,54.0,1.0,1.0,3.0,0.0,0.0,3.0,0.0,0.0,0.0,1131.0,1131.0,1.0
1.1320000000000001,17000.0,4165.0,4335.0,12665.0,12835.0,12749.0,12751.0,4249.0,4251.0,1.0,1.0,0.0,1.0,0.0,0.0,2.0,0.0,0.0,0.0,40000.0,0.009999999776482582,31.999046325683594,0.0,0.0,0.0,219.0,45280.0,0.0,219.0,2.0,135.0,4.0,54.0,1.0,1.0,3.0,0.0,0.0,3.0,0.0,0.0,0.0,1132.0,1132.0,1.0
1.133,17000.0,4165.0,4335.0,12665.0,12835.0,12749.0,12751.0,4249.0,4251.0,1.0,1.0,0.0,1.0,0.0,0.0,2.0,0.0,0.0,0.0,40000.0,0.009999999776482582,31.999046325683594,0.0,0.0,0.0,219.0,45320.0,0.0,219.0,2.0,135.0,4.0,54.0,1.0,1.0,3.0,0.0,0.0,3.0,0.0,0.0,0.0,1133.0,1133.0,1.0
1.1340000000000001,17000.0,4165.0,4335.0,12665.0,12835.0,12749.0,12751.0,4249.0,4251.0,1.0,1.0,0.0,1.0,0.0,0.0,2.0,0.0,0.0,0.0,40000.0,0.009999999776482582,31.999046325683594,0.0,0.0,0.0,219.0,45360.0,0.0,219.0,2.0,135.0,4.0,54.0,1.0,1.0,3.0,0.0,0.0,3.0,0.0,0.0,0.0,1134.0,1134.0,1.0
1.135,17000.0,4165.0,4335.0,12665.0,12835.0,12749.0,12751.0,4249.0,4251.0,1.0,1.0,0.0,1.0,0.0,0.0,2.0,0.0,0.0,0.0,40000.0,0.009999999776482582,31.999046325683594,0.0,0.0,0.0,219.0,45400.0,0.0,219.0,2.0,135.0,4.0,54.0,1.0,1.0,3.0,0.0,0.0,3.0,0.0,0.0,0.0,1135.0,1135.0,1.0
1.1360000000000001,17000.0,4165.0,4335.0,12665.0,12835.0,12749.0,12751.0,4249.0,4251.0,1.0,1.0,0.0,1.0,0.0,0.0,2.0,0.0,0.0,0.0,40000.0,0.009999999776482582,31.999046325683594,0.0,0.0,0.0,219.0,45440.0,0.0,219.0,2.0,135.0,4.0,54.0,1.0,1.0,3.0,0.0,0.0,3.0,0.0,0.0,0.0,1136.0,1136.0,1.0
1.137,17000.0,4165.0,4335.0,12665.0,12835.0,12749.0,12751.0,4249.0,4251.0,1.0,1.0,0.0,1.0,0.0,0.0,2.0,0.0,0.0,0.0,40000.0,0.009999999776482582,31.999046325683594,0.0,0.0,0.0,219.0,45480.0,0.0,219.0,2.0,135.0,4.0,54.0,1.0,1.0,3.0,0.0,0.0,3.0,0.0,0.0,0.0,1137.0,1137.0,1.0
1.1380000000000001,17000.0,4165.0,4335.0,12665.0,12835.0,12749.0,12751.0,4249.0,4251.0,1.0,1.0,0.0,1.0,0.0,0.0,2.0,0.0,0.0,0.0,40000.0,0.009999999776482582,31.999046325683594,0.0,0.0,0.0,219.0,45520.0,0.0,219.0,2.0,135.0,4.0,54.0,1.0,1.0,3.0,0.0,0.0,3.0,0.0,0.0,0.0,1138.0,1138.0,1.0
1.139,17000.0,4165.0,4335.0,12665.0,12835.0,12749.0,12751.0,4249.0,4251.0,1.0,1.0,0.0,1.0,0.0,0.0,2.0,0.0,0.0,0.0,40000.0,0.009999999776482582,31.999046325683594,0.0,0.0,0.0,219.0,45560.0,0.0,219.0,2.0,135.0,4.0,54.0,1.0,1.0,3.0,0.0,0.0,3.0,0.0,0.0,0.0,1139.0,1139.0,1.0
1.1400000000000001,17000.0,4165.0,4335.0,12665.0,12835.0,12749.0,12751.0,4249.0,4251.0,1.0,1.0,0.0,1.0,0.0,0.0,2.0,0.0,0.0,0.0,40000.0,0.009999999776482582,31.999046325683594,0.0,0.0,0.0,219.0,45600.0,0.0,219.0,2.0,135.0,4.0,54.0,1.0,1.0,3.0,0.0,0.0,3.0,0.0,0.0,0.0,1140.0,1140.0,1.0
1.141,17000.0,4165.0,4335.0,12665.0,12835.0,12749.0,12751.0,4249.0,4251.0,1.0,1.0,0.0,1.0,0.0,0.0,2.0,0.0,0.0,0.0,40000.0,0.009999999776482582,31.999046325683594,0.0,0.0,0.0,219.0,45640.0,0.0,219.0,2.0,135.0,4.0,54.0,1.0,1.0,3.0,0.0,0.0,3.0,0.0,0.0,0.0,1141.0,1141.0,1.0
1.1420000000000001,17000.0,4165.0,4335.0,12665.0,12835.0,12749.0,12751.0,4249.0,4251.0,1.0,1.0,0.0,1.0,0.0,0.0,2.0,0.0,0.0,0.0,40000.0,0.009999999776482582,31.999046325683594,0.0,0.0,0.0,219.0,45680.0,0.0,219.0,2.0,135.0,4.0,54.0,1.0,1.0,3.0,0.0,0.0,3.0,0.0,0.0,0.0,1142.0,1142.0,1.0
1.143,17000.0,4165.0,4335.0,12665.0,12835.0,12749.0,12751.0,4249.0,4251.0,1.0,1.0,0.0,1.0,0.0,0.0,2.0,0.0,0.0,0.0,40000.0,0.009999999776482582,31.999046325683594,0.0,0.0,0.0,219.0,45720.0,0.0,219.0,2.0,135.0,4.0,54.0,1.0,1.0,3.0,0.0,0.0,3.0,0.0,0.0,0.0,1143.0,1143.0,1.0
1.1440000000000001,17000.0,4165.0,4335.0,12665.0,12835.0,12749.0,12751.0,4249.0,4251.0,1.0,1.0,0.0,1.0,0.0,0.0,2.0,0.0,0.0,0.0,40000.0,0.009999999776482582,31.999046325683594,0.0,0.0,0.0,219.0,45760.0,0.0,219.0,2.0,135.0,4.0,54.0,1.0,1.0,3.0,0.0,0.0,3.0,0.0,0.0,0.0,1144.0,1144.0,1.0
1.145,17000.0,4165.0,4335.0,12665.0,12835.0,12749.0,12751.0,4249.0,4251.0,1.0,1.0,0.0,1.0,0.0,0.0,2.0,0.0,0.0,0.0,40000.0,0.009999999776482582,31.999046325683594,0.0,0.0,0.0,219.0,45800.0,0.0,219.0,2.0,135.0,4.0,54.0,1.0,1.0,3.0,0.0,0.0,3.0,0.0,0.0,0.0,1145.0,1145.0,1.0
1.1460000000000001,17000.0,4165.0,4335.0,12665.0,12835.0,12749.0,12751.0,4249.0,4251.0,1.0,1.0,0.0,1.0,0.0,0.0,2.0,0.0,0.0,0.0,40000.0,0.009999999776482582,31.999046325683594,0.0,0.0,0.0,219.0,45840.0,0.0,219.0,2.0,135.0,4.0,54.0,1.0,1.0,3.0,0.0,0.0,3.0,0.0,0.0,0.0,1146.0,1146.0,1.0
1.147,17000.0,4165.0,4335.0,12665.0,12835.0,12749.0,12751.0,4249.0,4251.0,1.0,1.0,0.0,1.0,0.0,0.0,2.0,0.0,0.0,0.0,40000.0,0.009999999776482582,31.999046325683594,0.0,0.0,0.0,219.0,45880.0,0.0,219.0,2.0,135.0,4.0,54.0,1.0,1.0,3.0,0.0,0.0,3.0,0.0,0.0,0.0,1147.0,1147.0,1.0
1.1480000000000001,17000.0,4165.0,4335.0,12665.0,12835.0,12749.0,12751.0,4249.0,4251.0,1.0,1.0,0.0,1.0,0.0,0.0,2.0,0.0,0.0,0.0,40000.0,0.009999999776482582,31.999046325683594,0.0,0.0,0.0,219.0,45920.0,0.0,219.0,2.0,135.0,4.0,54.0,1.0,1.0,3.0,0.0,0.0,3.0,0.0,0.0,0.0,1148.0,1148.0,1.0
1.149,17000.0,4165.0,4335.0,12665.0,12835.0,12749.0,12751.0,4249.0,4251.0,1.0,1.0,0.0,1.0,0.0,0.0,2.0,0.0,0.0,0.0,40000.0,0.009999999776482582,31.999046325683594,0.0,0.0,0.0,219.0,45960.0,0.0,219.0,2.0,135.0,4.0,54.0,1.0,1.0,3.0,0.0,0.0,3.0,0.0,0.0,0.0,1149.0,1149.0,1.0
1.1500000000000001,17000.0,4165.0,4335.0,12665.0,12835.0,12749.0,12751.0,4249.0,4251.0,1.0,1.0,0.0,1.0,0.0,0.0,2.0,0.0,0.0,0.0,40000.0,0.009999999776482582,31.999046325683594,0.0,0.0,0.0,219.0,46000.0,0.0,219.0,2.0,135.0,4.0,54.0,1.0,1.0,3.0,0.0,0.0,3.0,0.0,0.0,0.0,1150.0,1150.0,1.0
1.151,2720.0,653.0,707.0,2013.0,2067.0,2039.0,2041.0,679.0,681.0,0.0,0.0,0.0,1.0,0.0,1.0,2.0,1.0,0.0,0.0,250000.0,0.019999999552965164,31.999046325683594,0.0,0.0,0.0,219.0,46040.0,0.0,219.0,2.0,135.0,4.0,54.0,1.0,1.0,3.0,0.0,0.0,3.0,0.0,0.0,0.0,1151.0,1151.0,1.0
1.1520000000000001,2720.0,653.0,707.0,2013.0,2067.0,2039.0,2041.0,679.0,681.0,0.0,0.0,0.0,1.0,0.0,1.0,2.0,1.0,0.0,0.0,250000.0,0.019999999552965164,31.999046325683594,0.0,0.0,0.0,219.0,46080.0,0.0,219.0,2.0,135.0,4.0,54.0,1.0,1.0,3.0,0.0,0.0,3.0,0.0,0.0,0.0,1152.0,1152.0,1.0
1.153,2720.0,653.0,707.0,2013.0,2067.0,2039.0,2041.0,679.0,681.0,0.0,0.0,0.0,1.0,0.0,1.0,2.0,1.0,0.0,0.0,250000.0,0.019999999552965164,31.999046325683594,0.0,0.0,0.0,219.0,46120.0,0.0,219.0,2.0,135.0,4.0,54.0,1.0,1.0,3.0,0.0,0.0,3.0,0.0,0.0,0.0,1153.0,1153.0,1.0
1.1540000000000001,2720.0,653.0,707.0,2013.0,2067.0,2039.0,2041.0,679.0,681.0,0.0,0.0,0.0,1.0,0.0,1.0,2.0,1.0,0.0,0.0,250000.0,0.019999999552965164,31.999046325683594,0.0,0.0,0.0,219.0,46160.0,0.0,219.0,2.0,135.0,4.0,54.0,1.0,1.0,3.0,0.0,0.0,3.0,0.0,0.0,0.0,1154.0,1154.0,1.0
1.155,2720.0,653.0,707.0,2013.0,2067.0,2039.0,2041.0,679.0,681.0,0.0,0.0,0.0,1.0,0.0,1.0,2.0,1.0,0.0,0.0,250000.0,0.019999999552965164,31.999046325683594,0.0,0.0,0.0,219.0,46200.0,0.0,219.0,2.0,135.0,4.0,54.0,1.0,1.0,3.0,0.0,0.0,3.0,0.0,0.0,0.0,1155.0,1155.0,1.0
1.1560000000000001,2720.0,653.0,707.0,2013.0,2067.0,2039.0,2041.0,679.0,681.0,0.0,0.0,0.0,1.0,0.0,1.0,2.0,1.0,0.0,0.0,250000.0,0.019999999552965164,31.999046325683594,0.0,0.0,0.0,219.0,46240.0,0.0,219.0,2.0,135.0,4.0,54.0,1.0,1.0,3.0,0.0,0.0,3.0,0.0,0.0,0.0,1156.0,1156.0,1.0
1.157,2720.0,653.0,707.0,2013.0,2067.0,2039.0,2041.0,679.0,681.0,0.0,0.0,0.0,1.0,0.0,1.0,2.0,1.0,0.0,0.0,250000.0,0.019999999552965164,31.999046325683594,0.0,0.0,0.0,219.0,46280.0,0.0,219.0,2.0,135.0,4.0,54.0,1.0,1.0,3.0,0.0,0.0,3.0,0.0,0.0,0.0,1157.0,1157.0,1.0
1.1580000000000001,2720.0,653.0,707.0,2013.0,2067.0,2039.0,2041.0,679.0,681.0,0.0,0.0,0.0,1.0,0.0,1.0,2.0,1.0,0.0,0.0,250000.0,0.019999999552965164,31.999046325683594,0.0,0.0,0.0,219.0,46320.0,0.0,219.0,2.0,135.0,4.0,54.0,1.0,1.0,3.0,0.0,0.0,3.0,0.0,0.0,0.0,1158.0,1158.0,1.0
1.159,2720.0,653.0,707.0,2013.0,2067.0,2039.0,2041.0,679.0,681.0,0.0,0.0,0.0,1.0,0.0,1.0,2.0,1.0,0.0,0.0,250000.0,0.019999999552965164,31.999046325683594,0.0,0.0,0.0,219.0,46360.0,0.0,219.0,2.0,135.0,4.0,54.0,1.0,1.0,3.0,0.0,0.0,3.0,0.0,0.0,0.0,1159.0,1159.0,1.0
1.1600000000000001,2720.0,653.0,707.0,2013.0,2067.0,2039.0,2041.0,679.0,681.0,0.0,0.0,0.0,1.0,0.0,1.0,2.0,1.0,0.0,0.0,250000.0,0.019999999552965164,31.999046325683594,0.0,0.0,0.0,219.0,46400.0,0.0,219.0,2.0,135.0,4.0,54.0,1.0,1.0,3.0,0.0,0.0,3.0,0.0,0.0,0.0,1160.0,1160.0,1.0
1.161,2720.0,653.0,707.0,2013.0,2067.0,2039.0,2041.0,679.0,681.0,0.0,0.0,0.0,1.0,0.0,1.0,2.0,1.0,0.0,0.0,250000.0,0.019999999552965164,31.999046325683594,0.0,0.0,0.0,219.0,46440.0,0.0,219.0,2.0,135.0,4.0,54.0,1.0,1.0,3.0,0.0,0.0,3.0,0.0,0.0,0.0,1161.0,1161.0,1.0
1.1620000000000001,2720.0,653.0,707.0,2013.0,2067.0,2039.0,2041.0,679.0,681.0,0.0,0.0,0.0,1.0,0.0,1.0,2.0,1.0,0.0,0.0,250000.0,0.019999999552965164,31.999046325683594,0.0,0.0,0.0,219.0,46480.0,0.0,219.0,2.0,135.0,4.0,54.0,1.0,1.0,3.0,0.0,0.0,3.0,0.0,0.0,0.0,1162.0,1162.0,1.0
1.163,2720.0,653.0,707.0,2013.0,2067.0,2039.0,2041.0,679.0,681.0,0.0,0.0,0.0,1.0,0.0,1.0,2.0,1.0,0.0,0.0,250000.0,0.019999999552965164,31.999046325683594,0.0,0.0,0.0,219.0,46520.0,0.0,219.0,2.0,135.0,4.0,54.0,1.0,1.0,3.0,0.0,0.0,3.0,0.0,0.0,0.0,1163.0,1163.0,1.0
1.1640000000000001,2720.0,653.0,707.0,2013.0,2067.0,2039.0,2041.0,679.0,681.0,0.0,0.0,0.0,1.0,0.0,1.0,2.0,1.0,0.0,0.0,250000.0,0.019999999552965164,31.999046325683594,0.0,0.0,0.0,219.0,46560.0,0.0,219.0,2.0,135.0,4.0,54.0,1.0,1.0,3.0,0.0,0.0,3.0,0.0,0.0,0.0,1164.0,1164.0,1.0
1.165,2720.0,653.0,707.0,2013.0,2067.0,2039.0,2041.0,679.0,681.0,0.0,0.0,0.0,1.0,0.0,1.0,2.0,1.0,0.0,0.0,250000.0,0.019999999552965164,31.999046325683594,0.0,0.0,0.0,219.0,46600.0,0.0,219.0,2.0,135.0,4.0,54.0,1.0,1.0,3.0,0.0,0.0,3.0,0.0,0.0,0.0,1165.0,1165.0,1.0
1.1660000000000001,2720.0,653.0,707.0,2013.0,2067.0,2039.0,2041.0,679.0,681.0,0.0,0.0,0.0,1.0,0.0,1.0,2.0,1.0,0.0,0.0,250000.0,0.019999999552965164,31.999046325683594,0.0,0.0,0.0,219.0,46640.0,0.0,219.0,2.0,135.0,4.0,54.0,1.0,1.0,3.0,0.0,0.0,3.0,0.0,0.0,0.0,1166.0,1166.0,1.0
1.167,2720.0,653.0,707.0,2013.0,2067.0,2039.0,2041.0,679.0,681.0,0.0,0.0,0.0,1.0,0.0,1.0,2.0,1.0,0.0,0.0,250000.0,0.019999999552965164,31.999046325683594,0.0,0.0,0.0,219.0,46680.0,0.0,219.0,2.0,135.0,4.0,54.0,1.0,1.0,3.0,0.0,0.0,3.0,0.0,0.0,0.0,1167.0,1167.0,1.0
1.1680000000000001,2720.0,653.0,707.0,2013.0,2067.0,2039.0,2041.0,679.0,681.0,0.0,0.0,0.0,1.0,0.0,1.0,2.0,1.0,0.0,0.0,250000.0,0.019999999552965164,31.999046325683594,0.0,0.0,0.0,219.0,46720.0,0.0,219.0,2.0,135.0,4.0,54.0,1.0,1.0,3.0,0.0,0.0,3.0,0.0,0.0,0.0,1168.0,1168.0,1.0
1.169,2720.0,653.0,707.0,2013.0,2067.0,2039.0,2041.0,679.0,681.0,0.0,0.0,0.0,1.0,0.0,1.0,2.0,1.0,0.0,0.0,250000.0,0.019999999552965164,31.999046325683594,0.0,0.0,0.0,219.0,46760.0,0.0,219.0,2.0,135.0,4.0,54.0,1.0,1.0,3.0,0.0,0.0,3.0,0.0,0.0,0.0,1169.0,1169.0,1.0
1.1700000000000002,2720.0,653.0,707.0,2013.0,2067.0,2039.0,2041.0,679.0,681.0,0.0,0.0,0.0,1.0,0.0,1.0,2.0,1.0,0.0,0.0,250000.0,0.019999999552965164,31.999046325683594,0.0,0.0,0.0,219.0,46800.0,0.0,219.0,2.0,135.0,4.0,54.0,1.0,1.0,3.0,0.0,0.0,3.0,0.0,0.0,0.0,1170.0,1170.0,1.0
1.171,2720.0,653.0,707.0,2013.0,2067.0,2039.0,2041.0,679.0,681.0,0.0,0.0,0.0,1.0,0.0,1.0,2.0,1.0,0.0,0.0,250000.0,0.019999999552965164,31.999046325683594,0.0,0.0,0.0,219.0,46840.0,0.0,219.0,2.0,135.0,4.0,54.0,1.0,1.0,3.0,0.0,0.0,3.0,0.0,0.0,0.0,1171.0,1171.0,1.0
1.1720000000000002,2720.0,653.0,707.0,2013.0,2067.0,2039.0,2041.0,679.0,681.0,0.0,0.0,0.0,1.0,0.0,1.0,2.0,1.0,0.0,0.0,250000.0,0.019999999552965164,31.999046325683594,0.0,0.0,0.0,219.0,46880.0,0.0,219.0,2.0,135.0,4.0,54.0,1.0,1.0,3.0,0.0,0.0,3.0,0.0,0.0,0.0,1172.0,1172.0,1.0
1.173,2720.0,653.0,707.0,2013.0,2067.0,2039.0,2041.0,679.0,681.0,0.0,0.0,0.0,1.0,0.0,1.0,2.0,1.0,0.0,0.0,250000.0,0.019999999552965164,31.999046325683594,0.0,0.0,0.0,219.0,46920.0,0.0,219.0,2.0,135.0,4.0,54.0,1.0,1.0,3.0,0.0,0.0,3.0,0.0,0.0,0.0,1173.0,1173.0,1.0
1.1740000000000002,2720.0,653.0,707.0,2013.0,2067.0,2039.0,2041.0,679.0,681.0,0.0,0.0,0.0,1.0,0.0,1.0,2.0,1.0,0.0,0.0,250000.0,0.019999999552965164,31.999046325683594,0.0,0.0,0.0,219.0,46960.0,0.0,219.0,2.0,135.0,4.0,54.0,1.0,1.0,3.0,0.0,0.0,3.0,0.0,0.0,0.0,1174.0,1174.0,1.0
1.175,2720.0,653.0,707.0,2013.0,2067.0,2039.0,2041.0,679.0,681.0,0.0,0.0,0.0,1.0,0.0,1.0,2.0,1.0,0.0,0.0,250000.0,0.019999999552965164,31.999046325683594,0.0,0.0,0.0,219.0,47000.0,0.0,219.0,2.0,135.0,4.0,54.0,1.0,1.0,3.0,0.0,0.0,3.0,0.0,0.0,0.0,1175.0,1175.0,1.0
1.1760000000000002,2720.0,653.0,707.0,2013.0,2067.0,2039.0,2041.0,679.0,681.0,0.0,0.0,0.0,1.0,0.0,1.0,2.0,1.0,0.0,0.0,250000.0,0.019999999552965164,31.999046325683594,0.0,0.0,0.0,219.0,47040.0,0.0,219.0,2.0,135.0,4.0,54.0,1.0,1.0,3.0,0.0,0.0,3.0,0.0,0.0,0.0,1176.0,1176.0,1.0
1.177,2720.0,653.0,707.0,2013.0,2067.0,2039.0,2041.0,679.0,681.0,0.0,0.0,0.0,1.0,0.0,1.0,2.0,1.0,0.0,0.0,250000.0,0.019999999552965164,31.999046325683594,0.0,0.0,0.0,219.0,47080.0,0.0,219.0,2.0,135.0,4.0,54.0,1.0,1.0,3.0,0.0,0.0,3.0,0.0,0.0,0.0,1177.0,1177.0,1.0
1.1780000000000002,2720.0,653.0,707.0,2013.0,2067.0,2039.0,2041.0,679.0,681.0,0.0,0.0,0.0,1.0,0.0,1.0,2.0,1.0,0.0,0.0,250000.0,0.019999999552965164,31.999046325683594,0.0,0.0,0.0,219.0,47120.0,0.0,219.0,2.0,135.0,4.0,54.0,1.0,1.0,3.0,0.0,0.0,3.0,0.0,0.0,0.0,1178.0,1178.0,1.0
1.179,2720.0,653.0,707.0,2013.0,2067.0,2039.0,2041.0,679.0,681.0,0.0,0.0,0.0,1.0,0.0,1.0,2.0,1.0,0.0,0.0,250000.0,0.019999999552965164,31.999046325683594,0.0,0.0,0.0,219.0,47160.0,0.0,219.0,2.0,135.0,4.0,54.0,1.0,1.0,3.0,0.0,0.0,3.0,0.0,0.0,0.0,1179.0,1179.0,1.0
1.1800000000000002,2720.0,653.0,707.0,2013.0,2067.0,2039.0,2041.0,679.0,681.0,0.0,0.0,0.0,1.0,0.0,1.0,2.0,1.0,0.0,0.0,250000.0,0.019999999552965164,31.999046325683594,0.0,0.0,0.0,219.0,47200.0,0.0,219.0,2.0,135.0,4.0,54.0,1.0,1.0,3.0,0.0,0.0,3.0,0.0,0.0,0.0,1180.0,1180.0,1.0
1.181,2720.0,653.0,707.0,2013.0,2067.0,2039.0,2041.0,679.0,681.0,0.0,0.0,0.0,1.0,0.0,1.0,2.0,1.0,0.0,0.0,250000.0,0.019999999552965164,31.999046325683594,0.0,0.0,0.0,219.0,47240.0,0.0,219.0,2.0,135.0,4.0,54.0,1.0,1.0,3.0,0.0,0.0,3.0,0.0,0.0,0.0,1181.0,1181.0,1.0
1.1820000000000002,2720.0,653.0,707.0,2013.0,2067.0,2039.0,2041.0,679.0,681.0,0.0,0.0,0.0,1.0,0.0,1.0,2.0,1.0,0.0,0.0,250000.0,0.019999999552965164,31.999046325683594,0.0,0.0,0.0,219.0,47280.0,0.0,219.0,2.0,135.0,4.0,54.0,1.0,1.0,3.0,0.0,0.0,3.0,0.0,0.0,0.0,1182.0,1182.0,1.0
1.183,2720.0,653.0,707.0,2013.0,2067.0,2039.0,2041.0,679.0,681.0,0.0,0.0,0.0,1.0,0.0,1.0,2.0,1.0,0.0,0.0,250000.0,0.019999999552965164,31.999046325683594,0.0,0.0,0.0,219.0,47320.0,0.0,219.0,2.0,135.0,4.0,54.0,1.0,1.0,3.0,0.0,0.0,3.0,0.0,0.0,0.0,1183.0,1183.0,1.0
1.1840000000000002,2720.0,653.0,707.0,2013.0,2067.0,2039.0,2041.0,679.0,681.0,0.0,0.0,0.0,1.0,0.0,1.0,2.0,1.0,0.0,0.0,250000.0,0.019999999552965164,31.999046325683594,0.0,0.0,0.0,219.0,47360.0,0.0,219.0,2.0,135.0,4.0,54.0,1.0,1.0,3.0,0.0,0.0,3.0,0.0,0.0,0.0,1184.0,1184.0,1.0
1.185,2720.0,653.0,707.0,2013.0,2067.0,2039.0,2041.0,679.0,681.0,0.0,0.0,0.0,1.0,0.0,1.0,2.0,1.0,0.0,0.0,250000.0,0.019999999552965164,31.999046325683594,0.0,0.0,0.0,219.0,47400.0,0.0,219.0,2.0,135.0,4.0,54.0,1.0,1.0,3.0,0.0,0.0,3.0,0.0,0.0,0.0,1185.0,1185.0,1.0
1.1860000000000002,2720.0,653.0,707.0,2013.0,2067.0,2039.0,2041.0,679.0,681.0,0.0,0.0,0.0,1.0,0.0,1.0,2.0,1.0,0.0,0.0,250000.0,0.019999999552965164,31.999046325683594,0.0,0.0,0.0,219.0,47440.0,0.0,219.0,2.0,135.0,4.0,54.0,1.0,1.0,3.0,0.0,0.0,3.0,0.0,0.0,0.0,1186.0,1186.0,1.0
1.187,2720.0,653.0,707.0,2013.0,2067.0,2039.0,2041.0,679.0,681.0,0.0,0.0,0.0,1.0,0.0,1.0,2.0,1.0,0.0,0.0,250000.0,0.019999999552965164,31.999046325683594,0.0,0.0,0.0,219.0,47480.0,0.0,219.0,2.0,135.0,4.0,54.0,1.0,1.0,3.0,0.0,0.0,3.0,0.0,0.0,0.0,1187.0,1187.0,1.0
1.1880000000000002,2720.0,653.0,707.0,2013.0,2067.0,2039.0,2041.0,679.0,681.0,0.0,0.0,0.0,1.0,0.0,1.0,2.0,1.0,0.0,0.0,250000.0,0.019999999552965164,31.999046325683594,0.0,0.0,0.0,219.0,47520.0,0.0,219.0,2.0,135.0,4.0,54.0,1.0,1.0,3.0,0.0,0.0,3.0,0.0,0.0,0.0,1188.0,1188.0,1.0
1.189,2720.0,653.0,707.0,2013.0,2067.0,2039.0,2041.0,679.0,681.0,0.0,0.0,0.0,1.0,0.0,1.0,2.0,1.0,0.0,0.0,250000.0,0.019999999552965164,31.999046325683594,0.0,0.0,0.0,219.0,47560.0,0.0,219.0,2.0,135.0,4.0,54.0,1.0,1.0,3.0,0.0,0.0,3.0,0.0,0.0,0.0,1189.0,1189.0,1.0
1.19,2720.0,653.0,707.0,2013.0,2067.0,2039.0,2041.0,679.0,681.0,0.0,0.0,0.0,1.0,0.0,1.0,2.0,1.0,0.0,0.0,250000.0,0.019999999552965164,31.999046325683594,0.0,0.0,0.0,219.0,47600.0,0.0,219.0,2.0,135.0,4.0,54.0,1.0,1.0,3.0,0.0,0.0,3.0,0.0,0.0,0.0,1190.0,1190.0,1.0
1.191,2720.0,653.0,707.0,2013.0,2067.0,2039.0,2041.0,679.0,681.0,0.0,0.0,0.0,1.0,0.0,1.0,2.0,1.0,0.0,0.0,250000.0,0.019999999552965164,31.999046325683594,0.0,0.0,0.0,219.0,47640.0,0.0,219.0,2.0,135.0,4.0,54.0,1.0,1.0,3.0,0.0,0.0,3.0,0.0,0.0,0.0,1191.0,1191.0,1.0
1.192,2720.0,653.0,707.0,2013.0,2067.0,2039.0,2041.0,679.0,681.0,0.0,0.0,0.0,1.0,0.0,1.0,2.0,1.0,0.0,0.0,250000.0,0.019999999552965164,31.999046325683594,0.0,0.0,0.0,219.0,47680.0,0.0,219.0,2.0,135.0,4.0,54.0,1.0,1.0,3.0,0.0,0.0,3.0,0.0,0.0,0.0,1192.0,1192.0,1.0
1.193,2720.0,653.0,707.0,2013.0,2067.0,2039.0,2041.0,679.0,681.0,0.0,0.0,0.0,1.0,0.0,1.0,2.0,1.0,0.0,0.0,250000.0,0.019999999552965164,31.999046325683594,0.0,0.0,0.0,219.0,47720.0,0.0,219.0,2.0,135.0,4.0,54.0,1.0,1.0,3.0,0.0,0.0,3.0,0.0,0.0,0.0,1193.0,1193.0,1.0
1.194,2720.0,653.0,707.0,2013.0,2067.0,2039.0,2041.0,679.0,681.0,0.0,0.0,0.0,1.0,0.0,1.0,2.0,1.0,0.0,0.0,250000.0,0.019999999552965164,31.999046325683594,0.0,0.0,0.0,219.0,47760.0,0.0,219.0,2.0,135.0,4.0,54.0,1.0,1.0,3.0,0.0,0.0,3.0,0.0,0.0,0.0,1194.0,1194.0,1.0
1.195,2720.0,653.0,707.0,2013.0,2067.0,2039.0,2041.0,679.0,681.0,0.0,0.0,0.0,1.0,0.0,1.0,2.0,1.0,0.0,0.0,250000.0,0.019999999552965164,31.999046325683594,0.0,0.0,0.0,219.0,47800.0,0.0,219.0,2.0,135.0,4.0,54.0,1.0,1.0,3.0,0.0,0.0,3.0,0.0,0.0,0.0,1195.0,1195.0,1.0
1.196,2720.0,653.0,707.0,2013.0,2067.0,2039.0,2041.0,679.0,681.0,0.0,0.0,0.0,1.0,0.0,1.0,2.0,1.0,0.0,0.0,250000.0,0.019999999552965164,31.999046325683594,0.0,0.0,0.0,219.0,47840.0,0.0,219.0,2.0,135.0,4.0,54.0,1.0,1.0,3.0,0.0,0.0,3.0,0.0,0.0,0.0,1196.0,1196.0,1.0
1.197,2720.0,653.0,707.0,2013.0,2067.0,2039.0,2041.0,679.0,681.0,0.0,0.0,0.0,1.0,0.0,1.0,2.0,1.0,0.0,0.0,250000.0,0.019999999552965164,31.999046325683594,0.0,0.0,0.0,219.0,47880.0,0.0,219.0,2.0,135.0,4.0,54.0,1.0,1.0,3.0,0.0,0.0,3.0,0.0,0.0,0.0,1197.0,1197.0,1.0
1.198,2720.0,653.0,707.0,2013.0,2067.0,2039.0,2041.0,679.0,681.0,0.0,0.0,0.0,1.0,0.0,1.0,2.0,1.0,0.0,0.0,250000.0,0.019999999552965164,31.999046325683594,0.0,0.0,0.0,219.0,47920.0,0.0,219.0,2.0,135.0,4.0,54.0,1.0,1.0,3.0,0.0,0.0,3.0,0.0,0.0,0.0,1198.0,1198.0,1.0
1.199,2720.0,653.0,707.0,2013.0,2067.0,2039.0,2041.0,679.0,681.0,0.0,0.0,0.0,1.0,0.0,1.0,2.0,1.0,0.0,0.0,250000.0,0.019999999552965164,31.999046325683594,0.0,0.0,0.0,219.0,47960.0,0.0,219.0,2.0,135.0,4.0,54.0,1.0,1.0,3.0,0.0,0.0,3.0,0.0,0.0,0.0,1199.0,1199.0,1.0
1.2,2720.0,653.0,707.0,2013.0,2067.0,2039.0,2041.0,679.0,681.0,0.0,0.0,0.0,1.0,0.0,1.0,2.0,1.0,0.0,0.0,250000.0,0.019999999552965164,31.999046325683594,0.0,0.0,0.0,219.0,48000.0,0.0,219.0,2.0,135.0,4.0,54.0,1.0,1.0,3.0,0.0,0.0,3.0,0.0,0.0,0.0,1200.0,1200.0,1.0
1.201,2720.0,653.0,707.0,2013.0,2067.0,2039.0,2041.0,679.0,681.0,0.0,0.0,0.0,1.0,1.0,0.0,2.0,2.0,0.0,0.0,250000.0,0.019999999552965164,31.999046325683594,0.0,0.0,0.0,219.0,48040.0,0.0,219.0,2.0,135.0,4.0,54.0,1.0,1.0,3.0,0.0,0.0,3.0,0.0,0.0,0.0,1201.0,1201.0,1.0
1.202,2720.0,653.0,707.0,2013.0,2067.0,2039.0,2041.0,679.0,681.0,0.0,0.0,0.0,1.0,1.0,0.0,2.0,2.0,0.0,0.0,250000.0,0.019999999552965164,31.999046325683594,0.0,0.0,0.0,219.0,48080.0,0.0,219.0,2.0,135.0,4.0,54.0,1.0,1.0,3.0,0.0,0.0,3.0,0.0,0.0,0.0,1202.0,1202.0,1.0
1.203,2720.0,653.0,707.0,2013.0,2067.0,2039.0,2041.0,679.0,681.0,0.0,0.0,0.0,1.0,1.0,0.0,2.0,2.0,0.0,0.0,250000.0,0.019999999552965164,31.999046325683594,0.0,0.0,0.0,219.0,48120.0,0.0,219.0,2.0,135.0,4.0,54.0,1.0,1.0,3.0,0.0,0.0,3.0,0.0,0.0,0.0,1203.0,1203.0,1.0
1.204,2720.0,653.0,707.0,2013.0,2067.0,2039.0,2041.0,679.0,681.0,0.0,0.0,0.0,1.0,1.0,0.0,2.0,2.0,0.0,0.0,250000.0,0.019999999552965164,31.999046325683594,0.0,0.0,0.0,219.0,48160.0,0.0,219.0,2.0,135.0,4.0,54.0,1.0,1.0,3.0,0.0,0.0,3.0,0.0,0.0,0.0,1204.0,1204.0,1.0
1.205,2720.0,653.0,707.0,2013.0,2067.0,2039.0,2041.0,679.0,681.0,0.0,0.0,0.0,1.0,1.0,0.0,2.0,2.0,0.0,0.0,250000.0,0.019999999552965164,31.999046325683594,0.0,0.0,0.0,219.0,48200.0,0.0,219.0,2.0,135.0,4.0,54.0,1.0,1.0,3.0,0.0,0.0,3.0,0.0,0.0,0.0,1205.0,1205.0,1.0
1.206,2720.0,653.0,707.0,2013.0,2067.0,2039.0,2041.0,679.0,681.0,0.0,0.0,0.0,1.0,1.0,0.0,2.0,2.0,0.0,0.0,250000.0,0.019999999552965164,31.999046325683594,0.0,0.0,0.0,219.0,48240.0,0.0,219.0,2.0,135.0,4.0,54.0,1.0,1.0,3.0,0.0,0.0,3.0,0.0,0.0,0.0,1206.0,1206.0,1.0
1.207,2720.0,653.0,707.0,2013.0,2067.0,2039.0,2041.0,679.0,681.0,0.0,0.0,0.0,1.0,1.0,0.0,2.0,2.0,0.0,0.0,250000.0,0.019999999552965164,31.999046325683594,0.0,0.0,0.0,219.0,48280.0,0.0,219.0,2.0,135.0,4.0,54.0,1.0,1.0,3.0,0.0,0.0,3.0,0.0,0.0,0.0,1207.0,1207.0,1.0
1.208,2720.0,653.0,707.0,2013.0,2067.0,2039.0,2041.0,679.0,681.0,0.0,0.0,0.0,1.0,1.0,0.0,2.0,2.0,0.0,0.0,250000.0,0.019999999552965164,31.999046325683594,0.0,0.0,0.0,219.0,48320.0,0.0,219.0,2.0,135.0,4.0,54.0,1.0,1.0,3.0,0.0,0.0,3.0,0.0,0.0,0.0,1208.0,1208.0,1.0
1.209,2720.0,653.0,707.0,2013.0,2067.0,2039.0,2041.0,679.0,681.0,0.0,0.0,0.0,1.0,1.0,0.0,2.0,2.0,0.0,0.0,250000.0,0.019999999552965164,31.999046325683594,0.0,0.0,0.0,219.0,48360.0,0.0,219.0,2.0,135.0,4.0,54.0,1.0,1.0,3.0,0.0,0.0,3.0,0.0,0.0,0.0,1209.0,1209.0,1.0
1.21,2720.0,653.0,707.0,2013.0,2067.0,2039.0,2041.0,679.0,681.0,0.0,0.0,0.0,1.0,1.0,0.0,2.0,2.0,0.0,0.0,250000.0,0.019999999552965164,31.999046325683594,0.0,0.0,0.0,219.0,48400.0,0.0,219.0,2.0,135.0,4.0,54.0,1.0,1.0,3.0,0.0,0.0,3.0,0.0,0.0,0.0,1210.0,1210.0,1.0
1.211,2720.0,653.0,707.0,2013.0,2067.0,2039.0,2041.0,679.0,681.0,0.0,0.0,0.0,1.0,1.0,0.0,2.0,2.0,0.0,0.0,250000.0,0.019999999552965164,31.999046325683594,0.0,0.0,0.0,219.0,48440.0,0.0,219.0,2.0,135.0,4.0,54.0,1.0,1.0,3.0,0.0,0.0,3.0,0.0,0.0,0.0,1211.0,1211.0,1.0
1.212,2720.0,653.0,707.0,2013.0,2067.0,2039.0,2041.0,679.0,681.0,0.0,0.0,0.0,1.0,1.0,0.0,2.0,2.0,0.0,0.0,250000.0,0.019999999552965164,31.999046325683594,0.0,0.0,0.0,219.0,48480.0,0.0,219.0,2.0,135.0,4.0,54.0,1.0,1.0,3.0,0.0,0.0,3.0,0.0,0.0,0.0,1212.0,1212.0,1.0
1.213,2720.0,653.0,707.0,2013.0,2067.0,2039.0,2041.0,679.0,681.0,0.0,0.0,0.0,1.0,1.0,0.0,2.0,2.0,0.0,0.0,250000.0,0.019999999552965164,31.999046325683594,0.0,0.0,0.0,219.0,48520.0,0.0,219.0,2.0,135.0,4.0,54.0,1.0,1.0,3.0,0.0,0.0,3.0,0.0,0.0,0.0,1213.0,1213.0,1.0
1.214,2720.0,653.0,707.0,2013.0,2067.0,2039.0,2041.0,679.0,681.0,0.0,0.0,0.0,1.0,1.0,0.0,2.0,2.0,0.0,0.0,250000.0,0.019999999552965164,31.999046325683594,0.0,0.0,0.0,219.0,48560.0,0.0,219.0,2.0,135.0,4.0,54.0,1.0,1.0,3.0,0.0,0.0,3.0,0.0,0.0,0.0,1214.0,1214.0,1.0
1.215,2720.0,653.0,707.0,2013.0,2067.0,2039.0,2041.0,679.0,681.0,0.0,0.0,0.0,1.0,1.0,0.0,2.0,2.0,0.0,0.0,250000.0,0.019999999552965164,31.999046325683594,0.0,0.0,0.0,219.0,48600.0,0.0,219.0,2.0,135.0,4.0,54.0,1.0,1.0,3.0,0.0,0.0,3.0,0.0,0.0,0.0,1215.0,1215.0,1.0
1.216,2720.0,653.0,707.0,2013.0,2067.0,2039.0,2041.0,679.0,681.0,0.0,0.0,0.0,1.0,1.0,0.0,2.0,2.0,0.0,0.0,250000.0,0.019999999552965164,31.999046325683594,0.0,0.0,0.0,219.0,48640.0,0.0,219.0,2.0,135.0,4.0,54.0,1.0,1.0,3.0,0.0,0.0,3.0,0.0,0.0,0.0,1216.0,1216.0,1.0
1.217,2720.0,653.0,707.0,2013.0,2067.0,2039.0,2041.0,679.0,681.0,0.0,0.0,0.0,1.0,1.0,0.0,2.0,2.0,0.0,0.0,250000.0,0.019999999552965164,31.999046325683594,0.0,0.0,0.0,219.0,48680.0,0.0,219.0,2.0,135.0,4.0,54.0,1.0,1.0,3.0,0.0,0.0,3.0,0.0,0.0,0.0,1217.0,1217.0,1.0
1.218,2720.0,653.0,707.0,2013.0,2067.0,2039.0,2041.0,679.0,681.0,0.0,0.0,0.0,1.0,1.0,0.0,2.0,2.0,0.0,0.0,250000.0,0.019999999552965164,31.999046325683594,0.0,0.0,0.0,219.0,48720.0,0.0,219.0,2.0,135.0,4.0,54.0,1.0,1.0,3.0,0.0,0.0,3.0,0.0,0.0,0.0,1218.0,1218.0,1.0
1.219,2720.0,653.0,707.0,2013.0,2067.0,2039.0,2041.0,679.0,681.0,0.0,0.0,0.0,1.0,1.0,0.0,2.0,2.0,0.0,0.0,250000.0,0.019999999552965164,31.999046325683594,0.0,0.0,0.0,219.0,48760.0,0.0,219.0,2.0,135.0,4.0,54.0,1.0,1.0,3.0,0.0,0.0,3.0,0.0,0.0,0.0,1219.0,1219.0,1.0
1.22,2720.0,653.0,707.0,2013.0,2067.0,2039.0,2041.0,679.0,681.0,0.0,0.0,0.0,1.0,1.0,0.0,2.0,2.0,0.0,0.0,250000.0,0.019999999552965164,31.999046325683594,0.0,0.0,0.0,219.0,48800.0,0.0,219.0,2.0,135.0,4.0,54.0,1.0,1.0,3.0,0.0,0.0,3.0,0.0,0.0,0.0,1220.0,1220.0,1.0
1.221,2720.0,653.0,707.0,2013.0,2067.0,2039.0,2041.0,679.0,681.0,0.0,0.0,0.0,1.0,1.0,0.0,2.0,2.0,0.0,0.0,250000.0,0.019999999552965164,31.999046325683594,0.0,0.0,0.0,219.0,48840.0,0.0,219.0,2.0,135.0,4.0,54.0,1.0,1.0,3.0,0.0,0.0,3.0,0.0,0.0,0.0,1221.0,1221.0,1.0
1.222,2720.0,653.0,707.0,2013.0,2067.0,2039.0,2041.0,679.0,681.0,0.0,0.0,0.0,1.0,1.0,0.0,2.0,2.0,0.0,0.0,250000.0,0.019999999552965164,31.999046325683594,0.0,0.0,0.0,219.0,48880.0,0.0,219.0,2.0,135.0,4.0,54.0,1.0,1.0,3.0,0.0,0.0,3.0,0.0,0.0,0.0,1222.0,1222.0,1.0
1.223,2720.0,653.0,707.0,2013.0,2067.0,2039.0,2041.0,679.0,681.0,0.0,0.0,0.0,1.0,1.0,0.0,2.0,2.0,0.0,0.0,250000.0,0.019999999552965164,31.999046325683594,0.0,0.0,0.0,219.0,48920.0,0.0,219.0,2.0,135.0,4.0,54.0,1.0,1.0,3.0,0.0,0.0,3.0,0.0,0.0,0.0,1223.0,1223.0,1.0
1.224,2720.0,653.0,707.0,2013.0,2067.0,2039.0,2041.0,679.0,681.0,0.0,0.0,0.0,1.0,1.0,0.0,2.0,2.0,0.0,0.0,250000.0,0.019999999552965164,31.999046325683594,0.0,0.0,0.0,219.0,48960.0,0.0,219.0,2.0,135.0,4.0,54.0,1.0,1.0,3.0,0.0,0.0,3.0,0.0,0.0,0.0,1224.0,1224.0,1.0
1.225,2720.0,653.0,707.0,2013.0,2067.0,2039.0,2041.0,679.0,681.0,0.0,0.0,0.0,1.0,1.0,0.0,2.0,2.0,0.0,0.0,250000.0,0.019999999552965164,31.999046325683594,0.0,0.0,0.0,219.0,49000.0,0.0,219.0,2.0,135.0,4.0,54.0,1.0,1.0,3.0,0.0,0.0,3.0,0.0,0.0,0.0,1225.0,1225.0,1.0
1.226,2720.0,653.0,707.0,2013.0,2067.0,2039.0,2041.0,679.0,681.0,0.0,0.0,0.0,1.0,1.0,0.0,2.0,2.0,0.0,0.0,250000.0,0.019999999552965164,31.999046325683594,0.0,0.0,0.0,219.0,49040.0,0.0,219.0,2.0,135.0,4.0,54.0,1.0,1.0,3.0,0.0,0.0,3.0,0.0,0.0,0.0,1226.0,1226.0,1.0
1.227,2720.0,653.0,707.0,2013.0,2067.0,2039.0,2041.0,679.0,681.0,0.0,0.0,0.0,1.0,1.0,0.0,2.0,2.0,0.0,0.0,250000.0,0.019999999552965164,31.999046325683594,0.0,0.0,0.0,219.0,49080.0,0.0,219.0,2.0,135.0,4.0,54.0,1.0,1.0,3.0,0.0,0.0,3.0,0.0,0.0,0.0,1227.0,1227.0,1.0
1.228,2720.0,653.0,707.0,2013.0,2067.0,2039.0,2041.0,679.0,681.0,0.0,0.0,0.0,1.0,1.0,0.0,2.0,2.0,0.0,0.0,250000.0,0.019999999552965164,31.999046325683594,0.0,0.0,0.0,219.0,49120.0,0.0,219.0,2.0,135.0,4.0,54.0,1.0,1.0,3.0,0.0,0.0,3.0,0.0,0.0,0.0,1228.0,1228.0,1.0
1.229,2720.0,653.0,707.0,2013.0,2067.0,2039.0,2041.0,679.0,681.0,0.0,0.0,0.0,1.0,1.0,0.0,2.0,2.0,0.0,0.0,250000.0,0.019999999552965164,31.999046325683594,0.0,0.0,0.0,219.0,49160.0,0.0,219.0,2.0,135.0,4.0,54.0,1.0,1.0,3.0,0.0,0.0,3.0,0.0,0.0,0.0,1229.0,1229.0,1.0
1.23,2720.0,653.0,707.0,2013.0,2067.0,2039.0,2041.0,679.0,681.0,0.0,0.0,0.0,1.0,1.0,0.0,2.0,2.0,0.0,0.0,250000.0,0.019999999552965164,31.999046325683594,0.0,0.0,0.0,219.0,49200.0,0.0,219.0,2.0,135.0,4.0,54.0,1.0,1.0,3.0,0.0,0.0,3.0,0.0,0.0,0.0,1230.0,1230.0,1.0
1.231,2720.0,653.0,707.0,2013.0,2067.0,2039.0,2041.0,679.0,681.0,0.0,0.0,0.0,1.0,1.0,0.0,2.0,2.0,0.0,0.0,250000.0,0.019999999552965164,31.999046325683594,0.0,0.0,0.0,219.0,49240.0,0.0,219.0,2.0,135.0,4.0,54.0,1.0,1.0,3.0,0.0,0.0,3.0,0.0,0.0,0.0,1231.0,1231.0,1.0
1.232,2720.0,653.0,707.0,2013.0,2067.0,2039.0,2041.0,679.0,681.0,0.0,0.0,0.0,1.0,1.0,0.0,2.0,2.0,0.0,0.0,250000.0,0.019999999552965164,31.999046325683594,0.0,0.0,0.0,219.0,49280.0,0.0,219.0,2.0,135.0,4.0,54.0,1.0,1.0,3.0,0.0,0.0,3.0,0.0,0.0,0.0,1232.0,1232.0,1.0
1.233,2720.0,653.0,707.0,2013.0,2067.0,2039.0,2041.0,679.0,681.0,0.0,0.0,0.0,1.0,1.0,0.0,2.0,2.0,0.0,0.0,250000.0,0.019999999552965164,31.999046325683594,0.0,0.0,0.0,219.0,49320.0,0.0,219.0,2.0,135.0,4.0,54.0,1.0,1.0,3.0,0.0,0.0,3.0,0.0,0.0,0.0,1233.0,1233.0,1.0
1.234,2720.0,653.0,707.0,2013.0,2067.0,2039.0,2041.0,679.0,681.0,0.0,0.0,0.0,1.0,1.0,0.0,2.0,2.0,0.0,0.0,250000.0,0.019999999552965164,31.999046325683594,0.0,0.0,0.0,219.0,49360.0,0.0,219.0,2.0,135.0,4.0,54.0,1.0,1.0,3.0,0.0,0.0,3.0,0.0,0.0,0.0,1234.0,1234.0,1.0
1.235,2720.0,653.0,707.0,2013.0,2067.0,2039.0,2041.0,679.0,681.0,0.0,0.0,0.0,1.0,1.0,0.0,2.0,2.0,0.0,0.0,250000.0,0.019999999552965164,31.999046325683594,0.0,0.0,0.0,219.0,49400.0,0.0,219.0,2.0,135.0,4.0,54.0,1.0,1.0,3.0,0.0,0.0,3.0,0.0,0.0,0.0,1235.0,1235.0,1.0
1.236,2720.0,653.0,707.0,2013.0,2067.0,2039.0,2041.0,679.0,681.0,0.0,0.0,0.0,1.0,1.0,0.0,2.0,2.0,0.0,0.0,250000.0,0.019999999552965164,31.999046325683594,0.0,0.0,0.0,219.0,49440.0,0.0,219.0,2.0,135.0,4.0,54.0,1.0,1.0,3.0,0.0,0.0,3.0,0.0,0.0,0.0,1236.0,1236.0,1.0
1.237,2720.0,653.0,707.0,2013.0,2067.0,2039.0,2041.0,679.0,681.0,0.0,0.0,0.0,1.0,1.0,0.0,2.0,2.0,0.0,0.0,250000.0,0.019999999552965164,31.999046325683594,0.0,0.0,0.0,219.0,49480.0,0.0,219.0,2.0,135.0,4.0,54.0,1.0,1.0,3.0,0.0,0.0,3.0,0.0,0.0,0.0,1237.0,1237.0,1.0
1.238,2720.0,653.0,707.0,2013.0,2067.0,2039.0,2041.0,679.0,681.0,0.0,0.0,0.0,1.0,1.0,0.0,2.0,2.0,0.0,0.0,250000.0,0.019999999552965164,31.999046325683594,0.0,0.0,0.0,219.0,49520.0,0.0,219.0,2.0,135.0,4.0,54.0,1.0,1.0,3.0,0.0,0.0,3.0,0.0,0.0,0.0,1238.0,1238.0,1.0
1.239,2720.0,653.0,707.0,2013.0,2067.0,2039.0,2041.0,679.0,681.0,0.0,0.0,0.0,1.0,1.0,0.0,2.0,2.0,0.0,0.0,250000.0,0.019999999552965164,31.999046325683594,0.0,0.0,0.0,219.0,49560.0,0.0,219.0,2.0,135.0,4.0,54.0,1.0,1.0,3.0,0.0,0.0,3.0,0.0,0.0,0.0,1239.0,1239.0,1.0
1.24,2720.0,653.0,707.0,2013.0,2067.0,2039.0,2041.0,679.0,681.0,0.0,0.0,0.0,1.0,1.0,0.0,2.0,2.0,0.0,0.0,250000.0,0.019999999552965164,31.999046325683594,0.0,0.0,0.0,219.0,49600.0,0.0,219.0,2.0,135.0,4.0,54.0,1.0,1.0,3.0,0.0,0.0,3.0,0.0,0.0,0.0,1240.0,1240.0,1.0
1.241,2720.0,653.0,707.0,2013.0,2067.0,2039.0,2041.0,679.0,681.0,0.0,0.0,0.0,1.0,1.0,0.0,2.0,2.0,0.0,0.0,250000.0,0.019999999552965164,31.999046325683594,0.0,0.0,0.0,219.0,49640.0,0.0,219.0,2.0,135.0,4.0,54.0,1.0,1.0,3.0,0.0,0.0,3.0,0.0,0.0,0.0,1241.0,1241.0,1.0
1.242,2720.0,653.0,707.0,2013.0,2067.0,2039.0,2041.0,679.0,681.0,0.0,0.0,0.0,1.0,1.0,0.0,2.0,2.0,0.0,0.0,250000.0,0.019999999552965164,31.999046325683594,0.0,0.0,0.0,219.0,49680.0,0.0,219.0,2.0,135.0,4.0,54.0,1.0,1.0,3.0,0.0,0.0,3.0,0.0,0.0,0.0,1242.0,1242.0,1.0
1.243,2720.0,653.0,707.0,2013.0,2067.0,2039.0,2041.0,679.0,681.0,0.0,0.0,0.0,1.0,1.0,0.0,2.0,2.0,0.0,0.0,250000.0,0.019999999552965164,31.999046325683594,0.0,0.0,0.0,219.0,49720.0,0.0,219.0,2.0,135.0,4.0,54.0,1.0,1.0,3.0,0.0,0.0,3.0,0.0,0.0,0.0,1243.0,1243.0,1.0
1.244,2720.0,653.0,707.0,2013.0,2067.0,2039.0,2041.0,679.0,681.0,0.0,0.0,0.0,1.0,1.0,0.0,2.0,2.0,0.0,0.0,250000.0,0.019999999552965164,31.999046325683594,0.0,0.0,0.0,219.0,49760.0,0.0,219.0,2.0,135.0,4.0,54.0,1.0,1.0,3.0,0.0,0.0,3.0,0.0,0.0,0.0,1244.0,1244.0,1.0
1.245,2720.0,653.0,707.0,2013.0,2067.0,2039.0,2041.0,679.0,681.0,0.0,0.0,0.0,1.0,1.0,0.0,2.0,2.0,0.0,0.0,250000.0,0.019999999552965164,31.999046325683594,0.0,0.0,0.0,219.0,49800.0,0.0,219.0,2.0,135.0,4.0,54.0,1.0,1.0,3.0,0.0,0.0,3.0,0.0,0.0,0.0,1245.0,1245.0,1.0
1.246,2720.0,653.0,707.0,2013.0,2067.0,2039.0,2041.0,679.0,681.0,0.0,0.0,0.0,1.0,1.0,0.0,2.0,2.0,0.0,0.0,250000.0,0.019999999552965164,31.999046325683594,0.0,0.0,0.0,219.0,49840.0,0.0,219.0,2.0,135.0,4.0,54.0,1.0,1.0,3.0,0.0,0.0,3.0,0.0,0.0,0.0,1246.0,1246.0,1.0
1.247,2720.0,653.0,707.0,2013.0,2067.0,2039.0,2041.0,679.0,681.0,0.0,0.0,0.0,1.0,1.0,0.0,2.0,2.0,0.0,0.0,250000.0,0.019999999552965164,31.999046325683594,0.0,0.0,0.0,219.0,49880.0,0.0,219.0,2.0,135.0,4.0,54.0,1.0,1.0,3.0,0.0,0.0,3.0,0.0,0.0,0.0,1247.0,1247.0,1.0
1.248,2720.0,653.0,707.0,2013.0,2067.0,2039.0,2041.0,679.0,681.0,0.0,0.0,0.0,1.0,1.0,0.0,2.0,2.0,0.0,0.0,250000.0,0.019999999552965164,31.999046325683594,0.0,0.0,0.0,219.0,49920.0,0.0,219.0,2.0,135.0,4.0,54.0,1.0,1.0,3.0,0.0,0.0,3.0,0.0,0.0,0.0,1248.0,1248.0,1.0
1.249,2720.0,653.0,707.0,2013.0,2067.0,2039.0,2041.0,679.0,681.0,0.0,0.0,0.0,1.0,1.0,0.0,2.0,2.0,0.0,0.0,250000.0,0.019999999552965164,31.999046325683594,0.0,0.0,0.0,219.0,49960.0,0.0,219.0,2.0,135.0,4.0,54.0,1.0,1.0,3.0,0.0,0.0,3.0,0.0,0.0,0.0,1249.0,1249.0,1.0
1.25,2720.0,653.0,707.0,2013.0,2067.0,2039.0,2041.0,679.0,681.0,0.0,0.0,0.0,1.0,1.0,0.0,2.0,2.0,0.0,0.0,250000.0,0.019999999552965164,31.999046325683594,0.0,0.0,0.0,219.0,50000.0,0.0,219.0,2.0,135.0,4.0,54.0,1.0,1.0,3.0,0.0,0.0,3.0,0.0,0.0,0.0,1250.0,1250.0,1.0
1.2510000000000001,2720.0,653.0,707.0,2013.0,2067.0,2039.0,2041.0,679.0,681.0,0.0,0.0,0.0,1.0,1.0,0.0,2.0,2.0,0.0,0.0,250000.0,0.019999999552965164,31.999046325683594,0.0,0.0,0.0,219.0,50040.0,0.0,219.0,2.0,135.0,4.0,54.0,1.0,1.0,3.0,0.0,0.0,3.0,0.0,0.0,0.0,1251.0,1251.0,1.0
1.252,2720.0,653.0,707.0,2013.0,2067.0,2039.0,2041.0,679.0,681.0,0.0,0.0,0.0,1.0,1.0,0.0,2.0,2.0,0.0,0.0,250000.0,0.019999999552965164,31.999046325683594,0.0,0.0,0.0,219.0,50080.0,0.0,219.0,2.0,135.0,4.0,54.0,1.0,1.0,3.0,0.0,0.0,3.0,0.0,0.0,0.0,1252.0,1252.0,1.0
1.2530000000000001,2720.0,653.0,707.0,2013.0,2067.0,2039.0,2041.0,679.0,681.0,0.0,0.0,0.0,1.0,1.0,0.0,2.0,2.0,0.0,0.0,250000.0,0.019999999552965164,31.999046325683594,0.0,0.0,0.0,219.0,50120.0,0.0,219.0,2.0,135.0,4.0,54.0,1.0,1.0,3.0,0.0,0.0,3.0,0.0,0.0,0.0,1253.0,1253.0,1.0
1.254,2720.0,653.0,707.0,2013.0,2067.0,2039.0,2041.0,679.0,681.0,0.0,0.0,0.0,1.0,1.0,0.0,2.0,2.0,0.0,0.0,250000.0,0.019999999552965164,31.999046325683594,0.0,0.0,0.0,219.0,50160.0,0.0,219.0,2.0,135.0,4.0,54.0,1.0,1.0,3.0,0.0,0.0,3.0,0.0,0.0,0.0,1254.0,1254.0,1.0
1.2550000000000001,2720.0,653.0,707.0,2013.0,2067.0,2039.0,2041.0,679.0,681.0,0.0,0.0,0.0,1.0,1.0,0.0,2.0,2.0,0.0,0.0,250000.0,0.019999999552965164,31.999046325683594,0.0,0.0,0.0,219.0,50200.0,0.0,219.0,2.0,135.0,4.0,54.0,1.0,1.0,3.0,0.0,0.0,3.0,0.0,0.0,0.0,1255.0,1255.0,1.0
1.256,2720.0,653.0,707.0,2013.0,2067.0,2039.0,2041.0,679.0,681.0,0.0,0.0,0.0,1.0,1.0,0.0,2.0,2.0,0.0,0.0,250000.0,0.019999999552965164,31.999046325683594,0.0,0.0,0.0,219.0,50240.0,0.0,219.0,2.0,135.0,4.0,54.0,1.0,1.0,3.0,0.0,0.0,3.0,0.0,0.0,0.0,1256.0,1256.0,1.0
1.2570000000000001,2720.0,653.0,707.0,2013.0,2067.0,2039.0,2041.0,679.0,681.0,0.0,0.0,0.0,1.0,1.0,0.0,2.0,2.0,0.0,0.0,250000.0,0.019999999552965164,31.999046325683594,0.0,0.0,0.0,219.0,50280.0,0.0,219.0,2.0,135.0,4.0,54.0,1.0,1.0,3.0,0.0,0.0,3.0,0.0,0.0,0.0,1257.0,1257.0,1.0
1.258,2720.0,653.0,707.0,2013.0,2067.0,2039.0,2041.0,679.0,681.0,0.0,0.0,0.0,1.0,1.0,0.0,2.0,2.0,0.0,0.0,250000.0,0.019999999552965164,31.999046325683594,0.0,0.0,0.0,219.0,50320.0,0.0,219.0,2.0,135.0,4.0,54.0,1.0,1.0,3.0,0.0,0.0,3.0,0.0,0.0,0.0,1258.0,1258.0,1.0
1.2590000000000001,2720.0,653.0,707.0,2013.0,2067.0,2039.0,2041.0,679.0,681.0,0.0,0.0,0.0,1.0,1.0,0.0,2.0,2.0,0.0,0.0,250000.0,0.019999999552965164,31.999046325683594,0.0,0.0,0.0,219.0,50360.0,0.0,219.0,2.0,135.0,4.0,54.0,1.0,1.0,3.0,0.0,0.0,3.0,0.0,0.0,0.0,1259.0,1259.0,1.0
1.26,2720.0,653.0,707.0,2013.0,2067.0,2039.0,2041.0,679.0,681.0,0.0,0.0,0.0,1.0,1.0,0.0,2.0,2.0,0.0,0.0,250000.0,0.019999999552965164,31.999046325683594,0.0,0.0,0.0,219.0,50400.0,0.0,219.0,2.0,135.0,4.0,54.0,1.0,1.0,3.0,0.0,0.0,3.0,0.0,0.0,0.0,1260.0,1260.0,1.0
1.2610000000000001,2720.0,653.0,707.0,2013.0,2067.0,2039.0,2041.0,679.0,681.0,0.0,0.0,0.0,1.0,1.0,0.0,2.0,2.0,0.0,0.0,250000.0,0.019999999552965164,31.999046325683594,0.0,0.0,0.0,219.0,50440.0,0.0,219.0,2.0,135.0,4.0,54.0,1.0,1.0,3.0,0.0,0.0,3.0,0.0,0.0,0.0,1261.0,1261.0,1.0
1.262,2720.0,653.0,707.0,2013.0,2067.0,2039.0,2041.0,679.0,681.0,0.0,0.0,0.0,1.0,1.0,0.0,2.0,2.0,0.0,0.0,250000.0,0.019999999552965164,31.999046325683594,0.0,0.0,0.0,219.0,50480.0,0.0,219.0,2.0,135.0,4.0,54.0,1.0,1.0,3.0,0.0,0.0,3.0,0.0,0.0,0.0,1262.0,1262.0,1.0
1.2630000000000001,2720.0,653.0,707.0,2013.0,2067.0,2039.0,2041.0,679.0,681.0,0.0,0.0,0.0,1.0,1.0,0.0,2.0,2.0,0.0,0.0,250000.0,0.019999999552965164,31.999046325683594,0.0,0.0,0.0,219.0,50520.0,0.0,219.0,2.0,135.0,4.0,54.0,1.0,1.0,3.0,0.0,0.0,3.0,0.0,0.0,0.0,1263.0,1263.0,1.0
1.264,2720.0,653.0,707.0,2013.0,2067.0,2039.0,2041.0,679.0,681.0,0.0,0.0,0.0,1.0,1.0,0.0,2.0,2.0,0.0,0.0,250000.0,0.019999999552965164,31.999046325683594,0.0,0.0,0.0,219.0,50560.0,0.0,219.0,2.0,135.0,4.0,54.0,1.0,1.0,3.0,0.0,0.0,3.0,0.0,0.0,0.0,1264.0,1264.0,1.0
1.2650000000000001,2720.0,653.0,707.0,2013.0,2067.0,2039.0,2041.0,679.0,681.0,0.0,0.0,0.0,1.0,1.0,0.0,2.0,2.0,0.0,0.0,250000.0,0.019999999552965164,31.999046325683594,0.0,0.0,0.0,219.0,50600.0,0.0,219.0,2.0,135.0,4.0,54.0,1.0,1.0,3.0,0.0,0.0,3.0,0.0,0.0,0.0,1265.0,1265.0,1.0
1.266,2720.0,653.0,707.0,2013.0,2067.0,2039.0,2041.0,679.0,681.0,0.0,0.0,0.0,1.0,1.0,0.0,2.0,2.0,0.0,0.0,250000.0,0.019999999552965164,31.999046325683594,0.0,0.0,0.0,219.0,50640.0,0.0,219.0,2.0,135.0,4.0,54.0,1.0,1.0,3.0,0.0,0.0,3.0,0.0,0.0,0.0,1266.0,1266.0,1.0
1.2670000000000001,2720.0,653.0,707.0,2013.0,2067.0,2039.0,2041.0,679.0,681.0,0.0,0.0,0.0,1.0,1.0,0.0,2.0,2.0,0.0,0.0,250000.0,0.019999999552965164,31.999046325683594,0.0,0.0,0.0,219.0,50680.0,0.0,219.0,2.0,135.0,4.0,54.0,1.0,1.0,3.0,0.0,0.0,3.0,0.0,0.0,0.0,1267.0,1267.0,1.0
1.268,2720.0,653.0,707.0,2013.0,2067.0,2039.0,2041.0,679.0,681.0,0.0,0.0,0.0,1.0,1.0,0.0,2.0,2.0,0.0,0.0,250000.0,0.019999999552965164,31.999046325683594,0.0,0.0,0.0,219.0,50720.0,0.0,219.0,2.0,135.0,4.0,54.0,1.0,1.0,3.0,0.0,0.0,3.0,0.0,0.0,0.0,1268.0,1268.0,1.0
1.2690000000000001,2720.0,653.0,707.0,2013.0,2067.0,2039.0,2041.0,679.0,681.0,0.0,0.0,0.0,1.0,1.0,0.0,2.0,2.0,0.0,0.0,250000.0,0.019999999552965164,31.999046325683594,0.0,0.0,0.0,219.0,50760.0,0.0,219.0,2.0,135.0,4.0,54.0,1.0,1.0,3.0,0.0,0.0,3.0,0.0,0.0,0.0,1269.0,1269.0,1.0
1.27,2720.0,653.0,707.0,2013.0,2067.0,2039.0,2041.0,679.0,681.0,0.0,0.0,0.0,1.0,1.0,0.0,2.0,2.0,0.0,0.0,250000.0,0.019999999552965164,31.999046325683594,0.0,0.0,0.0,219.0,50800.0,0.0,219.0,2.0,135.0,4.0,54.0,1.0,1.0,3.0,0.0,0.0,3.0,0.0,0.0,0.0,1270.0,1270.0,1.0
1.2710000000000001,2720.0,653.0,707.0,2013.0,2067.0,2039.0,2041.0,679.0,681.0,0.0,0.0,0.0,1.0,1.0,0.0,2.0,2.0,0.0,0.0,250000.0,0.019999999552965164,31.999046325683594,0.0,0.0,0.0,219.0,50840.0,0.0,219.0,2.0,135.0,4.0,54.0,1.0,1.0,3.0,0.0,0.0,3.0,0.0,0.0,0.0,1271.0,1271.0,1.0
1.272,2720.0,653.0,707.0,2013.0,2067.0,2039.0,2041.0,679.0,681.0,0.0,0.0,0.0,1.0,1.0,0.0,2.0,2.0,0.0,0.0,250000.0,0.019999999552965164,31.999046325683594,0.0,0.0,0.0,219.0,50880.0,0.0,219.0,2.0,135.0,4.0,54.0,1.0,1.0,3.0,0.0,0.0,3.0,0.0,0.0,0.0,1272.0,1272.0,1.0
1.2730000000000001,2720.0,653.0,707.0,2013.0,2067.0,2039.0,2041.0,679.0,681.0,0.0,0.0,0.0,1.0,1.0,0.0,2.0,2.0,0.0,0.0,250000.0,0.019999999552965164,31.999046325683594,0.0,0.0,0.0,219.0,50920.0,0.0,219.0,2.0,135.0,4.0,54.0,1.0,1.0,3.0,0.0,0.0,3.0,0.0,0.0,0.0,1273.0,1273.0,1.0
1.274,2720.0,653.0,707.0,2013.0,2067.0,2039.0,2041.0,679.0,681.0,0.0,0.0,0.0,1.0,1.0,0.0,2.0,2.0,0.0,0.0,250000.0,0.019999999552965164,31.999046325683594,0.0,0.0,0.0,219.0,50960.0,0.0,219.0,2.0,135.0,4.0,54.0,1.0,1.0,3.0,0.0,0.0,3.0,0.0,0.0,0.0,1274.0,1274.0,1.0
1.2750000000000001,2720.0,653.0,707.0,2013.0,2067.0,2039.0,2041.0,679.0,681.0,0.0,0.0,0.0,1.0,1.0,0.0,2.0,2.0,0.0,0.0,250000.0,0.019999999552965164,31.999046325683594,0.0,0.0,0.0,219.0,51000.0,0.0,219.0,2.0,135.0,4.0,54.0,1.0,1.0,3.0,0.0,0.0,3.0,0.0,0.0,0.0,1275.0,1275.0,1.0
1.276,2720.0,653.0,707.0,2013.0,2067.0,2039.0,2041.0,679.0,681.0,0.0,0.0,0.0,1.0,1.0,0.0,2.0,2.0,0.0,0.0,250000.0,0.019999999552965164,31.999046325683594,0.0,0.0,0.0,219.0,51040.0,0.0,219.0,2.0,135.0,4.0,54.0,1.0,1.0,3.0,0.0,0.0,3.0,0.0,0.0,0.0,1276.0,1276.0,1.0
1.2770000000000001,2720.0,653.0,707.0,2013.0,2067.0,2039.0,2041.0,679.0,681.0,0.0,0.0,0.0,1.0,1.0,0.0,2.0,2.0,0.0,0.0,250000.0,0.019999999552965164,31.999046325683594,0.0,0.0,0.0,219.0,51080.0,0.0,219.0,2.0,135.0,4.0,54.0,1.0,1.0,3.0,0.0,0.0,3.0,0.0,0.0,0.0,1277.0,1277.0,1.0
1.278,2720.0,653.0,707.0,2013.0,2067.0,2039.0,2041.0,679.0,681.0,0.0,0.0,0.0,1.0,1.0,0.0,2.0,2.0,0.0,0.0,250000.0,0.019999999552965164,31.999046325683594,0.0,0.0,0.0,219.0,51120.0,0.0,219.0,2.0,135.0,4.0,54.0,1.0,1.0,3.0,0.0,0.0,3.0,0.0,0.0,0.0,1278.0,1278.0,1.0
1.2790000000000001,2720.0,653.0,707.0,2013.0,2067.0,2039.0,2041.0,679.0,681.0,0.0,0.0,0.0,1.0,1.0,0.0,2.0,2.0,0.0,0.0,250000.0,0.019999999552965164,31.999046325683594,0.0,0.0,0.0,219.0,51160.0,0.0,219.0,2.0,135.0,4.0,54.0,1.0,1.0,3.0,0.0,0.0,3.0,0.0,0.0,0.0,1279.0,1279.0,1.0
1.28,2720.0,653.0,707.0,2013.0,2067.0,2039.0,2041.0,679.0,681.0,0.0,0.0,0.0,1.0,1.0,0.0,2.0,2.0,0.0,0.0,250000.0,0.019999999552965164,31.999046325683594,0.0,0.0,0.0,219.0,51200.0,0.0,219.0,2.0,135.0,4.0,54.0,1.0,1.0,3.0,0.0,0.0,3.0,0.0,0.0,0.0,1280.0,1280.0,1.0
1.2810000000000001,2720.0,653.0,707.0,2013.0,2067.0,2039.0,2041.0,679.0,681.0,0.0,0.0,0.0,1.0,1.0,0.0,2.0,2.0,0.0,0.0,250000.0,0.019999999552965164,31.999046325683594,0.0,0.0,0.0,219.0,51240.0,0.0,219.0,2.0,135.0,4.0,54.0,1.0,1.0,3.0,0.0,0.0,3.0,0.0,0.0,0.0,1281.0,1281.0,1.0
1.282,2720.0,653.0,707.0,2013.0,2067.0,2039.0,2041.0,679.0,681.0,0.0,0.0,0.0,1.0,1.0,0.0,2.0,2.0,0.0,0.0,250000.0,0.019999999552965164,31.999046325683594,0.0,0.0,0.0,219.0,51280.0,0.0,219.0,2.0,135.0,4.0,54.0,1.0,1.0,3.0,0.0,0.0,3.0,0.0,0.0,0.0,1282.0,1282.0,1.0
1.2830000000000001,2720.0,653.0,707.0,2013.0,2067.0,2039.0,2041.0,679.0,681.0,0.0,0.0,0.0,1.0,1.0,0.0,2.0,2.0,0.0,0.0,250000.0,0.019999999552965164,31.999046325683594,0.0,0.0,0.0,219.0,51320.0,0.0,219.0,2.0,135.0,4.0,54.0,1.0,1.0,3.0,0.0,0.0,3.0,0.0,0.0,0.0,1283.0,1283.0,1.0
1.284,2720.0,653.0,707.0,2013.0,2067.0,2039.0,2041.0,679.0,681.0,0.0,0.0,0.0,1.0,1.0,0.0,2.0,2.0,0.0,0.0,250000.0,0.019999999552965164,31.999046325683594,0.0,0.0,0.0,219.0,51360.0,0.0,219.0,2.0,135.0,4.0,54.0,1.0,1.0,3.0,0.0,0.0,3.0,0.0,0.0,0.0,1284.0,1284.0,1.0
1.2850000000000001,2720.0,653.0,707.0,2013.0,2067.0,2039.0,2041.0,679.0,681.0,0.0,0.0,0.0,1.0,1.0,0.0,2.0,2.0,0.0,0.0,250000.0,0.019999999552965164,31.999046325683594,0.0,0.0,0.0,219.0,51400.0,0.0,219.0,2.0,135.0,4.0,54.0,1.0,1.0,3.0,0.0,0.0,3.0,0.0,0.0,0.0,1285.0,1285.0,1.0
1.286,2720.0,653.0,707.0,2013.0,2067.0,2039.0,2041.0,679.0,681.0,0.0,0.0,0.0,1.0,1.0,0.0,2.0,2.0,0.0,0.0,250000.0,0.019999999552965164,31.999046325683594,0.0,0.0,0.0,219.0,51440.0,0.0,219.0,2.0,135.0,4.0,54.0,1.0,1.0,3.0,0.0,0.0,3.0,0.0,0.0,0.0,1286.0,1286.0,1.0
1.2870000000000001,2720.0,653.0,707.0,2013.0,2067.0,2039.0,2041.0,679.0,681.0,0.0,0.0,0.0,1.0,1.0,0.0,2.0,2.0,0.0,0.0,250000.0,0.019999999552965164,31.999046325683594,0.0,0.0,0.0,219.0,51480.0,0.0,219.0,2.0,135.0,4.0,54.0,1.0,1.0,3.0,0.0,0.0,3.0,0.0,0.0,0.0,1287.0,1287.0,1.0
1.288,2720.0,653.0,707.0,2013.0,2067.0,2039.0,2041.0,679.0,681.0,0.0,0.0,0.0,1.0,1.0,0.0,2.0,2.0,0.0,0.0,250000.0,0.019999999552965164,31.999046325683594,0.0,0.0,0.0,219.0,51520.0,0.0,219.0,2.0,135.0,4.0,54.0,1.0,1.0,3.0,0.0,0.0,3.0,0.0,0.0,0.0,1288.0,1288.0,1.0
1.2890000000000001,2720.0,653.0,707.0,2013.0,2067.0,2039.0,2041.0,679.0,681.0,0.0,0.0,0.0,1.0,1.0,0.0,2.0,2.0,0.0,0.0,250000.0,0.019999999552965164,31.999046325683594,0.0,0.0,0.0,219.0,51560.0,0.0,219.0,2.0,135.0,4.0,54.0,1.0,1.0,3.0,0.0,0.0,3.0,0.0,0.0,0.0,1289.0,1289.0,1.0
1.29,2720.0,653.0,707.0,2013.0,2067.0,2039.0,2041.0,679.0,681.0,0.0,0.0,0.0,1.0,1.0,0.0,2.0,2.0,0.0,0.0,250000.0,0.019999999552965164,31.999046325683594,0.0,0.0,0.0,219.0,51600.0,0.0,219.0,2.0,135.0,4.0,54.0,1.0,1.0,3.0,0.0,0.0,3.0,0.0,0.0,0.0,1290.0,1290.0,1.0
1.2910000000000001,2720.0,653.0,707.0,2013.0,2067.0,2039.0,2041.0,679.0,681.0,0.0,0.0,0.0,1.0,1.0,0.0,2.0,2.0,0.0,0.0,250000.0,0.019999999552965164,31.999046325683594,0.0,0.0,0.0,219.0,51640.0,0.0,219.0,2.0,135.0,4.0,54.0,1.0,1.0,3.0,0.0,0.0,3.0,0.0,0.0,0.0,1291.0,1291.0,1.0
1.292,2720.0,653.0,707.0,2013.0,2067.0,2039.0,2041.0,679.0,681.0,0.0,0.0,0.0,1.0,1.0,0.0,2.0,2.0,0.0,0.0,250000.0,0.019999999552965164,31.999046325683594,0.0,0.0,0.0,219.0,51680.0,0.0,219.0,2.0,135.0,4.0,54.0,1.0,1.0,3.0,0.0,0.0,3.0,0.0,0.0,0.0,1292.0,1292.0,1.0
1.2930000000000001,2720.0,653.0,707.0,2013.0,2067.0,2039.0,2041.0,679.0,681.0,0.0,0.0,0.0,1.0,1.0,0.0,2.0,2.0,0.0,0.0,250000.0,0.019999999552965164,31.999046325683594,0.0,0.0,0.0,219.0,51720.0,0.0,219.0,2.0,135.0,4.0,54.0,1.0,1.0,3.0,0.0,0.0,3.0,0.0,0.0,0.0,1293.0,1293.0,1.0
1.294,2720.0,653.0,707.0,2013.0,2067.0,2039.0,2041.0,679.0,681.0,0.0,0.0,0.0,1.0,1.0,0.0,2.0,2.0,0.0,0.0,250000.0,0.019999999552965164,31.999046325683594,0.0,0.0,0.0,219.0,51760.0,0.0,219.0,2.0,135.0,4.0,54.0,1.0,1.0,3.0,0.0,0.0,3.0,0.0,0.0,0.0,1294.0,1294.0,1.0
1.2950000000000002,2720.0,653.0,707.0,2013.0,2067.0,2039.0,2041.0,679.0,681.0,0.0,0.0,0.0,1.0,1.0,0.0,2.0,2.0,0.0,0.0,250000.0,0.019999999552965164,31.999046325683594,0.0,0.0,0.0,219.0,51800.0,0.0,219.0,2.0,135.0,4.0,54.0,1.0,1.0,3.0,0.0,0.0,3.0,0.0,0.0,0.0,1295.0,1295.0,1.0
1.296,2720.0,653.0,707.0,2013.0,2067.0,2039.0,2041.0,679.0,681.0,0.0,0.0,0.0,1.0,1.0,0.0,2.0,2.0,0.0,0.0,250000.0,0.019999999552965164,31.999046325683594,0.0,0.0,0.0,219.0,51840.0,0.0,219.0,2.0,135.0,4.0,54.0,1.0,1.0,3.0,0.0,0.0,3.0,0.0,0.0,0.0,1296.0,1296.0,1.0
1.2970000000000002,2720.0,653.0,707.0,2013.0,2067.0,2039.0,2041.0,679.0,681.0,0.0,0.0,0.0,1.0,1.0,0.0,2.0,2.0,0.0,0.0,250000.0,0.019999999552965164,31.999046325683594,0.0,0.0,0.0,219.0,51880.0,0.0,219.0,2.0,135.0,4.0,54.0,1.0,1.0,3.0,0.0,0.0,3.0,0.0,0.0,0.0,1297.0,1297.0,1.0
1.298,2720.0,653.0,707.0,2013.0,2067.0,2039.0,2041.0,679.0,681.0,0.0,0.0,0.0,1.0,1.0,0.0,2.0,2.0,0.0,0.0,250000.0,0.019999999552965164,31.999046325683594,0.0,0.0,0.0,219.0,51920.0,0.0,219.0,2.0,135.0,4.0,54.0,1.0,1.0,3.0,0.0,0.0,3.0,0.0,0.0,0.0,1298.0,1298.0,1.0
1.2990000000000002,2720.0,653.0,707.0,2013.0,2067.0,2039.0,2041.0,679.0,681.0,0.0,0.0,0.0,1.0,1.0,0.0,2.0,2.0,0.0,0.0,250000.0,0.019999999552965164,31.999046325683594,0.0,0.0,0.0,219.0,51960.0,0.0,219.0,2.0,135.0,4.0,54.0,1.0,1.0,3.0,0.0,0.0,3.0,0.0,0.0,0.0,1299.0,1299.0,1.0
1.3,2720.0,653.0,707.0,2013.0,2067.0,2039.0,2041.0,679.0,681.0,0.0,0.0,0.0,1.0,1.0,0.0,2.0,2.0,0.0,0.0,250000.0,0.019999999552965164,31.999046325683594,0.0,0.0,0.0,219.0,52000.0,0.0,219.0,2.0,135.0,4.0,54.0,1.0,1.0,3.0,0.0,0.0,3.0,0.0,0.0,0.0,1300.0,1300.0,1.0
1.3010000000000002,2720.0,653.0,707.0,2013.0,2067.0,2039.0,2041.0,679.0,681.0,0.0,0.0,0.0,1.0,1.0,0.0,2.0,2.0,0.0,0.0,250000.0,0.019999999552965164,31.999046325683594,0.0,0.0,0.0,219.0,52040.0,0.0,219.0,2.0,135.0,4.0,54.0,1.0,1.0,3.0,0.0,0.0,3.0,0.0,0.0,0.0,1301.0,1301.0,1.0
1.302,2720.0,653.0,707.0,2013.0,2067.0,2039.0,2041.0,679.0,681.0,0.0,0.0,0.0,1.0,1.0,0.0,2.0,2.0,0.0,0.0,250000.0,0.019999999552965164,31.999046325683594,0.0,0.0,0.0,219.0,52080.0,0.0,219.0,2.0,135.0,4.0,54.0,1.0,1.0,3.0,0.0,0.0,3.0,0.0,0.0,0.0,1302.0,1302.0,1.0
1.3030000000000002,2720.0,653.0,707.0,2013.0,2067.0,2039.0,2041.0,679.0,681.0,0.0,0.0,0.0,1.0,1.0,0.0,2.0,2.0,0.0,0.0,250000.0,0.019999999552965164,31.999046325683594,0.0,0.0,0.0,219.0,52120.0,0.0,219.0,2.0,135.0,4.0,54.0,1.0,1.0,3.0,0.0,0.0,3.0,0.0,0.0,0.0,1303.0,1303.0,1.0
1.304,2720.0,653.0,707.0,2013.0,2067.0,2039.0,2041.0,679.0,681.0,0.0,0.0,0.0,1.0,1.0,0.0,2.0,2.0,0.0,0.0,250000.0,0.019999999552965164,31.999046325683594,0.0,0.0,0.0,219.0,52160.0,0.0,219.0,2.0,135.0,4.0,54.0,1.0,1.0,3.0,0.0,0.0,3.0,0.0,0.0,0.0,1304.0,1304.0,1.0
1.3050000000000002,2720.0,653.0,707.0,2013.0,2067.0,2039.0,2041.0,679.0,681.0,0.0,0.0,0.0,1.0,1.0,0.0,2.0,2.0,0.0,0.0,250000.0,0.019999999552965164,31.999046325683594,0.0,0.0,0.0,219.0,52200.0,0.0,219.0,2.0,135.0,4.0,54.0,1.0,1.0,3.0,0.0,0.0,3.0,0.0,0.0,0.0,1305.0,1305.0,1.0
1.306,2720.0,653.0,707.0,2013.0,2067.0,2039.0,2041.0,679.0,681.0,0.0,0.0,0.0,1.0,1.0,0.0,2.0,2.0,0.0,0.0,250000.0,0.019999999552965164,31.999046325683594,0.0,0.0,0.0,219.0,52240.0,0.0,219.0,2.0,135.0,4.0,54.0,1.0,1.0,3.0,0.0,0.0,3.0,0.0,0.0,0.0,1306.0,1306.0,1.0
1.3070000000000002,2720.0,653.0,707.0,2013.0,2067.0,2039.0,2041.0,679.0,681.0,0.0,0.0,0.0,1.0,1.0,0.0,2.0,2.0,0.0,0.0,250000.0,0.019999999552965164,31.999046325683594,0.0,0.0,0.0,219.0,52280.0,0.0,219.0,2.0,135.0,4.0,54.0,1.0,1.0,3.0,0.0,0.0,3.0,0.0,0.0,0.0,1307.0,1307.0,1.0
1.308,2720.0,653.0,707.0,2013.0,2067.0,2039.0,2041.0,679.0,681.0,0.0,0.0,0.0,1.0,1.0,0.0,2.0,2.0,0.0,0.0,250000.0,0.019999999552965164,31.999046325683594,0.0,0.0,0.0,219.0,52320.0,0.0,219.0,2.0,135.0,4.0,54.0,1.0,1.0,3.0,0.0,0.0,3.0,0.0,0.0,0.0,1308.0,1308.0,1.0
1.3090000000000002,2720.0,653.0,707.0,2013.0,2067.0,2039.0,2041.0,679.0,681.0,0.0,0.0,0.0,1.0,1.0,0.0,2.0,2.0,0.0,0.0,250000.0,0.019999999552965164,31.999046325683594,0.0,0.0,0.0,219.0,52360.0,0.0,219.0,2.0,135.0,4.0,54.0,1.0,1.0,3.0,0.0,0.0,3.0,0.0,0.0,0.0,1309.0,1309.0,1.0
1.31,2720.0,653.0,707.0,2013.0,2067.0,2039.0,2041.0,679.0,681.0,0.0,0.0,0.0,1.0,1.0,0.0,2.0,2.0,0.0,0.0,250000.0,0.019999999552965164,31.999046325683594,0.0,0.0,0.0,219.0,52400.0,0.0,219.0,2.0,135.0,4.0,54.0,1.0,1.0,3.0,0.0,0.0,3.0,0.0,0.0,0.0,1310.0,1310.0,1.0
1.3110000000000002,2720.0,653.0,707.0,2013.0,2067.0,2039.0,2041.0,679.0,681.0,0.0,0.0,0.0,1.0,1.0,0.0,2.0,2.0,0.0,0.0,250000.0,0.019999999552965164,31.999046325683594,0.0,0.0,0.0,219.0,52440.0,0.0,219.0,2.0,135.0,4.0,54.0,1.0,1.0,3.0,0.0,0.0,3.0,0.0,0.0,0.0,1311.0,1311.0,1.0
1.312,2720.0,653.0,707.0,2013.0,2067.0,2039.0,2041.0,679.0,681.0,0.0,0.0,0.0,1.0,1.0,0.0,2.0,2.0,0.0,0.0,250000.0,0.019999999552965164,31.999046325683594,0.0,0.0,0.0,219.0,52480.0,0.0,219.0,2.0,135.0,4.0,54.0,1.0,1.0,3.0,0.0,0.0,3.0,0.0,0.0,0.0,1312.0,1312.0,1.0
1.3130000000000002,2720.0,653.0,707.0,2013.0,2067.0,2039.0,2041.0,679.0,681.0,0.0,0.0,0.0,1.0,1.0,0.0,2.0,2.0,0.0,0.0,250000.0,0.019999999552965164,31.999046325683594,0.0,0.0,0.0,219.0,52520.0,0.0,219.0,2.0,135.0,4.0,54.0,1.0,1.0,3.0,0.0,0.0,3.0,0.0,0.0,0.0,1313.0,1313.0,1.0
1.314,2720.0,653.0,707.0,2013.0,2067.0,2039.0,2041.0,679.0,681.0,0.0,0.0,0.0,1.0,1.0,0.0,2.0,2.0,0.0,0.0,250000.0,0.019999999552965164,31.999046325683594,0.0,0.0,0.0,219.0,52560.0,0.0,219.0,2.0,135.0,4.0,54.0,1.0,1.0,3.0,0.0,0.0,3.0,0.0,0.0,0.0,1314.0,1314.0,1.0
1.3150000000000002,2720.0,653.0,707.0,2013.0,2067.0,2039.0,2041.0,679.0,681.0,0.0,0.0,0.0,1.0,1.0,0.0,2.0,2.0,0.0,0.0,250000.0,0.019999999552965164,31.999046325683594,0.0,0.0,0.0,219.0,52600.0,0.0,219.0,2.0,135.0,4.0,54.0,1.0,1.0,3.0,0.0,0.0,3.0,0.0,0.0,0.0,1315.0,1315.0,1.0
1.316,2720.0,653.0,707.0,2013.0,2067.0,2039.0,2041.0,679.0,681.0,0.0,0.0,0.0,1.0,1.0,0.0,2.0,2.0,0.0,0.0,250000.0,0.019999999552965164,31.999046325683594,0.0,0.0,0.0,219.0,52640.0,0.0,219.0,2.0,135.0,4.0,54.0,1.0,1.0,3.0,0.0,0.0,3.0,0.0,0.0,0.0,1316.0,1316.0,1.0
1.3170000000000002,2720.0,653.0,707.0,2013.0,2067.0,2039.0,2041.0,679.0,681.0,0.0,0.0,0.0,1.0,1.0,0.0,2.0,2.0,0.0,0.0,250000.0,0.019999999552965164,31.999046325683594,0.0,0.0,0.0,219.0,52680.0,0.0,219.0,2.0,135.0,4.0,54.0,1.0,1.0,3.0,0.0,0.0,3.0,0.0,0.0,0.0,1317.0,1317.0,1.0
1.318,2720.0,653.0,707.0,2013.0,2067.0,2039.0,2041.0,679.0,681.0,0.0,0.0,0.0,1.0,1.0,0.0,2.0,2.0,0.0,0.0,250000.0,0.019999999552965164,31.999046325683594,0.0,0.0,0.0,219.0,52720.0,0.0,219.0,2.0,135.0,4.0,54.0,1.0,1.0,3.0,0.0,0.0,3.0,0.0,0.0,0.0,1318.0,1318.0,1.0
1.3190000000000002,2720.0,653.0,707.0,2013.0,2067.0,2039.0,2041.0,679.0,681.0,0.0,0.0,0.0,1.0,1.0,0.0,2.0,2.0,0.0,0.0,250000.0,0.019999999552965164,31.999046325683594,0.0,0.0,0.0,219.0,52760.0,0.0,219.0,2.0,135.0,4.0,54.0,1.0,1.0,3.0,0.0,0.0,3.0,0.0,0.0,0.0,1319.0,1319.0,1.0
1.32,2720.0,653.0,707.0,2013.0,2067.0,2039.0,2041.0,679.0,681.0,0.0,0.0,0.0,1.0,1.0,0.0,2.0,2.0,0.0,0.0,250000.0,0.019999999552965164,31.999046325683594,0.0,0.0,0.0,219.0,52800.0,0.0,219.0,2.0,135.0,4.0,54.0,1.0,1.0,3.0,0.0,0.0,3.0,0.0,0.0,0.0,1320.0,1320.0,1.0
1.3210000000000002,2720.0,653.0,707.0,2013.0,2067.0,2039.0,2041.0,679.0,681.0,0.0,0.0,0.0,1.0,1.0,0.0,2.0,2.0,0.0,0.0,250000.0,0.019999999552965164,31.999046325683594,0.0,0.0,0.0,219.0,52840.0,0.0,219.0,2.0,135.0,4.0,54.0,1.0,1.0,3.0,0.0,0.0,3.0,0.0,0.0,0.0,1321.0,1321.0,1.0
1.322,2720.0,653.0,707.0,2013.0,2067.0,2039.0,2041.0,679.0,681.0,0.0,0.0,0.0,1.0,1.0,0.0,2.0,2.0,0.0,0.0,250000.0,0.019999999552965164,31.999046325683594,0.0,0.0,0.0,219.0,52880.0,0.0,219.0,2.0,135.0,4.0,54.0,1.0,1.0,3.0,0.0,0.0,3.0,0.0,0.0,0.0,1322.0,1322.0,1.0
1.323,2720.0,653.0,707.0,2013.0,2067.0,2039.0,2041.0,679.0,681.0,0.0,0.0,0.0,1.0,1.0,0.0,2.0,2.0,0.0,0.0,250000.0,0.019999999552965164,31.999046325683594,0.0,0.0,0.0,219.0,52920.0,0.0,219.0,2.0,135.0,4.0,54.0,1.0,1.0,3.0,0.0,0.0,3.0,0.0,0.0,0.0,1323.0,1323.0,1.0
1.324,2720.0,653.0,707.0,2013.0,2067.0,2039.0,2041.0,679.0,681.0,0.0,0.0,0.0,1.0,1.0,0.0,2.0,2.0,0.0,0.0,250000.0,0.019999999552965164,31.999046325683594,0.0,0.0,0.0,219.0,52960.0,0.0,219.0,2.0,135.0,4.0,54.0,1.0,1.0,3.0,0.0,0.0,3.0,0.0,0.0,0.0,1324.0,1324.0,1.0
1.325,2720.0,653.0,707.0,2013.0,2067.0,2039.0,2041.0,679.0,681.0,0.0,0.0,0.0,1.0,1.0,0.0,2.0,2.0,0.0,0.0,250000.0,0.019999999552965164,31.999046325683594,0.0,0.0,0.0,219.0,53000.0,0.0,219.0,2.0,135.0,4.0,54.0,1.0,1.0,3.0,0.0,0.0,3.0,0.0,0.0,0.0,1325.0,1325.0,1.0
1.326,2720.0,653.0,707.0,2013.0,2067.0,2039.0,2041.0,679.0,681.0,0.0,0.0,0.0,1.0,1.0,0.0,2.0,2.0,0.0,0.0,250000.0,0.019999999552965164,31.999046325683594,0.0,0.0,0.0,219.0,53040.0,0.0,219.0,2.0,135.0,4.0,54.0,1.0,1.0,3.0,0.0,0.0,3.0,0.0,0.0,0.0,1326.0,1326.0,1.0
1.327,2720.0,653.0,707.0,2013.0,2067.0,2039.0,2041.0,679.0,681.0,0.0,0.0,0.0,1.0,1.0,0.0,2.0,2.0,0.0,0.0,250000.0,0.019999999552965164,31.999046325683594,0.0,0.0,0.0,219.0,53080.0,0.0,219.0,2.0,135.0,4.0,54.0,1.0,1.0,3.0,0.0,0.0,3.0,0.0,0.0,0.0,1327.0,1327.0,1.0
1.328,2720.0,653.0,707.0,2013.0,2067.0,2039.0,2041.0,679.0,681.0,0.0,0.0,0.0,1.0,1.0,0.0,2.0,2.0,0.0,0.0,250000.0,0.019999999552965164,31.999046325683594,0.0,0.0,0.0,219.0,53120.0,0.0,219.0,2.0,135.0,4.0,54.0,1.0,1.0,3.0,0.0,0.0,3.0,0.0,0.0,0.0,1328.0,1328.0,1.0
1.329,2720.0,653.0,707.0,2013.0,2067.0,2039.0,2041.0,679.0,681.0,0.0,0.0,0.0,1.0,1.0,0.0,2.0,2.0,0.0,0.0,250000.0,0.019999999552965164,31.999046325683594,0.0,0.0,0.0,219.0,53160.0,0.0,219.0,2.0,135.0,4.0,54.0,1.0,1.0,3.0,0.0,0.0,3.0,0.0,0.0,0.0,1329.0,1329.0,1.0
1.33,2720.0,653.0,707.0,2013.0,2067.0,2039.0,2041.0,679.0,681.0,0.0,0.0,0.0,1.0,1.0,0.0,2.0,2.0,0.0,0.0,250000.0,0.019999999552965164,31.999046325683594,0.0,0.0,0.0,219.0,53200.0,0.0,219.0,2.0,135.0,4.0,54.0,1.0,1.0,3.0,0.0,0.0,3.0,0.0,0.0,0.0,1330.0,1330.0,1.0
1.331,2720.0,653.0,707.0,2013.0,2067.0,2039.0,2041.0,679.0,681.0,0.0,0.0,0.0,1.0,1.0,0.0,2.0,2.0,0.0,0.0,250000.0,0.019999999552965164,31.999046325683594,0.0,0.0,0.0,219.0,53240.0,0.0,219.0,2.0,135.0,4.0,54.0,1.0,1.0,3.0,0.0,0.0,3.0,0.0,0.0,0.0,1331.0,1331.0,1.0
1.332,2720.0,653.0,707.0,2013.0,2067.0,2039.0,2041.0,679.0,681.0,0.0,0.0,0.0,1.0,1.0,0.0,2.0,2.0,0.0,0.0,250000.0,0.019999999552965164,31.999046325683594,0.0,0.0,0.0,219.0,53280.0,0.0,219.0,2.0,135.0,4.0,54.0,1.0,1.0,3.0,0.0,0.0,3.0,0.0,0.0,0.0,1332.0,1332.0,1.0
1.333,2720.0,653.0,707.0,2013.0,2067.0,2039.0,2041.0,679.0,681.0,0.0,0.0,0.0,1.0,1.0,0.0,2.0,2.0,0.0,0.0,250000.0,0.019999999552965164,31.999046325683594,0.0,0.0,0.0,219.0,53320.0,0.0,219.0,2.0,135.0,4.0,54.0,1.0,1.0,3.0,0.0,0.0,3.0,0.0,0.0,0.0,1333.0,1333.0,1.0
1.334,2720.0,653.0,707.0,2013.0,2067.0,2039.0,2041.0,679.0,681.0,0.0,0.0,0.0,1.0,1.0,0.0,2.0,2.0,0.0,0.0,250000.0,0.019999999552965164,31.999046325683594,0.0,0.0,0.0,219.0,53360.0,0.0,219.0,2.0,135.0,4.0,54.0,1.0,1.0,3.0,0.0,0.0,3.0,0.0,0.0,0.0,1334.0,1334.0,1.0
1.335,2720.0,653.0,707.0,2013.0,2067.0,2039.0,2041.0,679.0,681.0,0.0,0.0,0.0,1.0,1.0,0.0,2.0,2.0,0.0,0.0,250000.0,0.019999999552965164,31.999046325683594,0.0,0.0,0.0,219.0,53400.0,0.0,219.0,2.0,135.0,4.0,54.0,1.0,1.0,3.0,0.0,0.0,3.0,0.0,0.0,0.0,1335.0,1335.0,1.0
1.336,2720.0,653.0,707.0,2013.0,2067.0,2039.0,2041.0,679.0,681.0,0.0,0.0,0.0,1.0,1.0,0.0,2.0,2.0,0.0,0.0,250000.0,0.019999999552965164,31.999046325683594,0.0,0.0,0.0,219.0,53440.0,0.0,219.0,2.0,135.0,4.0,54.0,1.0,1.0,3.0,0.0,0.0,3.0,0.0,0.0,0.0,1336.0,1336.0,1.0
1.337,2720.0,653.0,707.0,2013.0,2067.0,2039.0,2041.0,679.0,681.0,0.0,0.0,0.0,1.0,1.0,0.0,2.0,2.0,0.0,0.0,250000.0,0.019999999552965164,31.999046325683594,0.0,0.0,0.0,219.0,53480.0,0.0,219.0,2.0,135.0,4.0,54.0,1.0,1.0,3.0,0.0,0.0,3.0,0.0,0.0,0.0,1337.0,1337.0,1.0
1.338,2720.0,653.0,707.0,2013.0,2067.0,2039.0,2041.0,679.0,681.0,0.0,0.0,0.0,1.0,1.0,0.0,2.0,2.0,0.0,0.0,250000.0,0.019999999552965164,31.999046325683594,0.0,0.0,0.0,219.0,53520.0,0.0,219.0,2.0,135.0,4.0,54.0,1.0,1.0,3.0,0.0,0.0,3.0,0.0,0.0,0.0,1338.0,1338.0,1.0
1.339,2720.0,653.0,707.0,2013.0,2067.0,2039.0,2041.0,679.0,681.0,0.0,0.0,0.0,1.0,1.0,0.0,2.0,2.0,0.0,0.0,250000.0,0.019999999552965164,31.999046325683594,0.0,0.0,0.0,219.0,53560.0,0.0,219.0,2.0,135.0,4.0,54.0,1.0,1.0,3.0,0.0,0.0,3.0,0.0,0.0,0.0,1339.0,1339.0,1.0
1.34,2720.0,653.0,707.0,2013.0,2067.0,2039.0,2041.0,679.0,681.0,0.0,0.0,0.0,1.0,1.0,0.0,2.0,2.0,0.0,0.0,250000.0,0.019999999552965164,31.999046325683594,0.0,0.0,0.0,219.0,53600.0,0.0,219.0,2.0,135.0,4.0,54.0,1.0,1.0,3.0,0.0,0.0,3.0,0.0,0.0,0.0,1340.0,1340.0,1.0
1.341,2720.0,653.0,707.0,2013.0,2067.0,2039.0,2041.0,679.0,681.0,0.0,0.0,0.0,1.0,1.0,0.0,2.0,2.0,0.0,0.0,250000.0,0.019999999552965164,31.999046325683594,0.0,0.0,0.0,219.0,53640.0,0.0,219.0,2.0,135.0,4.0,54.0,1.0,1.0,3.0,0.0,0.0,3.0,0.0,0.0,0.0,1341.0,1341.0,1.0
1.342,2720.0,653.0,707.0,2013.0,2067.0,2039.0,2041.0,679.0,681.0,0.0,0.0,0.0,1.0,1.0,0.0,2.0,2.0,0.0,0.0,250000.0,0.019999999552965164,31.999046325683594,0.0,0.0,0.0,219.0,53680.0,0.0,219.0,2.0,135.0,4.0,54.0,1.0,1.0,3.0,0.0,0.0,3.0,0.0,0.0,0.0,1342.0,1342.0,1.0
1.343,2720.0,653.0,707.0,2013.0,2067.0,2039.0,2041.0,679.0,681.0,0.0,0.0,0.0,1.0,1.0,0.0,2.0,2.0,0.0,0.0,250000.0,0.019999999552965164,31.999046325683594,0.0,0.0,0.0,219.0,53720.0,0.0,219.0,2.0,135.0,4.0,54.0,1.0,1.0,3.0,0.0,0.0,3.0,0.0,0.0,0.0,1343.0,1343.0,1.0
1.344,2720.0,653.0,707.0,2013.0,2067.0,2039.0,2041.0,679.0,681.0,0.0,0.0,0.0,1.0,1.0,0.0,2.0,2.0,0.0,0.0,250000.0,0.019999999552965164,31.999046325683594,0.0,0.0,0.0,219.0,53760.0,0.0,219.0,2.0,135.0,4.0,54.0,1.0,1.0,3.0,0.0,0.0,3.0,0.0,0.0,0.0,1344.0,1344.0,1.0
1.345,2720.0,653.0,707.0,2013.0,2067.0,2039.0,2041.0,679.0,681.0,0.0,0.0,0.0,1.0,1.0,0.0,2.0,2.0,0.0,0.0,250000.0,0.019999999552965164,31.999046325683594,0.0,0.0,0.0,219.0,53800.0,0.0,219.0,2.0,135.0,4.0,54.0,1.0,1.0,3.0,0.0,0.0,3.0,0.0,0.0,0.0,1345.0,1345.0,1.0
1.346,2720.0,653.0,707.0,2013.0,2067.0,2039.0,2041.0,679.0,681.0,0.0,0.0,0.0,1.0,1.0,0.0,2.0,2.0,0.0,0.0,250000.0,0.019999999552965164,31.999046325683594,0.0,0.0,0.0,219.0,53840.0,0.0,219.0,2.0,135.0,4.0,54.0,1.0,1.0,3.0,0.0,0.0,3.0,0.0,0.0,0.0,1346.0,1346.0,1.0
1.347,2720.0,653.0,707.0,2013.0,2067.0,2039.0,2041.0,679.0,681.0,0.0,0.0,0.0,1.0,1.0,0.0,2.0,2.0,0.0,0.0,250000.0,0.019999999552965164,31.999046325683594,0.0,0.0,0.0,219.0,53880.0,0.0,219.0,2.0,135.0,4.0,54.0,1.0,1.0,3.0,0.0,0.0,3.0,0.0,0.0,0.0,1347.0,1347.0,1.0
1.348,2720.0,653.0,707.0,2013.0,2067.0,2039.0,2041.0,679.0,681.0,0.0,0.0,0.0,1.0,1.0,0.0,2.0,2.0,0.0,0.0,250000.0,0.019999999552965164,31.999046325683594,0.0,0.0,0.0,219.0,53920.0,0.0,219.0,2.0,135.0,4.0,54.0,1.0,1.0,3.0,0.0,0.0,3.0,0.0,0.0,0.0,1348.0,1348.0,1.0
1.349,2720.0,653.0,707.0,2013.0,2067.0,2039.0,2041.0,679.0,681.0,0.0,0.0,0.0,1.0,1.0,0.0,2.0,2.0,0.0,0.0,250000.0,0.019999999552965164,31.999046325683594,0.0,0.0,0.0,219.0,53960.0,0.0,219.0,2.0,135.0,4.0,54.0,1.0,1.0,3.0,0.0,0.0,3.0,0.0,0.0,0.0,1349.0,1349.0,1.0
1.35,2720.0,653.0,707.0,2013.0,2067.0,2039.0,2041.0,679.0,681.0,0.0,0.0,0.0,1.0,1.0,0.0,2.0,2.0,0.0,0.0,250000.0,0.019999999552965164,31.999046325683594,0.0,0.0,0.0,219.0,54000.0,0.0,219.0,2.0,135.0,4.0,54.0,1.0,1.0,3.0,0.0,0.0,3.0,0.0,0.0,0.0,1350.0,1350.0,1.0
1.351,2720.0,653.0,707.0,2013.0,2067.0,2039.0,2041.0,679.0,681.0,0.0,0.0,0.0,1.0,1.0,0.0,2.0,2.0,0.0,0.0,250000.0,0.019999999552965164,31.999046325683594,0.0,0.0,0.0,219.0,54040.0,0.0,219.0,2.0,135.0,4.0,54.0,1.0,1.0,3.0,0.0,0.0,3.0,0.0,0.0,0.0,1351.0,1351.0,1.0
1.352,2720.0,653.0,707.0,2013.0,2067.0,2039.0,2041.0,679.0,681.0,0.0,0.0,0.0,1.0,1.0,0.0,2.0,2.0,0.0,0.0,250000.0,0.019999999552965164,31.999046325683594,0.0,0.0,0.0,219.0,54080.0,0.0,219.0,2.0,135.0,4.0,54.0,1.0,1.0,3.0,0.0,0.0,3.0,0.0,0.0,0.0,1352.0,1352.0,1.0
1.353,2720.0,653.0,707.0,2013.0,2067.0,2039.0,2041.0,679.0,681.0,0.0,0.0,0.0,1.0,1.0,0.0,2.0,2.0,0.0,0.0,250000.0,0.019999999552965164,31.999046325683594,0.0,0.0,0.0,219.0,54120.0,0.0,219.0,2.0,135.0,4.0,54.0,1.0,1.0,3.0,0.0,0.0,3.0,0.0,0.0,0.0,1353.0,1353.0,1.0
1.354,2720.0,653.0,707.0,2013.0,2067.0,2039.0,2041.0,679.0,681.0,0.0,0.0,0.0,1.0,1.0,0.0,2.0,2.0,0.0,0.0,250000.0,0.019999999552965164,31.999046325683594,0.0,0.0,0.0,219.0,54160.0,0.0,219.0,2.0,135.0,4.0,54.0,1.0,1.0,3.0,0.0,0.0,3.0,0.0,0.0,0.0,1354.0,1354.0,1.0
1.355,2720.0,653.0,707.0,2013.0,2067.0,2039.0,2041.0,679.0,681.0,0.0,0.0,0.0,1.0,1.0,0.0,2.0,2.0,0.0,0.0,250000.0,0.019999999552965164,31.999046325683594,0.0,0.0,0.0,219.0,54200.0,0.0,219.0,2.0,135.0,4.0,54.0,1.0,1.0,3.0,0.0,0.0,3.0,0.0,0.0,0.0,1355.0,1355.0,1.0
1.356,2720.0,653.0,707.0,2013.0,2067.0,2039.0,2041.0,679.0,681.0,0.0,0.0,0.0,1.0,1.0,0.0,2.0,2.0,0.0,0.0,250000.0,0.019999999552965164,31.999046325683594,0.0,0.0,0.0,219.0,54240.0,0.0,219.0,2.0,135.0,4.0,54.0,1.0,1.0,3.0,0.0,0.0,3.0,0.0,0.0,0.0,1356.0,1356.0,1.0
1.357,2720.0,653.0,707.0,2013.0,2067.0,2039.0,2041.0,679.0,681.0,0.0,0.0,0.0,1.0,1.0,0.0,2.0,2.0,0.0,0.0,250000.0,0.019999999552965164,31.999046325683594,0.0,0.0,0.0,219.0,54280.0,0.0,219.0,2.0,135.0,4.0,54.0,1.0,1.0,3.0,0.0,0.0,3.0,0.0,0.0,0.0,1357.0,1357.0,1.0
1.358,2720.0,653.0,707.0,2013.0,2067.0,2039.0,2041.0,679.0,681.0,0.0,0.0,0.0,1.0,1.0,0.0,2.0,2.0,0.0,0.0,250000.0,0.019999999552965164,31.999046325683594,0.0,0.0,0.0,219.0,54320.0,0.0,219.0,2.0,135.0,4.0,54.0,1.0,1.0,3.0,0.0,0.0,3.0,0.0,0.0,0.0,1358.0,1358.0,1.0
1.359,2720.0,653.0,707.0,2013.0,2067.0,2039.0,2041.0,679.0,681.0,0.0,0.0,0.0,1.0,1.0,0.0,2.0,2.0,0.0,0.0,250000.0,0.019999999552965164,31.999046325683594,0.0,0.0,0.0,219.0,54360.0,0.0,219.0,2.0,135.0,4.0,54.0,1.0,1.0,3.0,0.0,0.0,3.0,0.0,0.0,0.0,1359.0,1359.0,1.0
1.36,2720.0,653.0,707.0,2013.0,2067.0,2039.0,2041.0,679.0,681.0,0.0,0.0,0.0,1.0,1.0,0.0,2.0,2.0,0.0,0.0,250000.0,0.019999999552965164,31.999046325683594,0.0,0.0,0.0,219.0,54400.0,0.0,219.0,2.0,135.0,4.0,54.0,1.0,1.0,3.0,0.0,0.0,3.0,0.0,0.0,0.0,1360.0,1360.0,1.0
1.361,2720.0,653.0,707.0,2013.0,2067.0,2039.0,2041.0,679.0,681.0,0.0,0.0,0.0,1.0,1.0,0.0,2.0,2.0,0.0,0.0,250000.0,0.019999999552965164,31.999046325683594,0.0,0.0,0.0,219.0,54440.0,0.0,219.0,2.0,135.0,4.0,54.0,1.0,1.0,3.0,0.0,0.0,3.0,0.0,0.0,0.0,1361.0,1361.0,1.0
1.362,2720.0,653.0,707.0,2013.0,2067.0,2039.0,2041.0,679.0,681.0,0.0,0.0,0.0,1.0,1.0,0.0,2.0,2.0,0.0,0.0,250000.0,0.019999999552965164,31.999046325683594,0.0,0.0,0.0,219.0,54480.0,0.0,219.0,2.0,135.0,4.0,54.0,1.0,1.0,3.0,0.0,0.0,3.0,0.0,0.0,0.0,1362.0,1362.0,1.0
1.363,2720.0,653.0,707.0,2013.0,2067.0,2039.0,2041.0,679.0,681.0,0.0,0.0,0.0,1.0,1.0,0.0,2.0,2.0,0.0,0.0,250000.0,0.019999999552965164,31.999046325683594,0.0,0.0,0.0,219.0,54520.0,0.0,219.0,2.0,135.0,4.0,54.0,1.0,1.0,3.0,0.0,0.0,3.0,0.0,0.0,0.0,1363.0,1363.0,1.0
1.364,2720.0,653.0,707.0,2013.0,2067.0,2039.0,2041.0,679.0,681.0,0.0,0.0,0.0,1.0,1.0,0.0,2.0,2.0,0.0,0.0,250000.0,0.019999999552965164,31.999046325683594,0.0,0.0,0.0,219.0,54560.0,0.0,219.0,2.0,135.0,4.0,54.0,1.0,1.0,3.0,0.0,0.0,3.0,0.0,0.0,0.0,1364.0,1364.0,1.0
1.365,2720.0,653.0,707.0,2013.0,2067.0,2039.0,2041.0,679.0,681.0,0.0,0.0,0.0,1.0,1.0,0.0,2.0,2.0,0.0,0.0,250000.0,0.019999999552965164,31.999046325683594,0.0,0.0,0.0,219.0,54600.0,0.0,219.0,2.0,135.0,4.0,54.0,1.0,1.0,3.0,0.0,0.0,3.0,0.0,0.0,0.0,1365.0,1365.0,1.0
1.366,2720.0,653.0,707.0,2013.0,2067.0,2039.0,2041.0,679.0,681.0,0.0,0.0,0.0,1.0,1.0,0.0,2.0,2.0,0.0,0.0,250000.0,0.019999999552965164,31.999046325683594,0.0,0.0,0.0,219.0,54640.0,0.0,219.0,2.0,135.0,4.0,54.0,1.0,1.0,3.0,0.0,0.0,3.0,0.0,0.0,0.0,1366.0,1366.0,1.0
1.367,2720.0,653.0,707.0,2013.0,2067.0,2039.0,2041.0,679.0,681.0,0.0,0.0,0.0,1.0,1.0,0.0,2.0,2.0,0.0,0.0,250000.0,0.019999999552965164,31.999046325683594,0.0,0.0,0.0,219.0,54680.0,0.0,219.0,2.0,135.0,4.0,54.0,1.0,1.0,3.0,0.0,0.0,3.0,0.0,0.0,0.0,1367.0,1367.0,1.0
1.368,2720.0,653.0,707.0,2013.0,2067.0,2039.0,2041.0,679.0,681.0,0.0,0.0,0.0,1.0,1.0,0.0,2.0,2.0,0.0,0.0,250000.0,0.019999999552965164,31.999046325683594,0.0,0.0,0.0,219.0,54720.0,0.0,219.0,2.0,135.0,4.0,54.0,1.0,1.0,3.0,0.0,0.0,3.0,0.0,0.0,0.0,1368.0,1368.0,1.0
1.369,2720.0,653.0,707.0,2013.0,2067.0,2039.0,2041.0,679.0,681.0,0.0,0.0,0.0,1.0,1.0,0.0,2.0,2.0,0.0,0.0,250000.0,0.019999999552965164,31.999046325683594,0.0,0.0,0.0,219.0,54760.0,0.0,219.0,2.0,135.0,4.0,54.0,1.0,1.0,3.0,0.0,0.0,3.0,0.0,0.0,0.0,1369.0,1369.0,1.0
1.37,2720.0,653.0,707.0,2013.0,2067.0,2039.0,2041.0,679.0,681.0,0.0,0.0,0.0,1.0,1.0,0.0,2.0,2.0,0.0,0.0,250000.0,0.019999999552965164,31.999046325683594,0.0,0.0,0.0,219.0,54800.0,0.0,219.0,2.0,135.0,4.0,54.0,1.0,1.0,3.0,0.0,0.0,3.0,0.0,0.0,0.0,1370.0,1370.0,1.0
1.371,2720.0,653.0,707.0,2013.0,2067.0,2039.0,2041.0,679.0,681.0,0.0,0.0,0.0,1.0,1.0,0.0,2.0,2.0,0.0,0.0,250000.0,0.019999999552965164,31.999046325683594,0.0,0.0,0.0,219.0,54840.0,0.0,219.0,2.0,135.0,4.0,54.0,1.0,1.0,3.0,0.0,0.0,3.0,0.0,0.0,0.0,1371.0,1371.0,1.0
1.372,2720.0,653.0,707.0,2013.0,2067.0,2039.0,2041.0,679.0,681.0,0.0,0.0,0.0,1.0,1.0,0.0,2.0,2.0,0.0,0.0,250000.0,0.019999999552965164,31.999046325683594,0.0,0.0,0.0,219.0,54880.0,0.0,219.0,2.0,135.0,4.0,54.0,1.0,1.0,3.0,0.0,0.0,3.0,0.0,0.0,0.0,1372.0,1372.0,1.0
1.373,2720.0,653.0,707.0,2013.0,2067.0,2039.0,2041.0,679.0,681.0,0.0,0.0,0.0,1.0,1.0,0.0,2.0,2.0,0.0,0.0,250000.0,0.019999999552965164,31.999046325683594,0.0,0.0,0.0,219.0,54920.0,0.0,219.0,2.0,135.0,4.0,54.0,1.0,1.0,3.0,0.0,0.0,3.0,0.0,0.0,0.0,1373.0,1373.0,1.0
1.374,2720.0,653.0,707.0,2013.0,2067.0,2039.0,2041.0,679.0,681.0,0.0,0.0,0.0,1.0,1.0,0.0,2.0,2.0,0.0,0.0,250000.0,0.019999999552965164,31.999046325683594,0.0,0.0,0.0,219.0,54960.0,0.0,219.0,2.0,135.0,4.0,54.0,1.0,1.0,3.0,0.0,0.0,3.0,0.0,0.0,0.0,1374.0,1374.0,1.0
1.375,2720.0,653.0,707.0,2013.0,2067.0,2039.0,2041.0,679.0,681.0,0.0,0.0,0.0,1.0,1.0,0.0,2.0,2.0,0.0,0.0,250000.0,0.019999999552965164,31.999046325683594,0.0,0.0,0.0,219.0,55000.0,0.0,219.0,2.0,135.0,4.0,54.0,1.0,1.0,3.0,0.0,0.0,3.0,0.0,0.0,0.0,1375.0,1375.0,1.0
1.3760000000000001,2720.0,653.0,707.0,2013.0,2067.0,2039.0,2041.0,679.0,681.0,0.0,0.0,0.0,1.0,1.0,0.0,2.0,2.0,0.0,0.0,250000.0,0.019999999552965164,31.999046325683594,0.0,0.0,0.0,219.0,55040.0,0.0,219.0,2.0,135.0,4.0,54.0,1.0,1.0,3.0,0.0,0.0,3.0,0.0,0.0,0.0,1376.0,1376.0,1.0
1.377,2720.0,653.0,707.0,2013.0,2067.0,2039.0,2041.0,679.0,681.0,0.0,0.0,0.0,1.0,1.0,0.0,2.0,2.0,0.0,0.0,250000.0,0.019999999552965164,31.999046325683594,0.0,0.0,0.0,219.0,55080.0,0.0,219.0,2.0,135.0,4.0,54.0,1.0,1.0,3.0,0.0,0.0,3.0,0.0,0.0,0.0,1377.0,1377.0,1.0
1.3780000000000001,2720.0,653.0,707.0,2013.0,2067.0,2039.0,2041.0,679.0,681.0,0.0,0.0,0.0,1.0,1.0,0.0,2.0,2.0,0.0,0.0,250000.0,0.019999999552965164,31.999046325683594,0.0,0.0,0.0,219.0,55120.0,0.0,219.0,2.0,135.0,4.0,54.0,1.0,1.0,3.0,0.0,0.0,3.0,0.0,0.0,0.0,1378.0,1378.0,1.0
1.379,2720.0,653.0,707.0,2013.0,2067.0,2039.0,2041.0,679.0,681.0,0.0,0.0,0.0,1.0,1.0,0.0,2.0,2.0,0.0,0.0,250000.0,0.019999999552965164,31.999046325683594,0.0,0.0,0.0,219.0,55160.0,0.0,219.0,2.0,135.0,4.0,54.0,1.0,1.0,3.0,0.0,0.0,3.0,0.0,0.0,0.0,1379.0,1379.0,1.0
1.3800000000000001,2720.0,653.0,707.0,2013.0,2067.0,2039.0,2041.0,679.0,681.0,0.0,0.0,0.0,1.0,1.0,0.0,2.0,2.0,0.0,0.0,250000.0,0.019999999552965164,31.999046325683594,0.0,0.0,0.0,219.0,55200.0,0.0,219.0,2.0,135.0,4.0,54.0,1.0,1.0,3.0,0.0,0.0,3.0,0.0,0.0,0.0,1380.0,1380.0,1.0
1.381,2720.0,653.0,707.0,2013.0,2067.0,2039.0,2041.0,679.0,681.0,0.0,0.0,0.0,1.0,1.0,0.0,2.0,2.0,0.0,0.0,250000.0,0.019999999552965164,31.999046325683594,0.0,0.0,0.0,219.0,55240.0,0.0,219.0,2.0,135.0,4.0,54.0,1.0,1.0,3.0,0.0,0.0,3.0,0.0,0.0,0.0,1381.0,1381.0,1.0
1.3820000000000001,2720.0,653.0,707.0,2013.0,2067.0,2039.0,2041.0,679.0,681.0,0.0,0.0,0.0,1.0,1.0,0.0,2.0,2.0,0.0,0.0,250000.0,0.019999999552965164,31.999046325683594,0.0,0.0,0.0,219.0,55280.0,0.0,219.0,2.0,135.0,4.0,54.0,1.0,1.0,3.0,0.0,0.0,3.0,0.0,0.0,0.0,1382.0,1382.0,1.0
1.383,2720.0,653.0,707.0,2013.0,2067.0,2039.0,2041.0,679.0,681.0,0.0,0.0,0.0,1.0,1.0,0.0,2.0,2.0,0.0,0.0,250000.0,0.019999999552965164,31.999046325683594,0.0,0.0,0.0,219.0,55320.0,0.0,219.0,2.0,135.0,4.0,54.0,1.0,1.0,3.0,0.0,0.0,3.0,0.0,0.0,0.0,1383.0,1383.0,1.0
1.3840000000000001,2720.0,653.0,707.0,2013.0,2067.0,2039.0,2041.0,679.0,681.0,0.0,0.0,0.0,1.0,1.0,0.0,2.0,2.0,0.0,0.0,250000.0,0.019999999552965164,31.999046325683594,0.0,0.0,0.0,219.0,55360.0,0.0,219.0,2.0,135.0,4.0,54.0,1.0,1.0,3.0,0.0,0.0,3.0,0.0,0.0,0.0,1384.0,1384.0,1.0
1.385,2720.0,653.0,707.0,2013.0,2067.0,2039.0,2041.0,679.0,681.0,0.0,0.0,0.0,1.0,1.0,0.0,2.0,2.0,0.0,0.0,250000.0,0.019999999552965164,31.999046325683594,0.0,0.0,0.0,219.0,55400.0,0.0,219.0,2.0,135.0,4.0,54.0,1.0,1.0,3.0,0.0,0.0,3.0,0.0,0.0,0.0,1385.0,1385.0,1.0
1.3860000000000001,2720.0,653.0,707.0,2013.0,2067.0,2039.0,2041.0,679.0,681.0,0.0,0.0,0.0,1.0,1.0,0.0,2.0,2.0,0.0,0.0,250000.0,0.019999999552965164,31.999046325683594,0.0,0.0,0.0,219.0,55440.0,0.0,219.0,2.0,135.0,4.0,54.0,1.0,1.0,3.0,0.0,0.0,3.0,0.0,0.0,0.0,1386.0,1386.0,1.0
1.387,2720.0,653.0,707.0,2013.0,2067.0,2039.0,2041.0,679.0,681.0,0.0,0.0,0.0,1.0,1.0,0.0,2.0,2.0,0.0,0.0,250000.0,0.019999999552965164,31.999046325683594,0.0,0.0,0.0,219.0,55480.0,0.0,219.0,2.0,135.0,4.0,54.0,1.0,1.0,3.0,0.0,0.0,3.0,0.0,0.0,0.0,1387.0,1387.0,1.0
1.3880000000000001,2720.0,653.0,707.0,2013.0,2067.0,2039.0,2041.0,679.0,681.0,0.0,0.0,0.0,1.0,1.0,0.0,2.0,2.0,0.0,0.0,250000.0,0.019999999552965164,31.999046325683594,0.0,0.0,0.0,219.0,55520.0,0.0,219.0,2.0,135.0,4.0,54.0,1.0,1.0,3.0,0.0,0.0,3.0,0.0,0.0,0.0,1388.0,1388.0,1.0
1.389,2720.0,653.0,707.0,2013.0,2067.0,2039.0,2041.0,679.0,681.0,0.0,0.0,0.0,1.0,1.0,0.0,2.0,2.0,0.0,0.0,250000.0,0.019999999552965164,31.999046325683594,0.0,0.0,0.0,219.0,55560.0,0.0,219.0,2.0,135.0,4.0,54.0,1.0,1.0,3.0,0.0,0.0,3.0,0.0,0.0,0.0,1389.0,1389.0,1.0
1.3900000000000001,2720.0,653.0,707.0,2013.0,2067.0,2039.0,2041.0,679.0,681.0,0.0,0.0,0.0,1.0,1.0,0.0,2.0,2.0,0.0,0.0,250000.0,0.019999999552965164,31.999046325683594,0.0,0.0,0.0,219.0,55600.0,0.0,219.0,2.0,135.0,4.0,54.0,1.0,1.0,3.0,0.0,0.0,3.0,0.0,0.0,0.0,1390.0,1390.0,1.0
1.391,2720.0,653.0,707.0,2013.0,2067.0,2039.0,2041.0,679.0,681.0,0.0,0.0,0.0,1.0,1.0,0.0,2.0,2.0,0.0,0.0,250000.0,0.019999999552965164,31.999046325683594,0.0,0.0,0.0,219.0,55640.0,0.0,219.0,2.0,135.0,4.0,54.0,1.0,1.0,3.0,0.0,0.0,3.0,0.0,0.0,0.0,1391.0,1391.0,1.0
1.3920000000000001,2720.0,653.0,707.0,2013.0,2067.0,2039.0,2041.0,679.0,681.0,0.0,0.0,0.0,1.0,1.0,0.0,2.0,2.0,0.0,0.0,250000.0,0.019999999552965164,31.999046325683594,0.0,0.0,0.0,219.0,55680.0,0.0,219.0,2.0,135.0,4.0,54.0,1.0,1.0,3.0,0.0,0.0,3.0,0.0,0.0,0.0,1392.0,1392.0,1.0
1.393,2720.0,653.0,707.0,2013.0,2067.0,2039.0,2041.0,679.0,681.0,0.0,0.0,0.0,1.0,1.0,0.0,2.0,2.0,0.0,0.0,250000.0,0.019999999552965164,31.999046325683594,0.0,0.0,0.0,219.0,55720.0,0.0,219.0,2.0,135.0,4.0,54.0,1.0,1.0,3.0,0.0,0.0,3.0,0.0,0.0,0.0,1393.0,1393.0,1.0
1.3940000000000001,2720.0,653.0,707.0,2013.0,2067.0,2039.0,2041.0,679.0,681.0,0.0,0.0,0.0,1.0,1.0,0.0,2.0,2.0,0.0,0.0,250000.0,0.019999999552965164,31.999046325683594,0.0,0.0,0.0,219.0,55760.0,0.0,219.0,2.0,135.0,4.0,54.0,1.0,1.0,3.0,0.0,0.0,3.0,0.0,0.0,0.0,1394.0,1394.0,1.0
1.395,2720.0,653.0,707.0,2013.0,2067.0,2039.0,2041.0,679.0,681.0,0.0,0.0,0.0,1.0,1.0,0.0,2.0,2.0,0.0,0.0,250000.0,0.019999999552965164,31.999046325683594,0.0,0.0,0.0,219.0,55800.0,0.0,219.0,2.0,135.0,4.0,54.0,1.0,1.0,3.0,0.0,0.0,3.0,0.0,0.0,0.0,1395.0,1395.0,1.0
1.3960000000000001,2720.0,653.0,707.0,2013.0,2067.0,2039.0,2041.0,679.0,681.0,0.0,0.0,0.0,1.0,1.0,0.0,2.0,2.0,0.0,0.0,250000.0,0.019999999552965164,31.999046325683594,0.0,0.0,0.0,219.0,55840.0,0.0,219.0,2.0,135.0,4.0,54.0,1.0,1.0,3.0,0.0,0.0,3.0,0.0,0.0,0.0,1396.0,1396.0,1.0
1.397,2720.0,653.0,707.0,2013.0,2067.0,2039.0,2041.0,679.0,681.0,0.0,0.0,0.0,1.0,1.0,0.0,2.0,2.0,0.0,0.0,250000.0,0.019999999552965164,31.999046325683594,0.0,0.0,0.0,219.0,55880.0,0.0,219.0,2.0,135.0,4.0,54.0,1.0,1.0,3.0,0.0,0.0,3.0,0.0,0.0,0.0,1397.0,1397.0,1.0
1.3980000000000001,2720.0,653.0,707.0,2013.0,2067.0,2039.0,2041.0,679.0,681.0,0.0,0.0,0.0,1.0,1.0,0.0,2.0,2.0,0.0,0.0,250000.0,0.019999999552965164,31.999046325683594,0.0,0.0,0.0,219.0,55920.0,0.0,219.0,2.0,135.0,4.0,54.0,1.0,1.0,3.0,0.0,0.0,3.0,0.0,0.0,0.0,1398.0,1398.0,1.0
1.399,2720.0,653.0,707.0,2013.0,2067.0,2039.0,2041.0,679.0,681.0,0.0,0.0,0.0,1.0,1.0,0.0,2.0,2.0,0.0,0.0,250000.0,0.019999999552965164,31.999046325683594,0.0,0.0,0.0,219.0,55960.0,0.0,219.0,2.0,135.0,4.0,54.0,1.0,1.0,3.0,0.0,0.0,3.0,0.0,0.0,0.0,1399.0,1399.0,1.0
1.4000000000000001,2720.0,653.0,707.0,2013.0,2067.0,2039.0,2041.0,679.0,681.0,0.0,0.0,0.0,1.0,1.0,0.0,2.0,2.0,0.0,0.0,250000.0,0.019999999552965164,31.999046325683594,0.0,0.0,0.0,219.0,56000.0,0.0,219.0,2.0,135.0,4.0,54.0,1.0,1.0,3.0,0.0,0.0,3.0,0.0,0.0,0.0,1400.0,1400.0,1.0
1.401,2720.0,653.0,707.0,2013.0,2067.0,2039.0,2041.0,679.0,681.0,0.0,0.0,0.0,1.0,1.0,0.0,2.0,2.0,0.0,0.0,250000.0,0.019999999552965164,31.999046325683594,0.0,0.0,0.0,219.0,56040.0,0.0,219.0,2.0,135.0,4.0,54.0,1.0,1.0,3.0,0.0,0.0,3.0,0.0,0.0,0.0,1401.0,1401.0,1.0
1.4020000000000001,2720.0,653.0,707.0,2013.0,2067.0,2039.0,2041.0,679.0,681.0,0.0,0.0,0.0,1.0,1.0,0.0,2.0,2.0,0.0,0.0,250000.0,0.019999999552965164,31.999046325683594,0.0,0.0,0.0,219.0,56080.0,0.0,219.0,2.0,135.0,4.0,54.0,1.0,1.0,3.0,0.0,0.0,3.0,0.0,0.0,0.0,1402.0,1402.0,1.0
1.403,2720.0,653.0,707.0,2013.0,2067.0,2039.0,2041.0,679.0,681.0,0.0,0.0,0.0,1.0,1.0,0.0,2.0,2.0,0.0,0.0,250000.0,0.019999999552965164,31.999046325683594,0.0,0.0,0.0,219.0,56120.0,0.0,219.0,2.0,135.0,4.0,54.0,1.0,1.0,3.0,0.0,0.0,3.0,0.0,0.0,0.0,1403.0,1403.0,1.0
1.4040000000000001,2720.0,653.0,707.0,2013.0,2067.0,2039.0,2041.0,679.0,681.0,0.0,0.0,0.0,1.0,1.0,0.0,2.0,2.0,0.0,0.0,250000.0,0.019999999552965164,31.999046325683594,0.0,0.0,0.0,219.0,56160.0,0.0,219.0,2.0,135.0,4.0,54.0,1.0,1.0,3.0,0.0,0.0,3.0,0.0,0.0,0.0,1404.0,1404.0,1.0
1.405,2720.0,653.0,707.0,2013.0,2067.0,2039.0,2041.0,679.0,681.0,0.0,0.0,0.0,1.0,1.0,0.0,2.0,2.0,0.0,0.0,250000.0,0.019999999552965164,31.999046325683594,0.0,0.0,0.0,219.0,56200.0,0.0,219.0,2.0,135.0,4.0,54.0,1.0,1.0,3.0,0.0,0.0,3.0,0.0,0.0,0.0,1405.0,1405.0,1.0
1.4060000000000001,2720.0,653.0,707.0,2013.0,2067.0,2039.0,2041.0,679.0,681.0,0.0,0.0,0.0,1.0,1.0,0.0,2.0,2.0,0.0,0.0,250000.0,0.019999999552965164,31.999046325683594,0.0,0.0,0.0,219.0,56240.0,0.0,219.0,2.0,135.0,4.0,54.0,1.0,1.0,3.0,0.0,0.0,3.0,0.0,0.0,0.0,1406.0,1406.0,1.0
1.407,2720.0,653.0,707.0,2013.0,2067.0,2039.0,2041.0,679.0,681.0,0.0,0.0,0.0,1.0,1.0,0.0,2.0,2.0,0.0,0.0,250000.0,0.019999999552965164,31.999046325683594,0.0,0.0,0.0,219.0,56280.0,0.0,219.0,2.0,135.0,4.0,54.0,1.0,1.0,3.0,0.0,0.0,3.0,0.0,0.0,0.0,1407.0,1407.0,1.0
1.4080000000000001,2720.0,653.0,707.0,2013.0,2067.0,2039.0,2041.0,679.0,681.0,0.0,0.0,0.0,1.0,1.0,0.0,2.0,2.0,0.0,0.0,250000.0,0.019999999552965164,31.999046325683594,0.0,0.0,0.0,219.0,56320.0,0.0,219.0,2.0,135.0,4.0,54.0,1.0,1.0,3.0,0.0,0.0,3.0,0.0,0.0,0.0,1408.0,1408.0,1.0
1.409,2720.0,653.0,707.0,2013.0,2067.0,2039.0,2041.0,679.0,681.0,0.0,0.0,0.0,1.0,1.0,0.0,2.0,2.0,0.0,0.0,250000.0,0.019999999552965164,31.999046325683594,0.0,0.0,0.0,219.0,56360.0,0.0,219.0,2.0,135.0,4.0,54.0,1.0,1.0,3.0,0.0,0.0,3.0,0.0,0.0,0.0,1409.0,1409.0,1.0
1.4100000000000001,2720.0,653.0,707.0,2013.0,2067.0,2039.0,2041.0,679.0,681.0,0.0,0.0,0.0,1.0,1.0,0.0,2.0,2.0,0.0,0.0,250000.0,0.019999999552965164,31.999046325683594,0.0,0.0,0.0,219.0,56400.0,0.0,219.0,2.0,135.0,4.0,54.0,1.0,1.0,3.0,0.0,0.0,3.0,0.0,0.0,0.0,1410.0,1410.0,1.0
1.411,2720.0,653.0,707.0,2013.0,2067.0,2039.0,2041.0,679.0,681.0,0.0,0.0,0.0,1.0,1.0,0.0,2.0,2.0,0.0,0.0,250000.0,0.019999999552965164,31.999046325683594,0.0,0.0,0.0,219.0,56440.0,0.0,219.0,2.0,135.0,4.0,54.0,1.0,1.0,3.0,0.0,0.0,3.0,0.0,0.0,0.0,1411.0,1411.0,1.0
1.4120000000000001,2720.0,653.0,707.0,2013.0,2067.0,2039.0,2041.0,679.0,681.0,0.0,0.0,0.0,1.0,1.0,0.0,2.0,2.0,0.0,0.0,250000.0,0.019999999552965164,31.999046325683594,0.0,0.0,0.0,219.0,56480.0,0.0,219.0,2.0,135.0,4.0,54.0,1.0,1.0,3.0,0.0,0.0,3.0,0.0,0.0,0.0,1412.0,1412.0,1.0
1.413,2720.0,653.0,707.0,2013.0,2067.0,2039.0,2041.0,679.0,681.0,0.0,0.0,0.0,1.0,1.0,0.0,2.0,2.0,0.0,0.0,250000.0,0.019999999552965164,31.999046325683594,0.0,0.0,0.0,219.0,56520.0,0.0,219.0,2.0,135.0,4.0,54.0,1.0,1.0,3.0,0.0,0.0,3.0,0.0,0.0,0.0,1413.0,1413.0,1.0
1.4140000000000001,2720.0,653.0,707.0,2013.0,2067.0,2039.0,2041.0,679.0,681.0,0.0,0.0,0.0,1.0,1.0,0.0,2.0,2.0,0.0,0.0,250000.0,0.019999999552965164,31.999046325683594,0.0,0.0,0.0,219.0,56560.0,0.0,219.0,2.0,135.0,4.0,54.0,1.0,1.0,3.0,0.0,0.0,3.0,0.0,0.0,0.0,1414.0,1414.0,1.0
1.415,2720.0,653.0,707.0,2013.0,2067.0,2039.0,2041.0,679.0,681.0,0.0,0.0,0.0,1.0,1.0,0.0,2.0,2.0,0.0,0.0,250000.0,0.019999999552965164,31.999046325683594,0.0,0.0,0.0,219.0,56600.0,0.0,219.0,2.0,135.0,4.0,54.0,1.0,1.0,3.0,0.0,0.0,3.0,0.0,0.0,0.0,1415.0,1415.0,1.0
1.4160000000000001,2720.0,653.0,707.0,2013.0,2067.0,2039.0,2041.0,679.0,681.0,0.0,0.0,0.0,1.0,1.0,0.0,2.0,2.0,0.0,0.0,250000.0,0.019999999552965164,31.999046325683594,0.0,0.0,0.0,219.0,56640.0,0.0,219.0,2.0,135.0,4.0,54.0,1.0,1.0,3.0,0.0,0.0,3.0,0.0,0.0,0.0,1416.0,1416.0,1.0
1.417,2720.0,653.0,707.0,2013.0,2067.0,2039.0,2041.0,679.0,681.0,0.0,0.0,0.0,1.0,1.0,0.0,2.0,2.0,0.0,0.0,250000.0,0.019999999552965164,31.999046325683594,0.0,0.0,0.0,219.0,56680.0,0.0,219.0,2.0,135.0,4.0,54.0,1.0,1.0,3.0,0.0,0.0,3.0,0.0,0.0,0.0,1417.0,1417.0,1.0
1.4180000000000001,2720.0,653.0,707.0,2013.0,2067.0,2039.0,2041.0,679.0,681.0,0.0,0.0,0.0,1.0,1.0,0.0,2.0,2.0,0.0,0.0,250000.0,0.019999999552965164,31.999046325683594,0.0,0.0,0.0,219.0,56720.0,0.0,219.0,2.0,135.0,4.0,54.0,1.0,1.0,3.0,0.0,0.0,3.0,0.0,0.0,0.0,1418.0,1418.0,1.0
1.419,2720.0,653.0,707.0,2013.0,2067.0,2039.0,2041.0,679.0,681.0,0.0,0.0,0.0,1.0,1.0,0.0,2.0,2.0,0.0,0.0,250000.0,0.019999999552965164,31.999046325683594,0.0,0.0,0.0,219.0,56760.0,0.0,219.0,2.0,135.0,4.0,54.0,1.0,1.0,3.0,0.0,0.0,3.0,0.0,0.0,0.0,1419.0,1419.0,1.0
1.4200000000000002,2720.0,653.0,707.0,2013.0,2067.0,2039.0,2041.0,679.0,681.0,0.0,0.0,0.0,1.0,1.0,0.0,2.0,2.0,0.0,0.0,250000.0,0.019999999552965164,31.999046325683594,0.0,0.0,0.0,219.0,56800.0,0.0,219.0,2.0,135.0,4.0,54.0,1.0,1.0,3.0,0.0,0.0,3.0,0.0,0.0,0.0,1420.0,1420.0,1.0
1.421,2720.0,653.0,707.0,2013.0,2067.0,2039.0,2041.0,679.0,681.0,0.0,0.0,0.0,1.0,1.0,0.0,2.0,2.0,0.0,0.0,250000.0,0.019999999552965164,31.999046325683594,0.0,0.0,0.0,219.0,56840.0,0.0,219.0,2.0,135.0,4.0,54.0,1.0,1.0,3.0,0.0,0.0,3.0,0.0,0.0,0.0,1421.0,1421.0,1.0
1.4220000000000002,2720.0,653.0,707.0,2013.0,2067.0,2039.0,2041.0,679.0,681.0,0.0,0.0,0.0,1.0,1.0,0.0,2.0,2.0,0.0,0.0,250000.0,0.019999999552965164,31.999046325683594,0.0,0.0,0.0,219.0,56880.0,0.0,219.0,2.0,135.0,4.0,54.0,1.0,1.0,3.0,0.0,0.0,3.0,0.0,0.0,0.0,1422.0,1422.0,1.0
1.423,2720.0,653.0,707.0,2013.0,2067.0,2039.0,2041.0,679.0,681.0,0.0,0.0,0.0,1.0,1.0,0.0,2.0,2.0,0.0,0.0,250000.0,0.019999999552965164,31.999046325683594,0.0,0.0,0.0,219.0,56920.0,0.0,219.0,2.0,135.0,4.0,54.0,1.0,1.0,3.0,0.0,0.0,3.0,0.0,0.0,0.0,1423.0,1423.0,1.0
1.4240000000000002,2720.0,653.0,707.0,2013.0,2067.0,2039.0,2041.0,679.0,681.0,0.0,0.0,0.0,1.0,1.0,0.0,2.0,2.0,0.0,0.0,250000.0,0.019999999552965164,31.999046325683594,0.0,0.0,0.0,219.0,56960.0,0.0,219.0,2.0,135.0,4.0,54.0,1.0,1.0,3.0,0.0,0.0,3.0,0.0,0.0,0.0,1424.0,1424.0,1.0
1.425,2720.0,653.0,707.0,2013.0,2067.0,2039.0,2041.0,679.0,681.0,0.0,0.0,0.0,1.0,1.0,0.0,2.0,2.0,0.0,0.0,250000.0,0.019999999552965164,31.999046325683594,0.0,0.0,0.0,219.0,57000.0,0.0,219.0,2.0,135.0,4.0,54.0,1.0,1.0,3.0,0.0,0.0,3.0,0.0,0.0,0.0,1425.0,1425.0,1.0
1.4260000000000002,2720.0,653.0,707.0,2013.0,2067.0,2039.0,2041.0,679.0,681.0,0.0,0.0,0.0,1.0,1.0,0.0,2.0,2.0,0.0,0.0,250000.0,0.019999999552965164,31.999046325683594,0.0,0.0,0.0,219.0,57040.0,0.0,219.0,2.0,135.0,4.0,54.0,1.0,1.0,3.0,0.0,0.0,3.0,0.0,0.0,0.0,1426.0,1426.0,1.0
1.427,2720.0,653.0,707.0,2013.0,2067.0,2039.0,2041.0,679.0,681.0,0.0,0.0,0.0,1.0,1.0,0.0,2.0,2.0,0.0,0.0,250000.0,0.019999999552965164,31.999046325683594,0.0,0.0,0.0,219.0,57080.0,0.0,219.0,2.0,135.0,4.0,54.0,1.0,1.0,3.0,0.0,0.0,3.0,0.0,0.0,0.0,1427.0,1427.0,1.0
1.4280000000000002,2720.0,653.0,707.0,2013.0,2067.0,2039.0,2041.0,679.0,681.0,0.0,0.0,0.0,1.0,1.0,0.0,2.0,2.0,0.0,0.0,250000.0,0.019999999552965164,31.999046325683594,0.0,0.0,0.0,219.0,57120.0,0.0,219.0,2.0,135.0,4.0,54.0,1.0,1.0,3.0,0.0,0.0,3.0,0.0,0.0,0.0,1428.0,1428.0,1.0
1.429,2720.0,653.0,707.0,2013.0,2067.0,2039.0,2041.0,679.0,681.0,0.0,0.0,0.0,1.0,1.0,0.0,2.0,2.0,0.0,0.0,250000.0,0.019999999552965164,31.999046325683594,0.0,0.0,0.0,219.0,57160.0,0.0,219.0,2.0,135.0,4.0,54.0,1.0,1.0,3.0,0.0,0.0,3.0,0.0,0.0,0.0,1429.0,1429.0,1.0
1.4300000000000002,2720.0,653.0,707.0,2013.0,2067.0,2039.0,2041.0,679.0,681.0,0.0,0.0,0.0,1.0,1.0,0.0,2.0,2.0,0.0,0.0,250000.0,0.019999999552965164,31.999046325683594,0.0,0.0,0.0,219.0,57200.0,0.0,219.0,2.0,135.0,4.0,54.0,1.0,1.0,3.0,0.0,0.0,3.0,0.0,0.0,0.0,1430.0,1430.0,1.0
1.431,2720.0,653.0,707.0,2013.0,2067.0,2039.0,2041.0,679.0,681.0,0.0,0.0,0.0,1.0,1.0,0.0,2.0,2.0,0.0,0.0,250000.0,0.019999999552965164,31.999046325683594,0.0,0.0,0.0,219.0,57240.0,0.0,219.0,2.0,135.0,4.0,54.0,1.0,1.0,3.0,0.0,0.0,3.0,0.0,0.0,0.0,1431.0,1431.0,1.0
1.4320000000000002,2720.0,653.0,707.0,2013.0,2067.0,2039.0,2041.0,679.0,681.0,0.0,0.0,0.0,1.0,1.0,0.0,2.0,2.0,0.0,0.0,250000.0,0.019999999552965164,31.999046325683594,0.0,0.0,0.0,219.0,57280.0,0.0,219.0,2.0,135.0,4.0,54.0,1.0,1.0,3.0,0.0,0.0,3.0,0.0,0.0,0.0,1432.0,1432.0,1.0
1.433,2720.0,653.0,707.0,2013.0,2067.0,2039.0,2041.0,679.0,681.0,0.0,0.0,0.0,1.0,1.0,0.0,2.0,2.0,0.0,0.0,250000.0,0.019999999552965164,31.999046325683594,0.0,0.0,0.0,219.0,57320.0,0.0,219.0,2.0,135.0,4.0,54.0,1.0,1.0,3.0,0.0,0.0,3.0,0.0,0.0,0.0,1433.0,1433.0,1.0
1.4340000000000002,2720.0,653.0,707.0,2013.0,2067.0,2039.0,2041.0,679.0,681.0,0.0,0.0,0.0,1.0,1.0,0.0,2.0,2.0,0.0,0.0,250000.0,0.019999999552965164,31.999046325683594,0.0,0.0,0.0,219.0,57360.0,0.0,219.0,2.0,135.0,4.0,54.0,1.0,1.0,3.0,0.0,0.0,3.0,0.0,0.0,0.0,1434.0,1434.0,1.0
1.435,2720.0,653.0,707.0,2013.0,2067.0,2039.0,2041.0,679.0,681.0,0.0,0.0,0.0,1.0,1.0,0.0,2.0,2.0,0.0,0.0,250000.0,0.019999999552965164,31.999046325683594,0.0,0.0,0.0,219.0,57400.0,0.0,219.0,2.0,135.0,4.0,54.0,1.0,1.0,3.0,0.0,0.0,3.0,0.0,0.0,0.0,1435.0,1435.0,1.0
1.4360000000000002,2720.0,653.0,707.0,2013.0,2067.0,2039.0,2041.0,679.0,681.0,0.0,0.0,0.0,1.0,1.0,0.0,2.0,2.0,0.0,0.0,250000.0,0.019999999552965164,31.999046325683594,0.0,0.0,0.0,219.0,57440.0,0.0,219.0,2.0,135.0,4.0,54.0,1.0,1.0,3.0,0.0,0.0,3.0,0.0,0.0,0.0,1436.0,1436.0,1.0
1.437,2720.0,653.0,707.0,2013.0,2067.0,2039.0,2041.0,679.0,681.0,0.0,0.0,0.0,1.0,1.0,0.0,2.0,2.0,0.0,0.0,250000.0,0.019999999552965164,31.999046325683594,0.0,0.0,0.0,219.0,57480.0,0.0,219.0,2.0,135.0,4.0,54.0,1.0,1.0,3.0,0.0,0.0,3.0,0.0,0.0,0.0,1437.0,1437.0,1.0
1.4380000000000002,2720.0,653.0,707.0,2013.0,2067.0,2039.0,2041.0,679.0,681.0,0.0,0.0,0.0,1.0,1.0,0.0,2.0,2.0,0.0,0.0,250000.0,0.019999999552965164,31.999046325683594,0.0,0.0,0.0,219.0,57520.0,0.0,219.0,2.0,135.0,4.0,54.0,1.0,1.0,3.0,0.0,0.0,3.0,0.0,0.0,0.0,1438.0,1438.0,1.0
1.439,2720.0,653.0,707.0,2013.0,2067.0,2039.0,2041.0,679.0,681.0,0.0,0.0,0.0,1.0,1.0,0.0,2.0,2.0,0.0,0.0,250000.0,0.019999999552965164,31.999046325683594,0.0,0.0,0.0,219.0,57560.0,0.0,219.0,2.0,135.0,4.0,54.0,1.0,1.0,3.0,0.0,0.0,3.0,0.0,0.0,0.0,1439.0,1439.0,1.0
1.4400000000000002,2720.0,653.0,707.0,2013.0,2067.0,2039.0,2041.0,679.0,681.0,0.0,0.0,0.0,1.0,1.0,0.0,2.0,2.0,0.0,0.0,250000.0,0.019999999552965164,31.999046325683594,0.0,0.0,0.0,219.0,57600.0,0.0,219.0,2.0,135.0,4.0,54.0,1.0,1.0,3.0,0.0,0.0,3.0,0.0,0.0,0.0,1440.0,1440.0,1.0
1.441,2720.0,653.0,707.0,2013.0,2067.0,2039.0,2041.0,679.0,681.0,0.0,0.0,0.0,1.0,1.0,0.0,2.0,2.0,0.0,0.0,250000.0,0.019999999552965164,31.999046325683594,0.0,0.0,0.0,219.0,57640.0,0.0,219.0,2.0,135.0,4.0,54.0,1.0,1.0,3.0,0.0,0.0,3.0,0.0,0.0,0.0,1441.0,1441.0,1.0
1.4420000000000002,2720.0,653.0,707.0,2013.0,2067.0,2039.0,2041.0,679.0,681.0,0.0,0.0,0.0,1.0,1.0,0.0,2.0,2.0,0.0,0.0,250000.0,0.019999999552965164,31.999046325683594,0.0,0.0,0.0,219.0,57680.0,0.0,219.0,2.0,135.0,4.0,54.0,1.0,1.0,3.0,0.0,0.0,3.0,0.0,0.0,0.0,1442.0,1442.0,1.0
1.443,2720.0,653.0,707.0,2013.0,2067.0,2039.0,2041.0,679.0,681.0,0.0,0.0,0.0,1.0,1.0,0.0,2.0,2.0,0.0,0.0,250000.0,0.019999999552965164,31.999046325683594,0.0,0.0,0.0,219.0,57720.0,0.0,219.0,2.0,135.0,4.0,54.0,1.0,1.0,3.0,0.0,0.0,3.0,0.0,0.0,0.0,1443.0,1443.0,1.0
1.4440000000000002,2720.0,653.0,707.0,2013.0,2067.0,2039.0,2041.0,679.0,681.0,0.0,0.0,0.0,1.0,1.0,0.0,2.0,2.0,0.0,0.0,250000.0,0.019999999552965164,31.999046325683594,0.0,0.0,0.0,219.0,57760.0,0.0,219.0,2.0,135.0,4.0,54.0,1.0,1.0,3.0,0.0,0.0,3.0,0.0,0.0,0.0,1444.0,1444.0,1.0
1.445,2720.0,653.0,707.0,2013.0,2067.0,2039.0,2041.0,679.0,681.0,0.0,0.0,0.0,1.0,1.0,0.0,2.0,2.0,0.0,0.0,250000.0,0.019999999552965164,31.999046325683594,0.0,0.0,0.0,219.0,57800.0,0.0,219.0,2.0,135.0,4.0,54.0,1.0,1.0,3.0,0.0,0.0,3.0,0.0,0.0,0.0,1445.0,1445.0,1.0
1.4460000000000002,2720.0,653.0,707.0,2013.0,2067.0,2039.0,2041.0,679.0,681.0,0.0,0.0,0.0,1.0,1.0,0.0,2.0,2.0,0.0,0.0,250000.0,0.019999999552965164,31.999046325683594,0.0,0.0,0.0,219.0,57840.0,0.0,219.0,2.0,135.0,4.0,54.0,1.0,1.0,3.0,0.0,0.0,3.0,0.0,0.0,0.0,1446.0,1446.0,1.0
1.447,2720.0,653.0,707.0,2013.0,2067.0,2039.0,2041.0,679.0,681.0,0.0,0.0,0.0,1.0,1.0,0.0,2.0,2.0,0.0,0.0,250000.0,0.019999999552965164,31.999046325683594,0.0,0.0,0.0,219.0,57880.0,0.0,219.0,2.0,135.0,4.0,54.0,1.0,1.0,3.0,0.0,0.0,3.0,0.0,0.0,0.0,1447.0,1447.0,1.0
1.4480000000000002,2720.0,653.0,707.0,2013.0,2067.0,2039.0,2041.0,679.0,681.0,0.0,0.0,0.0,1.0,1.0,0.0,2.0,2.0,0.0,0.0,250000.0,0.019999999552965164,31.999046325683594,0.0,0.0,0.0,219.0,57920.0,0.0,219.0,2.0,135.0,4.0,54.0,1.0,1.0,3.0,0.0,0.0,3.0,0.0,0.0,0.0,1448.0,1448.0,1.0
1.449,2720.0,653.0,707.0,2013.0,2067.0,2039.0,2041.0,679.0,681.0,0.0,0.0,0.0,1.0,1.0,0.0,2.0,2.0,0.0,0.0,250000.0,0.019999999552965164,31.999046325683594,0.0,0.0,0.0,219.0,57960.0,0.0,219.0,2.0,135.0,4.0,54.0,1.0,1.0,3.0,0.0,0.0,3.0,0.0,0.0,0.0,1449.0,1449.0,1.0
1.4500000000000002,2720.0,653.0,707.0,2013.0,2067.0,2039.0,2041.0,679.0,681.0,0.0,0.0,0.0,1.0,1.0,0.0,2.0,2.0,0.0,0.0,250000.0,0.019999999552965164,31.999046325683594,0.0,0.0,0.0,219.0,58000.0,0.0,219.0,2.0,135.0,4.0,54.0,1.0,1.0,3.0,0.0,0.0,3.0,0.0,0.0,0.0,1450.0,1450.0,1.0
1.451,2720.0,653.0,707.0,2013.0,2067.0,2039.0,2041.0,679.0,681.0,0.0,0.0,0.0,1.0,1.0,0.0,2.0,2.0,0.0,0.0,250000.0,0.019999999552965164,31.999046325683594,0.0,0.0,0.0,219.0,58040.0,0.0,219.0,2.0,135.0,4.0,54.0,1.0,1.0,3.0,0.0,0.0,3.0,0.0,0.0,0.0,1451.0,1451.0,1.0
1.4520000000000002,2720.0,653.0,707.0,2013.0,2067.0,2039.0,2041.0,679.0,681.0,0.0,0.0,0.0,1.0,1.0,0.0,2.0,2.0,0.0,0.0,250000.0,0.019999999552965164,31.999046325683594,0.0,0.0,0.0,219.0,58080.0,0.0,219.0,2.0,135.0,4.0,54.0,1.0,1.0,3.0,0.0,0.0,3.0,0.0,0.0,0.0,1452.0,1452.0,1.0
1.453,2720.0,653.0,707.0,2013.0,2067.0,2039.0,2041.0,679.0,681.0,0.0,0.0,0.0,1.0,1.0,0.0,2.0,2.0,0.0,0.0,250000.0,0.019999999552965164,31.999046325683594,0.0,0.0,0.0,219.0,58120.0,0.0,219.0,2.0,135.0,4.0,54.0,1.0,1.0,3.0,0.0,0.0,3.0,0.0,0.0,0.0,1453.0,1453.0,1.0
1.454,2720.0,653.0,707.0,2013.0,2067.0,2039.0,2041.0,679.0,681.0,0.0,0.0,0.0,1.0,1.0,0.0,2.0,2.0,0.0,0.0,250000.0,0.019999999552965164,31.999046325683594,0.0,0.0,0.0,219.0,58160.0,0.0,219.0,2.0,135.0,4.0,54.0,1.0,1.0,3.0,0.0,0.0,3.0,0.0,0.0,0.0,1454.0,1454.0,1.0
1.455,2720.0,653.0,707.0,2013.0,2067.0,2039.0,2041.0,679.0,681.0,0.0,0.0,0.0,1.0,1.0,0.0,2.0,2.0,0.0,0.0,250000.0,0.019999999552965164,31.999046325683594,0.0,0.0,0.0,219.0,58200.0,0.0,219.0,2.0,135.0,4.0,54.0,1.0,1.0,3.0,0.0,0.0,3.0,0.0,0.0,0.0,1455.0,1455.0,1.0
1.456,2720.0,653.0,707.0,2013.0,2067.0,2039.0,2041.0,679.0,681.0,0.0,0.0,0.0,1.0,1.0,0.0,2.0,2.0,0.0,0.0,250000.0,0.019999999552965164,31.999046325683594,0.0,0.0,0.0,219.0,58240.0,0.0,219.0,2.0,135.0,4.0,54.0,1.0,1.0,3.0,0.0,0.0,3.0,0.0,0.0,0.0,1456.0,1456.0,1.0
1.457,2720.0,653.0,707.0,2013.0,2067.0,2039.0,2041.0,679.0,681.0,0.0,0.0,0.0,1.0,1.0,0.0,2.0,2.0,0.0,0.0,250000.0,0.019999999552965164,31.999046325683594,0.0,0.0,0.0,219.0,58280.0,0.0,219.0,2.0,135.0,4.0,54.0,1.0,1.0,3.0,0.0,0.0,3.0,0.0,0.0,0.0,1457.0,1457.0,1.0
1.458,2720.0,653.0,707.0,2013.0,2067.0,2039.0,2041.0,679.0,681.0,0.0,0.0,0.0,1.0,1.0,0.0,2.0,2.0,0.0,0.0,250000.0,0.019999999552965164,31.999046325683594,0.0,0.0,0.0,219.0,58320.0,0.0,219.0,2.0,135.0,4.0,54.0,1.0,1.0,3.0,0.0,0.0,3.0,0.0,0.0,0.0,1458.0,1458.0,1.0
1.459,2720.0,653.0,707.0,2013.0,2067.0,2039.0,2041.0,679.0,681.0,0.0,0.0,0.0,1.0,1.0,0.0,2.0,2.0,0.0,0.0,250000.0,0.019999999552965164,31.999046325683594,0.0,0.0,0.0,219.0,58360.0,0.0,219.0,2.0,135.0,4.0,54.0,1.0,1.0,3.0,0.0,0.0,3.0,0.0,0.0,0.0,1459.0,1459.0,1.0
1.46,2720.0,653.0,707.0,2013.0,2067.0,2039.0,2041.0,679.0,681.0,0.0,0.0,0.0,1.0,1.0,0.0,2.0,2.0,0.0,0.0,250000.0,0.019999999552965164,31.999046325683594,0.0,0.0,0.0,219.0,58400.0,0.0,219.0,2.0,135.0,4.0,54.0,1.0,1.0,3.0,0.0,0.0,3.0,0.0,0.0,0.0,1460.0,1460.0,1.0
1.461,2720.0,653.0,707.0,2013.0,2067.0,2039.0,2041.0,679.0,681.0,0.0,0.0,0.0,1.0,1.0,0.0,2.0,2.0,0.0,0.0,250000.0,0.019999999552965164,31.999046325683594,0.0,0.0,0.0,219.0,58440.0,0.0,219.0,2.0,135.0,4.0,54.0,1.0,1.0,3.0,0.0,0.0,3.0,0.0,0.0,0.0,1461.0,1461.0,1.0
1.462,2720.0,653.0,707.0,2013.0,2067.0,2039.0,2041.0,679.0,681.0,0.0,0.0,0.0,1.0,1.0,0.0,2.0,2.0,0.0,0.0,250000.0,0.019999999552965164,31.999046325683594,0.0,0.0,0.0,219.0,58480.0,0.0,219.0,2.0,135.0,4.0,54.0,1.0,1.0,3.0,0.0,0.0,3.0,0.0,0.0,0.0,1462.0,1462.0,1.0
1.463,2720.0,653.0,707.0,2013.0,2067.0,2039.0,2041.0,679.0,681.0,0.0,0.0,0.0,1.0,1.0,0.0,2.0,2.0,0.0,0.0,250000.0,0.019999999552965164,31.999046325683594,0.0,0.0,0.0,219.0,58520.0,0.0,219.0,2.0,135.0,4.0,54.0,1.0,1.0,3.0,0.0,0.0,3.0,0.0,0.0,0.0,1463.0,1463.0,1.0
1.464,2720.0,653.0,707.0,2013.0,2067.0,2039.0,2041.0,679.0,681.0,0.0,0.0,0.0,1.0,1.0,0.0,2.0,2.0,0.0,0.0,250000.0,0.019999999552965164,31.999046325683594,0.0,0.0,0.0,219.0,58560.0,0.0,219.0,2.0,135.0,4.0,54.0,1.0,1.0,3.0,0.0,0.0,3.0,0.0,0.0,0.0,1464.0,1464.0,1.0
1.465,2720.0,653.0,707.0,2013.0,2067.0,2039.0,2041.0,679.0,681.0,0.0,0.0,0.0,1.0,1.0,0.0,2.0,2.0,0.0,0.0,250000.0,0.019999999552965164,31.999046325683594,0.0,0.0,0.0,219.0,58600.0,0.0,219.0,2.0,135.0,4.0,54.0,1.0,1.0,3.0,0.0,0.0,3.0,0.0,0.0,0.0,1465.0,1465.0,1.0
1.466,2720.0,653.0,707.0,2013.0,2067.0,2039.0,2041.0,679.0,681.0,0.0,0.0,0.0,1.0,1.0,0.0,2.0,2.0,0.0,0.0,250000.0,0.019999999552965164,31.999046325683594,0.0,0.0,0.0,219.0,58640.0,0.0,219.0,2.0,135.0,4.0,54.0,1.0,1.0,3.0,0.0,0.0,3.0,0.0,0.0,0.0,1466.0,1466.0,1.0
1.467,2720.0,653.0,707.0,2013.0,2067.0,2039.0,2041.0,679.0,681.0,0.0,0.0,0.0,1.0,1.0,0.0,2.0,2.0,0.0,0.0,250000.0,0.019999999552965164,31.999046325683594,0.0,0.0,0.0,219.0,58680.0,0.0,219.0,2.0,135.0,4.0,54.0,1.0,1.0,3.0,0.0,0.0,3.0,0.0,0.0,0.0,1467.0,1467.0,1.0
1.468,2720.0,653.0,707.0,2013.0,2067.0,2039.0,2041.0,679.0,681.0,0.0,0.0,0.0,1.0,1.0,0.0,2.0,2.0,0.0,0.0,250000.0,0.019999999552965164,31.999046325683594,0.0,0.0,0.0,219.0,58720.0,0.0,219.0,2.0,135.0,4.0,54.0,1.0,1.0,3.0,0.0,0.0,3.0,0.0,0.0,0.0,1468.0,1468.0,1.0
1.469,2720.0,653.0,707.0,2013.0,2067.0,2039.0,2041.0,679.0,681.0,0.0,0.0,0.0,1.0,1.0,0.0,2.0,2.0,0.0,0.0,250000.0,0.019999999552965164,31.999046325683594,0.0,0.0,0.0,219.0,58760.0,0.0,219.0,2.0,135.0,4.0,54.0,1.0,1.0,3.0,0.0,0.0,3.0,0.0,0.0,0.0,1469.0,1469.0,1.0
1.47,2720.0,653.0,707.0,2013.0,2067.0,2039.0,2041.0,679.0,681.0,0.0,0.0,0.0,1.0,1.0,0.0,2.0,2.0,0.0,0.0,250000.0,0.019999999552965164,31.999046325683594,0.0,0.0,0.0,219.0,58800.0,0.0,219.0,2.0,135.0,4.0,54.0,1.0,1.0,3.0,0.0,0.0,3.0,0.0,0.0,0.0,1470.0,1470.0,1.0
1.471,2720.0,653.0,707.0,2013.0,2067.0,2039.0,2041.0,679.0,681.0,0.0,0.0,0.0,1.0,1.0,0.0,2.0,2.0,0.0,0.0,250000.0,0.019999999552965164,31.999046325683594,0.0,0.0,0.0,219.0,58840.0,0.0,219.0,2.0,135.0,4.0,54.0,1.0,1.0,3.0,0.0,0.0,3.0,0.0,0.0,0.0,1471.0,1471.0,1.0
1.472,2720.0,653.0,707.0,2013.0,2067.0,2039.0,2041.0,679.0,681.0,0.0,0.0,0.0,1.0,1.0,0.0,2.0,2.0,0.0,0.0,250000.0,0.019999999552965164,31.999046325683594,0.0,0.0,0.0,219.0,58880.0,0.0,219.0,2.0,135.0,4.0,54.0,1.0,1.0,3.0,0.0,0.0,3.0,0.0,0.0,0.0,1472.0,1472.0,1.0
1.473,2720.0,653.0,707.0,2013.0,2067.0,2039.0,2041.0,679.0,681.0,0.0,0.0,0.0,1.0,1.0,0.0,2.0,2.0,0.0,0.0,250000.0,0.019999999552965164,31.999046325683594,0.0,0.0,0.0,219.0,58920.0,0.0,219.0,2.0,135.0,4.0,54.0,1.0,1.0,3.0,0.0,0.0,3.0,0.0,0.0,0.0,1473.0,1473.0,1.0
1.474,2720.0,653.0,707.0,2013.0,2067.0,2039.0,2041.0,679.0,681.0,0.0,0.0,0.0,1.0,1.0,0.0,2.0,2.0,0.0,0.0,250000.0,0.019999999552965164,31.999046325683594,0.0,0.0,0.0,219.0,58960.0,0.0,219.0,2.0,135.0,4.0,54.0,1.0,1.0,3.0,0.0,0.0,3.0,0.0,0.0,0.0,1474.0,1474.0,1.0
1.475,2720.0,653.0,707.0,2013.0,2067.0,2039.0,2041.0,679.0,681.0,0.0,0.0,0.0,1.0,1.0,0.0,2.0,2.0,0.0,0.0,250000.0,0.019999999552965164,31.999046325683594,0.0,0.0,0.0,219.0,59000.0,0.0,219.0,2.0,135.0,4.0,54.0,1.0,1.0,3.0,0.0,0.0,3.0,0.0,0.0,0.0,1475.0,1475.0,1.0
1.476,2720.0,653.0,707.0,2013.0,2067.0,2039.0,2041.0,679.0,681.0,0.0,0.0,0.0,1.0,1.0,0.0,2.0,2.0,0.0,0.0,250000.0,0.019999999552965164,31.999046325683594,0.0,0.0,0.0,219.0,59040.0,0.0,219.0,2.0,135.0,4.0,54.0,1.0,1.0,3.0,0.0,0.0,3.0,0.0,0.0,0.0,1476.0,1476.0,1.0
1.477,2720.0,653.0,707.0,2013.0,2067.0,2039.0,2041.0,679.0,681.0,0.0,0.0,0.0,1.0,1.0,0.0,2.0,2.0,0.0,0.0,250000.0,0.019999999552965164,31.999046325683594,0.0,0.0,0.0,219.0,59080.0,0.0,219.0,2.0,135.0,4.0,54.0,1.0,1.0,3.0,0.0,0.0,3.0,0.0,0.0,0.0,1477.0,1477.0,1.0
1.478,2720.0,653.0,707.0,2013.0,2067.0,2039.0,2041.0,679.0,681.0,0.0,0.0,0.0,1.0,1.0,0.0,2.0,2.0,0.0,0.0,250000.0,0.019999999552965164,31.999046325683594,0.0,0.0,0.0,219.0,59120.0,0.0,219.0,2.0,135.0,4.0,54.0,1.0,1.0,3.0,0.0,0.0,3.0,0.0,0.0,0.0,1478.0,1478.0,1.0
1.479,2720.0,653.0,707.0,2013.0,2067.0,2039.0,2041.0,679.0,681.0,0.0,0.0,0.0,1.0,1.0,0.0,2.0,2.0,0.0,0.0,250000.0,0.019999999552965164,31.999046325683594,0.0,0.0,0.0,219.0,59160.0,0.0,219.0,2.0,135.0,4.0,54.0,1.0,1.0,3.0,0.0,0.0,3.0,0.0,0.0,0.0,1479.0,1479.0,1.0
1.48,2720.0,653.0,707.0,2013.0,2067.0,2039.0,2041.0,679.0,681.0,0.0,0.0,0.0,1.0,1.0,0.0,2.0,2.0,0.0,0.0,250000.0,0.019999999552965164,31.999046325683594,0.0,0.0,0.0,219.0,59200.0,0.0,219.0,2.0,135.0,4.0,54.0,1.0,1.0,3.0,0.0,0.0,3.0,0.0,0.0,0.0,1480.0,1480.0,1.0
1.481,2720.0,653.0,707.0,2013.0,2067.0,2039.0,2041.0,679.0,681.0,0.0,0.0,0.0,1.0,1.0,0.0,2.0,2.0,0.0,0.0,250000.0,0.019999999552965164,31.999046325683594,0.0,0.0,0.0,219.0,59240.0,0.0,219.0,2.0,135.0,4.0,54.0,1.0,1.0,3.0,0.0,0.0,3.0,0.0,0.0,0.0,1481.0,1481.0,1.0
1.482,2720.0,653.0,707.0,2013.0,2067.0,2039.0,2041.0,679.0,681.0,0.0,0.0,0.0,1.0,1.0,0.0,2.0,2.0,0.0,0.0,250000.0,0.019999999552965164,31.999046325683594,0.0,0.0,0.0,219.0,59280.0,0.0,219.0,2.0,135.0,4.0,54.0,1.0,1.0,3.0,0.0,0.0,3.0,0.0,0.0,0.0,1482.0,1482.0,1.0
1.483,2720.0,653.0,707.0,2013.0,2067.0,2039.0,2041.0,679.0,681.0,0.0,0.0,0.0,1.0,1.0,0.0,2.0,2.0,0.0,0.0,250000.0,0.019999999552965164,31.999046325683594,0.0,0.0,0.0,219.0,59320.0,0.0,219.0,2.0,135.0,4.0,54.0,1.0,1.0,3.0,0.0,0.0,3.0,0.0,0.0,0.0,1483.0,1483.0,1.0
1.484,2720.0,653.0,707.0,2013.0,2067.0,2039.0,2041.0,679.0,681.0,0.0,0.0,0.0,1.0,1.0,0.0,2.0,2.0,0.0,0.0,250000.0,0.019999999552965164,31.999046325683594,0.0,0.0,0.0,219.0,59360.0,0.0,219.0,2.0,135.0,4.0,54.0,1.0,1.0,3.0,0.0,0.0,3.0,0.0,0.0,0.0,1484.0,1484.0,1.0
1.485,2720.0,653.0,707.0,2013.0,2067.0,2039.0,2041.0,679.0,681.0,0.0,0.0,0.0,1.0,1.0,0.0,2.0,2.0,0.0,0.0,250000.0,0.019999999552965164,31.999046325683594,0.0,0.0,0.0,219.0,59400.0,0.0,219.0,2.0,135.0,4.0,54.0,1.0,1.0,3.0,0.0,0.0,3.0,0.0,0.0,0.0,1485.0,1485.0,1.0
1.486,2720.0,653.0,707.0,2013.0,2067.0,2039.0,2041.0,679.0,681.0,0.0,0.0,0.0,1.0,1.0,0.0,2.0,2.0,0.0,0.0,250000.0,0.019999999552965164,31.999046325683594,0.0,0.0,0.0,219.0,59440.0,0.0,219.0,2.0,135.0,4.0,54.0,1.0,1.0,3.0,0.0,0.0,3.0,0.0,0.0,0.0,1486.0,1486.0,1.0
1.487,2720.0,653.0,707.0,2013.0,2067.0,2039.0,2041.0,679.0,681.0,0.0,0.0,0.0,1.0,1.0,0.0,2.0,2.0,0.0,0.0,250000.0,0.019999999552965164,31.999046325683594,0.0,0.0,0.0,219.0,59480.0,0.0,219.0,2.0,135.0,4.0,54.0,1.0,1.0,3.0,0.0,0.0,3.0,0.0,0.0,0.0,1487.0,1487.0,1.0
1.488,2720.0,653.0,707.0,2013.0,2067.0,2039.0,2041.0,679.0,681.0,0.0,0.0,0.0,1.0,1.0,0.0,2.0,2.0,0.0,0.0,250000.0,0.019999999552965164,31.999046325683594,0.0,0.0,0.0,219.0,59520.0,0.0,219.0,2.0,135.0,4.0,54.0,1.0,1.0,3.0,0.0,0.0,3.0,0.0,0.0,0.0,1488.0,1488.0,1.0
1.489,2720.0,653.0,707.0,2013.0,2067.0,2039.0,2041.0,679.0,681.0,0.0,0.0,0.0,1.0,1.0,0.0,2.0,2.0,0.0,0.0,250000.0,0.019999999552965164,31.999046325683594,0.0,0.0,0.0,219.0,59560.0,0.0,219.0,2.0,135.0,4.0,54.0,1.0,1.0,3.0,0.0,0.0,3.0,0.0,0.0,0.0,1489.0,1489.0,1.0
1.49,2720.0,653.0,707.0,2013.0,2067.0,2039.0,2041.0,679.0,681.0,0.0,0.0,0.0,1.0,1.0,0.0,2.0,2.0,0.0,0.0,250000.0,0.019999999552965164,31.999046325683594,0.0,0.0,0.0,219.0,59600.0,0.0,219.0,2.0,135.0,4.0,54.0,1.0,1.0,3.0,0.0,0.0,3.0,0.0,0.0,0.0,1490.0,1490.0,1.0
1.491,2720.0,653.0,707.0,2013.0,2067.0,2039.0,2041.0,679.0,681.0,0.0,0.0,0.0,1.0,1.0,0.0,2.0,2.0,0.0,0.0,250000.0,0.019999999552965164,31.999046325683594,0.0,0.0,0.0,219.0,59640.0,0.0,219.0,2.0,135.0,4.0,54.0,1.0,1.0,3.0,0.0,0.0,3.0,0.0,0.0,0.0,1491.0,1491.0,1.0
1.492,2720.0,653.0,707.0,2013.0,2067.0,2039.0,2041.0,679.0,681.0,0.0,0.0,0.0,1.0,1.0,0.0,2.0,2.0,0.0,0.0,250000.0,0.019999999552965164,31.999046325683594,0.0,0.0,0.0,219.0,59680.0,0.0,219.0,2.0,135.0,4.0,54.0,1.0,1.0,3.0,0.0,0.0,3.0,0.0,0.0,0.0,1492.0,1492.0,1.0
1.493,2720.0,653.0,707.0,2013.0,2067.0,2039.0,2041.0,679.0,681.0,0.0,0.0,0.0,1.0,1.0,0.0,2.0,2.0,0.0,0.0,250000.0,0.019999999552965164,31.999046325683594,0.0,0.0,0.0,219.0,59720.0,0.0,219.0,2.0,135.0,4.0,54.0,1.0,1.0,3.0,0.0,0.0,3.0,0.0,0.0,0.0,1493.0,1493.0,1.0
1.494,2720.0,653.0,707.0,2013.0,2067.0,2039.0,2041.0,679.0,681.0,0.0,0.0,0.0,1.0,1.0,0.0,2.0,2.0,0.0,0.0,250000.0,0.019999999552965164,31.999046325683594,0.0,0.0,0.0,219.0,59760.0,0.0,219.0,2.0,135.0,4.0,54.0,1.0,1.0,3.0,0.0,0.0,3.0,0.0,0.0,0.0,1494.0,1494.0,1.0
1.495,2720.0,653.0,707.0,2013.0,2067.0,2039.0,2041.0,679.0,681.0,0.0,0.0,0.0,1.0,1.0,0.0,2.0,2.0,0.0,0.0,250000.0,0.019999999552965164,31.999046325683594,0.0,0.0,0.0,219.0,59800.0,0.0,219.0,2.0,135.0,4.0,54.0,1.0,1.0,3.0,0.0,0.0,3.0,0.0,0.0,0.0,1495.0,1495.0,1.0
1.496,2720.0,653.0,707.0,2013.0,2067.0,2039.0,2041.0,679.0,681.0,0.0,0.0,0.0,1.0,1.0,0.0,2.0,2.0,0.0,0.0,250000.0,0.019999999552965164,31.999046325683594,0.0,0.0,0.0,219.0,59840.0,0.0,219.0,2.0,135.0,4.0,54.0,1.0,1.0,3.0,0.0,0.0,3.0,0.0,0.0,0.0,1496.0,1496.0,1.0
1.497,2720.0,653.0,707.0,2013.0,2067.0,2039.0,2041.0,679.0,681.0,0.0,0.0,0.0,1.0,1.0,0.0,2.0,2.0,0.0,0.0,250000.0,0.019999999552965164,31.999046325683594,0.0,0.0,0.0,219.0,59880.0,0.0,219.0,2.0,135.0,4.0,54.0,1.0,1.0,3.0,0.0,0.0,3.0,0.0,0.0,0.0,1497.0,1497.0,1.0
1.498,2720.0,653.0,707.0,2013.0,2067.0,2039.0,2041.0,679.0,681.0,0.0,0.0,0.0,1.0,1.0,0.0,2.0,2.0,0.0,0.0,250000.0,0.019999999552965164,31.999046325683594,0.0,0.0,0.0,219.0,59920.0,0.0,219.0,2.0,135.0,4.0,54.0,1.0,1.0,3.0,0.0,0.0,3.0,0.0,0.0,0.0,1498.0,1498.0,1.0
1.499,2720.0,653.0,707.0,2013.0,2067.0,2039.0,2041.0,679.0,681.0,0.0,0.0,0.0,1.0,1.0,0.0,2.0,2.0,0.0,0.0,250000.0,0.019999999552965164,31.999046325683594,0.0,0.0,0.0,219.0,59960.0,0.0,219.0,2.0,135.0,4.0,54.0,1.0,1.0,3.0,0.0,0.0,3.0,0.0,0.0,0.0,1499.0,1499.0,1.0
1.5,2720.0,653.0,707.0,2013.0,2067.0,2039.0,2041.0,679.0,681.0,0.0,0.0,0.0,1.0,1.0,0.0,2.0,2.0,0.0,0.0,250000.0,0.019999999552965164,31.999046325683594,0.0,0.0,0.0,219.0,60000.0,0.0,219.0,2.0,135.0,4.0,54.0,1.0,1.0,3.0,0.0,0.0,3.0,0.0,0.0,0.0,1500.0,1500.0,1.0
1.5010000000000001,2720.0,653.0,707.0,2013.0,2067.0,2039.0,2041.0,679.0,681.0,0.0,0.0,0.0,1.0,1.0,0.0,2.0,2.0,0.0,0.0,250000.0,0.019999999552965164,31.999046325683594,0.0,0.0,0.0,219.0,60040.0,0.0,219.0,2.0,135.0,4.0,54.0,1.0,1.0,3.0,0.0,0.0,3.0,0.0,0.0,0.0,1501.0,1501.0,1.0
1.502,2720.0,653.0,707.0,2013.0,2067.0,2039.0,2041.0,679.0,681.0,0.0,0.0,0.0,1.0,1.0,0.0,2.0,2.0,0.0,0.0,250000.0,0.019999999552965164,31.999046325683594,0.0,0.0,0.0,219.0,60080.0,0.0,219.0,2.0,135.0,4.0,54.0,1.0,1.0,3.0,0.0,0.0,3.0,0.0,0.0,0.0,1502.0,1502.0,1.0
1.5030000000000001,2720.0,653.0,707.0,2013.0,2067.0,2039.0,2041.0,679.0,681.0,0.0,0.0,0.0,1.0,1.0,0.0,2.0,2.0,0.0,0.0,250000.0,0.019999999552965164,31.999046325683594,0.0,0.0,0.0,219.0,60120.0,0.0,219.0,2.0,135.0,4.0,54.0,1.0,1.0,3.0,0.0,0.0,3.0,0.0,0.0,0.0,1503.0,1503.0,1.0
1.504,2720.0,653.0,707.0,2013.0,2067.0,2039.0,2041.0,679.0,681.0,0.0,0.0,0.0,1.0,1.0,0.0,2.0,2.0,0.0,0.0,250000.0,0.019999999552965164,31.999046325683594,0.0,0.0,0.0,219.0,60160.0,0.0,219.0,2.0,135.0,4.0,54.0,1.0,1.0,3.0,0.0,0.0,3.0,0.0,0.0,0.0,1504.0,1504.0,1.0
1.5050000000000001,2720.0,653.0,707.0,2013.0,2067.0,2039.0,2041.0,679.0,681.0,0.0,0.0,0.0,1.0,1.0,0.0,2.0,2.0,0.0,0.0,250000.0,0.019999999552965164,31.999046325683594,0.0,0.0,0.0,219.0,60200.0,0.0,219.0,2.0,135.0,4.0,54.0,1.0,1.0,3.0,0.0,0.0,3.0,0.0,0.0,0.0,1505.0,1505.0,1.0
1.506,2720.0,653.0,707.0,2013.0,2067.0,2039.0,2041.0,679.0,681.0,0.0,0.0,0.0,1.0,1.0,0.0,2.0,2.0,0.0,0.0,250000.0,0.019999999552965164,31.999046325683594,0.0,0.0,0.0,219.0,60240.0,0.0,219.0,2.0,135.0,4.0,54.0,1.0,1.0,3.0,0.0,0.0,3.0,0.0,0.0,0.0,1506.0,1506.0,1.0
1.5070000000000001,2720.0,653.0,707.0,2013.0,2067.0,2039.0,2041.0,679.0,681.0,0.0,0.0,0.0,1.0,1.0,0.0,2.0,2.0,0.0,0.0,250000.0,0.019999999552965164,31.999046325683594,0.0,0.0,0.0,219.0,60280.0,0.0,219.0,2.0,135.0,4.0,54.0,1.0,1.0,3.0,0.0,0.0,3.0,0.0,0.0,0.0,1507.0,1507.0,1.0
1.508,2720.0,653.0,707.0,2013.0,2067.0,2039.0,2041.0,679.0,681.0,0.0,0.0,0.0,1.0,1.0,0.0,2.0,2.0,0.0,0.0,250000.0,0.019999999552965164,31.999046325683594,0.0,0.0,0.0,219.0,60320.0,0.0,219.0,2.0,135.0,4.0,54.0,1.0,1.0,3.0,0.0,0.0,3.0,0.0,0.0,0.0,1508.0,1508.0,1.0
1.5090000000000001,2720.0,653.0,707.0,2013.0,2067.0,2039.0,2041.0,679.0,681.0,0.0,0.0,0.0,1.0,1.0,0.0,2.0,2.0,0.0,0.0,250000.0,0.019999999552965164,31.999046325683594,0.0,0.0,0.0,219.0,60360.0,0.0,219.0,2.0,135.0,4.0,54.0,1.0,1.0,3.0,0.0,0.0,3.0,0.0,0.0,0.0,1509.0,1509.0,1.0
1.51,2720.0,653.0,707.0,2013.0,2067.0,2039.0,2041.0,679.0,681.0,0.0,0.0,0.0,1.0,1.0,0.0,2.0,2.0,0.0,0.0,250000.0,0.019999999552965164,31.999046325683594,0.0,0.0,0.0,219.0,60400.0,0.0,219.0,2.0,135.0,4.0,54.0,1.0,1.0,3.0,0.0,0.0,3.0,0.0,0.0,0.0,1510.0,1510.0,1.0
1.5110000000000001,2720.0,653.0,707.0,2013.0,2067.0,2039.0,2041.0,679.0,681.0,0.0,0.0,0.0,1.0,1.0,0.0,2.0,2.0,0.0,0.0,250000.0,0.019999999552965164,31.999046325683594,0.0,0.0,0.0,219.0,60440.0,0.0,219.0,2.0,135.0,4.0,54.0,1.0,1.0,3.0,0.0,0.0,3.0,0.0,0.0,0.0,1511.0,1511.0,1.0
1.512,2720.0,653.0,707.0,2013.0,2067.0,2039.0,2041.0,679.0,681.0,0.0,0.0,0.0,1.0,1.0,0.0,2.0,2.0,0.0,0.0,250000.0,0.019999999552965164,31.999046325683594,0.0,0.0,0.0,219.0,60480.0,0.0,219.0,2.0,135.0,4.0,54.0,1.0,1.0,3.0,0.0,0.0,3.0,0.0,0.0,0.0,1512.0,1512.0,1.0
1.5130000000000001,2720.0,653.0,707.0,2013.0,2067.0,2039.0,2041.0,679.0,681.0,0.0,0.0,0.0,1.0,1.0,0.0,2.0,2.0,0.0,0.0,250000.0,0.019999999552965164,31.999046325683594,0.0,0.0,0.0,219.0,60520.0,0.0,219.0,2.0,135.0,4.0,54.0,1.0,1.0,3.0,0.0,0.0,3.0,0.0,0.0,0.0,1513.0,1513.0,1.0
1.514,2720.0,653.0,707.0,2013.0,2067.0,2039.0,2041.0,679.0,681.0,0.0,0.0,0.0,1.0,1.0,0.0,2.0,2.0,0.0,0.0,250000.0,0.019999999552965164,31.999046325683594,0.0,0.0,0.0,219.0,60560.0,0.0,219.0,2.0,135.0,4.0,54.0,1.0,1.0,3.0,0.0,0.0,3.0,0.0,0.0,0.0,1514.0,1514.0,1.0
1.5150000000000001,2720.0,653.0,707.0,2013.0,2067.0,2039.0,2041.0,679.0,681.0,0.0,0.0,0.0,1.0,1.0,0.0,2.0,2.0,0.0,0.0,250000.0,0.019999999552965164,31.999046325683594,0.0,0.0,0.0,219.0,60600.0,0.0,219.0,2.0,135.0,4.0,54.0,1.0,1.0,3.0,0.0,0.0,3.0,0.0,0.0,0.0,1515.0,1515.0,1.0
1.516,2720.0,653.0,707.0,2013.0,2067.0,2039.0,2041.0,679.0,681.0,0.0,0.0,0.0,1.0,1.0,0.0,2.0,2.0,0.0,0.0,250000.0,0.019999999552965164,31.999046325683594,0.0,0.0,0.0,219.0,60640.0,0.0,219.0,2.0,135.0,4.0,54.0,1.0,1.0,3.0,0.0,0.0,3.0,0.0,0.0,0.0,1516.0,1516.0,1.0
1.5170000000000001,2720.0,653.0,707.0,2013.0,2067.0,2039.0,2041.0,679.0,681.0,0.0,0.0,0.0,1.0,1.0,0.0,2.0,2.0,0.0,0.0,250000.0,0.019999999552965164,31.999046325683594,0.0,0.0,0.0,219.0,60680.0,0.0,219.0,2.0,135.0,4.0,54.0,1.0,1.0,3.0,0.0,0.0,3.0,0.0,0.0,0.0,1517.0,1517.0,1.0
1.518,2720.0,653.0,707.0,2013.0,2067.0,2039.0,2041.0,679.0,681.0,0.0,0.0,0.0,1.0,1.0,0.0,2.0,2.0,0.0,0.0,250000.0,0.019999999552965164,31.999046325683594,0.0,0.0,0.0,219.0,60720.0,0.0,219.0,2.0,135.0,4.0,54.0,1.0,1.0,3.0,0.0,0.0,3.0,0.0,0.0,0.0,1518.0,1518.0,1.0
1.5190000000000001,2720.0,653.0,707.0,2013.0,2067.0,2039.0,2041.0,679.0,681.0,0.0,0.0,0.0,1.0,1.0,0.0,2.0,2.0,0.0,0.0,250000.0,0.019999999552965164,31.999046325683594,0.0,0.0,0.0,219.0,60760.0,0.0,219.0,2.0,135.0,4.0,54.0,1.0,1.0,3.0,0.0,0.0,3.0,0.0,0.0,0.0,1519.0,1519.0,1.0
1.52,2720.0,653.0,707.0,2013.0,2067.0,2039.0,2041.0,679.0,681.0,0.0,0.0,0.0,1.0,1.0,0.0,2.0,2.0,0.0,0.0,250000.0,0.019999999552965164,31.999046325683594,0.0,0.0,0.0,219.0,60800.0,0.0,219.0,2.0,135.0,4.0,54.0,1.0,1.0,3.0,0.0,0.0,3.0,0.0,0.0,0.0,1520.0,1520.0,1.0
1.5210000000000001,2720.0,653.0,707.0,2013.0,2067.0,2039.0,2041.0,679.0,681.0,0.0,0.0,0.0,1.0,1.0,0.0,2.0,2.0,0.0,0.0,250000.0,0.019999999552965164,31.999046325683594,0.0,0.0,0.0,219.0,60840.0,0.0,219.0,2.0,135.0,4.0,54.0,1.0,1.0,3.0,0.0,0.0,3.0,0.0,0.0,0.0,1521.0,1521.0,1.0
1.522,2720.0,653.0,707.0,2013.0,2067.0,2039.0,2041.0,679.0,681.0,0.0,0.0,0.0,1.0,1.0,0.0,2.0,2.0,0.0,0.0,250000.0,0.019999999552965164,31.999046325683594,0.0,0.0,0.0,219.0,60880.0,0.0,219.0,2.0,135.0,4.0,54.0,1.0,1.0,3.0,0.0,0.0,3.0,0.0,0.0,0.0,1522.0,1522.0,1.0
1.5230000000000001,2720.0,653.0,707.0,2013.0,2067.0,2039.0,2041.0,679.0,681.0,0.0,0.0,0.0,1.0,1.0,0.0,2.0,2.0,0.0,0.0,250000.0,0.019999999552965164,31.999046325683594,0.0,0.0,0.0,219.0,60920.0,0.0,219.0,2.0,135.0,4.0,54.0,1.0,1.0,3.0,0.0,0.0,3.0,0.0,0.0,0.0,1523.0,1523.0,1.0
1.524,2720.0,653.0,707.0,2013.0,2067.0,2039.0,2041.0,679.0,681.0,0.0,0.0,0.0,1.0,1.0,0.0,2.0,2.0,0.0,0.0,250000.0,0.019999999552965164,31.999046325683594,0.0,0.0,0.0,219.0,60960.0,0.0,219.0,2.0,135.0,4.0,54.0,1.0,1.0,3.0,0.0,0.0,3.0,0.0,0.0,0.0,1524.0,1524.0,1.0
1.5250000000000001,2720.0,653.0,707.0,2013.0,2067.0,2039.0,2041.0,679.0,681.0,0.0,0.0,0.0,1.0,1.0,0.0,2.0,2.0,0.0,0.0,250000.0,0.019999999552965164,31.999046325683594,0.0,0.0,0.0,219.0,61000.0,0.0,219.0,2.0,135.0,4.0,54.0,1.0,1.0,3.0,0.0,0.0,3.0,0.0,0.0,0.0,1525.0,1525.0,1.0
1.526,2720.0,653.0,707.0,2013.0,2067.0,2039.0,2041.0,679.0,681.0,0.0,0.0,0.0,1.0,1.0,0.0,2.0,2.0,0.0,0.0,250000.0,0.019999999552965164,31.999046325683594,0.0,0.0,0.0,219.0,61040.0,0.0,219.0,2.0,135.0,4.0,54.0,1.0,1.0,3.0,0.0,0.0,3.0,0.0,0.0,0.0,1526.0,1526.0,1.0
1.5270000000000001,2720.0,653.0,707.0,2013.0,2067.0,2039.0,2041.0,679.0,681.0,0.0,0.0,0.0,1.0,1.0,0.0,2.0,2.0,0.0,0.0,250000.0,0.019999999552965164,31.999046325683594,0.0,0.0,0.0,219.0,61080.0,0.0,219.0,2.0,135.0,4.0,54.0,1.0,1.0,3.0,0.0,0.0,3.0,0.0,0.0,0.0,1527.0,1527.0,1.0
1.528,2720.0,653.0,707.0,2013.0,2067.0,2039.0,2041.0,679.0,681.0,0.0,0.0,0.0,1.0,1.0,0.0,2.0,2.0,0.0,0.0,250000.0,0.019999999552965164,31.999046325683594,0.0,0.0,0.0,219.0,61120.0,0.0,219.0,2.0,135.0,4.0,54.0,1.0,1.0,3.0,0.0,0.0,3.0,0.0,0.0,0.0,1528.0,1528.0,1.0
1.5290000000000001,2720.0,653.0,707.0,2013.0,2067.0,2039.0,2041.0,679.0,681.0,0.0,0.0,0.0,1.0,1.0,0.0,2.0,2.0,0.0,0.0,250000.0,0.019999999552965164,31.999046325683594,0.0,0.0,0.0,219.0,61160.0,0.0,219.0,2.0,135.0,4.0,54.0,1.0,1.0,3.0,0.0,0.0,3.0,0.0,0.0,0.0,1529.0,1529.0,1.0
1.53,2720.0,653.0,707.0,2013.0,2067.0,2039.0,2041.0,679.0,681.0,0.0,0.0,0.0,1.0,1.0,0.0,2.0,2.0,0.0,0.0,250000.0,0.019999999552965164,31.999046325683594,0.0,0.0,0.0,219.0,61200.0,0.0,219.0,2.0,135.0,4.0,54.0,1.0,1.0,3.0,0.0,0.0,3.0,0.0,0.0,0.0,1530.0,1530.0,1.0
1.5310000000000001,2720.0,653.0,707.0,2013.0,2067.0,2039.0,2041.0,679.0,681.0,0.0,0.0,0.0,1.0,1.0,0.0,2.0,2.0,0.0,0.0,250000.0,0.019999999552965164,31.999046325683594,0.0,0.0,0.0,219.0,61240.0,0.0,219.0,2.0,135.0,4.0,54.0,1.0,1.0,3.0,0.0,0.0,3.0,0.0,0.0,0.0,1531.0,1531.0,1.0
1.532,2720.0,653.0,707.0,2013.0,2067.0,2039.0,2041.0,679.0,681.0,0.0,0.0,0.0,1.0,1.0,0.0,2.0,2.0,0.0,0.0,250000.0,0.019999999552965164,31.999046325683594,0.0,0.0,0.0,219.0,61280.0,0.0,219.0,2.0,135.0,4.0,54.0,1.0,1.0,3.0,0.0,0.0,3.0,0.0,0.0,0.0,1532.0,1532.0,1.0
1.5330000000000001,2720.0,653.0,707.0,2013.0,2067.0,2039.0,2041.0,679.0,681.0,0.0,0.0,0.0,1.0,1.0,0.0,2.0,2.0,0.0,0.0,250000.0,0.019999999552965164,31.999046325683594,0.0,0.0,0.0,219.0,61320.0,0.0,219.0,2.0,135.0,4.0,54.0,1.0,1.0,3.0,0.0,0.0,3.0,0.0,0.0,0.0,1533.0,1533.0,1.0
1.534,2720.0,653.0,707.0,2013.0,2067.0,2039.0,2041.0,679.0,681.0,0.0,0.0,0.0,1.0,1.0,0.0,2.0,2.0,0.0,0.0,250000.0,0.019999999552965164,31.999046325683594,0.0,0.0,0.0,219.0,61360.0,0.0,219.0,2.0,135.0,4.0,54.0,1.0,1.0,3.0,0.0,0.0,3.0,0.0,0.0,0.0,1534.0,1534.0,1.0
1.5350000000000001,2720.0,653.0,707.0,2013.0,2067.0,2039.0,2041.0,679.0,681.0,0.0,0.0,0.0,1.0,1.0,0.0,2.0,2.0,0.0,0.0,250000.0,0.019999999552965164,31.999046325683594,0.0,0.0,0.0,219.0,61400.0,0.0,219.0,2.0,135.0,4.0,54.0,1.0,1.0,3.0,0.0,0.0,3.0,0.0,0.0,0.0,1535.0,1535.0,1.0
1.536,2720.0,653.0,707.0,2013.0,2067.0,2039.0,2041.0,679.0,681.0,0.0,0.0,0.0,1.0,1.0,0.0,2.0,2.0,0.0,0.0,250000.0,0.019999999552965164,31.999046325683594,0.0,0.0,0.0,219.0,61440.0,0.0,219.0,2.0,135.0,4.0,54.0,1.0,1.0,3.0,0.0,0.0,3.0,0.0,0.0,0.0,1536.0,1536.0,1.0
1.5370000000000001,2720.0,653.0,707.0,2013.0,2067.0,2039.0,2041.0,679.0,681.0,0.0,0.0,0.0,1.0,1.0,0.0,2.0,2.0,0.0,0.0,250000.0,0.019999999552965164,31.999046325683594,0.0,0.0,0.0,219.0,61480.0,0.0,219.0,2.0,135.0,4.0,54.0,1.0,1.0,3.0,0.0,0.0,3.0,0.0,0.0,0.0,1537.0,1537.0,1.0
1.538,2720.0,653.0,707.0,2013.0,2067.0,2039.0,2041.0,679.0,681.0,0.0,0.0,0.0,1.0,1.0,0.0,2.0,2.0,0.0,0.0,250000.0,0.019999999552965164,31.999046325683594,0.0,0.0,0.0,219.0,61520.0,0.0,219.0,2.0,135.0,4.0,54.0,1.0,1.0,3.0,0.0,0.0,3.0,0.0,0.0,0.0,1538.0,1538.0,1.0
1.5390000000000001,2720.0,653.0,707.0,2013.0,2067.0,2039.0,2041.0,679.0,681.0,0.0,0.0,0.0,1.0,1.0,0.0,2.0,2.0,0.0,0.0,250000.0,0.019999999552965164,31.999046325683594,0.0,0.0,0.0,219.0,61560.0,0.0,219.0,2.0,135.0,4.0,54.0,1.0,1.0,3.0,0.0,0.0,3.0,0.0,0.0,0.0,1539.0,1539.0,1.0
1.54,2720.0,653.0,707.0,2013.0,2067.0,2039.0,2041.0,679.0,681.0,0.0,0.0,0.0,1.0,1.0,0.0,2.0,2.0,0.0,0.0,250000.0,0.019999999552965164,31.999046325683594,0.0,0.0,0.0,219.0,61600.0,0.0,219.0,2.0,135.0,4.0,54.0,1.0,1.0,3.0,0.0,0.0,3.0,0.0,0.0,0.0,1540.0,1540.0,1.0
1.5410000000000001,2720.0,653.0,707.0,2013.0,2067.0,2039.0,2041.0,679.0,681.0,0.0,0.0,0.0,1.0,1.0,0.0,2.0,2.0,0.0,0.0,250000.0,0.019999999552965164,31.999046325683594,0.0,0.0,0.0,219.0,61640.0,0.0,219.0,2.0,135.0,4.0,54.0,1.0,1.0,3.0,0.0,0.0,3.0,0.0,0.0,0.0,1541.0,1541.0,1.0
1.542,2720.0,653.0,707.0,2013.0,2067.0,2039.0,2041.0,679.0,681.0,0.0,0.0,0.0,1.0,1.0,0.0,2.0,2.0,0.0,0.0,250000.0,0.019999999552965164,31.999046325683594,0.0,0.0,0.0,219.0,61680.0,0.0,219.0,2.0,135.0,4.0,54.0,1.0,1.0,3.0,0.0,0.0,3.0,0.0,0.0,0.0,1542.0,1542.0,1.0
1.5430000000000001,2720.0,653.0,707.0,2013.0,2067.0,2039.0,2041.0,679.0,681.0,0.0,0.0,0.0,1.0,1.0,0.0,2.0,2.0,0.0,0.0,250000.0,0.019999999552965164,31.999046325683594,0.0,0.0,0.0,219.0,61720.0,0.0,219.0,2.0,135.0,4.0,54.0,1.0,1.0,3.0,0.0,0.0,3.0,0.0,0.0,0.0,1543.0,1543.0,1.0
1.544,2720.0,653.0,707.0,2013.0,2067.0,2039.0,2041.0,679.0,681.0,0.0,0.0,0.0,1.0,1.0,0.0,2.0,2.0,0.0,0.0,250000.0,0.019999999552965164,31.999046325683594,0.0,0.0,0.0,219.0,61760.0,0.0,219.0,2.0,135.0,4.0,54.0,1.0,1.0,3.0,0.0,0.0,3.0,0.0,0.0,0.0,1544.0,1544.0,1.0
1.5450000000000002,2720.0,653.0,707.0,2013.0,2067.0,2039.0,2041.0,679.0,681.0,0.0,0.0,0.0,1.0,1.0,0.0,2.0,2.0,0.0,0.0,250000.0,0.019999999552965164,31.999046325683594,0.0,0.0,0.0,219.0,61800.0,0.0,219.0,2.0,135.0,4.0,54.0,1.0,1.0,3.0,0.0,0.0,3.0,0.0,0.0,0.0,1545.0,1545.0,1.0
1.546,2720.0,653.0,707.0,2013.0,2067.0,2039.0,2041.0,679.0,681.0,0.0,0.0,0.0,1.0,1.0,0.0,2.0,2.0,0.0,0.0,250000.0,0.019999999552965164,31.999046325683594,0.0,0.0,0.0,219.0,61840.0,0.0,219.0,2.0,135.0,4.0,54.0,1.0,1.0,3.0,0.0,0.0,3.0,0.0,0.0,0.0,1546.0,1546.0,1.0
1.5470000000000002,2720.0,653.0,707.0,2013.0,2067.0,2039.0,2041.0,679.0,681.0,0.0,0.0,0.0,1.0,1.0,0.0,2.0,2.0,0.0,0.0,250000.0,0.019999999552965164,31.999046325683594,0.0,0.0,0.0,219.0,61880.0,0.0,219.0,2.0,135.0,4.0,54.0,1.0,1.0,3.0,0.0,0.0,3.0,0.0,0.0,0.0,1547.0,1547.0,1.0
1.548,2720.0,653.0,707.0,2013.0,2067.0,2039.0,2041.0,679.0,681.0,0.0,0.0,0.0,1.0,1.0,0.0,2.0,2.0,0.0,0.0,250000.0,0.019999999552965164,31.999046325683594,0.0,0.0,0.0,219.0,61920.0,0.0,219.0,2.0,135.0,4.0,54.0,1.0,1.0,3.0,0.0,0.0,3.0,0.0,0.0,0.0,1548.0,1548.0,1.0
1.5490000000000002,2720.0,653.0,707.0,2013.0,2067.0,2039.0,2041.0,679.0,681.0,0.0,0.0,0.0,1.0,1.0,0.0,2.0,2.0,0.0,0.0,250000.0,0.019999999552965164,31.999046325683594,0.0,0.0,0.0,219.0,61960.0,0.0,219.0,2.0,135.0,4.0,54.0,1.0,1.0,3.0,0.0,0.0,3.0,0.0,0.0,0.0,1549.0,1549.0,1.0
1.55,2720.0,653.0,707.0,2013.0,2067.0,2039.0,2041.0,679.0,681.0,0.0,0.0,0.0,1.0,1.0,0.0,2.0,2.0,0.0,0.0,250000.0,0.019999999552965164,31.999046325683594,0.0,0.0,0.0,219.0,62000.0,0.0,219.0,2.0,135.0,4.0,54.0,1.0,1.0,3.0,0.0,0.0,3.0,0.0,0.0,0.0,1550.0,1550.0,1.0
1.5510000000000002,2720.0,653.0,707.0,2013.0,2067.0,2039.0,2041.0,679.0,681.0,0.0,0.0,0.0,1.0,1.0,0.0,2.0,2.0,0.0,0.0,250000.0,0.019999999552965164,31.999046325683594,0.0,0.0,0.0,219.0,62040.0,0.0,219.0,2.0,135.0,4.0,54.0,1.0,1.0,3.0,0.0,0.0,3.0,0.0,0.0,0.0,1551.0,1551.0,1.0
1.552,2720.0,653.0,707.0,2013.0,2067.0,2039.0,2041.0,679.0,681.0,0.0,0.0,0.0,1.0,1.0,0.0,2.0,2.0,0.0,0.0,250000.0,0.019999999552965164,31.999046325683594,0.0,0.0,0.0,219.0,62080.0,0.0,219.0,2.0,135.0,4.0,54.0,1.0,1.0,3.0,0.0,0.0,3.0,0.0,0.0,0.0,1552.0,1552.0,1.0
1.5530000000000002,2720.0,653.0,707.0,2013.0,2067.0,2039.0,2041.0,679.0,681.0,0.0,0.0,0.0,1.0,1.0,0.0,2.0,2.0,0.0,0.0,250000.0,0.019999999552965164,31.999046325683594,0.0,0.0,0.0,219.0,62120.0,0.0,219.0,2.0,135.0,4.0,54.0,1.0,1.0,3.0,0.0,0.0,3.0,0.0,0.0,0.0,1553.0,1553.0,1.0
1.554,2720.0,653.0,707.0,2013.0,2067.0,2039.0,2041.0,679.0,681.0,0.0,0.0,0.0,1.0,1.0,0.0,2.0,2.0,0.0,0.0,250000.0,0.019999999552965164,31.999046325683594,0.0,0.0,0.0,219.0,62160.0,0.0,219.0,2.0,135.0,4.0,54.0,1.0,1.0,3.0,0.0,0.0,3.0,0.0,0.0,0.0,1554.0,1554.0,1.0
1.5550000000000002,2720.0,653.0,707.0,2013.0,2067.0,2039.0,2041.0,679.0,681.0,0.0,0.0,0.0,1.0,1.0,0.0,2.0,2.0,0.0,0.0,250000.0,0.019999999552965164,31.999046325683594,0.0,0.0,0.0,219.0,62200.0,0.0,219.0,2.0,135.0,4.0,54.0,1.0,1.0,3.0,0.0,0.0,3.0,0.0,0.0,0.0,1555.0,1555.0,1.0
1.556,2720.0,653.0,707.0,2013.0,2067.0,2039.0,2041.0,679.0,681.0,0.0,0.0,0.0,1.0,1.0,0.0,2.0,2.0,0.0,0.0,250000.0,0.019999999552965164,31.999046325683594,0.0,0.0,0.0,219.0,62240.0,0.0,219.0,2.0,135.0,4.0,54.0,1.0,1.0,3.0,0.0,0.0,3.0,0.0,0.0,0.0,1556.0,1556.0,1.0
1.5570000000000002,2720.0,653.0,707.0,2013.0,2067.0,2039.0,2041.0,679.0,681.0,0.0,0.0,0.0,1.0,1.0,0.0,2.0,2.0,0.0,0.0,250000.0,0.019999999552965164,31.999046325683594,0.0,0.0,0.0,219.0,62280.0,0.0,219.0,2.0,135.0,4.0,54.0,1.0,1.0,3.0,0.0,0.0,3.0,0.0,0.0,0.0,1557.0,1557.0,1.0
1.558,2720.0,653.0,707.0,2013.0,2067.0,2039.0,2041.0,679.0,681.0,0.0,0.0,0.0,1.0,1.0,0.0,2.0,2.0,0.0,0.0,250000.0,0.019999999552965164,31.999046325683594,0.0,0.0,0.0,219.0,62320.0,0.0,219.0,2.0,135.0,4.0,54.0,1.0,1.0,3.0,0.0,0.0,3.0,0.0,0.0,0.0,1558.0,1558.0,1.0
1.5590000000000002,2720.0,653.0,707.0,2013.0,2067.0,2039.0,2041.0,679.0,681.0,0.0,0.0,0.0,1.0,1.0,0.0,2.0,2.0,0.0,0.0,250000.0,0.019999999552965164,31.999046325683594,0.0,0.0,0.0,219.0,62360.0,0.0,219.0,2.0,135.0,4.0,54.0,1.0,1.0,3.0,0.0,0.0,3.0,0.0,0.0,0.0,1559.0,1559.0,1.0
1.56,2720.0,653.0,707.0,2013.0,2067.0,2039.0,2041.0,679.0,681.0,0.0,0.0,0.0,1.0,1.0,0.0,2.0,2.0,0.0,0.0,250000.0,0.019999999552965164,31.999046325683594,0.0,0.0,0.0,219.0,62400.0,0.0,219.0,2.0,135.0,4.0,54.0,1.0,1.0,3.0,0.0,0.0,3.0,0.0,0.0,0.0,1560.0,1560.0,1.0
1.5610000000000002,2720.0,653.0,707.0,2013.0,2067.0,2039.0,2041.0,679.0,681.0,0.0,0.0,0.0,1.0,1.0,0.0,2.0,2.0,0.0,0.0,250000.0,0.019999999552965164,31.999046325683594,0.0,0.0,0.0,219.0,62440.0,0.0,219.0,2.0,135.0,4.0,54.0,1.0,1.0,3.0,0.0,0.0,3.0,0.0,0.0,0.0,1561.0,1561.0,1.0
1.562,2720.0,653.0,707.0,2013.0,2067.0,2039.0,2041.0,679.0,681.0,0.0,0.0,0.0,1.0,1.0,0.0,2.0,2.0,0.0,0.0,250000.0,0.019999999552965164,31.999046325683594,0.0,0.0,0.0,219.0,62480.0,0.0,219.0,2.0,135.0,4.0,54.0,1.0,1.0,3.0,0.0,0.0,3.0,0.0,0.0,0.0,1562.0,1562.0,1.0
1.5630000000000002,2720.0,653.0,707.0,2013.0,2067.0,2039.0,2041.0,679.0,681.0,0.0,0.0,0.0,1.0,1.0,0.0,2.0,2.0,0.0,0.0,250000.0,0.019999999552965164,31.999046325683594,0.0,0.0,0.0,219.0,62520.0,0.0,219.0,2.0,135.0,4.0,54.0,1.0,1.0,3.0,0.0,0.0,3.0,0.0,0.0,0.0,1563.0,1563.0,1.0
1.564,2720.0,653.0,707.0,2013.0,2067.0,2039.0,2041.0,679.0,681.0,0.0,0.0,0.0,1.0,1.0,0.0,2.0,2.0,0.0,0.0,250000.0,0.019999999552965164,31.999046325683594,0.0,0.0,0.0,219.0,62560.0,0.0,219.0,2.0,135.0,4.0,54.0,1.0,1.0,3.0,0.0,0.0,3.0,0.0,0.0,0.0,1564.0,1564.0,1.0
1.5650000000000002,2720.0,653.0,707.0,2013.0,2067.0,2039.0,2041.0,679.0,681.0,0.0,0.0,0.0,1.0,1.0,0.0,2.0,2.0,0.0,0.0,250000.0,0.019999999552965164,31.999046325683594,0.0,0.0,0.0,219.0,62600.0,0.0,219.0,2.0,135.0,4.0,54.0,1.0,1.0,3.0,0.0,0.0,3.0,0.0,0.0,0.0,1565.0,1565.0,1.0
1.566,2720.0,653.0,707.0,2013.0,2067.0,2039.0,2041.0,679.0,681.0,0.0,0.0,0.0,1.0,1.0,0.0,2.0,2.0,0.0,0.0,250000.0,0.019999999552965164,31.999046325683594,0.0,0.0,0.0,219.0,62640.0,0.0,219.0,2.0,135.0,4.0,54.0,1.0,1.0,3.0,0.0,0.0,3.0,0.0,0.0,0.0,1566.0,1566.0,1.0
1.5670000000000002,2720.0,653.0,707.0,2013.0,2067.0,2039.0,2041.0,679.0,681.0,0.0,0.0,0.0,1.0,1.0,0.0,2.0,2.0,0.0,0.0,250000.0,0.019999999552965164,31.999046325683594,0.0,0.0,0.0,219.0,62680.0,0.0,219.0,2.0,135.0,4.0,54.0,1.0,1.0,3.0,0.0,0.0,3.0,0.0,0.0,0.0,1567.0,1567.0,1.0
1.568,2720.0,653.0,707.0,2013.0,2067.0,2039.0,2041.0,679.0,681.0,0.0,0.0,0.0,1.0,1.0,0.0,2.0,2.0,0.0,0.0,250000.0,0.019999999552965164,31.999046325683594,0.0,0.0,0.0,219.0,62720.0,0.0,219.0,2.0,135.0,4.0,54.0,1.0,1.0,3.0,0.0,0.0,3.0,0.0,0.0,0.0,1568.0,1568.0,1.0
1.5690000000000002,2720.0,653.0,707.0,2013.0,2067.0,2039.0,2041.0,679.0,681.0,0.0,0.0,0.0,1.0,1.0,0.0,2.0,2.0,0.0,0.0,250000.0,0.019999999552965164,31.999046325683594,0.0,0.0,0.0,219.0,62760.0,0.0,219.0,2.0,135.0,4.0,54.0,1.0,1.0,3.0,0.0,0.0,3.0,0.0,0.0,0.0,1569.0,1569.0,1.0
1.57,2720.0,653.0,707.0,2013.0,2067.0,2039.0,2041.0,679.0,681.0,0.0,0.0,0.0,1.0,1.0,0.0,2.0,2.0,0.0,0.0,250000.0,0.019999999552965164,31.999046325683594,0.0,0.0,0.0,219.0,62800.0,0.0,219.0,2.0,135.0,4.0,54.0,1.0,1.0,3.0,0.0,0.0,3.0,0.0,0.0,0.0,1570.0,1570.0,1.0
1.5710000000000002,2720.0,653.0,707.0,2013.0,2067.0,2039.0,2041.0,679.0,681.0,0.0,0.0,0.0,1.0,1.0,0.0,2.0,2.0,0.0,0.0,250000.0,0.019999999552965164,31.999046325683594,0.0,0.0,0.0,219.0,62840.0,0.0,219.0,2.0,135.0,4.0,54.0,1.0,1.0,3.0,0.0,0.0,3.0,0.0,0.0,0.0,1571.0,1571.0,1.0
1.572,2720.0,653.0,707.0,2013.0,2067.0,2039.0,2041.0,679.0,681.0,0.0,0.0,0.0,1.0,1.0,0.0,2.0,2.0,0.0,0.0,250000.0,0.019999999552965164,31.999046325683594,0.0,0.0,0.0,219.0,62880.0,0.0,219.0,2.0,135.0,4.0,54.0,1.0,1.0,3.0,0.0,0.0,3.0,0.0,0.0,0.0,1572.0,1572.0,1.0
1.5730000000000002,2720.0,653.0,707.0,2013.0,2067.0,2039.0,2041.0,679.0,681.0,0.0,0.0,0.0,1.0,1.0,0.0,2.0,2.0,0.0,0.0,250000.0,0.019999999552965164,31.999046325683594,0.0,0.0,0.0,219.0,62920.0,0.0,219.0,2.0,135.0,4.0,54.0,1.0,1.0,3.0,0.0,0.0,3.0,0.0,0.0,0.0,1573.0,1573.0,1.0
1.574,2720.0,653.0,707.0,2013.0,2067.0,2039.0,2041.0,679.0,681.0,0.0,0.0,0.0,1.0,1.0,0.0,2.0,2.0,0.0,0.0,250000.0,0.019999999552965164,31.999046325683594,0.0,0.0,0.0,219.0,62960.0,0.0,219.0,2.0,135.0,4.0,54.0,1.0,1.0,3.0,0.0,0.0,3.0,0.0,0.0,0.0,1574.0,1574.0,1.0
1.5750000000000002,2720.0,653.0,707.0,2013.0,2067.0,2039.0,2041.0,679.0,681.0,0.0,0.0,0.0,1.0,1.0,0.0,2.0,2.0,0.0,0.0,250000.0,0.019999999552965164,31.999046325683594,0.0,0.0,0.0,219.0,63000.0,0.0,219.0,2.0,135.0,4.0,54.0,1.0,1.0,3.0,0.0,0.0,3.0,0.0,0.0,0.0,1575.0,1575.0,1.0
1.576,2720.0,653.0,707.0,2013.0,2067.0,2039.0,2041.0,679.0,681.0,0.0,0.0,0.0,1.0,1.0,0.0,2.0,2.0,0.0,0.0,250000.0,0.019999999552965164,31.999046325683594,0.0,0.0,0.0,219.0,63040.0,0.0,219.0,2.0,135.0,4.0,54.0,1.0,1.0,3.0,0.0,0.0,3.0,0.0,0.0,0.0,1576.0,1576.0,1.0
1.5770000000000002,2720.0,653.0,707.0,2013.0,2067.0,2039.0,2041.0,679.0,681.0,0.0,0.0,0.0,1.0,1.0,0.0,2.0,2.0,0.0,0.0,250000.0,0.019999999552965164,31.999046325683594,0.0,0.0,0.0,219.0,63080.0,0.0,219.0,2.0,135.0,4.0,54.0,1.0,1.0,3.0,0.0,0.0,3.0,0.0,0.0,0.0,1577.0,1577.0,1.0
1.578,2720.0,653.0,707.0,2013.0,2067.0,2039.0,2041.0,679.0,681.0,0.0,0.0,0.0,1.0,1.0,0.0,2.0,2.0,0.0,0.0,250000.0,0.019999999552965164,31.999046325683594,0.0,0.0,0.0,219.0,63120.0,0.0,219.0,2.0,135.0,4.0,54.0,1.0,1.0,3.0,0.0,0.0,3.0,0.0,0.0,0.0,1578.0,1578.0,1.0
1.5790000000000002,2720.0,653.0,707.0,2013.0,2067.0,2039.0,2041.0,679.0,681.0,0.0,0.0,0.0,1.0,1.0,0.0,2.0,2.0,0.0,0.0,250000.0,0.019999999552965164,31.999046325683594,0.0,0.0,0.0,219.0,63160.0,0.0,219.0,2.0,135.0,4.0,54.0,1.0,1.0,3.0,0.0,0.0,3.0,0.0,0.0,0.0,1579.0,1579.0,1.0
1.58,2720.0,653.0,707.0,2013.0,2067.0,2039.0,2041.0,679.0,681.0,0.0,0.0,0.0,1.0,1.0,0.0,2.0,2.0,0.0,0.0,250000.0,0.019999999552965164,31.999046325683594,0.0,0.0,0.0,219.0,63200.0,0.0,219.0,2.0,135.0,4.0,54.0,1.0,1.0,3.0,0.0,0.0,3.0,0.0,0.0,0.0,1580.0,1580.0,1.0
1.5810000000000002,2720.0,653.0,707.0,2013.0,2067.0,2039.0,2041.0,679.0,681.0,0.0,0.0,0.0,1.0,1.0,0.0,2.0,2.0,0.0,0.0,250000.0,0.019999999552965164,31.999046325683594,0.0,0.0,0.0,219.0,63240.0,0.0,219.0,2.0,135.0,4.0,54.0,1.0,1.0,3.0,0.0,0.0,3.0,0.0,0.0,0.0,1581.0,1581.0,1.0
1.582,2720.0,653.0,707.0,2013.0,2067.0,2039.0,2041.0,679.0,681.0,0.0,0.0,0.0,1.0,1.0,0.0,2.0,2.0,0.0,0.0,250000.0,0.019999999552965164,31.999046325683594,0.0,0.0,0.0,219.0,63280.0,0.0,219.0,2.0,135.0,4.0,54.0,1.0,1.0,3.0,0.0,0.0,3.0,0.0,0.0,0.0,1582.0,1582.0,1.0
1.5830000000000002,2720.0,653.0,707.0,2013.0,2067.0,2039.0,2041.0,679.0,681.0,0.0,0.0,0.0,1.0,1.0,0.0,2.0,2.0,0.0,0.0,250000.0,0.019999999552965164,31.999046325683594,0.0,0.0,0.0,219.0,63320.0,0.0,219.0,2.0,135.0,4.0,54.0,1.0,1.0,3.0,0.0,0.0,3.0,0.0,0.0,0.0,1583.0,1583.0,1.0
1.584,2720.0,653.0,707.0,2013.0,2067.0,2039.0,2041.0,679.0,681.0,0.0,0.0,0.0,1.0,1.0,0.0,2.0,2.0,0.0,0.0,250000.0,0.019999999552965164,31.999046325683594,0.0,0.0,0.0,219.0,63360.0,0.0,219.0,2.0,135.0,4.0,54.0,1.0,1.0,3.0,0.0,0.0,3.0,0.0,0.0,0.0,1584.0,1584.0,1.0
1.5850000000000002,2720.0,653.0,707.0,2013.0,2067.0,2039.0,2041.0,679.0,681.0,0.0,0.0,0.0,1.0,1.0,0.0,2.0,2.0,0.0,0.0,250000.0,0.019999999552965164,31.999046325683594,0.0,0.0,0.0,219.0,63400.0,0.0,219.0,2.0,135.0,4.0,54.0,1.0,1.0,3.0,0.0,0.0,3.0,0.0,0.0,0.0,1585.0,1585.0,1.0
1.586,2720.0,653.0,707.0,2013.0,2067.0,2039.0,2041.0,679.0,681.0,0.0,0.0,0.0,1.0,1.0,0.0,2.0,2.0,0.0,0.0,250000.0,0.019999999552965164,31.999046325683594,0.0,0.0,0.0,219.0,63440.0,0.0,219.0,2.0,135.0,4.0,54.0,1.0,1.0,3.0,0.0,0.0,3.0,0.0,0.0,0.0,1586.0,1586.0,1.0
1.587,2720.0,653.0,707.0,2013.0,2067.0,2039.0,2041.0,679.0,681.0,0.0,0.0,0.0,1.0,1.0,0.0,2.0,2.0,0.0,0.0,250000.0,0.019999999552965164,31.999046325683594,0.0,0.0,0.0,219.0,63480.0,0.0,219.0,2.0,135.0,4.0,54.0,1.0,1.0,3.0,0.0,0.0,3.0,0.0,0.0,0.0,1587.0,1587.0,1.0
1.588,2720.0,653.0,707.0,2013.0,2067.0,2039.0,2041.0,679.0,681.0,0.0,0.0,0.0,1.0,1.0,0.0,2.0,2.0,0.0,0.0,250000.0,0.019999999552965164,31.999046325683594,0.0,0.0,0.0,219.0,63520.0,0.0,219.0,2.0,135.0,4.0,54.0,1.0,1.0,3.0,0.0,0.0,3.0,0.0,0.0,0.0,1588.0,1588.0,1.0
1.589,2720.0,653.0,707.0,2013.0,2067.0,2039.0,2041.0,679.0,681.0,0.0,0.0,0.0,1.0,1.0,0.0,2.0,2.0,0.0,0.0,250000.0,0.019999999552965164,31.999046325683594,0.0,0.0,0.0,219.0,63560.0,0.0,219.0,2.0,135.0,4.0,54.0,1.0,1.0,3.0,0.0,0.0,3.0,0.0,0.0,0.0,1589.0,1589.0,1.0
1.59,2720.0,653.0,707.0,2013.0,2067.0,2039.0,2041.0,679.0,681.0,0.0,0.0,0.0,1.0,1.0,0.0,2.0,2.0,0.0,0.0,250000.0,0.019999999552965164,31.999046325683594,0.0,0.0,0.0,219.0,63600.0,0.0,219.0,2.0,135.0,4.0,54.0,1.0,1.0,3.0,0.0,0.0,3.0,0.0,0.0,0.0,1590.0,1590.0,1.0
1.591,2720.0,653.0,707.0,2013.0,2067.0,2039.0,2041.0,679.0,681.0,0.0,0.0,0.0,1.0,1.0,0.0,2.0,2.0,0.0,0.0,250000.0,0.019999999552965164,31.999046325683594,0.0,0.0,0.0,219.0,63640.0,0.0,219.0,2.0,135.0,4.0,54.0,1.0,1.0,3.0,0.0,0.0,3.0,0.0,0.0,0.0,1591.0,1591.0,1.0
1.592,2720.0,653.0,707.0,2013.0,2067.0,2039.0,2041.0,679.0,681.0,0.0,0.0,0.0,1.0,1.0,0.0,2.0,2.0,0.0,0.0,250000.0,0.019999999552965164,31.999046325683594,0.0,0.0,0.0,219.0,63680.0,0.0,219.0,2.0,135.0,4.0,54.0,1.0,1.0,3.0,0.0,0.0,3.0,0.0,0.0,0.0,1592.0,1592.0,1.0
1.593,2720.0,653.0,707.0,2013.0,2067.0,2039.0,2041.0,679.0,681.0,0.0,0.0,0.0,1.0,1.0,0.0,2.0,2.0,0.0,0.0,250000.0,0.019999999552965164,31.999046325683594,0.0,0.0,0.0,219.0,63720.0,0.0,219.0,2.0,135.0,4.0,54.0,1.0,1.0,3.0,0.0,0.0,3.0,0.0,0.0,0.0,1593.0,1593.0,1.0
1.594,2720.0,653.0,707.0,2013.0,2067.0,2039.0,2041.0,679.0,681.0,0.0,0.0,0.0,1.0,1.0,0.0,2.0,2.0,0.0,0.0,250000.0,0.019999999552965164,31.999046325683594,0.0,0.0,0.0,219.0,63760.0,0.0,219.0,2.0,135.0,4.0,54.0,1.0,1.0,3.0,0.0,0.0,3.0,0.0,0.0,0.0,1594.0,1594.0,1.0
1.595,2720.0,653.0,707.0,2013.0,2067.0,2039.0,2041.0,679.0,681.0,0.0,0.0,0.0,1.0,1.0,0.0,2.0,2.0,0.0,0.0,250000.0,0.019999999552965164,31.999046325683594,0.0,0.0,0.0,219.0,63800.0,0.0,219.0,2.0,135.0,4.0,54.0,1.0,1.0,3.0,0.0,0.0,3.0,0.0,0.0,0.0,1595.0,1595.0,1.0
1.596,2720.0,653.0,707.0,2013.0,2067.0,2039.0,2041.0,679.0,681.0,0.0,0.0,0.0,1.0,1.0,0.0,2.0,2.0,0.0,0.0,250000.0,0.019999999552965164,31.999046325683594,0.0,0.0,0.0,219.0,63840.0,0.0,219.0,2.0,135.0,4.0,54.0,1.0,1.0,3.0,0.0,0.0,3.0,0.0,0.0,0.0,1596.0,1596.0,1.0
1.597,2720.0,653.0,707.0,2013.0,2067.0,2039.0,2041.0,679.0,681.0,0.0,0.0,0.0,1.0,1.0,0.0,2.0,2.0,0.0,0.0,250000.0,0.019999999552965164,31.999046325683594,0.0,0.0,0.0,219.0,63880.0,0.0,219.0,2.0,135.0,4.0,54.0,1.0,1.0,3.0,0.0,0.0,3.0,0.0,0.0,0.0,1597.0,1597.0,1.0
1.598,2720.0,653.0,707.0,2013.0,2067.0,2039.0,2041.0,679.0,681.0,0.0,0.0,0.0,1.0,1.0,0.0,2.0,2.0,0.0,0.0,250000.0,0.019999999552965164,31.999046325683594,0.0,0.0,0.0,219.0,63920.0,0.0,219.0,2.0,135.0,4.0,54.0,1.0,1.0,3.0,0.0,0.0,3.0,0.0,0.0,0.0,1598.0,1598.0,1.0
1.599,2720.0,653.0,707.0,2013.0,2067.0,2039.0,2041.0,679.0,681.0,0.0,0.0,0.0,1.0,1.0,0.0,2.0,2.0,0.0,0.0,250000.0,0.019999999552965164,31.999046325683594,0.0,0.0,0.0,219.0,63960.0,0.0,219.0,2.0,135.0,4.0,54.0,1.0,1.0,3.0,0.0,0.0,3.0,0.0,0.0,0.0,1599.0,1599.0,1.0
1.6,2720.0,653.0,707.0,2013.0,2067.0,2039.0,2041.0,679.0,681.0,0.0,0.0,0.0,1.0,1.0,0.0,2.0,2.0,0.0,0.0,250000.0,0.019999999552965164,31.999046325683594,0.0,0.0,0.0,219.0,64000.0,0.0,219.0,2.0,135.0,4.0,54.0,1.0,1.0,3.0,0.0,0.0,3.0,0.0,0.0,0.0,1600.0,1600.0,1.0
1.601,2720.0,653.0,707.0,2013.0,2067.0,2039.0,2041.0,679.0,681.0,0.0,0.0,0.0,1.0,1.0,0.0,2.0,2.0,0.0,0.0,250000.0,0.019999999552965164,31.999046325683594,0.0,0.0,0.0,219.0,64040.0,0.0,219.0,2.0,135.0,4.0,54.0,1.0,1.0,3.0,0.0,0.0,3.0,0.0,0.0,0.0,1601.0,1601.0,1.0
1.602,2720.0,653.0,707.0,2013.0,2067.0,2039.0,2041.0,679.0,681.0,0.0,0.0,0.0,1.0,1.0,0.0,2.0,2.0,0.0,0.0,250000.0,0.019999999552965164,31.999046325683594,0.0,0.0,0.0,219.0,64080.0,0.0,219.0,2.0,135.0,4.0,54.0,1.0,1.0,3.0,0.0,0.0,3.0,0.0,0.0,0.0,1602.0,1602.0,1.0
1.603,2720.0,653.0,707.0,2013.0,2067.0,2039.0,2041.0,679.0,681.0,0.0,0.0,0.0,1.0,1.0,0.0,2.0,2.0,0.0,0.0,250000.0,0.019999999552965164,31.999046325683594,0.0,0.0,0.0,219.0,64120.0,0.0,219.0,2.0,135.0,4.0,54.0,1.0,1.0,3.0,0.0,0.0,3.0,0.0,0.0,0.0,1603.0,1603.0,1.0
1.604,2720.0,653.0,707.0,2013.0,2067.0,2039.0,2041.0,679.0,681.0,0.0,0.0,0.0,1.0,1.0,0.0,2.0,2.0,0.0,0.0,250000.0,0.019999999552965164,31.999046325683594,0.0,0.0,0.0,219.0,64160.0,0.0,219.0,2.0,135.0,4.0,54.0,1.0,1.0,3.0,0.0,0.0,3.0,0.0,0.0,0.0,1604.0,1604.0,1.0
1.605,2720.0,653.0,707.0,2013.0,2067.0,2039.0,2041.0,679.0,681.0,0.0,0.0,0.0,1.0,1.0,0.0,2.0,2.0,0.0,0.0,250000.0,0.019999999552965164,31.999046325683594,0.0,0.0,0.0,219.0,64200.0,0.0,219.0,2.0,135.0,4.0,54.0,1.0,1.0,3.0,0.0,0.0,3.0,0.0,0.0,0.0,1605.0,1605.0,1.0
1.606,2720.0,653.0,707.0,2013.0,2067.0,2039.0,2041.0,679.0,681.0,0.0,0.0,0.0,1.0,1.0,0.0,2.0,2.0,0.0,0.0,250000.0,0.019999999552965164,31.999046325683594,0.0,0.0,0.0,219.0,64240.0,0.0,219.0,2.0,135.0,4.0,54.0,1.0,1.0,3.0,0.0,0.0,3.0,0.0,0.0,0.0,1606.0,1606.0,1.0
1.607,2720.0,653.0,707.0,2013.0,2067.0,2039.0,2041.0,679.0,681.0,0.0,0.0,0.0,1.0,1.0,0.0,2.0,2.0,0.0,0.0,250000.0,0.019999999552965164,31.999046325683594,0.0,0.0,0.0,219.0,64280.0,0.0,219.0,2.0,135.0,4.0,54.0,1.0,1.0,3.0,0.0,0.0,3.0,0.0,0.0,0.0,1607.0,1607.0,1.0
1.608,2720.0,653.0,707.0,2013.0,2067.0,2039.0,2041.0,679.0,681.0,0.0,0.0,0.0,1.0,1.0,0.0,2.0,2.0,0.0,0.0,250000.0,0.019999999552965164,31.999046325683594,0.0,0.0,0.0,219.0,64320.0,0.0,219.0,2.0,135.0,4.0,54.0,1.0,1.0,3.0,0.0,0.0,3.0,0.0,0.0,0.0,1608.0,1608.0,1.0
1.609,2720.0,653.0,707.0,2013.0,2067.0,2039.0,2041.0,679.0,681.0,0.0,0.0,0.0,1.0,1.0,0.0,2.0,2.0,0.0,0.0,250000.0,0.019999999552965164,31.999046325683594,0.0,0.0,0.0,219.0,64360.0,0.0,219.0,2.0,135.0,4.0,54.0,1.0,1.0,3.0,0.0,0.0,3.0,0.0,0.0,0.0,1609.0,1609.0,1.0
1.61,2720.0,653.0,707.0,2013.0,2067.0,2039.0,2041.0,679.0,681.0,0.0,0.0,0.0,1.0,1.0,0.0,2.0,2.0,0.0,0.0,250000.0,0.019999999552965164,31.999046325683594,0.0,0.0,0.0,219.0,64400.0,0.0,219.0,2.0,135.0,4.0,54.0,1.0,1.0,3.0,0.0,0.0,3.0,0.0,0.0,0.0,1610.0,1610.0,1.0
1.611,2720.0,653.0,707.0,2013.0,2067.0,2039.0,2041.0,679.0,681.0,0.0,0.0,0.0,1.0,1.0,0.0,2.0,2.0,0.0,0.0,250000.0,0.019999999552965164,31.999046325683594,0.0,0.0,0.0,219.0,64440.0,0.0,219.0,2.0,135.0,4.0,54.0,1.0,1.0,3.0,0.0,0.0,3.0,0.0,0.0,0.0,1611.0,1611.0,1.0
1.612,2720.0,653.0,707.0,2013.0,2067.0,2039.0,2041.0,679.0,681.0,0.0,0.0,0.0,1.0,1.0,0.0,2.0,2.0,0.0,0.0,250000.0,0.019999999552965164,31.999046325683594,0.0,0.0,0.0,219.0,64480.0,0.0,219.0,2.0,135.0,4.0,54.0,1.0,1.0,3.0,0.0,0.0,3.0,0.0,0.0,0.0,1612.0,1612.0,1.0
1.613,2720.0,653.0,707.0,2013.0,2067.0,2039.0,2041.0,679.0,681.0,0.0,0.0,0.0,1.0,1.0,0.0,2.0,2.0,0.0,0.0,250000.0,0.019999999552965164,31.999046325683594,0.0,0.0,0.0,219.0,64520.0,0.0,219.0,2.0,135.0,4.0,54.0,1.0,1.0,3.0,0.0,0.0,3.0,0.0,0.0,0.0,1613.0,1613.0,1.0
1.614,2720.0,653.0,707.0,2013.0,2067.0,2039.0,2041.0,679.0,681.0,0.0,0.0,0.0,1.0,1.0,0.0,2.0,2.0,0.0,0.0,250000.0,0.019999999552965164,31.999046325683594,0.0,0.0,0.0,219.0,64560.0,0.0,219.0,2.0,135.0,4.0,54.0,1.0,1.0,3.0,0.0,0.0,3.0,0.0,0.0,0.0,1614.0,1614.0,1.0
1.615,2720.0,653.0,707.0,2013.0,2067.0,2039.0,2041.0,679.0,681.0,0.0,0.0,0.0,1.0,1.0,0.0,2.0,2.0,0.0,0.0,250000.0,0.019999999552965164,31.999046325683594,0.0,0.0,0.0,219.0,64600.0,0.0,219.0,2.0,135.0,4.0,54.0,1.0,1.0,3.0,0.0,0.0,3.0,0.0,0.0,0.0,1615.0,1615.0,1.0
1.616,2720.0,653.0,707.0,2013.0,2067.0,2039.0,2041.0,679.0,681.0,0.0,0.0,0.0,1.0,1.0,0.0,2.0,2.0,0.0,0.0,250000.0,0.019999999552965164,31.999046325683594,0.0,0.0,0.0,219.0,64640.0,0.0,219.0,2.0,135.0,4.0,54.0,1.0,1.0,3.0,0.0,0.0,3.0,0.0,0.0,0.0,1616.0,1616.0,1.0
1.617,2720.0,653.0,707.0,2013.0,2067.0,2039.0,2041.0,679.0,681.0,0.0,0.0,0.0,1.0,1.0,0.0,2.0,2.0,0.0,0.0,250000.0,0.019999999552965164,31.999046325683594,0.0,0.0,0.0,219.0,64680.0,0.0,219.0,2.0,135.0,4.0,54.0,1.0,1.0,3.0,0.0,0.0,3.0,0.0,0.0,0.0,1617.0,1617.0,1.0
1.618,2720.0,653.0,707.0,2013.0,2067.0,2039.0,2041.0,679.0,681.0,0.0,0.0,0.0,1.0,1.0,0.0,2.0,2.0,0.0,0.0,250000.0,0.019999999552965164,31.999046325683594,0.0,0.0,0.0,219.0,64720.0,0.0,219.0,2.0,135.0,4.0,54.0,1.0,1.0,3.0,0.0,0.0,3.0,0.0,0.0,0.0,1618.0,1618.0,1.0
1.619,2720.0,653.0,707.0,2013.0,2067.0,2039.0,2041.0,679.0,681.0,0.0,0.0,0.0,1.0,1.0,0.0,2.0,2.0,0.0,0.0,250000.0,0.019999999552965164,31.999046325683594,0.0,0.0,0.0,219.0,64760.0,0.0,219.0,2.0,135.0,4.0,54.0,1.0,1.0,3.0,0.0,0.0,3.0,0.0,0.0,0.0,1619.0,1619.0,1.0
1.62,2720.0,653.0,707.0,2013.0,2067.0,2039.0,2041.0,679.0,681.0,0.0,0.0,0.0,1.0,1.0,0.0,2.0,2.0,0.0,0.0,250000.0,0.019999999552965164,31.999046325683594,0.0,0.0,0.0,219.0,64800.0,0.0,219.0,2.0,135.0,4.0,54.0,1.0,1.0,3.0,0.0,0.0,3.0,0.0,0.0,0.0,1620.0,1620.0,1.0
1.621,2720.0,653.0,707.0,2013.0,2067.0,2039.0,2041.0,679.0,681.0,0.0,0.0,0.0,1.0,1.0,0.0,2.0,2.0,0.0,0.0,250000.0,0.019999999552965164,31.999046325683594,0.0,0.0,0.0,219.0,64840.0,0.0,219.0,2.0,135.0,4.0,54.0,1.0,1.0,3.0,0.0,0.0,3.0,0.0,0.0,0.0,1621.0,1621.0,1.0
1.622,2720.0,653.0,707.0,2013.0,2067.0,2039.0,2041.0,679.0,681.0,0.0,0.0,0.0,1.0,1.0,0.0,2.0,2.0,0.0,0.0,250000.0,0.019999999552965164,31.999046325683594,0.0,0.0,0.0,219.0,64880.0,0.0,219.0,2.0,135.0,4.0,54.0,1.0,1.0,3.0,0.0,0.0,3.0,0.0,0.0,0.0,1622.0,1622.0,1.0
1.623,2720.0,653.0,707.0,2013.0,2067.0,2039.0,2041.0,679.0,681.0,0.0,0.0,0.0,1.0,1.0,0.0,2.0,2.0,0.0,0.0,250000.0,0.019999999552965164,31.999046325683594,0.0,0.0,0.0,219.0,64920.0,0.0,219.0,2.0,135.0,4.0,54.0,1.0,1.0,3.0,0.0,0.0,3.0,0.0,0.0,0.0,1623.0,1623.0,1.0
1.624,2720.0,653.0,707.0,2013.0,2067.0,2039.0,2041.0,679.0,681.0,0.0,0.0,0.0,1.0,1.0,0.0,2.0,2.0,0.0,0.0,250000.0,0.019999999552965164,31.999046325683594,0.0,0.0,0.0,219.0,64960.0,0.0,219.0,2.0,135.0,4.0,54.0,1.0,1.0,3.0,0.0,0.0,3.0,0.0,0.0,0.0,1624.0,1624.0,1.0
1.625,2720.0,653.0,707.0,2013.0,2067.0,2039.0,2041.0,679.0,681.0,0.0,0.0,0.0,1.0,1.0,0.0,2.0,2.0,0.0,0.0,250000.0,0.019999999552965164,31.999046325683594,0.0,0.0,0.0,219.0,65000.0,0.0,219.0,2.0,135.0,4.0,54.0,1.0,1.0,3.0,0.0,0.0,3.0,0.0,0.0,0.0,1625.0,1625.0,1.0
1.6260000000000001,2720.0,653.0,707.0,2013.0,2067.0,2039.0,2041.0,679.0,681.0,0.0,0.0,0.0,1.0,1.0,0.0,2.0,2.0,0.0,0.0,250000.0,0.019999999552965164,31.999046325683594,0.0,0.0,0.0,219.0,65040.0,0.0,219.0,2.0,135.0,4.0,54.0,1.0,1.0,3.0,0.0,0.0,3.0,0.0,0.0,0.0,1626.0,1626.0,1.0
1.627,2720.0,653.0,707.0,2013.0,2067.0,2039.0,2041.0,679.0,681.0,0.0,0.0,0.0,1.0,1.0,0.0,2.0,2.0,0.0,0.0,250000.0,0.019999999552965164,31.999046325683594,0.0,0.0,0.0,219.0,65080.0,0.0,219.0,2.0,135.0,4.0,54.0,1.0,1.0,3.0,0.0,0.0,3.0,0.0,0.0,0.0,1627.0,1627.0,1.0
1.6280000000000001,2720.0,653.0,707.0,2013.0,2067.0,2039.0,2041.0,679.0,681.0,0.0,0.0,0.0,1.0,1.0,0.0,2.0,2.0,0.0,0.0,250000.0,0.019999999552965164,31.999046325683594,0.0,0.0,0.0,219.0,65120.0,0.0,219.0,2.0,135.0,4.0,54.0,1.0,1.0,3.0,0.0,0.0,3.0,0.0,0.0,0.0,1628.0,1628.0,1.0
1.629,2720.0,653.0,707.0,2013.0,2067.0,2039.0,2041.0,679.0,681.0,0.0,0.0,0.0,1.0,1.0,0.0,2.0,2.0,0.0,0.0,250000.0,0.019999999552965164,31.999046325683594,0.0,0.0,0.0,219.0,65160.0,0.0,219.0,2.0,135.0,4.0,54.0,1.0,1.0,3.0,0.0,0.0,3.0,0.0,0.0,0.0,1629.0,1629.0,1.0
1.6300000000000001,2720.0,653.0,707.0,2013.0,2067.0,2039.0,2041.0,679.0,681.0,0.0,0.0,0.0,1.0,1.0,0.0,2.0,2.0,0.0,0.0,250000.0,0.019999999552965164,31.999046325683594,0.0,0.0,0.0,219.0,65200.0,0.0,219.0,2.0,135.0,4.0,54.0,1.0,1.0,3.0,0.0,0.0,3.0,0.0,0.0,0.0,1630.0,1630.0,1.0
1.631,2720.0,653.0,707.0,2013.0,2067.0,2039.0,2041.0,679.0,681.0,0.0,0.0,0.0,1.0,1.0,0.0,2.0,2.0,0.0,0.0,250000.0,0.019999999552965164,31.999046325683594,0.0,0.0,0.0,219.0,65240.0,0.0,219.0,2.0,135.0,4.0,54.0,1.0,1.0,3.0,0.0,0.0,3.0,0.0,0.0,0.0,1631.0,1631.0,1.0
1.6320000000000001,2720.0,653.0,707.0,2013.0,2067.0,2039.0,2041.0,679.0,681.0,0.0,0.0,0.0,1.0,1.0,0.0,2.0,2.0,0.0,0.0,250000.0,0.019999999552965164,31.999046325683594,0.0,0.0,0.0,219.0,65280.0,0.0,219.0,2.0,135.0,4.0,54.0,1.0,1.0,3.0,0.0,0.0,3.0,0.0,0.0,0.0,1632.0,1632.0,1.0
1.633,2720.0,653.0,707.0,2013.0,2067.0,2039.0,2041.0,679.0,681.0,0.0,0.0,0.0,1.0,1.0,0.0,2.0,2.0,0.0,0.0,250000.0,0.019999999552965164,31.999046325683594,0.0,0.0,0.0,219.0,65320.0,0.0,219.0,2.0,135.0,4.0,54.0,1.0,1.0,3.0,0.0,0.0,3.0,0.0,0.0,0.0,1633.0,1633.0,1.0
1.6340000000000001,2720.0,653.0,707.0,2013.0,2067.0,2039.0,2041.0,679.0,681.0,0.0,0.0,0.0,1.0,1.0,0.0,2.0,2.0,0.0,0.0,250000.0,0.019999999552965164,31.999046325683594,0.0,0.0,0.0,219.0,65360.0,0.0,219.0,2.0,135.0,4.0,54.0,1.0,1.0,3.0,0.0,0.0,3.0,0.0,0.0,0.0,1634.0,1634.0,1.0
1.635,2720.0,653.0,707.0,2013.0,2067.0,2039.0,2041.0,679.0,681.0,0.0,0.0,0.0,1.0,1.0,0.0,2.0,2.0,0.0,0.0,250000.0,0.019999999552965164,31.999046325683594,0.0,0.0,0.0,219.0,65400.0,0.0,219.0,2.0,135.0,4.0,54.0,1.0,1.0,3.0,0.0,0.0,3.0,0.0,0.0,0.0,1635.0,1635.0,1.0
1.6360000000000001,2720.0,653.0,707.0,2013.0,2067.0,2039.0,2041.0,679.0,681.0,0.0,0.0,0.0,1.0,1.0,0.0,2.0,2.0,0.0,0.0,250000.0,0.019999999552965164,31.999046325683594,0.0,0.0,0.0,219.0,65440.0,0.0,219.0,2.0,135.0,4.0,54.0,1.0,1.0,3.0,0.0,0.0,3.0,0.0,0.0,0.0,1636.0,1636.0,1.0
1.637,2720.0,653.0,707.0,2013.0,2067.0,2039.0,2041.0,679.0,681.0,0.0,0.0,0.0,1.0,1.0,0.0,2.0,2.0,0.0,0.0,250000.0,0.019999999552965164,31.999046325683594,0.0,0.0,0.0,219.0,65480.0,0.0,219.0,2.0,135.0,4.0,54.0,1.0,1.0,3.0,0.0,0.0,3.0,0.0,0.0,0.0,1637.0,1637.0,1.0
1.6380000000000001,2720.0,653.0,707.0,2013.0,2067.0,2039.0,2041.0,679.0,681.0,0.0,0.0,0.0,1.0,1.0,0.0,2.0,2.0,0.0,0.0,250000.0,0.019999999552965164,31.999046325683594,0.0,0.0,0.0,219.0,65520.0,0.0,219.0,2.0,135.0,4.0,54.0,1.0,1.0,3.0,0.0,0.0,3.0,0.0,0.0,0.0,1638.0,1638.0,1.0
1.639,2720.0,653.0,707.0,2013.0,2067.0,2039.0,2041.0,679.0,681.0,0.0,0.0,0.0,1.0,1.0,0.0,2.0,2.0,0.0,0.0,250000.0,0.019999999552965164,31.999046325683594,0.0,0.0,0.0,219.0,65560.0,0.0,219.0,2.0,135.0,4.0,54.0,1.0,1.0,3.0,0.0,0.0,3.0,0.0,0.0,0.0,1639.0,1639.0,1.0
1.6400000000000001,2720.0,653.0,707.0,2013.0,2067.0,2039.0,2041.0,679.0,681.0,0.0,0.0,0.0,1.0,1.0,0.0,2.0,2.0,0.0,0.0,250000.0,0.019999999552965164,31.999046325683594,0.0,0.0,0.0,219.0,65600.0,0.0,219.0,2.0,135.0,4.0,54.0,1.0,1.0,3.0,0.0,0.0,3.0,0.0,0.0,0.0,1640.0,1640.0,1.0
1.641,2720.0,653.0,707.0,2013.0,2067.0,2039.0,2041.0,679.0,681.0,0.0,0.0,0.0,1.0,1.0,0.0,2.0,2.0,0.0,0.0,250000.0,0.019999999552965164,31.999046325683594,0.0,0.0,0.0,219.0,65640.0,0.0,219.0,2.0,135.0,4.0,54.0,1.0,1.0,3.0,0.0,0.0,3.0,0.0,0.0,0.0,1641.0,1641.0,1.0
1.6420000000000001,2720.0,653.0,707.0,2013.0,2067.0,2039.0,2041.0,679.0,681.0,0.0,0.0,0.0,1.0,1.0,0.0,2.0,2.0,0.0,0.0,250000.0,0.019999999552965164,31.999046325683594,0.0,0.0,0.0,219.0,65680.0,0.0,219.0,2.0,135.0,4.0,54.0,1.0,1.0,3.0,0.0,0.0,3.0,0.0,0.0,0.0,1642.0,1642.0,1.0
1.643,2720.0,653.0,707.0,2013.0,2067.0,2039.0,2041.0,679.0,681.0,0.0,0.0,0.0,1.0,1.0,0.0,2.0,2.0,0.0,0.0,250000.0,0.019999999552965164,31.999046325683594,0.0,0.0,0.0,219.0,65720.0,0.0,219.0,2.0,135.0,4.0,54.0,1.0,1.0,3.0,0.0,0.0,3.0,0.0,0.0,0.0,1643.0,1643.0,1.0
1.6440000000000001,2720.0,653.0,707.0,2013.0,2067.0,2039.0,2041.0,679.0,681.0,0.0,0.0,0.0,1.0,1.0,0.0,2.0,2.0,0.0,0.0,250000.0,0.019999999552965164,31.999046325683594,0.0,0.0,0.0,219.0,65760.0,0.0,219.0,2.0,135.0,4.0,54.0,1.0,1.0,3.0,0.0,0.0,3.0,0.0,0.0,0.0,1644.0,1644.0,1.0
1.645,2720.0,653.0,707.0,2013.0,2067.0,2039.0,2041.0,679.0,681.0,0.0,0.0,0.0,1.0,1.0,0.0,2.0,2.0,0.0,0.0,250000.0,0.019999999552965164,31.999046325683594,0.0,0.0,0.0,219.0,65800.0,0.0,219.0,2.0,135.0,4.0,54.0,1.0,1.0,3.0,0.0,0.0,3.0,0.0,0.0,0.0,1645.0,1645.0,1.0
1.6460000000000001,2720.0,653.0,707.0,2013.0,2067.0,2039.0,2041.0,679.0,681.0,0.0,0.0,0.0,1.0,1.0,0.0,2.0,2.0,0.0,0.0,250000.0,0.019999999552965164,31.999046325683594,0.0,0.0,0.0,219.0,65840.0,0.0,219.0,2.0,135.0,4.0,54.0,1.0,1.0,3.0,0.0,0.0,3.0,0.0,0.0,0.0,1646.0,1646.0,1.0
1.647,2720.0,653.0,707.0,2013.0,2067.0,2039.0,2041.0,679.0,681.0,0.0,0.0,0.0,1.0,1.0,0.0,2.0,2.0,0.0,0.0,250000.0,0.019999999552965164,31.999046325683594,0.0,0.0,0.0,219.0,65880.0,0.0,219.0,2.0,135.0,4.0,54.0,1.0,1.0,3.0,0.0,0.0,3.0,0.0,0.0,0.0,1647.0,1647.0,1.0
1.6480000000000001,2720.0,653.0,707.0,2013.0,2067.0,2039.0,2041.0,679.0,681.0,0.0,0.0,0.0,1.0,1.0,0.0,2.0,2.0,0.0,0.0,250000.0,0.019999999552965164,31.999046325683594,0.0,0.0,0.0,219.0,65920.0,0.0,219.0,2.0,135.0,4.0,54.0,1.0,1.0,3.0,0.0,0.0,3.0,0.0,0.0,0.0,1648.0,1648.0,1.0
1.649,2720.0,653.0,707.0,2013.0,2067.0,2039.0,2041.0,679.0,681.0,0.0,0.0,0.0,1.0,1.0,0.0,2.0,2.0,0.0,0.0,250000.0,0.019999999552965164,31.999046325683594,0.0,0.0,0.0,219.0,65960.0,0.0,219.0,2.0,135.0,4.0,54.0,1.0,1.0,3.0,0.0,0.0,3.0,0.0,0.0,0.0,1649.0,1649.0,1.0
1.6500000000000001,2720.0,653.0,707.0,2013.0,2067.0,2039.0,2041.0,679.0,681.0,0.0,0.0,0.0,1.0,1.0,0.0,2.0,2.0,0.0,0.0,250000.0,0.019999999552965164,31.999046325683594,0.0,0.0,0.0,219.0,66000.0,0.0,219.0,2.0,135.0,4.0,54.0,1.0,1.0,3.0,0.0,0.0,3.0,0.0,0.0,0.0,1650.0,1650.0,1.0
1.651,2720.0,653.0,707.0,2013.0,2067.0,2039.0,2041.0,679.0,681.0,0.0,0.0,0.0,1.0,1.0,0.0,2.0,2.0,0.0,0.0,250000.0,0.019999999552965164,31.999046325683594,0.0,0.0,0.0,219.0,66040.0,0.0,219.0,2.0,135.0,4.0,54.0,1.0,1.0,3.0,0.0,0.0,3.0,0.0,0.0,0.0,1651.0,1651.0,1.0
1.6520000000000001,2720.0,653.0,707.0,2013.0,2067.0,2039.0,2041.0,679.0,681.0,0.0,0.0,0.0,1.0,1.0,0.0,2.0,2.0,0.0,0.0,250000.0,0.019999999552965164,31.999046325683594,0.0,0.0,0.0,219.0,66080.0,0.0,219.0,2.0,135.0,4.0,54.0,1.0,1.0,3.0,0.0,0.0,3.0,0.0,0.0,0.0,1652.0,1652.0,1.0
1.653,2720.0,653.0,707.0,2013.0,2067.0,2039.0,2041.0,679.0,681.0,0.0,0.0,0.0,1.0,1.0,0.0,2.0,2.0,0.0,0.0,250000.0,0.019999999552965164,31.999046325683594,0.0,0.0,0.0,219.0,66120.0,0.0,219.0,2.0,135.0,4.0,54.0,1.0,1.0,3.0,0.0,0.0,3.0,0.0,0.0,0.0,1653.0,1653.0,1.0
1.6540000000000001,2720.0,653.0,707.0,2013.0,2067.0,2039.0,2041.0,679.0,681.0,0.0,0.0,0.0,1.0,1.0,0.0,2.0,2.0,0.0,0.0,250000.0,0.019999999552965164,31.999046325683594,0.0,0.0,0.0,219.0,66160.0,0.0,219.0,2.0,135.0,4.0,54.0,1.0,1.0,3.0,0.0,0.0,3.0,0.0,0.0,0.0,1654.0,1654.0,1.0
1.655,2720.0,653.0,707.0,2013.0,2067.0,2039.0,2041.0,679.0,681.0,0.0,0.0,0.0,1.0,1.0,0.0,2.0,2.0,0.0,0.0,250000.0,0.019999999552965164,31.999046325683594,0.0,0.0,0.0,219.0,66200.0,0.0,219.0,2.0,135.0,4.0,54.0,1.0,1.0,3.0,0.0,0.0,3.0,0.0,0.0,0.0,1655.0,1655.0,1.0
1.6560000000000001,2720.0,653.0,707.0,2013.0,2067.0,2039.0,2041.0,679.0,681.0,0.0,0.0,0.0,1.0,1.0,0.0,2.0,2.0,0.0,0.0,250000.0,0.019999999552965164,31.999046325683594,0.0,0.0,0.0,219.0,66240.0,0.0,219.0,2.0,135.0,4.0,54.0,1.0,1.0,3.0,0.0,0.0,3.0,0.0,0.0,0.0,1656.0,1656.0,1.0
1.657,2720.0,653.0,707.0,2013.0,2067.0,2039.0,2041.0,679.0,681.0,0.0,0.0,0.0,1.0,1.0,0.0,2.0,2.0,0.0,0.0,250000.0,0.019999999552965164,31.999046325683594,0.0,0.0,0.0,219.0,66280.0,0.0,219.0,2.0,135.0,4.0,54.0,1.0,1.0,3.0,0.0,0.0,3.0,0.0,0.0,0.0,1657.0,1657.0,1.0
1.6580000000000001,2720.0,653.0,707.0,2013.0,2067.0,2039.0,2041.0,679.0,681.0,0.0,0.0,0.0,1.0,1.0,0.0,2.0,2.0,0.0,0.0,250000.0,0.019999999552965164,31.999046325683594,0.0,0.0,0.0,219.0,66320.0,0.0,219.0,2.0,135.0,4.0,54.0,1.0,1.0,3.0,0.0,0.0,3.0,0.0,0.0,0.0,1658.0,1658.0,1.0
1.659,2720.0,653.0,707.0,2013.0,2067.0,2039.0,2041.0,679.0,681.0,0.0,0.0,0.0,1.0,1.0,0.0,2.0,2.0,0.0,0.0,250000.0,0.019999999552965164,31.999046325683594,0.0,0.0,0.0,219.0,66360.0,0.0,219.0,2.0,135.0,4.0,54.0,1.0,1.0,3.0,0.0,0.0,3.0,0.0,0.0,0.0,1659.0,1659.0,1.0
1.6600000000000001,2720.0,653.0,707.0,2013.0,2067.0,2039.0,2041.0,679.0,681.0,0.0,0.0,0.0,1.0,1.0,0.0,2.0,2.0,0.0,0.0,250000.0,0.019999999552965164,31.999046325683594,0.0,0.0,0.0,219.0,66400.0,0.0,219.0,2.0,135.0,4.0,54.0,1.0,1.0,3.0,0.0,0.0,3.0,0.0,0.0,0.0,1660.0,1660.0,1.0
1.661,2720.0,653.0,707.0,2013.0,2067.0,2039.0,2041.0,679.0,681.0,0.0,0.0,0.0,1.0,1.0,0.0,2.0,2.0,0.0,0.0,250000.0,0.019999999552965164,31.999046325683594,0.0,0.0,0.0,219.0,66440.0,0.0,219.0,2.0,135.0,4.0,54.0,1.0,1.0,3.0,0.0,0.0,3.0,0.0,0.0,0.0,1661.0,1661.0,1.0
1.6620000000000001,2720.0,653.0,707.0,2013.0,2067.0,2039.0,2041.0,679.0,681.0,0.0,0.0,0.0,1.0,1.0,0.0,2.0,2.0,0.0,0.0,250000.0,0.019999999552965164,31.999046325683594,0.0,0.0,0.0,219.0,66480.0,0.0,219.0,2.0,135.0,4.0,54.0,1.0,1.0,3.0,0.0,0.0,3.0,0.0,0.0,0.0,1662.0,1662.0,1.0
1.663,2720.0,653.0,707.0,2013.0,2067.0,2039.0,2041.0,679.0,681.0,0.0,0.0,0.0,1.0,1.0,0.0,2.0,2.0,0.0,0.0,250000.0,0.019999999552965164,31.999046325683594,0.0,0.0,0.0,219.0,66520.0,0.0,219.0,2.0,135.0,4.0,54.0,1.0,1.0,3.0,0.0,0.0,3.0,0.0,0.0,0.0,1663.0,1663.0,1.0
1.6640000000000001,2720.0,653.0,707.0,2013.0,2067.0,2039.0,2041.0,679.0,681.0,0.0,0.0,0.0,1.0,1.0,0.0,2.0,2.0,0.0,0.0,250000.0,0.019999999552965164,31.999046325683594,0.0,0.0,0.0,219.0,66560.0,0.0,219.0,2.0,135.0,4.0,54.0,1.0,1.0,3.0,0.0,0.0,3.0,0.0,0.0,0.0,1664.0,1664.0,1.0
1.665,2720.0,653.0,707.0,2013.0,2067.0,2039.0,2041.0,679.0,681.0,0.0,0.0,0.0,1.0,1.0,0.0,2.0,2.0,0.0,0.0,250000.0,0.019999999552965164,31.999046325683594,0.0,0.0,0.0,219.0,66600.0,0.0,219.0,2.0,135.0,4.0,54.0,1.0,1.0,3.0,0.0,0.0,3.0,0.0,0.0,0.0,1665.0,1665.0,1.0
1.6660000000000001,2720.0,653.0,707.0,2013.0,2067.0,2039.0,2041.0,679.0,681.0,0.0,0.0,0.0,1.0,1.0,0.0,2.0,2.0,0.0,0.0,250000.0,0.019999999552965164,31.999046325683594,0.0,0.0,0.0,219.0,66640.0,0.0,219.0,2.0,135.0,4.0,54.0,1.0,1.0,3.0,0.0,0.0,3.0,0.0,0.0,0.0,1666.0,1666.0,1.0
1.667,2720.0,653.0,707.0,2013.0,2067.0,2039.0,2041.0,679.0,681.0,0.0,0.0,0.0,1.0,1.0,0.0,2.0,2.0,0.0,0.0,250000.0,0.019999999552965164,31.999046325683594,0.0,0.0,0.0,219.0,66680.0,0.0,219.0,2.0,135.0,4.0,54.0,1.0,1.0,3.0,0.0,0.0,3.0,0.0,0.0,0.0,1667.0,1667.0,1.0
1.6680000000000001,2720.0,653.0,707.0,2013.0,2067.0,2039.0,2041.0,679.0,681.0,0.0,0.0,0.0,1.0,1.0,0.0,2.0,2.0,0.0,0.0,250000.0,0.019999999552965164,31.999046325683594,0.0,0.0,0.0,219.0,66720.0,0.0,219.0,2.0,135.0,4.0,54.0,1.0,1.0,3.0,0.0,0.0,3.0,0.0,0.0,0.0,1668.0,1668.0,1.0
1.669,2720.0,653.0,707.0,2013.0,2067.0,2039.0,2041.0,679.0,681.0,0.0,0.0,0.0,1.0,1.0,0.0,2.0,2.0,0.0,0.0,250000.0,0.019999999552965164,31.999046325683594,0.0,0.0,0.0,219.0,66760.0,0.0,219.0,2.0,135.0,4.0,54.0,1.0,1.0,3.0,0.0,0.0,3.0,0.0,0.0,0.0,1669.0,1669.0,1.0
1.6700000000000002,2720.0,653.0,707.0,2013.0,2067.0,2039.0,2041.0,679.0,681.0,0.0,0.0,0.0,1.0,1.0,0.0,2.0,2.0,0.0,0.0,250000.0,0.019999999552965164,31.999046325683594,0.0,0.0,0.0,219.0,66800.0,0.0,219.0,2.0,135.0,4.0,54.0,1.0,1.0,3.0,0.0,0.0,3.0,0.0,0.0,0.0,1670.0,1670.0,1.0
1.671,2720.0,653.0,707.0,2013.0,2067.0,2039.0,2041.0,679.0,681.0,0.0,0.0,0.0,1.0,1.0,0.0,2.0,2.0,0.0,0.0,250000.0,0.019999999552965164,31.999046325683594,0.0,0.0,0.0,219.0,66840.0,0.0,219.0,2.0,135.0,4.0,54.0,1.0,1.0,3.0,0.0,0.0,3.0,0.0,0.0,0.0,1671.0,1671.0,1.0
1.6720000000000002,2720.0,653.0,707.0,2013.0,2067.0,2039.0,2041.0,679.0,681.0,0.0,0.0,0.0,1.0,1.0,0.0,2.0,2.0,0.0,0.0,250000.0,0.019999999552965164,31.999046325683594,0.0,0.0,0.0,219.0,66880.0,0.0,219.0,2.0,135.0,4.0,54.0,1.0,1.0,3.0,0.0,0.0,3.0,0.0,0.0,0.0,1672.0,1672.0,1.0
1.673,2720.0,653.0,707.0,2013.0,2067.0,2039.0,2041.0,679.0,681.0,0.0,0.0,0.0,1.0,1.0,0.0,2.0,2.0,0.0,0.0,250000.0,0.019999999552965164,31.999046325683594,0.0,0.0,0.0,219.0,66920.0,0.0,219.0,2.0,135.0,4.0,54.0,1.0,1.0,3.0,0.0,0.0,3.0,0.0,0.0,0.0,1673.0,1673.0,1.0
1.6740000000000002,2720.0,653.0,707.0,2013.0,2067.0,2039.0,2041.0,679.0,681.0,0.0,0.0,0.0,1.0,1.0,0.0,2.0,2.0,0.0,0.0,250000.0,0.019999999552965164,31.999046325683594,0.0,0.0,0.0,219.0,66960.0,0.0,219.0,2.0,135.0,4.0,54.0,1.0,1.0,3.0,0.0,0.0,3.0,0.0,0.0,0.0,1674.0,1674.0,1.0
1.675,2720.0,653.0,707.0,2013.0,2067.0,2039.0,2041.0,679.0,681.0,0.0,0.0,0.0,1.0,1.0,0.0,2.0,2.0,0.0,0.0,250000.0,0.019999999552965164,31.999046325683594,0.0,0.0,0.0,219.0,67000.0,0.0,219.0,2.0,135.0,4.0,54.0,1.0,1.0,3.0,0.0,0.0,3.0,0.0,0.0,0.0,1675.0,1675.0,1.0
1.6760000000000002,2720.0,653.0,707.0,2013.0,2067.0,2039.0,2041.0,679.0,681.0,0.0,0.0,0.0,1.0,1.0,0.0,2.0,2.0,0.0,0.0,250000.0,0.019999999552965164,31.999046325683594,0.0,0.0,0.0,219.0,67040.0,0.0,219.0,2.0,135.0,4.0,54.0,1.0,1.0,3.0,0.0,0.0,3.0,0.0,0.0,0.0,1676.0,1676.0,1.0
1.677,2720.0,653.0,707.0,2013.0,2067.0,2039.0,2041.0,679.0,681.0,0.0,0.0,0.0,1.0,1.0,0.0,2.0,2.0,0.0,0.0,250000.0,0.019999999552965164,31.999046325683594,0.0,0.0,0.0,219.0,67080.0,0.0,219.0,2.0,135.0,4.0,54.0,1.0,1.0,3.0,0.0,0.0,3.0,0.0,0.0,0.0,1677.0,1677.0,1.0
1.6780000000000002,2720.0,653.0,707.0,2013.0,2067.0,2039.0,2041.0,679.0,681.0,0.0,0.0,0.0,1.0,1.0,0.0,2.0,2.0,0.0,0.0,250000.0,0.019999999552965164,31.999046325683594,0.0,0.0,0.0,219.0,67120.0,0.0,219.0,2.0,135.0,4.0,54.0,1.0,1.0,3.0,0.0,0.0,3.0,0.0,0.0,0.0,1678.0,1678.0,1.0
1.679,2720.0,653.0,707.0,2013.0,2067.0,2039.0,2041.0,679.0,681.0,0.0,0.0,0.0,1.0,1.0,0.0,2.0,2.0,0.0,0.0,250000.0,0.019999999552965164,31.999046325683594,0.0,0.0,0.0,219.0,67160.0,0.0,219.0,2.0,135.0,4.0,54.0,1.0,1.0,3.0,0.0,0.0,3.0,0.0,0.0,0.0,1679.0,1679.0,1.0
1.6800000000000002,2720.0,653.0,707.0,2013.0,2067.0,2039.0,2041.0,679.0,681.0,0.0,0.0,0.0,1.0,1.0,0.0,2.0,2.0,0.0,0.0,250000.0,0.019999999552965164,31.999046325683594,0.0,0.0,0.0,219.0,67200.0,0.0,219.0,2.0,135.0,4.0,54.0,1.0,1.0,3.0,0.0,0.0,3.0,0.0,0.0,0.0,1680.0,1680.0,1.0
1.681,2720.0,653.0,707.0,2013.0,2067.0,2039.0,2041.0,679.0,681.0,0.0,0.0,0.0,1.0,1.0,0.0,2.0,2.0,0.0,0.0,250000.0,0.019999999552965164,31.999046325683594,0.0,0.0,0.0,219.0,67240.0,0.0,219.0,2.0,135.0,4.0,54.0,1.0,1.0,3.0,0.0,0.0,3.0,0.0,0.0,0.0,1681.0,1681.0,1.0
1.6820000000000002,2720.0,653.0,707.0,2013.0,2067.0,2039.0,2041.0,679.0,681.0,0.0,0.0,0.0,1.0,1.0,0.0,2.0,2.0,0.0,0.0,250000.0,0.019999999552965164,31.999046325683594,0.0,0.0,0.0,219.0,67280.0,0.0,219.0,2.0,135.0,4.0,54.0,1.0,1.0,3.0,0.0,0.0,3.0,0.0,0.0,0.0,1682.0,1682.0,1.0
1.683,2720.0,653.0,707.0,2013.0,2067.0,2039.0,2041.0,679.0,681.0,0.0,0.0,0.0,1.0,1.0,0.0,2.0,2.0,0.0,0.0,250000.0,0.019999999552965164,31.999046325683594,0.0,0.0,0.0,219.0,67320.0,0.0,219.0,2.0,135.0,4.0,54.0,1.0,1.0,3.0,0.0,0.0,3.0,0.0,0.0,0.0,1683.0,1683.0,1.0
1.6840000000000002,2720.0,653.0,707.0,2013.0,2067.0,2039.0,2041.0,679.0,681.0,0.0,0.0,0.0,1.0,1.0,0.0,2.0,2.0,0.0,0.0,250000.0,0.019999999552965164,31.999046325683594,0.0,0.0,0.0,219.0,67360.0,0.0,219.0,2.0,135.0,4.0,54.0,1.0,1.0,3.0,0.0,0.0,3.0,0.0,0.0,0.0,1684.0,1684.0,1.0
1.685,2720.0,653.0,707.0,2013.0,2067.0,2039.0,2041.0,679.0,681.0,0.0,0.0,0.0,1.0,1.0,0.0,2.0,2.0,0.0,0.0,250000.0,0.019999999552965164,31.999046325683594,0.0,0.0,0.0,219.0,67400.0,0.0,219.0,2.0,135.0,4.0,54.0,1.0,1.0,3.0,0.0,0.0,3.0,0.0,0.0,0.0,1685.0,1685.0,1.0
1.6860000000000002,2720.0,653.0,707.0,2013.0,2067.0,2039.0,2041.0,679.0,681.0,0.0,0.0,0.0,1.0,1.0,0.0,2.0,2.0,0.0,0.0,250000.0,0.019999999552965164,31.999046325683594,0.0,0.0,0.0,219.0,67440.0,0.0,219.0,2.0,135.0,4.0,54.0,1.0,1.0,3.0,0.0,0.0,3.0,0.0,0.0,0.0,1686.0,1686.0,1.0
1.687,2720.0,653.0,707.0,2013.0,2067.0,2039.0,2041.0,679.0,681.0,0.0,0.0,0.0,1.0,1.0,0.0,2.0,2.0,0.0,0.0,250000.0,0.019999999552965164,31.999046325683594,0.0,0.0,0.0,219.0,67480.0,0.0,219.0,2.0,135.0,4.0,54.0,1.0,1.0,3.0,0.0,0.0,3.0,0.0,0.0,0.0,1687.0,1687.0,1.0
1.6880000000000002,2720.0,653.0,707.0,2013.0,2067.0,2039.0,2041.0,679.0,681.0,0.0,0.0,0.0,1.0,1.0,0.0,2.0,2.0,0.0,0.0,250000.0,0.019999999552965164,31.999046325683594,0.0,0.0,0.0,219.0,67520.0,0.0,219.0,2.0,135.0,4.0,54.0,1.0,1.0,3.0,0.0,0.0,3.0,0.0,0.0,0.0,1688.0,1688.0,1.0
1.689,2720.0,653.0,707.0,2013.0,2067.0,2039.0,2041.0,679.0,681.0,0.0,0.0,0.0,1.0,1.0,0.0,2.0,2.0,0.0,0.0,250000.0,0.019999999552965164,31.999046325683594,0.0,0.0,0.0,219.0,67560.0,0.0,219.0,2.0,135.0,4.0,54.0,1.0,1.0,3.0,0.0,0.0,3.0,0.0,0.0,0.0,1689.0,1689.0,1.0
1.6900000000000002,2720.0,653.0,707.0,2013.0,2067.0,2039.0,2041.0,679.0,681.0,0.0,0.0,0.0,1.0,1.0,0.0,2.0,2.0,0.0,0.0,250000.0,0.019999999552965164,31.999046325683594,0.0,0.0,0.0,219.0,67600.0,0.0,219.0,2.0,135.0,4.0,54.0,1.0,1.0,3.0,0.0,0.0,3.0,0.0,0.0,0.0,1690.0,1690.0,1.0
1.691,2720.0,653.0,707.0,2013.0,2067.0,2039.0,2041.0,679.0,681.0,0.0,0.0,0.0,1.0,1.0,0.0,2.0,2.0,0.0,0.0,250000.0,0.019999999552965164,31.999046325683594,0.0,0.0,0.0,219.0,67640.0,0.0,219.0,2.0,135.0,4.0,54.0,1.0,1.0,3.0,0.0,0.0,3.0,0.0,0.0,0.0,1691.0,1691.0,1.0
1.6920000000000002,2720.0,653.0,707.0,2013.0,2067.0,2039.0,2041.0,679.0,681.0,0.0,0.0,0.0,1.0,1.0,0.0,2.0,2.0,0.0,0.0,250000.0,0.019999999552965164,31.999046325683594,0.0,0.0,0.0,219.0,67680.0,0.0,219.0,2.0,135.0,4.0,54.0,1.0,1.0,3.0,0.0,0.0,3.0,0.0,0.0,0.0,1692.0,1692.0,1.0
1.693,2720.0,653.0,707.0,2013.0,2067.0,2039.0,2041.0,679.0,681.0,0.0,0.0,0.0,1.0,1.0,0.0,2.0,2.0,0.0,0.0,250000.0,0.019999999552965164,31.999046325683594,0.0,0.0,0.0,219.0,67720.0,0.0,219.0,2.0,135.0,4.0,54.0,1.0,1.0,3.0,0.0,0.0,3.0,0.0,0.0,0.0,1693.0,1693.0,1.0
1.6940000000000002,2720.0,653.0,707.0,2013.0,2067.0,2039.0,2041.0,679.0,681.0,0.0,0.0,0.0,1.0,1.0,0.0,2.0,2.0,0.0,0.0,250000.0,0.019999999552965164,31.999046325683594,0.0,0.0,0.0,219.0,67760.0,0.0,219.0,2.0,135.0,4.0,54.0,1.0,1.0,3.0,0.0,0.0,3.0,0.0,0.0,0.0,1694.0,1694.0,1.0
1.695,2720.0,653.0,707.0,2013.0,2067.0,2039.0,2041.0,679.0,681.0,0.0,0.0,0.0,1.0,1.0,0.0,2.0,2.0,0.0,0.0,250000.0,0.019999999552965164,31.999046325683594,0.0,0.0,0.0,219.0,67800.0,0.0,219.0,2.0,135.0,4.0,54.0,1.0,1.0,3.0,0.0,0.0,3.0,0.0,0.0,0.0,1695.0,1695.0,1.0
1.6960000000000002,2720.0,653.0,707.0,2013.0,2067.0,2039.0,2041.0,679.0,681.0,0.0,0.0,0.0,1.0,1.0,0.0,2.0,2.0,0.0,0.0,250000.0,0.019999999552965164,31.999046325683594,0.0,0.0,0.0,219.0,67840.0,0.0,219.0,2.0,135.0,4.0,54.0,1.0,1.0,3.0,0.0,0.0,3.0,0.0,0.0,0.0,1696.0,1696.0,1.0
1.697,2720.0,653.0,707.0,2013.0,2067.0,2039.0,2041.0,679.0,681.0,0.0,0.0,0.0,1.0,1.0,0.0,2.0,2.0,0.0,0.0,250000.0,0.019999999552965164,31.999046325683594,0.0,0.0,0.0,219.0,67880.0,0.0,219.0,2.0,135.0,4.0,54.0,1.0,1.0,3.0,0.0,0.0,3.0,0.0,0.0,0.0,1697.0,1697.0,1.0
1.6980000000000002,2720.0,653.0,707.0,2013.0,2067.0,2039.0,2041.0,679.0,681.0,0.0,0.0,0.0,1.0,1.0,0.0,2.0,2.0,0.0,0.0,250000.0,0.019999999552965164,31.999046325683594,0.0,0.0,0.0,219.0,67920.0,0.0,219.0,2.0,135.0,4.0,54.0,1.0,1.0,3.0,0.0,0.0,3.0,0.0,0.0,0.0,1698.0,1698.0,1.0
1.699,2720.0,653.0,707.0,2013.0,2067.0,2039.0,2041.0,679.0,681.0,0.0,0.0,0.0,1.0,1.0,0.0,2.0,2.0,0.0,0.0,250000.0,0.019999999552965164,31.999046325683594,0.0,0.0,0.0,219.0,67960.0,0.0,219.0,2.0,135.0,4.0,54.0,1.0,1.0,3.0,0.0,0.0,3.0,0.0,0.0,0.0,1699.0,1699.0,1.0
1.7000000000000002,2720.0,653.0,707.0,2013.0,2067.0,2039.0,2041.0,679.0,681.0,0.0,0.0,0.0,1.0,1.0,0.0,2.0,2.0,0.0,0.0,250000.0,0.019999999552965164,31.999046325683594,0.0,0.0,0.0,219.0,68000.0,0.0,219.0,2.0,135.0,4.0,54.0,1.0,1.0,3.0,0.0,0.0,3.0,0.0,0.0,0.0,1700.0,1700.0,1.0
1.701,8500.0,2040.0,2210.0,6290.0,6460.0,6374.0,6376.0,2124.0,2126.0,1.0,1.0,0.0,1.0,1.0,0.0,5.0,2.0,0.003399999113753438,4.0,80000.0,0.020031999796628952,31.999046325683594,0.0,0.0,0.0,219.0,68040.0,0.0,219.0,2.0,135.0,4.0,54.0,1.0,1.0,3.0,0.0,0.0,3.0,0.0,0.0,0.0,1701.0,1701.0,1.0
1.7020000000000002,8500.0,2039.0,2211.0,6289.0,6461.0,6374.0,6376.0,2124.0,2126.0,1.0,1.0,0.0,1.0,1.0,0.0,5.0,2.0,0.011399995535612106,4.0,80000.0,0.020336002111434937,31.999046325683594,0.0,0.0,0.0,219.0,68080.0,0.0,219.0,2.0,135.0,4.0,54.0,1.0,1.0,3.0,0.0,0.0,3.0,0.0,0.0,0.0,1702.0,1702.0,1.0
1.703,8500.0,2036.0,2214.0,6286.0,6464.0,6374.0,6376.0,2124.0,2126.0,1.0,1.0,0.0,1.0,1.0,0.0,5.0,2.0,0.019399981945753098,4.0,80000.0,0.020960001274943352,31.999046325683594,0.0,0.0,0.0,219.0,68120.0,0.0,219.0,2.0,135.0,4.0,54.0,1.0,1.0,3.0,0.0,0.0,3.0,0.0,0.0,0.0,1703.0,1703.0,1.0
1.7040000000000002,8500.0,2032.0,2218.0,6282.0,6468.0,6374.0,6376.0,2124.0,2126.0,1.0,1.0,0.0,1.0,1.0,0.0,5.0,2.0,0.02739996835589409,4.0,80000.0,0.021903999149799347,31.999046325683594,0.0,0.0,0.0,219.0,68160.0,0.0,219.0,2.0,135.0,4.0,54.0,1.0,1.0,3.0,0.0,0.0,3.0,0.0,0.0,0.0,1704.0,1704.0,1.0
1.705,8500.0,2027.0,2223.0,6277.0,6473.0,6374.0,6376.0,2124.0,2126.0,1.0,1.0,0.0,1.0,1.0,0.0,5.0,2.0,0.03539995476603508,4.0,80000.0,0.02316799946129322,31.999046325683594,0.0,0.0,0.0,219.0,68200.0,0.0,219.0,2.0,135.0,4.0,54.0,1.0,1.0,3.0,0.0,0.0,3.0,0.0,0.0,0.0,1705.0,1705.0,1.0
1.7060000000000002,8500.0,2020.0,2230.0,6270.0,6480.0,6374.0,6376.0,2124.0,2126.0,1.0,1.0,0.0,1.0,1.0,0.0,5.0,2.0,0.04339994117617607,4.0,80000.0,0.024751996621489525,31.999046325683594,0.0,0.0,0.0,219.0,68240.0,0.0,219.0,2.0,135.0,4.0,54.0,1.0,1.0,3.0,0.0,0.0,3.0,0.0,0.0,0.0,1706.0,1706.0,1.0
1.707,8500.0,2012.0,2238.0,6262.0,6488.0,6374.0,6376.0,2124.0,2126.0,1.0,1.0,0.0,1.0,1.0,0.0,5.0,2.0,0.05139992758631706,4.0,80000.0,0.02665599249303341,31.999046325683594,0.0,0.0,0.0,219.0,68280.0,0.0,219.0,2.0,135.0,4.0,54.0,1.0,1.0,3.0,0.0,0.0,3.0,0.0,0.0,0.0,1707.0,1707.0,1.0
1.7080000000000002,8500.0,2003.0,2247.0,6253.0,6497.0,6374.0,6376.0,2124.0,2126.0,1.0,1.0,0.0,1.0,1.0,0.0,5.0,2.0,0.059399913996458054,4.0,80000.0,0.028879990801215172,31.999046325683594,0.0,0.0,0.0,219.0,68320.0,0.0,219.0,2.0,135.0,4.0,54.0,1.0,1.0,3.0,0.0,0.0,3.0,0.0,0.0,0.0,1708.0,1708.0,1.0
1.709,8500.0,1992.0,2258.0,6242.0,6508.0,6374.0,6376.0,2124.0,2126.0,1.0,1.0,0.0,1.0,1.0,0.0,5.0,2.0,0.0673999935388565,4.0,80000.0,0.03142399340867996,31.999046325683594,0.0,0.0,0.0,219.0,68360.0,0.0,219.0,2.0,135.0,4.0,54.0,1.0,1.0,3.0,0.0,0.0,3.0,0.0,0.0,0.0,1709.0,1709.0,1.0
1.7100000000000002,8500.0,1980.0,2270.0,6230.0,6520.0,6374.0,6376.0,2124.0,2126.0,1.0,1.0,0.0,1.0,1.0,0.0,5.0,2.0,0.07540012896060944,4.0,80000.0,0.03428799659013748,31.999046325683594,0.0,0.0,0.0,219.0,68400.0,0.0,219.0,2.0,135.0,4.0,54.0,1.0,1.0,3.0,0.0,0.0,3.0,0.0,0.0,0.0,1710.0,1710.0,1.0
1.711,8500.0,1966.0,2284.0,6216.0,6534.0,6374.0,6376.0,2124.0,2126.0,1.0,1.0,0.0,1.0,1.0,0.0,5.0,2.0,0.08340026438236237,4.0,80000.0,0.03747200220823288,31.999046325683594,0.0,0.0,0.0,219.0,68440.0,0.0,219.0,2.0,135.0,4.0,54.0,1.0,1.0,3.0,0.0,0.0,3.0,0.0,0.0,0.0,1711.0,1711.0,1.0
1.7120000000000002,8500.0,1951.0,2299.0,6201.0,6549.0,6374.0,6376.0,2124.0,2126.0,1.0,1.0,0.0,1.0,1.0,0.0,5.0,2.0,0.0914003998041153,4.0,80000.0,0.04097601771354675,31.999046325683594,0.0,0.0,0.0,219.0,68480.0,0.0,219.0,2.0,135.0,4.0,54.0,1.0,1.0,3.0,0.0,0.0,3.0,0.0,0.0,0.0,1712.0,1712.0,1.0
1.713,8500.0,1935.0,2315.0,6185.0,6565.0,6374.0,6376.0,2124.0,2126.0,1.0,1.0,0.0,1.0,1.0,0.0,5.0,2.0,0.09940053522586823,4.0,80000.0,0.044800035655498505,31.999046325683594,0.0,0.0,0.0,219.0,68520.0,0.0,219.0,2.0,135.0,4.0,54.0,1.0,1.0,3.0,0.0,0.0,3.0,0.0,0.0,0.0,1713.0,1713.0,1.0
1.7140000000000002,8500.0,1917.0,2333.0,6167.0,6583.0,6374.0,6376.0,2124.0,2126.0,1.0,1.0,0.0,1.0,1.0,0.0,5.0,2.0,0.10740067064762115,4.0,80000.0,0.04894405975937843,31.999046325683594,0.0,0.0,0.0,219.0,68560.0,0.0,219.0,2.0,135.0,4.0,54.0,1.0,1.0,3.0,0.0,0.0,3.0,0.0,0.0,0.0,1714.0,1714.0,1.0
1.715,8500.0,1899.0,2351.0,6149.0,6601.0,6374.0,6376.0,2124.0,2126.0,1.0,1.0,0.0,1.0,1.0,0.0,5.0,2.0,0.11540080606937408,4.0,80000.0,0.05340809002518654,31.999046325683594,0.0,0.0,0.0,219.0,68600.0,0.0,219.0,2.0,135.0,4.0,54.0,1.0,1.0,3.0,0.0,0.0,3.0,0.0,0.0,0.0,1715.0,1715.0,1.0
1.7160000000000002,8500.0,1878.0,2372.0,6128.0,6622.0,6374.0,6376.0,2124.0,2126.0,1.0,1.0,0.0,1.0,1.0,0.0,5.0,2.0,0.12340094149112701,4.0,80000.0,0.05819212645292282,31.999046325683594,0.0,0.0,0.0,219.0,68640.0,0.0,219.0,2.0,135.0,4.0,54.0,1.0,1.0,3.0,0.0,0.0,3.0,0.0,0.0,0.0,1716.0,1716.0,1.0
1.717,8500.0,1856.0,2394.0,6106.0,6644.0,6374.0,6376.0,2124.0,2126.0,1.0,1.0,0.0,1.0,1.0,0.0,5.0,2.0,0.13140107691287994,4.0,80000.0,0.06329616904258728,31.999046325683594,0.0,0.0,0.0,219.0,68680.0,0.0,219.0,2.0,135.0,4.0,54.0,1.0,1.0,3.0,0.0,0.0,3.0,0.0,0.0,0.0,1717.0,1717.0,1.0
1.718,8500.0,1833.0,2417.0,6083.0,6667.0,6374.0,6376.0,2124.0,2126.0,1.0,1.0,0.0,1.0,1.0,0.0,5.0,2.0,0.13940121233463287,4.0,80000.0,0.06872021406888962,31.999046325683594,0.0,0.0,0.0,219.0,68720.0,0.0,219.0,2.0,135.0,4.0,54.0,1.0,1.0,3.0,0.0,0.0,3.0,0.0,0.0,0.0,1718.0,1718.0,1.0
1.719,8500.0,1809.0,2441.0,6059.0,6691.0,6374.0,6376.0,2124.0,2126.0,1.0,1.0,0.0,1.0,1.0,0.0,5.0,2.0,0.1474013477563858,4.0,80000.0,0.07446426153182983,31.999046325683594,0.0,0.0,0.0,219.0,68760.0,0.0,219.0,2.0,135.0,4.0,54.0,1.0,1.0,3.0,0.0,0.0,3.0,0.0,0.0,0.0,1719.0,1719.0,1.0
1.72,8500.0,1783.0,2467.0,6033.0,6717.0,6374.0,6376.0,2124.0,2126.0,1.0,1.0,0.0,1.0,1.0,0.0,5.0,2.0,0.15540148317813873,4.0,80000.0,0.08052831888198853,31.999046325683594,0.0,0.0,0.0,219.0,68800.0,0.0,219.0,2.0,135.0,4.0,54.0,1.0,1.0,3.0,0.0,0.0,3.0,0.0,0.0,0.0,1720.0,1720.0,1.0
1.721,8500.0,1756.0,2494.0,6006.0,6744.0,6374.0,6376.0,2124.0,2126.0,1.0,1.0,0.0,1.0,1.0,0.0,5.0,2.0,0.16340161859989166,4.0,80000.0,0.0869123786687851,31.999046325683594,0.0,0.0,0.0,219.0,68840.0,0.0,219.0,2.0,135.0,4.0,54.0,1.0,1.0,3.0,0.0,0.0,3.0,0.0,0.0,0.0,1721.0,1721.0,1.0
1.722,8500.0,1728.0,2522.0,5978.0,6772.0,6374.0,6376.0,2124.0,2126.0,1.0,1.0,0.0,1.0,1.0,0.0,5.0,2.0,0.1714017540216446,4.0,80000.0,0.09361645579338074,31.999046325683594,0.0,0.0,0.0,219.0,68880.0,0.0,219.0,2.0,135.0,4.0,54.0,1.0,1.0,3.0,0.0,0.0,3.0,0.0,0.0,0.0,1722.0,1722.0,1.0
1.723,8500.0,1698.0,2552.0,5948.0,6802.0,6374.0,6376.0,2124.0,2126.0,1.0,1.0,0.0,1.0,1.0,0.0,5.0,2.0,0.17940188944339752,4.0,80000.0,0.10064052045345306,31.999046325683594,0.0,0.0,0.0,219.0,68920.0,0.0,219.0,2.0,135.0,4.0,54.0,1.0,1.0,3.0,0.0,0.0,3.0,0.0,0.0,0.0,1723.0,1723.0,1.0
1.724,8500.0,1667.0,2583.0,5917.0,6833.0,6374.0,6376.0,2124.0,2126.0,1.0,1.0,0.0,1.0,1.0,0.0,5.0,2.0,0.18740202486515045,4.0,80000.0,0.10798460245132446,31.999046325683594,0.0,0.0,0.0,219.0,68960.0,0.0,219.0,2.0,135.0,4.0,54.0,1.0,1.0,3.0,0.0,0.0,3.0,0.0,0.0,0.0,1724.0,1724.0,1.0
1.725,8500.0,1634.0,2616.0,5884.0,6866.0,6374.0,6376.0,2124.0,2126.0,1.0,1.0,0.0,1.0,1.0,0.0,5.0,2.0,0.19540216028690338,4.0,80000.0,0.11564868688583374,31.999046325683594,0.0,0.0,0.0,219.0,69000.0,0.0,219.0,2.0,135.0,4.0,54.0,1.0,1.0,3.0,0.0,0.0,3.0,0.0,0.0,0.0,1725.0,1725.0,1.0
1.726,8500.0,1600.0,2650.0,5850.0,6900.0,6374.0,6376.0,2124.0,2126.0,1.0,1.0,0.0,1.0,1.0,0.0,5.0,2.0,0.2034022957086563,4.0,80000.0,0.12360049784183502,31.999046325683594,0.0,0.0,0.0,219.0,69040.0,0.0,219.0,2.0,135.0,4.0,54.0,1.0,1.0,3.0,0.0,0.0,3.0,0.0,0.0,0.0,1726.0,1726.0,1.0
1.727,8500.0,1566.0,2684.0,5816.0,6934.0,6374.0,6376.0,2124.0,2126.0,1.0,1.0,0.0,1.0,1.0,0.0,5.0,2.0,0.21140243113040924,4.0,80000.0,0.13160063326358795,31.999046325683594,0.0,0.0,0.0,219.0,69080.0,0.0,219.0,2.0,135.0,4.0,54.0,1.0,1.0,3.0,0.0,0.0,3.0,0.0,0.0,0.0,1727.0,1727.0,1.0
1.728,8500.0,1532.0,2718.0,5782.0,6968.0,6374.0,6376.0,2124.0,2126.0,1.0,1.0,0.0,1.0,1.0,0.0,5.0,2.0,0.21940256655216217,4.0,80000.0,0.13960076868534088,31.999046325683594,0.0,0.0,0.0,219.0,69120.0,0.0,219.0,2.0,135.0,4.0,54.0,1.0,1.0,3.0,0.0,0.0,3.0,0.0,0.0,0.0,1728.0,1728.0,1.0
1.729,8500.0,1498.0,2752.0,5748.0,7002.0,6374.0,6376.0,2124.0,2126.0,1.0,1.0,0.0,1.0,1.0,0.0,5.0,2.0,0.2274027019739151,4.0,80000.0,0.1476009041070938,31.999046325683594,0.0,0.0,0.0,219.0,69160.0,0.0,219.0,2.0,135.0,4.0,54.0,1.0,1.0,3.0,0.0,0.0,3.0,0.0,0.0,0.0,1729.0,1729.0,1.0
1.73,8500.0,1464.0,2786.0,5714.0,7036.0,6374.0,6376.0,2124.0,2126.0,1.0,1.0,0.0,1.0,1.0,0.0,5.0,2.0,0.23540283739566803,4.0,80000.0,0.15560103952884674,31.999046325683594,0.0,0.0,0.0,219.0,69200.0,0.0,219.0,2.0,135.0,4.0,54.0,1.0,1.0,3.0,0.0,0.0,3.0,0.0,0.0,0.0,1730.0,1730.0,1.0
1.731,8500.0,1430.0,2820.0,5680.0,7070.0,6374.0,6376.0,2124.0,2126.0,1.0,1.0,0.0,1.0,1.0,0.0,5.0,2.0,0.24340297281742096,4.0,80000.0,0.16360117495059967,31.999046325683594,0.0,0.0,0.0,219.0,69240.0,0.0,219.0,2.0,135.0,4.0,54.0,1.0,1.0,3.0,0.0,0.0,3.0,0.0,0.0,0.0,1731.0,1731.0,1.0
1.732,8500.0,1396.0,2854.0,5646.0,7104.0,6374.0,6376.0,2124.0,2126.0,1.0,1.0,0.0,1.0,1.0,0.0,5.0,2.0,0.2514030933380127,4.0,80000.0,0.1716013103723526,31.999046325683594,0.0,0.0,0.0,219.0,69280.0,0.0,219.0,2.0,135.0,4.0,54.0,1.0,1.0,3.0,0.0,0.0,3.0,0.0,0.0,0.0,1732.0,1732.0,1.0
1.733,8500.0,1362.0,2888.0,5612.0,7138.0,6374.0,6376.0,2124.0,2126.0,1.0,1.0,0.0,1.0,1.0,0.0,5.0,2.0,0.2594032287597656,4.0,80000.0,0.17960144579410553,31.999046325683594,0.0,0.0,0.0,219.0,69320.0,0.0,219.0,2.0,135.0,4.0,54.0,1.0,1.0,3.0,0.0,0.0,3.0,0.0,0.0,0.0,1733.0,1733.0,1.0
1.734,8500.0,1328.0,2922.0,5578.0,7172.0,6374.0,6376.0,2124.0,2126.0,1.0,1.0,0.0,1.0,1.0,0.0,5.0,2.0,0.26740336418151855,4.0,80000.0,0.18760158121585846,31.999046325683594,0.0,0.0,0.0,219.0,69360.0,0.0,219.0,2.0,135.0,4.0,54.0,1.0,1.0,3.0,0.0,0.0,3.0,0.0,0.0,0.0,1734.0,1734.0,1.0
1.735,8500.0,1294.0,2956.0,5544.0,7206.0,6374.0,6376.0,2124.0,2126.0,1.0,1.0,0.0,1.0,1.0,0.0,5.0,2.0,0.2754034996032715,4.0,80000.0,0.1956017166376114,31.999046325683594,0.0,0.0,0.0,219.0,69400.0,0.0,219.0,2.0,135.0,4.0,54.0,1.0,1.0,3.0,0.0,0.0,3.0,0.0,0.0,0.0,1735.0,1735.0,1.0
1.736,8500.0,1260.0,2990.0,5510.0,7240.0,6374.0,6376.0,2124.0,2126.0,1.0,1.0,0.0,1.0,1.0,0.0,5.0,2.0,0.2834036350250244,4.0,80000.0,0.20360185205936432,31.999046325683594,0.0,0.0,0.0,219.0,69440.0,0.0,219.0,2.0,135.0,4.0,54.0,1.0,1.0,3.0,0.0,0.0,3.0,0.0,0.0,0.0,1736.0,1736.0,1.0
1.737,8500.0,1226.0,3024.0,5476.0,7274.0,6374.0,6376.0,2124.0,2126.0,1.0,1.0,0.0,1.0,1.0,0.0,5.0,2.0,0.29140377044677734,4.0,80000.0,0.21160198748111725,31.999046325683594,0.0,0.0,0.0,219.0,69480.0,0.0,219.0,2.0,135.0,4.0,54.0,1.0,1.0,3.0,0.0,0.0,3.0,0.0,0.0,0.0,1737.0,1737.0,1.0
1.738,8500.0,1192.0,3058.0,5442.0,7308.0,6374.0,6376.0,2124.0,2126.0,1.0,1.0,0.0,1.0,1.0,0.0,5.0,2.0,0.2994039058685303,4.0,80000.0,0.21960212290287018,31.999046325683594,0.0,0.0,0.0,219.0,69520.0,0.0,219.0,2.0,135.0,4.0,54.0,1.0,1.0,3.0,0.0,0.0,3.0,0.0,0.0,0.0,1738.0,1738.0,1.0
1.739,8500.0,1158.0,3092.0,5408.0,7342.0,6374.0,6376.0,2124.0,2126.0,1.0,1.0,0.0,1.0,1.0,0.0,5.0,2.0,0.3074040412902832,4.0,80000.0,0.2276022583246231,31.999046325683594,0.0,0.0,0.0,219.0,69560.0,0.0,219.0,2.0,135.0,4.0,54.0,1.0,1.0,3.0,0.0,0.0,3.0,0.0,0.0,0.0,1739.0,1739.0,1.0
1.74,8500.0,1124.0,3126.0,5374.0,7376.0,6374.0,6376.0,2124.0,2126.0,1.0,1.0,0.0,1.0,1.0,0.0,5.0,2.0,0.31540417671203613,4.0,80000.0,0.23560239374637604,31.999046325683594,0.0,0.0,0.0,219.0,69600.0,0.0,219.0,2.0,135.0,4.0,54.0,1.0,1.0,3.0,0.0,0.0,3.0,0.0,0.0,0.0,1740.0,1740.0,1.0
1.741,8500.0,1090.0,3160.0,5340.0,7410.0,6374.0,6376.0,2124.0,2126.0,1.0,1.0,0.0,1.0,1.0,0.0,5.0,2.0,0.32340431213378906,4.0,80000.0,0.24360252916812897,31.999046325683594,0.0,0.0,0.0,219.0,69640.0,0.0,219.0,2.0,135.0,4.0,54.0,1.0,1.0,3.0,0.0,0.0,3.0,0.0,0.0,0.0,1741.0,1741.0,1.0
1.742,8500.0,1056.0,3194.0,5306.0,7444.0,6374.0,6376.0,2124.0,2126.0,1.0,1.0,0.0,1.0,1.0,0.0,5.0,2.0,0.331404447555542,4.0,80000.0,0.2516026496887207,31.999046325683594,0.0,0.0,0.0,219.0,69680.0,0.0,219.0,2.0,135.0,4.0,54.0,1.0,1.0,3.0,0.0,0.0,3.0,0.0,0.0,0.0,1742.0,1742.0,1.0
1.743,8500.0,1022.0,3228.0,5272.0,7478.0,6374.0,6376.0,2124.0,2126.0,1.0,1.0,0.0,1.0,1.0,0.0,5.0,2.0,0.3394045829772949,4.0,80000.0,0.25960278511047363,31.999046325683594,0.0,0.0,0.0,219.0,69720.0,0.0,219.0,2.0,135.0,4.0,54.0,1.0,1.0,3.0,0.0,0.0,3.0,0.0,0.0,0.0,1743.0,1743.0,1.0
1.744,8500.0,988.0,3262.0,5238.0,7512.0,6374.0,6376.0,2124.0,2126.0,1.0,1.0,0.0,1.0,1.0,0.0,5.0,2.0,0.34740471839904785,4.0,80000.0,0.26760292053222656,31.999046325683594,0.0,0.0,0.0,219.0,69760.0,0.0,219.0,2.0,135.0,4.0,54.0,1.0,1.0,3.0,0.0,0.0,3.0,0.0,0.0,0.0,1744.0,1744.0,1.0
1.745,8500.0,954.0,3296.0,5204.0,7546.0,6374.0,6376.0,2124.0,2126.0,1.0,1.0,0.0,1.0,1.0,0.0,5.0,2.0,0.3554048538208008,4.0,80000.0,0.2756030559539795,31.999046325683594,0.0,0.0,0.0,219.0,69800.0,0.0,219.0,2.0,135.0,4.0,54.0,1.0,1.0,3.0,0.0,0.0,3.0,0.0,0.0,0.0,1745.0,1745.0,1.0
1.746,8500.0,920.0,3330.0,5170.0,7580.0,6374.0,6376.0,2124.0,2126.0,1.0,1.0,0.0,1.0,1.0,0.0,5.0,2.0,0.3634049892425537,4.0,80000.0,0.2836031913757324,31.999046325683594,0.0,0.0,0.0,219.0,69840.0,0.0,219.0,2.0,135.0,4.0,54.0,1.0,1.0,3.0,0.0,0.0,3.0,0.0,0.0,0.0,1746.0,1746.0,1.0
1.747,8500.0,886.0,3364.0,5136.0,7614.0,6374.0,6376.0,2124.0,2126.0,1.0,1.0,0.0,1.0,1.0,0.0,5.0,2.0,0.37140512466430664,4.0,80000.0,0.29160332679748535,31.999046325683594,0.0,0.0,0.0,219.0,69880.0,0.0,219.0,2.0,135.0,4.0,54.0,1.0,1.0,3.0,0.0,0.0,3.0,0.0,0.0,0.0,1747.0,1747.0,1.0
1.748,8500.0,852.0,3398.0,5102.0,7648.0,6374.0,6376.0,2124.0,2126.0,1.0,1.0,0.0,1.0,1.0,0.0,5.0,2.0,0.37940526008605957,4.0,80000.0,0.2996034622192383,31.999046325683594,0.0,0.0,0.0,219.0,69920.0,0.0,219.0,2.0,135.0,4.0,54.0,1.0,1.0,3.0,0.0,0.0,3.0,0.0,0.0,0.0,1748.0,1748.0,1.0
1.749,8500.0,818.0,3432.0,5068.0,7682.0,6374.0,6376.0,2124.0,2126.0,1.0,1.0,0.0,1.0,1.0,0.0,5.0,2.0,0.3874053955078125,4.0,80000.0,0.3076035976409912,31.999046325683594,0.0,0.0,0.0,219.0,69960.0,0.0,219.0,2.0,135.0,4.0,54.0,1.0,1.0,3.0,0.0,0.0,3.0,0.0,0.0,0.0,1749.0,1749.0,1.0
1.75,8500.0,784.0,3466.0,5034.0,7716.0,6374.0,6376.0,2124.0,2126.0,1.0,1.0,0.0,1.0,1.0,0.0,5.0,2.0,0.39540553092956543,4.0,80000.0,0.31560373306274414,31.999046325683594,0.0,0.0,0.0,219.0,70000.0,0.0,219.0,2.0,135.0,4.0,54.0,1.0,1.0,3.0,0.0,0.0,3.0,0.0,0.0,0.0,1750.0,1750.0,1.0
1.7510000000000001,8500.0,750.0,3500.0,5000.0,7750.0,6374.0,6376.0,2124.0,2126.0,1.0,1.0,0.0,1.0,1.0,0.0,5.0,2.0,0.40340566635131836,4.0,80000.0,0.32360386848449707,31.999046325683594,0.0,0.0,0.0,219.0,70040.0,0.0,219.0,2.0,135.0,4.0,54.0,1.0,1.0,3.0,0.0,0.0,3.0,0.0,0.0,0.0,1751.0,1751.0,1.0
1.752,8500.0,716.0,3534.0,4966.0,7784.0,6374.0,6376.0,2124.0,2126.0,1.0,1.0,0.0,1.0,1.0,0.0,5.0,2.0,0.4114058017730713,4.0,80000.0,0.33160400390625,31.999046325683594,0.0,0.0,0.0,219.0,70080.0,0.0,219.0,2.0,135.0,4.0,54.0,1.0,1.0,3.0,0.0,0.0,3.0,0.0,0.0,0.0,1752.0,1752.0,1.0
1.7530000000000001,8500.0,682.0,3568.0,4932.0,7818.0,6374.0,6376.0,2124.0,2126.0,1.0,1.0,0.0,1.0,1.0,0.0,5.0,2.0,0.4194059371948242,4.0,80000.0,0.33960413932800293,31.999046325683594,0.0,0.0,0.0,219.0,70120.0,0.0,219.0,2.0,135.0,4.0,54.0,1.0,1.0,3.0,0.0,0.0,3.0,0.0,0.0,0.0,1753.0,1753.0,1.0
1.754,8500.0,648.0,3602.0,4898.0,7852.0,6374.0,6376.0,2124.0,2126.0,1.0,1.0,0.0,1.0,1.0,0.0,5.0,2.0,0.42740607261657715,4.0,80000.0,0.34760427474975586,31.999046325683594,0.0,0.0,0.0,219.0,70160.0,0.0,219.0,2.0,135.0,4.0,54.0,1.0,1.0,3.0,0.0,0.0,3.0,0.0,0.0,0.0,1754.0,1754.0,1.0
1.7550000000000001,8500.0,614.0,3636.0,4864.0,7886.0,6374.0,6376.0,2124.0,2126.0,1.0,1.0,0.0,1.0,1.0,0.0,5.0,2.0,0.4354062080383301,4.0,80000.0,0.3556044101715088,31.999046325683594,0.0,0.0,0.0,219.0,70200.0,0.0,219.0,2.0,135.0,4.0,54.0,1.0,1.0,3.0,0.0,0.0,3.0,0.0,0.0,0.0,1755.0,1755.0,1.0
1.756,8500.0,580.0,3670.0,4830.0,7920.0,6374.0,6376.0,2124.0,2126.0,1.0,1.0,0.0,1.0,1.0,0.0,5.0,2.0,0.443406343460083,4.0,80000.0,0.3636045455932617,31.999046325683594,0.0,0.0,0.0,219.0,70240.0,0.0,219.0,2.0,135.0,4.0,54.0,1.0,1.0,3.0,0.0,0.0,3.0,0.0,0.0,0.0,1756.0,1756.0,1.0
1.7570000000000001,8500.0,546.0,3704.0,4796.0,7954.0,6374.0,6376.0,2124.0,2126.0,1.0,1.0,0.0,1.0,1.0,0.0,5.0,2.0,0.45140647888183594,4.0,80000.0,0.37160468101501465,31.999046325683594,0.0,0.0,0.0,219.0,70280.0,0.0,219.0,2.0,135.0,4.0,54.0,1.0,1.0,3.0,0.0,0.0,3.0,0.0,0.0,0.0,1757.0,1757.0,1.0
1.758,8500.0,512.0,3738.0,4762.0,7988.0,6374.0,6376.0,2124.0,2126.0,1.0,1.0,0.0,1.0,1.0,0.0,5.0,2.0,0.45940661430358887,4.0,80000.0,0.3796048164367676,31.999046325683594,0.0,0.0,0.0,219.0,70320.0,0.0,219.0,2.0,135.0,4.0,54.0,1.0,1.0,3.0,0.0,0.0,3.0,0.0,0.0,0.0,1758.0,1758.0,1.0
1.7590000000000001,8500.0,478.0,3772.0,4728.0,8022.0,6374.0,6376.0,2124.0,2126.0,1.0,1.0,0.0,1.0,1.0,0.0,5.0,2.0,0.4674067497253418,4.0,80000.0,0.3876049518585205,31.999046325683594,0.0,0.0,0.0,219.0,70360.0,0.0,219.0,2.0,135.0,4.0,54.0,1.0,1.0,3.0,0.0,0.0,3.0,0.0,0.0,0.0,1759.0,1759.0,1.0
1.76,8500.0,444.0,3806.0,4694.0,8056.0,6374.0,6376.0,2124.0,2126.0,1.0,1.0,0.0,1.0,1.0,0.0,5.0,2.0,0.4754068851470947,4.0,80000.0,0.39560508728027344,31.999046325683594,0.0,0.0,0.0,219.0,70400.0,0.0,219.0,2.0,135.0,4.0,54.0,1.0,1.0,3.0,0.0,0.0,3.0,0.0,0.0,0.0,1760.0,1760.0,1.0
1.7610000000000001,8500.0,425.0,3825.0,4675.0,8075.0,6374.0,6376.0,2124.0,2126.0,1.0,1.0,0.0,1.0,1.0,0.0,5.0,2.0,0.48340702056884766,4.0,80000.0,0.4000000059604645,31.999046325683594,0.0,0.0,0.0,219.0,70440.0,0.0,219.0,2.0,135.0,4.0,54.0,1.0,1.0,3.0,0.0,0.0,3.0,0.0,0.0,0.0,1761.0,1761.0,1.0
1.762,8500.0,425.0,3825.0,4675.0,8075.0,6374.0,6376.0,2124.0,2126.0,1.0,1.0,0.0,1.0,1.0,0.0,5.0,2.0,0.4914071559906006,4.0,80000.0,0.4000000059604645,31.999046325683594,0.0,0.0,0.0,219.0,70480.0,0.0,219.0,2.0,135.0,4.0,54.0,1.0,1.0,3.0,0.0,0.0,3.0,0.0,0.0,0.0,1762.0,1762.0,1.0
1.7630000000000001,8500.0,425.0,3825.0,4675.0,8075.0,6374.0,6376.0,2124.0,2126.0,1.0,1.0,0.0,1.0,1.0,0.0,5.0,2.0,0.4994072914123535,4.0,80000.0,0.4000000059604645,31.999046325683594,0.0,0.0,0.0,219.0,70520.0,0.0,219.0,2.0,135.0,4.0,54.0,1.0,1.0,3.0,0.0,0.0,3.0,0.0,0.0,0.0,1763.0,1763.0,1.0
1.764,8500.0,425.0,3825.0,4675.0,8075.0,6374.0,6376.0,2124.0,2126.0,1.0,1.0,0.0,1.0,1.0,0.0,5.0,2.0,0.5074062943458557,4.0,80000.0,0.4000000059604645,31.999046325683594,0.0,0.0,0.0,219.0,70560.0,0.0,219.0,2.0,135.0,4.0,54.0,1.0,1.0,3.0,0.0,0.0,3.0,0.0,0.0,0.0,1764.0,1764.0,1.0
1.7650000000000001,8500.0,425.0,3825.0,4675.0,8075.0,6374.0,6376.0,2124.0,2126.0,1.0,1.0,0.0,1.0,1.0,0.0,5.0,2.0,0.5154052376747131,4.0,80000.0,0.4000000059604645,31.999046325683594,0.0,0.0,0.0,219.0,70600.0,0.0,219.0,2.0,135.0,4.0,54.0,1.0,1.0,3.0,0.0,0.0,3.0,0.0,0.0,0.0,1765.0,1765.0,1.0
1.766,8500.0,425.0,3825.0,4675.0,8075.0,6374.0,6376.0,2124.0,2126.0,1.0,1.0,0.0,1.0,1.0,0.0,5.0,2.0,0.5234041810035706,4.0,80000.0,0.4000000059604645,31.999046325683594,0.0,0.0,0.0,219.0,70640.0,0.0,219.0,2.0,135.0,4.0,54.0,1.0,1.0,3.0,0.0,0.0,3.0,0.0,0.0,0.0,1766.0,1766.0,1.0
1.7670000000000001,8500.0,425.0,3825.0,4675.0,8075.0,6374.0,6376.0,2124.0,2126.0,1.0,1.0,0.0,1.0,1.0,0.0,5.0,2.0,0.531403124332428,4.0,80000.0,0.4000000059604645,31.999046325683594,0.0,0.0,0.0,219.0,70680.0,0.0,219.0,2.0,135.0,4.0,54.0,1.0,1.0,3.0,0.0,0.0,3.0,0.0,0.0,0.0,1767.0,1767.0,1.0
1.768,8500.0,425.0,3825.0,4675.0,8075.0,6374.0,6376.0,2124.0,2126.0,1.0,1.0,0.0,1.0,1.0,0.0,5.0,2.0,0.5394020676612854,4.0,80000.0,0.4000000059604645,31.999046325683594,0.0,0.0,0.0,219.0,70720.0,0.0,219.0,2.0,135.0,4.0,54.0,1.0,1.0,3.0,0.0,0.0,3.0,0.0,0.0,0.0,1768.0,1768.0,1.0
1.7690000000000001,8500.0,425.0,3825.0,4675.0,8075.0,6374.0,6376.0,2124.0,2126.0,1.0,1.0,0.0,1.0,1.0,0.0,5.0,2.0,0.5474010109901428,4.0,80000.0,0.4000000059604645,31.999046325683594,0.0,0.0,0.0,219.0,70760.0,0.0,219.0,2.0,135.0,4.0,54.0,1.0,1.0,3.0,0.0,0.0,3.0,0.0,0.0,0.0,1769.0,1769.0,1.0
1.77,8500.0,425.0,3825.0,4675.0,8075.0,6374.0,6376.0,2124.0,2126.0,1.0,1.0,0.0,1.0,1.0,0.0,5.0,2.0,0.5553999543190002,4.0,80000.0,0.4000000059604645,31.999046325683594,0.0,0.0,0.0,219.0,70800.0,0.0,219.0,2.0,135.0,4.0,54.0,1.0,1.0,3.0,0.0,0.0,3.0,0.0,0.0,0.0,1770.0,1770.0,1.0
1.7710000000000001,8500.0,425.0,3825.0,4675.0,8075.0,6374.0,6376.0,2124.0,2126.0,1.0,1.0,0.0,1.0,1.0,0.0,5.0,2.0,0.5633988976478577,4.0,80000.0,0.4000000059604645,31.999046325683594,0.0,0.0,0.0,219.0,70840.0,0.0,219.0,2.0,135.0,4.0,54.0,1.0,1.0,3.0,0.0,0.0,3.0,0.0,0.0,0.0,1771.0,1771.0,1.0
1.772,8500.0,425.0,3825.0,4675.0,8075.0,6374.0,6376.0,2124.0,2126.0,1.0,1.0,0.0,1.0,1.0,0.0,5.0,2.0,0.5713978409767151,4.0,80000.0,0.4000000059604645,31.999046325683594,0.0,0.0,0.0,219.0,70880.0,0.0,219.0,2.0,135.0,4.0,54.0,1.0,1.0,3.0,0.0,0.0,3.0,0.0,0.0,0.0,1772.0,1772.0,1.0
1.7730000000000001,8500.0,425.0,3825.0,4675.0,8075.0,6374.0,6376.0,2124.0,2126.0,1.0,1.0,0.0,1.0,1.0,0.0,5.0,2.0,0.5793967843055725,4.0,80000.0,0.4000000059604645,31.999046325683594,0.0,0.0,0.0,219.0,70920.0,0.0,219.0,2.0,135.0,4.0,54.0,1.0,1.0,3.0,0.0,0.0,3.0,0.0,0.0,0.0,1773.0,1773.0,1.0
1.774,8500.0,425.0,3825.0,4675.0,8075.0,6374.0,6376.0,2124.0,2126.0,1.0,1.0,0.0,1.0,1.0,0.0,5.0,2.0,0.5873957276344299,4.0,80000.0,0.4000000059604645,31.999046325683594,0.0,0.0,0.0,219.0,70960.0,0.0,219.0,2.0,135.0,4.0,54.0,1.0,1.0,3.0,0.0,0.0,3.0,0.0,0.0,0.0,1774.0,1774.0,1.0
1.7750000000000001,8500.0,425.0,3825.0,4675.0,8075.0,6374.0,6376.0,2124.0,2126.0,1.0,1.0,0.0,1.0,1.0,0.0,5.0,2.0,0.5953946709632874,4.0,80000.0,0.4000000059604645,31.999046325683594,0.0,0.0,0.0,219.0,71000.0,0.0,219.0,2.0,135.0,4.0,54.0,1.0,1.0,3.0,0.0,0.0,3.0,0.0,0.0,0.0,1775.0,1775.0,1.0
1.776,8500.0,425.0,3825.0,4675.0,8075.0,6374.0,6376.0,2124.0,2126.0,1.0,1.0,0.0,1.0,1.0,0.0,5.0,2.0,0.6033936142921448,4.0,80000.0,0.4000000059604645,31.999046325683594,0.0,0.0,0.0,219.0,71040.0,0.0,219.0,2.0,135.0,4.0,54.0,1.0,1.0,3.0,0.0,0.0,3.0,0.0,0.0,0.0,1776.0,1776.0,1.0
1.7770000000000001,8500.0,425.0,3825.0,4675.0,8075.0,6374.0,6376.0,2124.0,2126.0,1.0,1.0,0.0,1.0,1.0,0.0,5.0,2.0,0.6113925576210022,4.0,80000.0,0.4000000059604645,31.999046325683594,0.0,0.0,0.0,219.0,71080.0,0.0,219.0,2.0,135.0,4.0,54.0,1.0,1.0,3.0,0.0,0.0,3.0,0.0,0.0,0.0,1777.0,1777.0,1.0
1.778,8500.0,425.0,3825.0,4675.0,8075.0,6374.0,6376.0,2124.0,2126.0,1.0,1.0,0.0,1.0,1.0,0.0,5.0,2.0,0.6193915009498596,4.0,80000.0,0.4000000059604645,31.999046325683594,0.0,0.0,0.0,219.0,71120.0,0.0,219.0,2.0,135.0,4.0,54.0,1.0,1.0,3.0,0.0,0.0,3.0,0.0,0.0,0.0,1778.0,1778.0,1.0
1.7790000000000001,8500.0,425.0,3825.0,4675.0,8075.0,6374.0,6376.0,2124.0,2126.0,1.0,1.0,0.0,1.0,1.0,0.0,5.0,2.0,0.627390444278717,4.0,80000.0,0.4000000059604645,31.999046325683594,0.0,0.0,0.0,219.0,71160.0,0.0,219.0,2.0,135.0,4.0,54.0,1.0,1.0,3.0,0.0,0.0,3.0,0.0,0.0,0.0,1779.0,1779.0,1.0
1.78,8500.0,425.0,3825.0,4675.0,8075.0,6374.0,6376.0,2124.0,2126.0,1.0,1.0,0.0,1.0,1.0,0.0,5.0,2.0,0.6353893876075745,4.0,80000.0,0.4000000059604645,31.999046325683594,0.0,0.0,0.0,219.0,71200.0,0.0,219.0,2.0,135.0,4.0,54.0,1.0,1.0,3.0,0.0,0.0,3.0,0.0,0.0,0.0,1780.0,1780.0,1.0
1.7810000000000001,8500.0,425.0,3825.0,4675.0,8075.0,6374.0,6376.0,2124.0,2126.0,1.0,1.0,0.0,1.0,1.0,0.0,5.0,2.0,0.6433883309364319,4.0,80000.0,0.4000000059604645,31.999046325683594,0.0,0.0,0.0,219.0,71240.0,0.0,219.0,2.0,135.0,4.0,54.0,1.0,1.0,3.0,0.0,0.0,3.0,0.0,0.0,0.0,1781.0,1781.0,1.0
1.782,8500.0,425.0,3825.0,4675.0,8075.0,6374.0,6376.0,2124.0,2126.0,1.0,1.0,0.0,1.0,1.0,0.0,5.0,2.0,0.6513872742652893,4.0,80000.0,0.4000000059604645,31.999046325683594,0.0,0.0,0.0,219.0,71280.0,0.0,219.0,2.0,135.0,4.0,54.0,1.0,1.0,3.0,0.0,0.0,3.0,0.0,0.0,0.0,1782.0,1782.0,1.0
1.7830000000000001,8500.0,425.0,3825.0,4675.0,8075.0,6374.0,6376.0,2124.0,2126.0,1.0,1.0,0.0,1.0,1.0,0.0,5.0,2.0,0.6593862175941467,4.0,80000.0,0.4000000059604645,31.999046325683594,0.0,0.0,0.0,219.0,71320.0,0.0,219.0,2.0,135.0,4.0,54.0,1.0,1.0,3.0,0.0,0.0,3.0,0.0,0.0,0.0,1783.0,1783.0,1.0
1.784,8500.0,425.0,3825.0,4675.0,8075.0,6374.0,6376.0,2124.0,2126.0,1.0,1.0,0.0,1.0,1.0,0.0,5.0,2.0,0.6673851609230042,4.0,80000.0,0.4000000059604645,31.999046325683594,0.0,0.0,0.0,219.0,71360.0,0.0,219.0,2.0,135.0,4.0,54.0,1.0,1.0,3.0,0.0,0.0,3.0,0.0,0.0,0.0,1784.0,1784.0,1.0
1.7850000000000001,8500.0,425.0,3825.0,4675.0,8075.0,6374.0,6376.0,2124.0,2126.0,1.0,1.0,0.0,1.0,1.0,0.0,5.0,2.0,0.6753841042518616,4.0,80000.0,0.4000000059604645,31.999046325683594,0.0,0.0,0.0,219.0,71400.0,0.0,219.0,2.0,135.0,4.0,54.0,1.0,1.0,3.0,0.0,0.0,3.0,0.0,0.0,0.0,1785.0,1785.0,1.0
1.786,8500.0,425.0,3825.0,4675.0,8075.0,6374.0,6376.0,2124.0,2126.0,1.0,1.0,0.0,1.0,1.0,0.0,5.0,2.0,0.683383047580719,4.0,80000.0,0.4000000059604645,31.999046325683594,0.0,0.0,0.0,219.0,71440.0,0.0,219.0,2.0,135.0,4.0,54.0,1.0,1.0,3.0,0.0,0.0,3.0,0.0,0.0,0.0,1786.0,1786.0,1.0
1.7870000000000001,8500.0,425.0,3825.0,4675.0,8075.0,6374.0,6376.0,2124.0,2126.0,1.0,1.0,0.0,1.0,1.0,0.0,5.0,2.0,0.6913819909095764,4.0,80000.0,0.4000000059604645,31.999046325683594,0.0,0.0,0.0,219.0,71480.0,0.0,219.0,2.0,135.0,4.0,54.0,1.0,1.0,3.0,0.0,0.0,3.0,0.0,0.0,0.0,1787.0,1787.0,1.0
1.788,8500.0,425.0,3825.0,4675.0,8075.0,6374.0,6376.0,2124.0,2126.0,1.0,1.0,0.0,1.0,1.0,0.0,5.0,2.0,0.6993809342384338,4.0,80000.0,0.4000000059604645,31.999046325683594,0.0,0.0,0.0,219.0,71520.0,0.0,219.0,2.0,135.0,4.0,54.0,1.0,1.0,3.0,0.0,0.0,3.0,0.0,0.0,0.0,1788.0,1788.0,1.0
1.7890000000000001,8500.0,425.0,3825.0,4675.0,8075.0,6374.0,6376.0,2124.0,2126.0,1.0,1.0,0.0,1.0,1.0,0.0,5.0,2.0,0.7073798775672913,4.0,80000.0,0.4000000059604645,31.999046325683594,0.0,0.0,0.0,219.0,71560.0,0.0,219.0,2.0,135.0,4.0,54.0,1.0,1.0,3.0,0.0,0.0,3.0,0.0,0.0,0.0,1789.0,1789.0,1.0
1.79,8500.0,425.0,3825.0,4675.0,8075.0,6374.0,6376.0,2124.0,2126.0,1.0,1.0,0.0,1.0,1.0,0.0,5.0,2.0,0.7153788208961487,4.0,80000.0,0.4000000059604645,31.999046325683594,0.0,0.0,0.0,219.0,71600.0,0.0,219.0,2.0,135.0,4.0,54.0,1.0,1.0,3.0,0.0,0.0,3.0,0.0,0.0,0.0,1790.0,1790.0,1.0
1.7910000000000001,8500.0,425.0,3825.0,4675.0,8075.0,6374.0,6376.0,2124.0,2126.0,1.0,1.0,0.0,1.0,1.0,0.0,5.0,2.0,0.7233777642250061,4.0,80000.0,0.4000000059604645,31.999046325683594,0.0,0.0,0.0,219.0,71640.0,0.0,219.0,2.0,135.0,4.0,54.0,1.0,1.0,3.0,0.0,0.0,3.0,0.0,0.0,0.0,1791.0,1791.0,1.0
1.792,8500.0,425.0,3825.0,4675.0,8075.0,6374.0,6376.0,2124.0,2126.0,1.0,1.0,0.0,1.0,1.0,0.0,5.0,2.0,0.7313767075538635,4.0,80000.0,0.4000000059604645,31.999046325683594,0.0,0.0,0.0,219.0,71680.0,0.0,219.0,2.0,135.0,4.0,54.0,1.0,1.0,3.0,0.0,0.0,3.0,0.0,0.0,0.0,1792.0,1792.0,1.0
1.7930000000000001,8500.0,425.0,3825.0,4675.0,8075.0,6374.0,6376.0,2124.0,2126.0,1.0,1.0,0.0,1.0,1.0,0.0,5.0,2.0,0.739375650882721,4.0,80000.0,0.4000000059604645,31.999046325683594,0.0,0.0,0.0,219.0,71720.0,0.0,219.0,2.0,135.0,4.0,54.0,1.0,1.0,3.0,0.0,0.0,3.0,0.0,0.0,0.0,1793.0,1793.0,1.0
1.794,8500.0,425.0,3825.0,4675.0,8075.0,6374.0,6376.0,2124.0,2126.0,1.0,1.0,0.0,1.0,1.0,0.0,5.0,2.0,0.7473745942115784,4.0,80000.0,0.4000000059604645,31.999046325683594,0.0,0.0,0.0,219.0,71760.0,0.0,219.0,2.0,135.0,4.0,54.0,1.0,1.0,3.0,0.0,0.0,3.0,0.0,0.0,0.0,1794.0,1794.0,1.0
1.7950000000000002,8500.0,425.0,3825.0,4675.0,8075.0,6374.0,6376.0,2124.0,2126.0,1.0,1.0,0.0,1.0,1.0,0.0,5.0,2.0,0.7553735375404358,4.0,80000.0,0.4000000059604645,31.999046325683594,0.0,0.0,0.0,219.0,71800.0,0.0,219.0,2.0,135.0,4.0,54.0,1.0,1.0,3.0,0.0,0.0,3.0,0.0,0.0,0.0,1795.0,1795.0,1.0
1.796,8500.0,425.0,3825.0,4675.0,8075.0,6374.0,6376.0,2124.0,2126.0,1.0,1.0,0.0,1.0,1.0,0.0,5.0,2.0,0.7633724808692932,4.0,80000.0,0.4000000059604645,31.999046325683594,0.0,0.0,0.0,219.0,71840.0,0.0,219.0,2.0,135.0,4.0,54.0,1.0,1.0,3.0,0.0,0.0,3.0,0.0,0.0,0.0,1796.0,1796.0,1.0
1.7970000000000002,8500.0,425.0,3825.0,4675.0,8075.0,6374.0,6376.0,2124.0,2126.0,1.0,1.0,0.0,1.0,1.0,0.0,5.0,2.0,0.7713714241981506,4.0,80000.0,0.4000000059604645,31.999046325683594,0.0,0.0,0.0,219.0,71880.0,0.0,219.0,2.0,135.0,4.0,54.0,1.0,1.0,3.0,0.0,0.0,3.0,0.0,0.0,0.0,1797.0,1797.0,1.0
1.798,8500.0,425.0,3825.0,4675.0,8075.0,6374.0,6376.0,2124.0,2126.0,1.0,1.0,0.0,1.0,1.0,0.0,5.0,2.0,0.7793703675270081,4.0,80000.0,0.4000000059604645,31.999046325683594,0.0,0.0,0.0,219.0,71920.0,0.0,219.0,2.0,135.0,4.0,54.0,1.0,1.0,3.0,0.0,0.0,3.0,0.0,0.0,0.0,1798.0,1798.0,1.0
1.7990000000000002,8500.0,425.0,3825.0,4675.0,8075.0,6374.0,6376.0,2124.0,2126.0,1.0,1.0,0.0,1.0,1.0,0.0,5.0,2.0,0.7873693108558655,4.0,80000.0,0.4000000059604645,31.999046325683594,0.0,0.0,0.0,219.0,71960.0,0.0,219.0,2.0,135.0,4.0,54.0,1.0,1.0,3.0,0.0,0.0,3.0,0.0,0.0,0.0,1799.0,1799.0,1.0
1.8,8500.0,425.0,3825.0,4675.0,8075.0,6374.0,6376.0,2124.0,2126.0,1.0,1.0,0.0,1.0,1.0,0.0,5.0,2.0,0.7953682541847229,4.0,80000.0,0.4000000059604645,31.999046325683594,0.0020000000949949026,0.0,0.0,219.0,72000.0,0.0,219.0,2.0,135.0,4.0,54.0,1.0,1.0,3.0,0.0,0.0,3.0,0.0,0.0,0.0,1800.0,1800.0,1.0
1.8010000000000002,8500.0,460.0,3790.0,4710.0,8040.0,6374.0,6376.0,2124.0,2126.0,1.0,1.0,0.0,1.0,1.0,0.0,5.0,2.0,0.7959681749343872,4.0,80000.0,0.3917998671531677,31.999046325683594,0.0803811103105545,0.0,0.0,219.0,72040.0,0.0,219.0,2.0,135.0,4.0,54.0,1.0,1.0,3.0,0.0,0.0,3.0,0.0,0.0,0.0,1801.0,1801.0,1.0
1.802,8500.0,494.0,3756.0,4744.0,8006.0,6374.0,6376.0,2124.0,2126.0,1.0,1.0,0.0,1.0,1.0,0.0,5.0,2.0,0.7959681749343872,4.0,80000.0,0.3837997317314148,31.999046325683594,0.15568742156028748,0.0,0.0,219.0,72080.0,0.0,219.0,2.0,135.0,4.0,54.0,1.0,1.0,3.0,0.0,0.0,3.0,0.0,0.0,0.0,1802.0,1802.0,1.0
1.8030000000000002,8500.0,528.0,3722.0,4778.0,7972.0,6374.0,6376.0,2124.0,2126.0,1.0,1.0,0.0,1.0,1.0,0.0,5.0,2.0,0.7959681749343872,4.0,80000.0,0.37579959630966187,31.999046325683594,0.2280396968126297,0.0,0.0,219.0,72120.0,0.0,219.0,2.0,135.0,4.0,54.0,1.0,1.0,3.0,0.0,0.0,3.0,0.0,0.0,0.0,1803.0,1803.0,1.0
1.804,8500.0,562.0,3688.0,4812.0,7938.0,6374.0,6376.0,2124.0,2126.0,1.0,1.0,0.0,1.0,1.0,0.0,5.0,2.0,0.7959681749343872,4.0,80000.0,0.36779946088790894,31.999046325683594,0.2975536584854126,0.0,0.0,219.0,72160.0,0.0,219.0,2.0,135.0,4.0,54.0,1.0,1.0,3.0,0.0,0.0,3.0,0.0,0.0,0.0,1804.0,1804.0,1.0
1.8050000000000002,8500.0,596.0,3654.0,4846.0,7904.0,6374.0,6376.0,2124.0,2126.0,1.0,1.0,0.0,1.0,1.0,0.0,5.0,2.0,0.7959681749343872,4.0,80000.0,0.359799325466156,31.999046325683594,0.364340603351593,0.0,0.0,219.0,72200.0,0.0,219.0,2.0,135.0,4.0,54.0,1.0,1.0,3.0,0.0,0.0,3.0,0.0,0.0,0.0,1805.0,1805.0,1.0
1.806,8500.0,630.0,3620.0,4880.0,7870.0,6374.0,6376.0,2124.0,2126.0,1.0,1.0,0.0,1.0,1.0,0.0,5.0,2.0,0.7959681749343872,4.0,80000.0,0.3517991900444031,31.999046325683594,0.4285074472427368,0.0,0.0,219.0,72240.0,0.0,219.0,2.0,135.0,4.0,54.0,1.0,1.0,3.0,0.0,0.0,3.0,0.0,0.0,0.0,1806.0,1806.0,1.0
1.8070000000000002,8500.0,664.0,3586.0,4914.0,7836.0,6374.0,6376.0,2124.0,2126.0,1.0,1.0,0.0,1.0,1.0,0.0,5.0,2.0,0.7959681749343872,4.0,80000.0,0.34379905462265015,31.999046325683594,0.4901571273803711,0.0,0.0,219.0,72280.0,0.0,219.0,2.0,135.0,4.0,54.0,1.0,1.0,3.0,0.0,0.0,3.0,0.0,0.0,0.0,1807.0,1807.0,1.0
1.808,8500.0,698.0,3552.0,4948.0,7802.0,6374.0,6376.0,2124.0,2126.0,1.0,1.0,0.0,1.0,1.0,0.0,5.0,2.0,0.7959681749343872,4.0,80000.0,0.3357989192008972,31.999046325683594,0.5493873357772827,0.0,0.0,219.0,72320.0,0.0,219.0,2.0,135.0,4.0,54.0,1.0,1.0,3.0,0.0,0.0,3.0,0.0,0.0,0.0,1808.0,1808.0,1.0
1.8090000000000002,8500.0,732.0,3518.0,4982.0,7768.0,6374.0,6376.0,2124.0,2126.0,1.0,1.0,0.0,1.0,1.0,0.0,5.0,2.0,0.7959681749343872,4.0,80000.0,0.3277987837791443,31.999046325683594,0.6062938570976257,0.0,0.0,219.0,72360.0,0.0,219.0,2.0,135.0,4.0,54.0,1.0,1.0,3.0,0.0,0.0,3.0,0.0,0.0,0.0,1809.0,1809.0,1.0
1.81,8500.0,766.0,3484.0,5016.0,7734.0,6374.0,6376.0,2124.0,2126.0,1.0,1.0,0.0,1.0,1.0,0.0,5.0,2.0,0.7959681749343872,4.0,80000.0,0.31979864835739136,31.999046325683594,0.6609678864479065,0.0,0.0,219.0,72400.0,0.0,219.0,2.0,135.0,4.0,54.0,1.0,1.0,3.0,0.0,0.0,3.0,0.0,0.0,0.0,1810.0,1810.0,1.0
1.8110000000000002,8500.0,800.0,3450.0,5050.0,7700.0,6374.0,6376.0,2124.0,2126.0,1.0,1.0,0.0,1.0,1.0,0.0,5.0,2.0,0.7959681749343872,4.0,80000.0,0.3117985129356384,31.999046325683594,0.7134971618652344,0.0,0.0,219.0,72440.0,0.0,219.0,2.0,135.0,4.0,54.0,1.0,1.0,3.0,0.0,0.0,3.0,0.0,0.0,0.0,1811.0,1811.0,1.0
1.812,8500.0,834.0,3416.0,5084.0,7666.0,6374.0,6376.0,2124.0,2126.0,1.0,1.0,0.0,1.0,1.0,0.0,5.0,2.0,0.7959681749343872,4.0,80000.0,0.3037983775138855,31.999046325683594,0.7639656662940979,0.0,0.0,219.0,72480.0,0.0,219.0,2.0,135.0,4.0,54.0,1.0,1.0,3.0,0.0,0.0,3.0,0.0,0.0,0.0,1812.0,1812.0,1.0
1.8130000000000002,8500.0,868.0,3382.0,5118.0,7632.0,6374.0,6376.0,2124.0,2126.0,1.0,1.0,0.0,1.0,1.0,0.0,5.0,2.0,0.7959681749343872,4.0,80000.0,0.29579824209213257,31.999046325683594,0.8124542236328125,0.0,0.0,219.0,72520.0,0.0,219.0,2.0,135.0,4.0,54.0,1.0,1.0,3.0,0.0,0.0,3.0,0.0,0.0,0.0,1813.0,1813.0,1.0
1.814,8500.0,902.0,3348.0,5152.0,7598.0,6374.0,6376.0,2124.0,2126.0,1.0,1.0,0.0,1.0,1.0,0.0,5.0,2.0,0.7959681749343872,4.0,80000.0,0.28779810667037964,31.999046325683594,0.8590407371520996,0.0,0.0,219.0,72560.0,0.0,219.0,2.0,135.0,4.0,54.0,1.0,1.0,3.0,0.0,0.0,3.0,0.0,0.0,0.0,1814.0,1814.0,1.0
1.8150000000000002,8500.0,936.0,3314.0,5186.0,7564.0,6374.0,6376.0,2124.0,2126.0,1.0,1.0,0.0,1.0,1.0,0.0,5.0,2.0,0.7959681749343872,4.0,80000.0,0.2797979712486267,31.999046325683594,0.9037996530532837,0.0,0.0,219.0,72600.0,0.0,219.0,2.0,135.0,4.0,54.0,1.0,1.0,3.0,0.0,0.0,3.0,0.0,0.0,0.0,1815.0,1815.0,1.0
1.816,8500.0,970.0,3280.0,5220.0,7530.0,6374.0,6376.0,2124.0,2126.0,1.0,1.0,0.0,1.0,1.0,0.0,5.0,2.0,0.7959681749343872,4.0,80000.0,0.2717978358268738,31.999046325683594,0.9468030333518982,0.0,0.0,219.0,72640.0,0.0,219.0,2.0,135.0,4.0,54.0,1.0,1.0,3.0,0.0,0.0,3.0,0.0,0.0,0.0,1816.0,1816.0,1.0
1.8170000000000002,8500.0,1004.0,3246.0,5254.0,7496.0,6374.0,6376.0,2124.0,2126.0,1.0,1.0,0.0,1.0,1.0,0.0,5.0,2.0,0.7959681749343872,4.0,80000.0,0.26379770040512085,31.999046325683594,0.9881191849708557,0.0,0.0,219.0,72680.0,0.0,219.0,2.0,135.0,4.0,54.0,1.0,1.0,3.0,0.0,0.0,3.0,0.0,0.0,0.0,1817.0,1817.0,1.0
1.818,8500.0,1038.0,3212.0,5288.0,7462.0,6374.0,6376.0,2124.0,2126.0,1.0,1.0,0.0,1.0,1.0,0.0,5.0,2.0,0.7959681749343872,4.0,80000.0,0.2557975649833679,31.999046325683594,1.0278143882751465,0.0,0.0,219.0,72720.0,0.0,219.0,2.0,135.0,4.0,54.0,1.0,1.0,3.0,0.0,0.0,3.0,0.0,0.0,0.0,1818.0,1818.0,1.0
1.8190000000000002,8500.0,1072.0,3178.0,5322.0,7428.0,6374.0,6376.0,2124.0,2126.0,1.0,1.0,0.0,1.0,1.0,0.0,5.0,2.0,0.7959681749343872,4.0,80000.0,0.247797429561615,31.999046325683594,1.065953016281128,0.0,0.0,219.0,72760.0,0.0,219.0,2.0,135.0,4.0,54.0,1.0,1.0,3.0,0.0,0.0,3.0,0.0,0.0,0.0,1819.0,1819.0,1.0
1.82,8500.0,1106.0,3144.0,5356.0,7394.0,6374.0,6376.0,2124.0,2126.0,1.0,1.0,0.0,1.0,1.0,0.0,5.0,2.0,0.7959681749343872,4.0,80000.0,0.23979729413986206,31.999046325683594,1.1025949716567993,0.0,0.0,219.0,72800.0,0.0,219.0,2.0,135.0,4.0,54.0,1.0,1.0,3.0,0.0,0.0,3.0,0.0,0.0,0.0,1820.0,1820.0,1.0
1.8210000000000002,8500.0,1140.0,3110.0,5390.0,7360.0,6374.0,6376.0,2124.0,2126.0,1.0,1.0,0.0,1.0,1.0,0.0,5.0,2.0,0.7959681749343872,4.0,80000.0,0.23179715871810913,31.999046325683594,1.1377995014190674,0.0,0.0,219.0,72840.0,0.0,219.0,2.0,135.0,4.0,54.0,1.0,1.0,3.0,0.0,0.0,3.0,0.0,0.0,0.0,1821.0,1821.0,1.0
1.822,8500.0,1174.0,3076.0,5424.0,7326.0,6374.0,6376.0,2124.0,2126.0,1.0,1.0,0.0,1.0,1.0,0.0,5.0,2.0,0.7959681749343872,4.0,80000.0,0.2237970232963562,31.999046325683594,1.1716233491897583,0.0,0.0,219.0,72880.0,0.0,219.0,2.0,135.0,4.0,54.0,1.0,1.0,3.0,0.0,0.0,3.0,0.0,0.0,0.0,1822.0,1822.0,1.0
1.8230000000000002,8500.0,1208.0,3042.0,5458.0,7292.0,6374.0,6376.0,2124.0,2126.0,1.0,1.0,0.0,1.0,1.0,0.0,5.0,2.0,0.7959681749343872,4.0,80000.0,0.21579688787460327,31.999046325683594,1.2041199207305908,0.0,0.0,219.0,72920.0,0.0,219.0,2.0,135.0,4.0,54.0,1.0,1.0,3.0,0.0,0.0,3.0,0.0,0.0,0.0,1823.0,1823.0,1.0
1.824,8500.0,1242.0,3008.0,5492.0,7258.0,6374.0,6376.0,2124.0,2126.0,1.0,1.0,0.0,1.0,1.0,0.0,5.0,2.0,0.7959681749343872,4.0,80000.0,0.20779675245285034,31.999046325683594,1.2353417873382568,0.0,0.0,219.0,72960.0,0.0,219.0,2.0,135.0,4.0,54.0,1.0,1.0,3.0,0.0,0.0,3.0,0.0,0.0,0.0,1824.0,1824.0,1.0
1.8250000000000002,8500.0,1276.0,2974.0,5526.0,7224.0,6374.0,6376.0,2124.0,2126.0,1.0,1.0,0.0,1.0,1.0,0.0,5.0,2.0,0.7959681749343872,4.0,80000.0,0.1997966170310974,31.999046325683594,1.265338659286499,0.0,0.0,219.0,73000.0,0.0,219.0,2.0,135.0,4.0,54.0,1.0,1.0,3.0,0.0,0.0,3.0,0.0,0.0,0.0,1825.0,1825.0,1.0
1.826,8500.0,1310.0,2940.0,5560.0,7190.0,6374.0,6376.0,2124.0,2126.0,1.0,1.0,0.0,1.0,1.0,0.0,5.0,2.0,0.7959681749343872,4.0,80000.0,0.19179648160934448,31.999046325683594,1.294159173965454,0.0,0.0,219.0,73040.0,0.0,219.0,2.0,135.0,4.0,54.0,1.0,1.0,3.0,0.0,0.0,3.0,0.0,0.0,0.0,1826.0,1826.0,1.0
1.8270000000000002,8500.0,1344.0,2906.0,5594.0,7156.0,6374.0,6376.0,2124.0,2126.0,1.0,1.0,0.0,1.0,1.0,0.0,5.0,2.0,0.7959681749343872,4.0,80000.0,0.18379634618759155,31.999046325683594,1.3218486309051514,0.0,0.0,219.0,73080.0,0.0,219.0,2.0,135.0,4.0,54.0,1.0,1.0,3.0,0.0,0.0,3.0,0.0,0.0,0.0,1827.0,1827.0,1.0
1.828,8500.0,1378.0,2872.0,5628.0,7122.0,6374.0,6376.0,2124.0,2126.0,1.0,1.0,0.0,1.0,1.0,0.0,5.0,2.0,0.7959681749343872,4.0,80000.0,0.17579621076583862,31.999046325683594,1.3484519720077515,0.0,0.0,219.0,73120.0,0.0,219.0,2.0,135.0,4.0,54.0,1.0,1.0,3.0,0.0,0.0,3.0,0.0,0.0,0.0,1828.0,1828.0,1.0
1.8290000000000002,8500.0,1412.0,2838.0,5662.0,7088.0,6374.0,6376.0,2124.0,2126.0,1.0,1.0,0.0,1.0,1.0,0.0,5.0,2.0,0.7959681749343872,4.0,80000.0,0.1677960753440857,31.999046325683594,1.3740119934082031,0.0,0.0,219.0,73160.0,0.0,219.0,2.0,135.0,4.0,54.0,1.0,1.0,3.0,0.0,0.0,3.0,0.0,0.0,0.0,1829.0,1829.0,1.0
1.83,8500.0,1446.0,2804.0,5696.0,7054.0,6374.0,6376.0,2124.0,2126.0,1.0,1.0,0.0,1.0,1.0,0.0,5.0,2.0,0.7959681749343872,4.0,80000.0,0.15979593992233276,31.999046325683594,1.3985689878463745,0.0,0.0,219.0,73200.0,0.0,219.0,2.0,135.0,4.0,54.0,1.0,1.0,3.0,0.0,0.0,3.0,0.0,0.0,0.0,1830.0,1830.0,1.0
1.8310000000000002,8500.0,1480.0,2770.0,5730.0,7020.0,6374.0,6376.0,2124.0,2126.0,1.0,1.0,0.0,1.0,1.0,0.0,5.0,2.0,0.7959681749343872,4.0,80000.0,0.15179580450057983,31.999046325683594,1.422162652015686,0.0,0.0,219.0,73240.0,0.0,219.0,2.0,135.0,4.0,54.0,1.0,1.0,3.0,0.0,0.0,3.0,0.0,0.0,0.0,1831.0,1831.0,1.0
1.832,8500.0,1514.0,2736.0,5764.0,6986.0,6374.0,6376.0,2124.0,2126.0,1.0,1.0,0.0,1.0,1.0,0.0,5.0,2.0,0.7959681749343872,4.0,80000.0,0.1437956690788269,31.999046325683594,1.4448306560516357,0.0,0.0,219.0,73280.0,0.0,219.0,2.0,135.0,4.0,54.0,1.0,1.0,3.0,0.0,0.0,3.0,0.0,0.0,0.0,1832.0,1832.0,1.0
1.8330000000000002,8500.0,1548.0,2702.0,5798.0,6952.0,6374.0,6376.0,2124.0,2126.0,1.0,1.0,0.0,1.0,1.0,0.0,5.0,2.0,0.7959681749343872,4.0,80000.0,0.13579553365707397,31.999046325683594,1.4666094779968262,0.0,0.0,219.0,73320.0,0.0,219.0,2.0,135.0,4.0,54.0,1.0,1.0,3.0,0.0,0.0,3.0,0.0,0.0,0.0,1833.0,1833.0,1.0
1.834,8500.0,1582.0,2668.0,5832.0,6918.0,6374.0,6376.0,2124.0,2126.0,1.0,1.0,0.0,1.0,1.0,0.0,5.0,2.0,0.7959681749343872,4.0,80000.0,0.12779539823532104,31.999046325683594,1.4875338077545166,0.0,0.0,219.0,73360.0,0.0,219.0,2.0,135.0,4.0,54.0,1.0,1.0,3.0,0.0,0.0,3.0,0.0,0.0,0.0,1834.0,1834.0,1.0
1.8350000000000002,8500.0,1616.0,2634.0,5866.0,6884.0,6374.0,6376.0,2124.0,2126.0,1.0,1.0,0.0,1.0,1.0,0.0,5.0,2.0,0.7959681749343872,4.0,80000.0,0.11979526281356812,31.999046325683594,1.507637619972229,0.0,0.0,219.0,73400.0,0.0,219.0,2.0,135.0,4.0,54.0,1.0,1.0,3.0,0.0,0.0,3.0,0.0,0.0,0.0,1835.0,1835.0,1.0
1.836,8500.0,1650.0,2600.0,5900.0,6850.0,6374.0,6376.0,2124.0,2126.0,1.0,1.0,0.0,1.0,1.0,0.0,5.0,2.0,0.7959681749343872,4.0,80000.0,0.11179512739181519,31.999046325683594,1.5269523859024048,0.0,0.0,219.0,73440.0,0.0,219.0,2.0,135.0,4.0,54.0,1.0,1.0,3.0,0.0,0.0,3.0,0.0,0.0,0.0,1836.0,1836.0,1.0
1.8370000000000002,8500.0,1684.0,2566.0,5934.0,6816.0,6374.0,6376.0,2124.0,2126.0,1.0,1.0,0.0,1.0,1.0,0.0,5.0,2.0,0.7959681749343872,4.0,80000.0,0.10379499197006226,31.999046325683594,1.5455095767974854,0.0,0.0,219.0,73480.0,0.0,219.0,2.0,135.0,4.0,54.0,1.0,1.0,3.0,0.0,0.0,3.0,0.0,0.0,0.0,1837.0,1837.0,1.0
1.838,8500.0,1718.0,2532.0,5968.0,6782.0,6374.0,6376.0,2124.0,2126.0,1.0,1.0,0.0,1.0,1.0,0.0,5.0,2.0,0.7959681749343872,4.0,80000.0,0.09579485654830933,31.999046325683594,1.5633387565612793,0.0,0.0,219.0,73520.0,0.0,219.0,2.0,135.0,4.0,54.0,1.0,1.0,3.0,0.0,0.0,3.0,0.0,0.0,0.0,1838.0,1838.0,1.0
1.8390000000000002,8500.0,1752.0,2498.0,6002.0,6748.0,6374.0,6376.0,2124.0,2126.0,1.0,1.0,0.0,1.0,1.0,0.0,5.0,2.0,0.7959681749343872,4.0,80000.0,0.0877947211265564,31.999046325683594,1.5804686546325684,0.0,0.0,219.0,73560.0,0.0,219.0,2.0,135.0,4.0,54.0,1.0,1.0,3.0,0.0,0.0,3.0,0.0,0.0,0.0,1839.0,1839.0,1.0
1.84,8500.0,1786.0,2464.0,6036.0,6714.0,6374.0,6376.0,2124.0,2126.0,1.0,1.0,0.0,1.0,1.0,0.0,5.0,2.0,0.7959681749343872,4.0,80000.0,0.07979458570480347,31.999046325683594,1.5969266891479492,0.0,0.0,219.0,73600.0,0.0,219.0,2.0,135.0,4.0,54.0,1.0,1.0,3.0,0.0,0.0,3.0,0.0,0.0,0.0,1840.0,1840.0,1.0
1.8410000000000002,8500.0,1820.0,2430.0,6070.0,6680.0,6374.0,6376.0,2124.0,2126.0,1.0,1.0,0.0,1.0,1.0,0.0,5.0,2.0,0.7959681749343872,4.0,80000.0,0.07179445028305054,31.999046325683594,1.6127389669418335,0.0,0.0,219.0,73640.0,0.0,219.0,2.0,135.0,4.0,54.0,1.0,1.0,3.0,0.0,0.0,3.0,0.0,0.0,0.0,1841.0,1841.0,1.0
1.842,8500.0,1854.0,2396.0,6104.0,6646.0,6374.0,6376.0,2124.0,2126.0,1.0,1.0,0.0,1.0,1.0,0.0,5.0,2.0,0.7959681749343872,4.0,80000.0,0.06379431486129761,31.999046325683594,1.6279308795928955,0.0,0.0,219.0,73680.0,0.0,219.0,2.0,135.0,4.0,54.0,1.0,1.0,3.0,0.0,0.0,3.0,0.0,0.0,0.0,1842.0,1842.0,1.0
1.8430000000000002,8500.0,1888.0,2362.0,6138.0,6612.0,6374.0,6376.0,2124.0,2126.0,1.0,1.0,0.0,1.0,1.0,0.0,5.0,2.0,0.7959681749343872,4.0,80000.0,0.055794306099414825,31.999046325683594,1.6425272226333618,0.0,0.0,219.0,73720.0,0.0,219.0,2.0,135.0,4.0,54.0,1.0,1.0,3.0,0.0,0.0,3.0,0.0,0.0,0.0,1843.0,1843.0,1.0
1.844,8500.0,1922.0,2328.0,6172.0,6578.0,6374.0,6376.0,2124.0,2126.0,1.0,1.0,0.0,1.0,1.0,0.0,5.0,2.0,0.7959681749343872,4.0,80000.0,0.047794319689273834,31.999046325683594,1.6565510034561157,0.0,0.0,219.0,73760.0,0.0,219.0,2.0,135.0,4.0,54.0,1.0,1.0,3.0,0.0,0.0,3.0,0.0,0.0,0.0,1844.0,1844.0,1.0
1.8450000000000002,8500.0,1956.0,2294.0,6206.0,6544.0,6374.0,6376.0,2124.0,2126.0,1.0,1.0,0.0,1.0,1.0,0.0,5.0,2.0,0.7959681749343872,4.0,80000.0,0.03979433327913284,31.999046325683594,1.6700241565704346,0.0,0.0,219.0,73800.0,0.0,219.0,2.0,135.0,4.0,54.0,1.0,1.0,3.0,0.0,0.0,3.0,0.0,0.0,0.0,1845.0,1845.0,1.0
1.846,8500.0,1990.0,2260.0,6240.0,6510.0,6374.0,6376.0,2124.0,2126.0,1.0,1.0,0.0,1.0,1.0,0.0,5.0,2.0,0.7959681749343872,4.0,80000.0,0.03179434686899185,31.999046325683594,1.6829687356948853,0.0,0.0,219.0,73840.0,0.0,219.0,2.0,135.0,4.0,54.0,1.0,1.0,3.0,0.0,0.0,3.0,0.0,0.0,0.0,1846.0,1846.0,1.0
1.8470000000000002,8500.0,2024.0,2226.0,6274.0,6476.0,6374.0,6376.0,2124.0,2126.0,1.0,1.0,0.0,1.0,1.0,0.0,5.0,2.0,0.7959681749343872,4.0,80000.0,0.02379436045885086,31.999046325683594,1.6954057216644287,0.0,0.0,219.0,73880.0,0.0,219.0,2.0,135.0,4.0,54.0,1.0,1.0,3.0,0.0,0.0,3.0,0.0,0.0,0.0,1847.0,1847.0,1.0
1.848,8500.0,2040.0,2210.0,6290.0,6460.0,6374.0,6376.0,2124.0,2126.0,0.0,1.0,0.0,1.0,1.0,0.0,5.0,2.0,0.7959681749343872,4.0,80000.0,0.019999999552965164,31.999046325683594,1.7073547840118408,0.0,0.0,219.0,73920.0,0.0,219.0,2.0,135.0,4.0,54.0,1.0,1.0,3.0,0.0,0.0,3.0,0.0,0.0,0.0,1848.0,1848.0,1.0
1.8490000000000002,8500.0,2040.0,2210.0,6290.0,6460.0,6374.0,6376.0,2124.0,2126.0,0.0,1.0,0.0,1.0,1.0,0.0,5.0,2.0,0.7959681749343872,4.0,80000.0,0.019999999552965164,31.999046325683594,1.7188349962234497,0.0,0.0,219.0,73960.0,0.0,219.0,2.0,135.0,4.0,54.0,1.0,1.0,3.0,0.0,0.0,3.0,0.0,0.0,0.0,1849.0,1849.0,1.0
1.85,8500.0,2040.0,2210.0,6290.0,6460.0,6374.0,6376.0,2124.0,2126.0,0.0,1.0,0.0,1.0,1.0,0.0,5.0,2.0,0.7959681749343872,4.0,80000.0,0.019999999552965164,31.999046325683594,1.7298648357391357,0.0,0.0,219.0,74000.0,0.0,219.0,2.0,135.0,4.0,54.0,1.0,1.0,3.0,0.0,0.0,3.0,0.0,0.0,0.0,1850.0,1850.0,1.0
1.851,8500.0,2040.0,2210.0,6290.0,6460.0,6374.0,6376.0,2124.0,2126.0,0.0,1.0,0.0,1.0,1.0,0.0,5.0,2.0,0.7959681749343872,4.0,80000.0,0.019999999552965164,31.999046325683594,1.740461826324463,0.0,0.0,219.0,74040.0,0.0,219.0,2.0,135.0,4.0,54.0,1.0,1.0,3.0,0.0,0.0,3.0,0.0,0.0,0.0,1851.0,1851.0,1.0
1.852,8500.0,2040.0,2210.0,6290.0,6460.0,6374.0,6376.0,2124.0,2126.0,0.0,1.0,0.0,1.0,1.0,0.0,5.0,2.0,0.7959681749343872,4.0,80000.0,0.019999999552965164,31.999046325683594,1.750643253326416,0.0,0.0,219.0,74080.0,0.0,219.0,2.0,135.0,4.0,54.0,1.0,1.0,3.0,0.0,0.0,3.0,0.0,0.0,0.0,1852.0,1852.0,1.0
1.853,8500.0,2040.0,2210.0,6290.0,6460.0,6374.0,6376.0,2124.0,2126.0,0.0,1.0,0.0,1.0,1.0,0.0,5.0,2.0,0.7959681749343872,4.0,80000.0,0.019999999552965164,31.999046325683594,1.7604255676269531,0.0,0.0,219.0,74120.0,0.0,219.0,2.0,135.0,4.0,54.0,1.0,1.0,3.0,0.0,0.0,3.0,0.0,0.0,0.0,1853.0,1853.0,1.0
1.854,8500.0,2040.0,2210.0,6290.0,6460.0,6374.0,6376.0,2124.0,2126.0,0.0,1.0,0.0,1.0,1.0,0.0,5.0,2.0,0.7959681749343872,4.0,80000.0,0.019999999552965164,31.999046325683594,1.7698246240615845,0.0,0.0,219.0,74160.0,0.0,219.0,2.0,135.0,4.0,54.0,1.0,1.0,3.0,0.0,0.0,3.0,0.0,0.0,0.0,1854.0,1854.0,1.0
1.855,8500.0,2040.0,2210.0,6290.0,6460.0,6374.0,6376.0,2124.0,2126.0,0.0,1.0,0.0,1.0,1.0,0.0,5.0,2.0,0.7959681749343872,4.0,80000.0,0.019999999552965164,31.999046325683594,1.778854250907898,0.0,0.0,219.0,74200.0,0.0,219.0,2.0,135.0,4.0,54.0,1.0,1.0,3.0,0.0,0.0,3.0,0.0,0.0,0.0,1855.0,1855.0,1.0
1.856,8500.0,2040.0,2210.0,6290.0,6460.0,6374.0,6376.0,2124.0,2126.0,0.0,1.0,0.0,1.0,1.0,0.0,5.0,2.0,0.7959681749343872,4.0,80000.0,0.019999999552965164,31.999046325683594,1.7875295877456665,0.0,0.0,219.0,74240.0,0.0,219.0,2.0,135.0,4.0,54.0,1.0,1.0,3.0,0.0,0.0,3.0,0.0,0.0,0.0,1856.0,1856.0,1.0
1.857,8500.0,2040.0,2210.0,6290.0,6460.0,6374.0,6376.0,2124.0,2126.0,0.0,1.0,0.0,1.0,1.0,0.0,5.0,2.0,0.7959681749343872,4.0,80000.0,0.019999999552965164,31.999046325683594,1.7958648204803467,0.0,0.0,219.0,74280.0,0.0,219.0,2.0,135.0,4.0,54.0,1.0,1.0,3.0,0.0,0.0,3.0,0.0,0.0,0.0,1857.0,1857.0,1.0
1.858,8500.0,2040.0,2210.0,6290.0,6460.0,6374.0,6376.0,2124.0,2126.0,0.0,1.0,0.0,1.0,1.0,0.0,5.0,2.0,0.7959681749343872,4.0,80000.0,0.019999999552965164,31.999046325683594,1.80387282371521,0.0,0.0,219.0,74320.0,0.0,219.0,2.0,135.0,4.0,54.0,1.0,1.0,3.0,0.0,0.0,3.0,0.0,0.0,0.0,1858.0,1858.0,1.0
1.859,8500.0,2040.0,2210.0,6290.0,6460.0,6374.0,6376.0,2124.0,2126.0,0.0,1.0,0.0,1.0,1.0,0.0,5.0,2.0,0.7959681749343872,4.0,80000.0,0.019999999552965164,31.999046325683594,1.811566710472107,0.0,0.0,219.0,74360.0,0.0,219.0,2.0,135.0,4.0,54.0,1.0,1.0,3.0,0.0,0.0,3.0,0.0,0.0,0.0,1859.0,1859.0,1.0
1.86,8500.0,2040.0,2210.0,6290.0,6460.0,6374.0,6376.0,2124.0,2126.0,0.0,1.0,0.0,1.0,1.0,0.0,5.0,2.0,0.7959681749343872,4.0,80000.0,0.019999999552965164,31.999046325683594,1.8189588785171509,0.0,0.0,219.0,74400.0,0.0,219.0,2.0,135.0,4.0,54.0,1.0,1.0,3.0,0.0,0.0,3.0,0.0,0.0,0.0,1860.0,1860.0,1.0
1.861,8500.0,2040.0,2210.0,6290.0,6460.0,6374.0,6376.0,2124.0,2126.0,0.0,1.0,0.0,1.0,1.0,0.0,5.0,2.0,0.7959681749343872,4.0,80000.0,0.019999999552965164,31.999046325683594,1.826061487197876,0.0,0.0,219.0,74440.0,0.0,219.0,2.0,135.0,4.0,54.0,1.0,1.0,3.0,0.0,0.0,3.0,0.0,0.0,0.0,1861.0,1861.0,1.0
1.862,8500.0,2040.0,2210.0,6290.0,6460.0,6374.0,6376.0,2124.0,2126.0,0.0,1.0,0.0,1.0,1.0,0.0,5.0,2.0,0.7959681749343872,4.0,80000.0,0.019999999552965164,31.999046325683594,1.8328849077224731,0.0,0.0,219.0,74480.0,0.0,219.0,2.0,135.0,4.0,54.0,1.0,1.0,3.0,0.0,0.0,3.0,0.0,0.0,0.0,1862.0,1862.0,1.0
1.863,8500.0,2040.0,2210.0,6290.0,6460.0,6374.0,6376.0,2124.0,2126.0,0.0,1.0,0.0,1.0,1.0,0.0,5.0,2.0,0.7959681749343872,4.0,80000.0,0.019999999552965164,31.999046325683594,1.8394407033920288,0.0,0.0,219.0,74520.0,0.0,219.0,2.0,135.0,4.0,54.0,1.0,1.0,3.0,0.0,0.0,3.0,0.0,0.0,0.0,1863.0,1863.0,1.0
1.864,8500.0,2040.0,2210.0,6290.0,6460.0,6374.0,6376.0,2124.0,2126.0,0.0,1.0,0.0,1.0,1.0,0.0,5.0,2.0,0.7959681749343872,4.0,80000.0,0.019999999552965164,31.999046325683594,1.8457392454147339,0.0,0.0,219.0,74560.0,0.0,219.0,2.0,135.0,4.0,54.0,1.0,1.0,3.0,0.0,0.0,3.0,0.0,0.0,0.0,1864.0,1864.0,1.0
1.865,8500.0,2040.0,2210.0,6290.0,6460.0,6374.0,6376.0,2124.0,2126.0,0.0,1.0,0.0,1.0,1.0,0.0,5.0,2.0,0.7959681749343872,4.0,80000.0,0.019999999552965164,31.999046325683594,1.8517906665802002,0.0,0.0,219.0,74600.0,0.0,219.0,2.0,135.0,4.0,54.0,1.0,1.0,3.0,0.0,0.0,3.0,0.0,0.0,0.0,1865.0,1865.0,1.0
1.866,8500.0,2040.0,2210.0,6290.0,6460.0,6374.0,6376.0,2124.0,2126.0,0.0,1.0,0.0,1.0,1.0,0.0,5.0,2.0,0.7959681749343872,4.0,80000.0,0.019999999552965164,31.999046325683594,1.8576048612594604,0.0,0.0,219.0,74640.0,0.0,219.0,2.0,135.0,4.0,54.0,1.0,1.0,3.0,0.0,0.0,3.0,0.0,0.0,0.0,1866.0,1866.0,1.0
1.867,8500.0,2040.0,2210.0,6290.0,6460.0,6374.0,6376.0,2124.0,2126.0,0.0,1.0,0.0,1.0,1.0,0.0,5.0,2.0,0.7959681749343872,4.0,80000.0,0.019999999552965164,31.999046325683594,1.8631908893585205,0.0,0.0,219.0,74680.0,0.0,219.0,2.0,135.0,4.0,54.0,1.0,1.0,3.0,0.0,0.0,3.0,0.0,0.0,0.0,1867.0,1867.0,1.0
1.868,8500.0,2040.0,2210.0,6290.0,6460.0,6374.0,6376.0,2124.0,2126.0,0.0,1.0,0.0,1.0,1.0,0.0,5.0,2.0,0.7959681749343872,4.0,80000.0,0.019999999552965164,31.999046325683594,1.8685578107833862,0.0,0.0,219.0,74720.0,0.0,219.0,2.0,135.0,4.0,54.0,1.0,1.0,3.0,0.0,0.0,3.0,0.0,0.0,0.0,1868.0,1868.0,1.0
1.869,8500.0,2040.0,2210.0,6290.0,6460.0,6374.0,6376.0,2124.0,2126.0,0.0,1.0,0.0,1.0,1.0,0.0,5.0,2.0,0.7959681749343872,4.0,80000.0,0.019999999552965164,31.999046325683594,1.8737142086029053,0.0,0.0,219.0,74760.0,0.0,219.0,2.0,135.0,4.0,54.0,1.0,1.0,3.0,0.0,0.0,3.0,0.0,0.0,0.0,1869.0,1869.0,1.0
1.87,8500.0,2040.0,2210.0,6290.0,6460.0,6374.0,6376.0,2124.0,2126.0,0.0,1.0,0.0,1.0,1.0,0.0,5.0,2.0,0.7959681749343872,4.0,80000.0,0.019999999552965164,31.999046325683594,1.878668189048767,0.0,0.0,219.0,74800.0,0.0,219.0,2.0,135.0,4.0,54.0,1.0,1.0,3.0,0.0,0.0,3.0,0.0,0.0,0.0,1870.0,1870.0,1.0
1.871,8500.0,2040.0,2210.0,6290.0,6460.0,6374.0,6376.0,2124.0,2126.0,0.0,1.0,0.0,1.0,1.0,0.0,5.0,2.0,0.7959681749343872,4.0,80000.0,0.019999999552965164,31.999046325683594,1.8834294080734253,0.0,0.0,219.0,74840.0,0.0,219.0,2.0,135.0,4.0,54.0,1.0,1.0,3.0,0.0,0.0,3.0,0.0,0.0,0.0,1871.0,1871.0,1.0
1.872,8500.0,2040.0,2210.0,6290.0,6460.0,6374.0,6376.0,2124.0,2126.0,0.0,1.0,0.0,1.0,1.0,0.0,5.0,2.0,0.7959681749343872,4.0,80000.0,0.019999999552965164,31.999046325683594,1.8880021572113037,0.0,0.0,219.0,74880.0,0.0,219.0,2.0,135.0,4.0,54.0,1.0,1.0,3.0,0.0,0.0,3.0,0.0,0.0,0.0,1872.0,1872.0,1.0
1.873,8500.0,2040.0,2210.0,6290.0,6460.0,6374.0,6376.0,2124.0,2126.0,0.0,1.0,0.0,1.0,1.0,0.0,5.0,2.0,0.7959681749343872,4.0,80000.0,0.019999999552965164,31.999046325683594,1.8923958539962769,0.0,0.0,219.0,74920.0,0.0,219.0,2.0,135.0,4.0,54.0,1.0,1.0,3.0,0.0,0.0,3.0,0.0,0.0,0.0,1873.0,1873.0,1.0
1.874,8500.0,2040.0,2210.0,6290.0,6460.0,6374.0,6376.0,2124.0,2126.0,0.0,1.0,0.0,1.0,1.0,0.0,5.0,2.0,0.7959681749343872,4.0,80000.0,0.019999999552965164,31.999046325683594,1.8966171741485596,0.0,0.0,219.0,74960.0,0.0,219.0,2.0,135.0,4.0,54.0,1.0,1.0,3.0,0.0,0.0,3.0,0.0,0.0,0.0,1874.0,1874.0,1.0
1.875,8500.0,2040.0,2210.0,6290.0,6460.0,6374.0,6376.0,2124.0,2126.0,0.0,1.0,0.0,1.0,1.0,0.0,5.0,2.0,0.7959681749343872,4.0,80000.0,0.019999999552965164,31.999046325683594,1.9006727933883667,0.0,0.0,219.0,75000.0,0.0,219.0,2.0,135.0,4.0,54.0,1.0,1.0,3.0,0.0,0.0,3.0,0.0,0.0,0.0,1875.0,1875.0,1.0
1.8760000000000001,8500.0,2040.0,2210.0,6290.0,6460.0,6374.0,6376.0,2124.0,2126.0,0.0,1.0,0.0,1.0,1.0,0.0,5.0,2.0,0.7959681749343872,4.0,80000.0,0.019999999552965164,31.999046325683594,1.904569387435913,0.0,0.0,219.0,75040.0,0.0,219.0,2.0,135.0,4.0,54.0,1.0,1.0,3.0,0.0,0.0,3.0,0.0,0.0,0.0,1876.0,1876.0,1.0
1.877,8500.0,2040.0,2210.0,6290.0,6460.0,6374.0,6376.0,2124.0,2126.0,0.0,1.0,0.0,1.0,1.0,0.0,5.0,2.0,0.7959681749343872,4.0,80000.0,0.019999999552965164,31.999046325683594,1.908313274383545,0.0,0.0,219.0,75080.0,0.0,219.0,2.0,135.0,4.0,54.0,1.0,1.0,3.0,0.0,0.0,3.0,0.0,0.0,0.0,1877.0,1877.0,1.0
1.8780000000000001,8500.0,2040.0,2210.0,6290.0,6460.0,6374.0,6376.0,2124.0,2126.0,0.0,1.0,0.0,1.0,1.0,0.0,5.0,2.0,0.7959681749343872,4.0,80000.0,0.019999999552965164,31.999046325683594,1.911910057067871,0.0,0.0,219.0,75120.0,0.0,219.0,2.0,135.0,4.0,54.0,1.0,1.0,3.0,0.0,0.0,3.0,0.0,0.0,0.0,1878.0,1878.0,1.0
1.879,8500.0,2040.0,2210.0,6290.0,6460.0,6374.0,6376.0,2124.0,2126.0,0.0,1.0,0.0,1.0,1.0,0.0,5.0,2.0,0.7959681749343872,4.0,80000.0,0.019999999552965164,31.999046325683594,1.9153658151626587,0.0,0.0,219.0,75160.0,0.0,219.0,2.0,135.0,4.0,54.0,1.0,1.0,3.0,0.0,0.0,3.0,0.0,0.0,0.0,1879.0,1879.0,1.0
1.8800000000000001,8500.0,2040.0,2210.0,6290.0,6460.0,6374.0,6376.0,2124.0,2126.0,0.0,1.0,0.0,1.0,1.0,0.0,5.0,2.0,0.7959681749343872,4.0,80000.0,0.019999999552965164,31.999046325683594,1.9186859130859375,0.0,0.0,219.0,75200.0,0.0,219.0,2.0,135.0,4.0,54.0,1.0,1.0,3.0,0.0,0.0,3.0,0.0,0.0,0.0,1880.0,1880.0,1.0
1.881,8500.0,2040.0,2210.0,6290.0,6460.0,6374.0,6376.0,2124.0,2126.0,0.0,1.0,0.0,1.0,1.0,0.0,5.0,2.0,0.7959681749343872,4.0,80000.0,0.019999999552965164,31.999046325683594,1.9218759536743164,0.0,0.0,219.0,75240.0,0.0,219.0,2.0,135.0,4.0,54.0,1.0,1.0,3.0,0.0,0.0,3.0,0.0,0.0,0.0,1881.0,1881.0,1.0
1.8820000000000001,8500.0,2040.0,2210.0,6290.0,6460.0,6374.0,6376.0,2124.0,2126.0,0.0,1.0,0.0,1.0,1.0,0.0,5.0,2.0,0.7959681749343872,4.0,80000.0,0.019999999552965164,31.999046325683594,1.9249407052993774,0.0,0.0,219.0,75280.0,0.0,219.0,2.0,135.0,4.0,54.0,1.0,1.0,3.0,0.0,0.0,3.0,0.0,0.0,0.0,1882.0,1882.0,1.0
1.883,8500.0,2040.0,2210.0,6290.0,6460.0,6374.0,6376.0,2124.0,2126.0,0.0,1.0,0.0,1.0,1.0,0.0,5.0,2.0,0.7959681749343872,4.0,80000.0,0.019999999552965164,31.999046325683594,1.9278851747512817,0.0,0.0,219.0,75320.0,0.0,219.0,2.0,135.0,4.0,54.0,1.0,1.0,3.0,0.0,0.0,3.0,0.0,0.0,0.0,1883.0,1883.0,1.0
1.8840000000000001,8500.0,2040.0,2210.0,6290.0,6460.0,6374.0,6376.0,2124.0,2126.0,0.0,1.0,0.0,1.0,1.0,0.0,5.0,2.0,0.7959681749343872,4.0,80000.0,0.019999999552965164,31.999046325683594,1.9307143688201904,0.0,0.0,219.0,75360.0,0.0,219.0,2.0,135.0,4.0,54.0,1.0,1.0,3.0,0.0,0.0,3.0,0.0,0.0,0.0,1884.0,1884.0,1.0
1.885,8500.0,2040.0,2210.0,6290.0,6460.0,6374.0,6376.0,2124.0,2126.0,0.0,1.0,0.0,1.0,1.0,0.0,5.0,2.0,0.7959681749343872,4.0,80000.0,0.019999999552965164,31.999046325683594,1.9334324598312378,0.0,0.0,219.0,75400.0,0.0,219.0,2.0,135.0,4.0,54.0,1.0,1.0,3.0,0.0,0.0,3.0,0.0,0.0,0.0,1885.0,1885.0,1.0
1.8860000000000001,8500.0,2040.0,2210.0,6290.0,6460.0,6374.0,6376.0,2124.0,2126.0,0.0,1.0,0.0,1.0,1.0,0.0,5.0,2.0,0.7959681749343872,4.0,80000.0,0.019999999552965164,31.999046325683594,1.9360439777374268,0.0,0.0,219.0,75440.0,0.0,219.0,2.0,135.0,4.0,54.0,1.0,1.0,3.0,0.0,0.0,3.0,0.0,0.0,0.0,1886.0,1886.0,1.0
1.887,8500.0,2040.0,2210.0,6290.0,6460.0,6374.0,6376.0,2124.0,2126.0,0.0,1.0,0.0,1.0,1.0,0.0,5.0,2.0,0.7959681749343872,4.0,80000.0,0.019999999552965164,31.999046325683594,1.938552975654602,0.0,0.0,219.0,75480.0,0.0,219.0,2.0,135.0,4.0,54.0,1.0,1.0,3.0,0.0,0.0,3.0,0.0,0.0,0.0,1887.0,1887.0,1.0
1.8880000000000001,8500.0,2040.0,2210.0,6290.0,6460.0,6374.0,6376.0,2124.0,2126.0,0.0,1.0,0.0,1.0,1.0,0.0,5.0,2.0,0.7959681749343872,4.0,80000.0,0.019999999552965164,31.999046325683594,1.9409633874893188,0.0,0.0,219.0,75520.0,0.0,219.0,2.0,135.0,4.0,54.0,1.0,1.0,3.0,0.0,0.0,3.0,0.0,0.0,0.0,1888.0,1888.0,1.0
1.889,8500.0,2040.0,2210.0,6290.0,6460.0,6374.0,6376.0,2124.0,2126.0,0.0,1.0,0.0,1.0,1.0,0.0,5.0,2.0,0.7959681749343872,4.0,80000.0,0.019999999552965164,31.999046325683594,1.9432792663574219,0.0,0.0,219.0,75560.0,0.0,219.0,2.0,135.0,4.0,54.0,1.0,1.0,3.0,0.0,0.0,3.0,0.0,0.0,0.0,1889.0,1889.0,1.0
1.8900000000000001,8500.0,2040.0,2210.0,6290.0,6460.0,6374.0,6376.0,2124.0,2126.0,0.0,1.0,0.0,1.0,1.0,0.0,5.0,2.0,0.7959681749343872,4.0,80000.0,0.019999999552965164,31.999046325683594,1.9455044269561768,0.0,0.0,219.0,75600.0,0.0,219.0,2.0,135.0,4.0,54.0,1.0,1.0,3.0,0.0,0.0,3.0,0.0,0.0,0.0,1890.0,1890.0,1.0
1.891,8500.0,2040.0,2210.0,6290.0,6460.0,6374.0,6376.0,2124.0,2126.0,0.0,1.0,0.0,1.0,1.0,0.0,5.0,2.0,0.7959681749343872,4.0,80000.0,0.019999999552965164,31.999046325683594,1.9476423263549805,0.0,0.0,219.0,75640.0,0.0,219.0,2.0,135.0,4.0,54.0,1.0,1.0,3.0,0.0,0.0,3.0,0.0,0.0,0.0,1891.0,1891.0,1.0
1.8920000000000001,8500.0,2040.0,2210.0,6290.0,6460.0,6374.0,6376.0,2124.0,2126.0,0.0,1.0,0.0,1.0,1.0,0.0,5.0,2.0,0.7959681749343872,4.0,80000.0,0.019999999552965164,31.999046325683594,1.9496963024139404,0.0,0.0,219.0,75680.0,0.0,219.0,2.0,135.0,4.0,54.0,1.0,1.0,3.0,0.0,0.0,3.0,0.0,0.0,0.0,1892.0,1892.0,1.0
1.893,8500.0,2040.0,2210.0,6290.0,6460.0,6374.0,6376.0,2124.0,2126.0,0.0,1.0,0.0,1.0,1.0,0.0,5.0,2.0,0.7959681749343872,4.0,80000.0,0.019999999552965164,31.999046325683594,1.951669692993164,0.0,0.0,219.0,75720.0,0.0,219.0,2.0,135.0,4.0,54.0,1.0,1.0,3.0,0.0,0.0,3.0,0.0,0.0,0.0,1893.0,1893.0,1.0
1.8940000000000001,8500.0,2040.0,2210.0,6290.0,6460.0,6374.0,6376.0,2124.0,2126.0,0.0,1.0,0.0,1.0,1.0,0.0,5.0,2.0,0.7959681749343872,4.0,80000.0,0.019999999552965164,31.999046325683594,1.9535655975341797,0.0,0.0,219.0,75760.0,0.0,219.0,2.0,135.0,4.0,54.0,1.0,1.0,3.0,0.0,0.0,3.0,0.0,0.0,0.0,1894.0,1894.0,1.0
1.895,8500.0,2040.0,2210.0,6290.0,6460.0,6374.0,6376.0,2124.0,2126.0,0.0,1.0,0.0,1.0,1.0,0.0,5.0,2.0,0.7959681749343872,4.0,80000.0,0.019999999552965164,31.999046325683594,1.9553872346878052,0.0,0.0,219.0,75800.0,0.0,219.0,2.0,135.0,4.0,54.0,1.0,1.0,3.0,0.0,0.0,3.0,0.0,0.0,0.0,1895.0,1895.0,1.0
1.8960000000000001,8500.0,2040.0,2210.0,6290.0,6460.0,6374.0,6376.0,2124.0,2126.0,0.0,1.0,0.0,1.0,1.0,0.0,5.0,2.0,0.7959681749343872,4.0,80000.0,0.019999999552965164,31.999046325683594,1.9571373462677002,0.0,0.0,219.0,75840.0,0.0,219.0,2.0,135.0,4.0,54.0,1.0,1.0,3.0,0.0,0.0,3.0,0.0,0.0,0.0,1896.0,1896.0,1.0
1.897,8500.0,2040.0,2210.0,6290.0,6460.0,6374.0,6376.0,2124.0,2126.0,0.0,1.0,0.0,1.0,1.0,0.0,5.0,2.0,0.7959681749343872,4.0,80000.0,0.019999999552965164,31.999046325683594,1.958818793296814,0.0,0.0,219.0,75880.0,0.0,219.0,2.0,135.0,4.0,54.0,1.0,1.0,3.0,0.0,0.0,3.0,0.0,0.0,0.0,1897.0,1897.0,1.0
1.8980000000000001,8500.0,2040.0,2210.0,6290.0,6460.0,6374.0,6376.0,2124.0,2126.0,0.0,1.0,0.0,1.0,1.0,0.0,5.0,2.0,0.7959681749343872,4.0,80000.0,0.019999999552965164,31.999046325683594,1.9604344367980957,0.0,0.0,219.0,75920.0,0.0,219.0,2.0,135.0,4.0,54.0,1.0,1.0,3.0,0.0,0.0,3.0,0.0,0.0,0.0,1898.0,1898.0,1.0
1.899,8500.0,2040.0,2210.0,6290.0,6460.0,6374.0,6376.0,2124.0,2126.0,0.0,1.0,0.0,1.0,1.0,0.0,5.0,2.0,0.7959681749343872,4.0,80000.0,0.019999999552965164,31.999046325683594,1.9619866609573364,0.0,0.0,219.0,75960.0,0.0,219.0,2.0,135.0,4.0,54.0,1.0,1.0,3.0,0.0,0.0,3.0,0.0,0.0,0.0,1899.0,1899.0,1.0
1.9000000000000001,2720.0,653.0,707.0,2013.0,2067.0,2039.0,2041.0,679.0,681.0,0.0,0.0,0.0,0.0,0.0,1.0,0.0,0.0,0.0,4.0,250000.0,0.019999999552965164,31.999046325683594,1.9634779691696167,4194304.0,0.0,219.0,76000.0,0.0,219.0,2.0,135.0,4.0,54.0,1.0,1.0,3.0,0.0,0.0,3.0,0.0,0.0,0.0,1900.0,1900.0,1.0
1.901,2720.0,653.0,707.0,2013.0,2067.0,2039.0,2041.0,679.0,681.0,0.0,0.0,0.0,0.0,0.0,1.0,0.0,0.0,0.0,4.0,250000.0,0.019999999552965164,31.999046325683594,1.9649107456207275,4194304.0,0.0,219.0,76040.0,0.0,219.0,2.0,135.0,4.0,54.0,1.0,1.0,3.0,0.0,0.0,3.0,0.0,0.0,0.0,1901.0,1901.0,1.0
1.9020000000000001,2720.0,653.0,707.0,2013.0,2067.0,2039.0,2041.0,679.0,681.0,0.0,0.0,0.0,0.0,0.0,1.0,0.0,0.0,0.0,4.0,250000.0,0.019999999552965164,31.999046325683594,1.96628737449646,4194304.0,0.0,219.0,76080.0,0.0,219.0,2.0,135.0,4.0,54.0,1.0,1.0,3.0,0.0,0.0,3.0,0.0,0.0,0.0,1902.0,1902.0,1.0
1.903,2720.0,653.0,707.0,2013.0,2067.0,2039.0,2041.0,679.0,681.0,0.0,0.0,0.0,0.0,0.0,1.0,0.0,0.0,0.0,4.0,250000.0,0.019999999552965164,31.999046325683594,1.9676100015640259,4194304.0,0.0,219.0,76120.0,0.0,219.0,2.0,135.0,4.0,54.0,1.0,1.0,3.0,0.0,0.0,3.0,0.0,0.0,0.0,1903.0,1903.0,1.0
1.9040000000000001,2720.0,653.0,707.0,2013.0,2067.0,2039.0,2041.0,679.0,681.0,0.0,0.0,0.0,0.0,0.0,1.0,0.0,0.0,0.0,4.0,250000.0,0.019999999552965164,31.999046325683594,1.9688806533813477,4194304.0,0.0,219.0,76160.0,0.0,219.0,2.0,135.0,4.0,54.0,1.0,1.0,3.0,0.0,0.0,3.0,0.0,0.0,0.0,1904.0,1904.0,1.0
1.905,2720.0,653.0,707.0,2013.0,2067.0,2039.0,2041.0,679.0,681.0,0.0,0.0,0.0,0.0,0.0,1.0,0.0,0.0,0.0,4.0,250000.0,0.019999999552965164,31.999046325683594,1.9701014757156372,4194304.0,0.0,219.0,76200.0,0.0,220.0,0.0,0.0,4.0,54.0,1.0,0.0,5.0,0.0,0.0,7.0,0.0,1.0,0.0,1905.0,1905.0,1.0
1.9060000000000001,2720.0,653.0,707.0,2013.0,2067.0,2039.0,2041.0,679.0,681.0,0.0,0.0,0.0,0.0,0.0,1.0,0.0,0.0,0.0,4.0,250000.0,0.019999999552965164,31.999046325683594,1.971274495124817,4194304.0,0.0,220.0,76240.0,0.0,220.0,0.0,0.0,4.0,54.0,1.0,0.0,5.0,0.0,0.0,7.0,0.0,1.0,0.0,1906.0,1906.0,1.0
1.907,2720.0,653.0,707.0,2013.0,2067.0,2039.0,2041.0,679.0,681.0,0.0,0.0,0.0,0.0,0.0,1.0,0.0,0.0,0.0,4.0,250000.0,0.019999999552965164,31.999046325683594,1.9724013805389404,4194304.0,0.0,220.0,76280.0,0.0,220.0,0.0,0.0,4.0,54.0,1.0,0.0,5.0,0.0,0.0,7.0,0.0,1.0,0.0,1907.0,1907.0,1.0
1.9080000000000001,2720.0,653.0,707.0,2013.0,2067.0,2039.0,2041.0,679.0,681.0,0.0,0.0,0.0,0.0,0.0,1.0,0.0,0.0,0.0,4.0,250000.0,0.019999999552965164,31.999046325683594,1.9734841585159302,4194304.0,0.0,220.0,76320.0,0.0,220.0,0.0,0.0,4.0,54.0,1.0,0.0,5.0,0.0,0.0,7.0,0.0,1.0,0.0,1908.0,1908.0,1.0
1.909,2720.0,653.0,707.0,2013.0,2067.0,2039.0,2041.0,679.0,681.0,0.0,0.0,0.0,0.0,0.0,1.0,0.0,0.0,0.0,4.0,250000.0,0.019999999552965164,31.999046325683594,1.9745243787765503,4194304.0,0.0,220.0,76360.0,0.0,220.0,0.0,0.0,4.0,54.0,1.0,0.0,5.0,0.0,0.0,7.0,0.0,1.0,0.0,1909.0,1909.0,1.0
1.9100000000000001,2720.0,653.0,707.0,2013.0,2067.0,2039.0,2041.0,679.0,681.0,0.0,0.0,0.0,0.0,0.0,1.0,0.0,0.0,0.0,4.0,250000.0,0.019999999552965164,31.999046325683594,1.975523829460144,4194304.0,0.0,220.0,76400.0,0.0,221.0,0.0,0.0,4.0,54.0,1.0,0.0,5.0,0.0,0.0,7.0,0.0,1.0,0.0,1910.0,1910.0,1.0
1.911,2720.0,653.0,707.0,2013.0,2067.0,2039.0,2041.0,679.0,681.0,0.0,0.0,0.0,0.0,0.0,1.0,0.0,0.0,0.0,4.0,250000.0,0.019999999552965164,31.999046325683594,1.976483702659607,4194304.0,0.0,221.0,76440.0,0.0,221.0,0.0,0.0,4.0,54.0,1.0,0.0,5.0,0.0,0.0,7.0,0.0,1.0,0.0,1911.0,1911.0,1.0
1.9120000000000001,2720.0,653.0,707.0,2013.0,2067.0,2039.0,2041.0,679.0,681.0,0.0,0.0,0.0,0.0,0.0,1.0,0.0,0.0,0.0,4.0,250000.0,0.019999999552965164,31.999046325683594,1.9774061441421509,4194304.0,0.0,221.0,76480.0,0.0,221.0,0.0,0.0,4.0,54.0,1.0,0.0,5.0,0.0,0.0,7.0,0.0,1.0,0.0,1912.0,1912.0,1.0
1.913,2720.0,653.0,707.0,2013.0,2067.0,2039.0,2041.0,679.0,681.0,0.0,0.0,0.0,0.0,0.0,1.0,0.0,0.0,0.0,4.0,250000.0,0.019999999552965164,31.999046325683594,1.978292465209961,4194304.0,0.0,221.0,76520.0,0.0,221.0,0.0,0.0,4.0,54.0,1.0,0.0,5.0,0.0,0.0,7.0,0.0,1.0,0.0,1913.0,1913.0,1.0
1.9140000000000001,2720.0,653.0,707.0,2013.0,2067.0,2039.0,2041.0,679.0,681.0,0.0,0.0,0.0,0.0,0.0,1.0,0.0,0.0,0.0,4.0,250000.0,0.019999999552965164,31.999046325683594,1.9791439771652222,4194304.0,0.0,221.0,76560.0,0.0,221.0,0.0,0.0,4.0,54.0,1.0,0.0,5.0,0.0,0.0,7.0,0.0,1.0,0.0,1914.0,1914.0,1.0
1.915,2720.0,653.0,707.0,2013.0,2067.0,2039.0,2041.0,679.0,681.0,0.0,0.0,0.0,0.0,0.0,1.0,0.0,0.0,0.0,4.0,250000.0,0.019999999552965164,31.999046325683594,1.9799621105194092,4194304.0,0.0,221.0,76600.0,0.0,222.0,0.0,0.0,4.0,54.0,1.0,0.0,5.0,0.0,0.0,7.0,0.0,1.0,0.0,1915.0,1915.0,1.0
1.9160000000000001,2720.0,653.0,707.0,2013.0,2067.0,2039.0,2041.0,679.0,681.0,0.0,0.0,0.0,0.0,0.0,1.0,0.0,0.0,0.0,4.0,250000.0,0.019999999552965164,31.999046325683594,1.980748176574707,4194304.0,0.0,222.0,76640.0,0.0,222.0,0.0,0.0,4.0,54.0,1.0,0.0,5.0,0.0,0.0,7.0,0.0,1.0,0.0,1916.0,1916.0,1.0
1.917,2720.0,653.0,707.0,2013.0,2067.0,2039.0,2041.0,679.0,681.0,0.0,0.0,0.0,0.0,0.0,1.0,0.0,0.0,0.0,4.0,250000.0,0.019999999552965164,31.999046325683594,1.9815033674240112,4194304.0,0.0,222.0,76680.0,0.0,222.0,0.0,0.0,4.0,54.0,1.0,0.0,5.0,0.0,0.0,7.0,0.0,1.0,0.0,1917.0,1917.0,1.0
1.9180000000000001,2720.0,653.0,707.0,2013.0,2067.0,2039.0,2041.0,679.0,681.0,0.0,0.0,0.0,0.0,0.0,1.0,0.0,0.0,0.0,4.0,250000.0,0.019999999552965164,31.999046325683594,1.9822289943695068,4194304.0,0.0,222.0,76720.0,0.0,222.0,0.0,0.0,4.0,54.0,1.0,0.0,5.0,0.0,0.0,7.0,0.0,1.0,0.0,1918.0,1918.0,1.0
1.919,2720.0,653.0,707.0,2013.0,2067.0,2039.0,2041.0,679.0,681.0,0.0,0.0,0.0,0.0,0.0,1.0,0.0,0.0,0.0,4.0,250000.0,0.019999999552965164,31.999046325683594,1.9829262495040894,4194304.0,0.0,222.0,76760.0,0.0,222.0,0.0,0.0,4.0,54.0,1.0,0.0,5.0,0.0,0.0,7.0,0.0,1.0,0.0,1919.0,1919.0,1.0
1.9200000000000002,2720.0,653.0,707.0,2013.0,2067.0,2039.0,2041.0,679.0,681.0,0.0,0.0,0.0,0.0,0.0,1.0,0.0,0.0,0.0,4.0,250000.0,0.019999999552965164,31.999046325683594,1.9835962057113647,4194304.0,0.0,222.0,76800.0,0.0,223.0,0.0,0.0,4.0,54.0,1.0,0.0,5.0,0.0,0.0,7.0,0.0,1.0,0.0,1920.0,1920.0,1.0
1.921,2720.0,653.0,707.0,2013.0,2067.0,2039.0,2041.0,679.0,681.0,0.0,0.0,0.0,0.0,0.0,1.0,0.0,0.0,0.0,4.0,250000.0,0.019999999552965164,31.999046325683594,1.9842396974563599,4194304.0,0.0,223.0,76840.0,0.0,223.0,0.0,0.0,4.0,54.0,1.0,0.0,5.0,0.0,0.0,7.0,0.0,1.0,0.0,1921.0,1921.0,1.0
1.9220000000000002,2720.0,653.0,707.0,2013.0,2067.0,2039.0,2041.0,679.0,681.0,0.0,0.0,0.0,0.0,0.0,1.0,0.0,0.0,0.0,4.0,250000.0,0.019999999552965164,31.999046325683594,1.9848579168319702,4194304.0,0.0,223.0,76880.0,0.0,223.0,0.0,0.0,4.0,54.0,1.0,0.0,5.0,0.0,0.0,7.0,0.0,1.0,0.0,1922.0,1922.0,1.0
1.923,2720.0,653.0,707.0,2013.0,2067.0,2039.0,2041.0,679.0,681.0,0.0,0.0,0.0,0.0,0.0,1.0,0.0,0.0,0.0,4.0,250000.0,0.019999999552965164,31.999046325683594,1.9854521751403809,4194304.0,0.0,223.0,76920.0,0.0,223.0,0.0,0.0,4.0,54.0,1.0,0.0,5.0,0.0,0.0,7.0,0.0,1.0,0.0,1923.0,1923.0,1.0
1.9240000000000002,2720.0,653.0,707.0,2013.0,2067.0,2039.0,2041.0,679.0,681.0,0.0,0.0,0.0,0.0,0.0,1.0,0.0,0.0,0.0,4.0,250000.0,0.019999999552965164,31.999046325683594,1.9860228300094604,4194304.0,0.0,223.0,76960.0,0.0,223.0,0.0,0.0,4.0,54.0,1.0,0.0,5.0,0.0,0.0,7.0,0.0,1.0,0.0,1924.0,1924.0,1.0
1.925,2720.0,653.0,707.0,2013.0,2067.0,2039.0,2041.0,679.0,681.0,0.0,0.0,0.0,0.0,0.0,1.0,0.0,0.0,0.0,4.0,250000.0,0.019999999552965164,31.999046325683594,1.986571192741394,4194304.0,0.0,223.0,77000.0,0.0,224.0,0.0,0.0,4.0,54.0,1.0,0.0,5.0,0.0,0.0,7.0,0.0,1.0,0.0,1925.0,1925.0,1.0
1.9260000000000002,2720.0,653.0,707.0,2013.0,2067.0,2039.0,2041.0,679.0,681.0,0.0,0.0,0.0,0.0,0.0,1.0,0.0,0.0,0.0,4.0,250000.0,0.019999999552965164,31.999046325683594,1.9870980978012085,4194304.0,0.0,224.0,77040.0,0.0,224.0,0.0,0.0,4.0,54.0,1.0,0.0,5.0,0.0,0.0,7.0,0.0,1.0,0.0,1926.0,1926.0,1.0
1.927,2720.0,653.0,707.0,2013.0,2067.0,2039.0,2041.0,679.0,681.0,0.0,0.0,0.0,0.0,0.0,1.0,0.0,0.0,0.0,4.0,250000.0,0.019999999552965164,31.999046325683594,1.9876042604446411,4194304.0,0.0,224.0,77080.0,0.0,224.0,0.0,0.0,4.0,54.0,1.0,0.0,5.0,0.0,0.0,7.0,0.0,1.0,0.0,1927.0,1927.0,1.0
1.9280000000000002,2720.0,653.0,707.0,2013.0,2067.0,2039.0,2041.0,679.0,681.0,0.0,0.0,0.0,0.0,0.0,1.0,0.0,0.0,0.0,4.0,250000.0,0.019999999552965164,31.999046325683594,1.9880906343460083,4194304.0,0.0,224.0,77120.0,0.0,224.0,0.0,0.0,4.0,54.0,1.0,0.0,5.0,0.0,0.0,7.0,0.0,1.0,0.0,1928.0,1928.0,1.0
1.929,2720.0,653.0,707.0,2013.0,2067.0,2039.0,2041.0,679.0,681.0,0.0,0.0,0.0,0.0,0.0,1.0,0.0,0.0,0.0,4.0,250000.0,0.019999999552965164,31.999046325683594,1.9885579347610474,4194304.0,0.0,224.0,77160.0,0.0,224.0,0.0,0.0,4.0,54.0,1.0,0.0,5.0,0.0,0.0,7.0,0.0,1.0,0.0,1929.0,1929.0,1.0
1.9300000000000002,2720.0,653.0,707.0,2013.0,2067.0,2039.0,2041.0,679.0,681.0,0.0,0.0,0.0,0.0,0.0,1.0,0.0,0.0,0.0,4.0,250000.0,0.019999999552965164,31.999046325683594,1.9890068769454956,4194304.0,0.0,224.0,77200.0,0.0,225.0,0.0,0.0,4.0,54.0,1.0,0.0,5.0,0.0,0.0,7.0,0.0,1.0,0.0,1930.0,1930.0,1.0
1.931,2720.0,653.0,707.0,2013.0,2067.0,2039.0,2041.0,679.0,681.0,0.0,0.0,0.0,0.0,0.0,1.0,0.0,0.0,0.0,4.0,250000.0,0.019999999552965164,31.999046325683594,1.9894380569458008,4194304.0,0.0,225.0,77240.0,0.0,225.0,0.0,0.0,4.0,54.0,1.0,0.0,5.0,0.0,0.0,7.0,0.0,1.0,0.0,1931.0,1931.0,1.0
1.9320000000000002,2720.0,653.0,707.0,2013.0,2067.0,2039.0,2041.0,679.0,681.0,0.0,0.0,0.0,0.0,0.0,1.0,0.0,0.0,0.0,4.0,250000.0,0.019999999552965164,31.999046325683594,1.9898523092269897,4194304.0,0.0,225.0,77280.0,0.0,225.0,0.0,0.0,4.0,54.0,1.0,0.0,5.0,0.0,0.0,7.0,0.0,1.0,0.0,1932.0,1932.0,1.0
1.933,2720.0,653.0,707.0,2013.0,2067.0,2039.0,2041.0,679.0,681.0,0.0,0.0,0.0,0.0,0.0,1.0,0.0,0.0,0.0,4.0,250000.0,0.019999999552965164,31.999046325683594,1.9902504682540894,4194304.0,0.0,225.0,77320.0,0.0,225.0,0.0,0.0,4.0,54.0,1.0,0.0,5.0,0.0,0.0,7.0,0.0,1.0,0.0,1933.0,1933.0,1.0
1.9340000000000002,2720.0,653.0,707.0,2013.0,2067.0,2039.0,2041.0,679.0,681.0,0.0,0.0,0.0,0.0,0.0,1.0,0.0,0.0,0.0,4.0,250000.0,0.019999999552965164,31.999046325683594,1.9906330108642578,4194304.0,0.0,225.0,77360.0,0.0,225.0,0.0,0.0,4.0,54.0,1.0,0.0,5.0,0.0,0.0,7.0,0.0,1.0,0.0,1934.0,1934.0,1.0
1.935,2720.0,653.0,707.0,2013.0,2067.0,2039.0,2041.0,679.0,681.0,0.0,0.0,0.0,0.0,0.0,1.0,0.0,0.0,0.0,4.0,250000.0,0.019999999552965164,31.999046325683594,1.9910004138946533,4194304.0,0.0,225.0,77400.0,0.0,226.0,0.0,0.0,4.0,54.0,1.0,0.0,5.0,0.0,0.0,7.0,0.0,1.0,0.0,1935.0,1935.0,1.0
1.9360000000000002,2720.0,653.0,707.0,2013.0,2067.0,2039.0,2041.0,679.0,681.0,0.0,0.0,0.0,0.0,0.0,1.0,0.0,0.0,0.0,4.0,250000.0,0.019999999552965164,31.999046325683594,1.9913533926010132,4194304.0,0.0,226.0,77440.0,0.0,226.0,0.0,0.0,4.0,54.0,1.0,0.0,5.0,0.0,0.0,7.0,0.0,1.0,0.0,1936.0,1936.0,1.0
1.937,2720.0,653.0,707.0,2013.0,2067.0,2039.0,2041.0,679.0,681.0,0.0,0.0,0.0,0.0,0.0,1.0,0.0,0.0,0.0,4.0,250000.0,0.019999999552965164,31.999046325683594,1.9916925430297852,4194304.0,0.0,226.0,77480.0,0.0,226.0,0.0,0.0,4.0,54.0,1.0,0.0,5.0,0.0,0.0,7.0,0.0,1.0,0.0,1937.0,1937.0,1.0
1.9380000000000002,2720.0,653.0,707.0,2013.0,2067.0,2039.0,2041.0,679.0,681.0,0.0,0.0,0.0,0.0,0.0,1.0,0.0,0.0,0.0,4.0,250000.0,0.019999999552965164,31.999046325683594,1.9920183420181274,4194304.0,0.0,226.0,77520.0,0.0,226.0,0.0,0.0,4.0,54.0,1.0,0.0,5.0,0.0,0.0,7.0,0.0,1.0,0.0,1938.0,1938.0,1.0
1.939,2720.0,653.0,707.0,2013.0,2067.0,2039.0,2041.0,679.0,681.0,0.0,0.0,0.0,0.0,0.0,1.0,0.0,0.0,0.0,4.0,250000.0,0.019999999552965164,31.999046325683594,1.9923315048217773,4194304.0,0.0,226.0,77560.0,0.0,226.0,0.0,0.0,4.0,54.0,1.0,0.0,5.0,0.0,0.0,7.0,0.0,1.0,0.0,1939.0,1939.0,1.0
1.9400000000000002,2720.0,653.0,707.0,2013.0,2067.0,2039.0,2041.0,679.0,681.0,0.0,0.0,0.0,0.0,0.0,1.0,0.0,0.0,0.0,4.0,250000.0,0.019999999552965164,31.999046325683594,1.9926321506500244,4194304.0,0.0,226.0,77600.0,0.0,227.0,0.0,0.0,4.0,54.0,1.0,0.0,5.0,0.0,0.0,7.0,0.0,1.0,0.0,1940.0,1940.0,1.0
1.941,2720.0,653.0,707.0,2013.0,2067.0,2039.0,2041.0,679.0,681.0,0.0,0.0,0.0,0.0,0.0,1.0,0.0,0.0,0.0,4.0,250000.0,0.019999999552965164,31.999046325683594,1.992921233177185,4194304.0,0.0,227.0,77640.0,0.0,227.0,0.0,0.0,4.0,54.0,1.0,0.0,5.0,0.0,0.0,7.0,0.0,1.0,0.0,1941.0,1941.0,1.0
1.9420000000000002,2720.0,653.0,707.0,2013.0,2067.0,2039.0,2041.0,679.0,681.0,0.0,0.0,0.0,0.0,0.0,1.0,0.0,0.0,0.0,4.0,250000.0,0.019999999552965164,31.999046325683594,1.9931987524032593,4194304.0,0.0,227.0,77680.0,0.0,227.0,0.0,0.0,4.0,54.0,1.0,0.0,5.0,0.0,0.0,7.0,0.0,1.0,0.0,1942.0,1942.0,1.0
1.943,2720.0,653.0,707.0,2013.0,2067.0,2039.0,2041.0,679.0,681.0,0.0,0.0,0.0,0.0,0.0,1.0,0.0,0.0,0.0,4.0,250000.0,0.019999999552965164,31.999046325683594,1.993465542793274,4194304.0,0.0,227.0,77720.0,0.0,227.0,0.0,0.0,4.0,54.0,1.0,0.0,5.0,0.0,0.0,7.0,0.0,1.0,0.0,1943.0,1943.0,1.0
1.9440000000000002,2720.0,653.0,707.0,2013.0,2067.0,2039.0,2041.0,679.0,681.0,0.0,0.0,0.0,0.0,0.0,1.0,0.0,0.0,0.0,4.0,250000.0,0.019999999552965164,31.999046325683594,1.9937219619750977,4194304.0,0.0,227.0,77760.0,0.0,227.0,0.0,0.0,4.0,54.0,1.0,0.0,5.0,0.0,0.0,7.0,0.0,1.0,0.0,1944.0,1944.0,1.0
1.945,2720.0,653.0,707.0,2013.0,2067.0,2039.0,2041.0,679.0,681.0,0.0,0.0,0.0,0.0,0.0,1.0,0.0,0.0,0.0,4.0,250000.0,0.019999999552965164,31.999046325683594,1.9939683675765991,4194304.0,0.0,227.0,77800.0,0.0,228.0,0.0,0.0,4.0,54.0,1.0,0.0,5.0,0.0,0.0,7.0,0.0,1.0,0.0,1945.0,1945.0,1.0
1.9460000000000002,2720.0,653.0,707.0,2013.0,2067.0,2039.0,2041.0,679.0,681.0,0.0,0.0,0.0,0.0,0.0,1.0,0.0,0.0,0.0,4.0,250000.0,0.019999999552965164,31.999046325683594,1.9942048788070679,4194304.0,0.0,228.0,77840.0,0.0,228.0,0.0,0.0,4.0,54.0,1.0,0.0,5.0,0.0,0.0,7.0,0.0,1.0,0.0,1946.0,1946.0,1.0
1.947,2720.0,653.0,707.0,2013.0,2067.0,2039.0,2041.0,679.0,681.0,0.0,0.0,0.0,0.0,0.0,1.0,0.0,0.0,0.0,4.0,250000.0,0.019999999552965164,31.999046325683594,1.9944322109222412,4194304.0,0.0,228.0,77880.0,0.0,228.0,0.0,0.0,4.0,54.0,1.0,0.0,5.0,0.0,0.0,7.0,0.0,1.0,0.0,1947.0,1947.0,1.0
1.9480000000000002,2720.0,653.0,707.0,2013.0,2067.0,2039.0,2041.0,679.0,681.0,0.0,0.0,0.0,0.0,0.0,1.0,0.0,0.0,0.0,4.0,250000.0,0.019999999552965164,31.999046325683594,1.9946506023406982,4194304.0,0.0,228.0,77920.0,0.0,228.0,0.0,0.0,4.0,54.0,1.0,0.0,5.0,0.0,0.0,7.0,0.0,1.0,0.0,1948.0,1948.0,1.0
1.949,2720.0,653.0,707.0,2013.0,2067.0,2039.0,2041.0,679.0,681.0,0.0,0.0,0.0,0.0,0.0,1.0,0.0,0.0,0.0,4.0,250000.0,0.019999999552965164,31.999046325683594,1.9948605298995972,4194304.0,0.0,228.0,77960.0,0.0,228.0,0.0,0.0,4.0,54.0,1.0,0.0,5.0,0.0,0.0,7.0,0.0,1.0,0.0,1949.0,1949.0,1.0
1.9500000000000002,2720.0,653.0,707.0,2013.0,2067.0,2039.0,2041.0,679.0,681.0,0.0,0.0,0.0,0.0,0.0,1.0,0.0,0.0,0.0,4.0,250000.0,0.019999999552965164,31.999046325683594,1.9950624704360962,4194304.0,0.0,228.0,78000.0,0.0,229.0,0.0,0.0,4.0,54.0,1.0,0.0,5.0,0.0,0.0,7.0,0.0,1.0,0.0,1950.0,1950.0,1.0
1.951,2720.0,653.0,707.0,2013.0,2067.0,2039.0,2041.0,679.0,681.0,0.0,0.0,0.0,0.0,0.0,1.0,0.0,0.0,0.0,4.0,250000.0,0.019999999552965164,31.999046325683594,1.995255947113037,4194304.0,0.0,229.0,78040.0,0.0,229.0,0.0,0.0,4.0,54.0,1.0,0.0,5.0,0.0,0.0,7.0,0.0,1.0,0.0,1951.0,1951.0,1.0
1.9520000000000002,2720.0,653.0,707.0,2013.0,2067.0,2039.0,2041.0,679.0,681.0,0.0,0.0,0.0,0.0,0.0,1.0,0.0,0.0,0.0,4.0,250000.0,0.019999999552965164,31.999046325683594,1.9954421520233154,4194304.0,0.0,229.0,78080.0,0.0,229.0,0.0,0.0,4.0,54.0,1.0,0.0,5.0,0.0,0.0,7.0,0.0,1.0,0.0,1952.0,1952.0,1.0
1.953,2720.0,653.0,707.0,2013.0,2067.0,2039.0,2041.0,679.0,681.0,0.0,0.0,0.0,0.0,0.0,1.0,0.0,0.0,0.0,4.0,250000.0,0.019999999552965164,31.999046325683594,1.9956209659576416,4194304.0,0.0,229.0,78120.0,0.0,229.0,0.0,0.0,4.0,54.0,1.0,0.0,5.0,0.0,0.0,7.0,0.0,1.0,0.0,1953.0,1953.0,1.0
1.9540000000000002,2720.0,653.0,707.0,2013.0,2067.0,2039.0,2041.0,679.0,681.0,0.0,0.0,0.0,0.0,0.0,1.0,0.0,0.0,0.0,4.0,250000.0,0.019999999552965164,31.999046325683594,1.9957928657531738,4194304.0,0.0,229.0,78160.0,0.0,229.0,0.0,0.0,4.0,54.0,1.0,0.0,5.0,0.0,0.0,7.0,0.0,1.0,0.0,1954.0,1954.0,1.0
1.955,2720.0,653.0,707.0,2013.0,2067.0,2039.0,2041.0,679.0,681.0,0.0,0.0,0.0,0.0,0.0,1.0,0.0,0.0,0.0,4.0,250000.0,0.019999999552965164,31.999046325683594,1.9959577322006226,4194304.0,0.0,229.0,78200.0,0.0,230.0,0.0,0.0,4.0,54.0,1.0,0.0,5.0,0.0,0.0,7.0,0.0,1.0,0.0,1955.0,1955.0,1.0
1.9560000000000002,2720.0,653.0,707.0,2013.0,2067.0,2039.0,2041.0,679.0,681.0,0.0,0.0,0.0,0.0,0.0,1.0,0.0,0.0,0.0,4.0,250000.0,0.019999999552965164,31.999046325683594,1.9961166381835938,4194304.0,0.0,230.0,78240.0,0.0,230.0,0.0,0.0,4.0,54.0,1.0,0.0,5.0,0.0,0.0,7.0,0.0,1.0,0.0,1956.0,1956.0,1.0
1.957,2720.0,653.0,707.0,2013.0,2067.0,2039.0,2041.0,679.0,681.0,0.0,0.0,0.0,0.0,0.0,1.0,0.0,0.0,0.0,4.0,250000.0,0.019999999552965164,31.999046325683594,1.99626886844635,4194304.0,0.0,230.0,78280.0,0.0,230.0,0.0,0.0,4.0,54.0,1.0,0.0,5.0,0.0,0.0,7.0,0.0,1.0,0.0,1957.0,1957.0,1.0
1.9580000000000002,2720.0,653.0,707.0,2013.0,2067.0,2039.0,2041.0,679.0,681.0,0.0,0.0,0.0,0.0,0.0,1.0,0.0,0.0,0.0,4.0,250000.0,0.019999999552965164,31.999046325683594,1.9964150190353394,4194304.0,0.0,230.0,78320.0,0.0,230.0,0.0,0.0,4.0,54.0,1.0,0.0,5.0,0.0,0.0,7.0,0.0,1.0,0.0,1958.0,1958.0,1.0
1.959,2720.0,653.0,707.0,2013.0,2067.0,2039.0,2041.0,679.0,681.0,0.0,0.0,0.0,0.0,0.0,1.0,0.0,0.0,0.0,4.0,250000.0,0.019999999552965164,31.999046325683594,1.9965556859970093,4194304.0,0.0,230.0,78360.0,0.0,230.0,0.0,0.0,4.0,54.0,1.0,0.0,5.0,0.0,0.0,7.0,0.0,1.0,0.0,1959.0,1959.0,1.0
1.9600000000000002,2720.0,653.0,707.0,2013.0,2067.0,2039.0,2041.0,679.0,681.0,0.0,0.0,0.0,0.0,0.0,1.0,0.0,0.0,0.0,4.0,250000.0,0.019999999552965164,31.999046325683594,1.9966908693313599,4194304.0,0.0,230.0,78400.0,0.0,231.0,0.0,0.0,4.0,54.0,1.0,0.0,5.0,0.0,0.0,7.0,0.0,1.0,0.0,1960.0,1960.0,1.0
1.961,2720.0,653.0,707.0,2013.0,2067.0,2039.0,2041.0,679.0,681.0,0.0,0.0,0.0,0.0,0.0,1.0,0.0,0.0,0.0,4.0,250000.0,0.019999999552965164,31.999046325683594,1.9968208074569702,4194304.0,0.0,231.0,78440.0,0.0,231.0,0.0,0.0,4.0,54.0,1.0,0.0,5.0,0.0,0.0,7.0,0.0,1.0,0.0,1961.0,1961.0,1.0
1.9620000000000002,2720.0,653.0,707.0,2013.0,2067.0,2039.0,2041.0,679.0,681.0,0.0,0.0,0.0,0.0,0.0,1.0,0.0,0.0,0.0,4.0,250000.0,0.019999999552965164,31.999046325683594,1.9969456195831299,4194304.0,0.0,231.0,78480.0,0.0,231.0,0.0,0.0,4.0,54.0,1.0,0.0,5.0,0.0,0.0,7.0,0.0,1.0,0.0,1962.0,1962.0,1.0
1.963,2720.0,653.0,707.0,2013.0,2067.0,2039.0,2041.0,679.0,681.0,0.0,0.0,0.0,0.0,0.0,1.0,0.0,0.0,0.0,4.0,250000.0,0.019999999552965164,31.999046325683594,1.9970654249191284,4194304.0,0.0,231.0,78520.0,0.0,231.0,0.0,0.0,4.0,54.0,1.0,0.0,5.0,0.0,0.0,7.0,0.0,1.0,0.0,1963.0,1963.0,1.0
1.9640000000000002,2720.0,653.0,707.0,2013.0,2067.0,2039.0,2041.0,679.0,681.0,0.0,0.0,0.0,0.0,0.0,1.0,0.0,0.0,0.0,4.0,250000.0,0.019999999552965164,31.999046325683594,1.997180461883545,4194304.0,0.0,231.0,78560.0,0.0,231.0,0.0,0.0,4.0,54.0,1.0,0.0,5.0,0.0,0.0,7.0,0.0,1.0,0.0,1964.0,1964.0,1.0
1.965,2720.0,653.0,707.0,2013.0,2067.0,2039.0,2041.0,679.0,681.0,0.0,0.0,0.0,0.0,0.0,1.0,0.0,0.0,0.0,4.0,250000.0,0.019999999552965164,31.999046325683594,1.9972909688949585,4194304.0,0.0,231.0,78600.0,0.0,232.0,0.0,0.0,4.0,54.0,1.0,0.0,5.0,0.0,0.0,7.0,0.0,1.0,0.0,1965.0,1965.0,1.0
1.9660000000000002,2720.0,653.0,707.0,2013.0,2067.0,2039.0,2041.0,679.0,681.0,0.0,0.0,0.0,0.0,0.0,1.0,0.0,0.0,0.0,4.0,250000.0,0.019999999552965164,31.999046325683594,1.9973970651626587,4194304.0,0.0,232.0,78640.0,0.0,232.0,0.0,0.0,4.0,54.0,1.0,0.0,5.0,0.0,0.0,7.0,0.0,1.0,0.0,1966.0,1966.0,1.0
1.967,2720.0,653.0,707.0,2013.0,2067.0,2039.0,2041.0,679.0,681.0,0.0,0.0,0.0,0.0,0.0,1.0,0.0,0.0,0.0,4.0,250000.0,0.019999999552965164,31.999046325683594,1.9974991083145142,4194304.0,0.0,232.0,78680.0,0.0,232.0,0.0,0.0,4.0,54.0,1.0,0.0,5.0,0.0,0.0,7.0,0.0,1.0,0.0,1967.0,1967.0,1.0
1.9680000000000002,2720.0,653.0,707.0,2013.0,2067.0,2039.0,2041.0,679.0,681.0,0.0,0.0,0.0,0.0,0.0,1.0,0.0,0.0,0.0,4.0,250000.0,0.019999999552965164,31.999046325683594,1.9975972175598145,4194304.0,0.0,232.0,78720.0,0.0,232.0,0.0,0.0,4.0,54.0,1.0,0.0,5.0,0.0,0.0,7.0,0.0,1.0,0.0,1968.0,1968.0,1.0
1.969,2720.0,653.0,707.0,2013.0,2067.0,2039.0,2041.0,679.0,681.0,0.0,0.0,0.0,0.0,0.0,1.0,0.0,0.0,0.0,4.0,250000.0,0.019999999552965164,31.999046325683594,1.9976917505264282,4194304.0,0.0,232.0,78760.0,0.0,232.0,0.0,0.0,4.0,54.0,1.0,0.0,5.0,0.0,0.0,7.0,0.0,1.0,0.0,1969.0,1969.0,1.0
1.9700000000000002,2720.0,653.0,707.0,2013.0,2067.0,2039.0,2041.0,679.0,681.0,0.0,0.0,0.0,0.0,0.0,1.0,0.0,0.0,0.0,4.0,250000.0,0.019999999552965164,31.999046325683594,1.9977823495864868,4194304.0,0.0,232.0,78800.0,0.0,233.0,0.0,0.0,4.0,54.0,1.0,0.0,5.0,0.0,0.0,7.0,0.0,1.0,0.0,1970.0,1970.0,1.0
1.971,2720.0,653.0,707.0,2013.0,2067.0,2039.0,2041.0,679.0,681.0,0.0,0.0,0.0,0.0,0.0,1.0,0.0,0.0,0.0,4.0,250000.0,0.019999999552965164,31.999046325683594,1.9978688955307007,4194304.0,0.0,233.0,78840.0,0.0,233.0,0.0,0.0,4.0,54.0,1.0,0.0,5.0,0.0,0.0,7.0,0.0,1.0,0.0,1971.0,1971.0,1.0
1.9720000000000002,2720.0,653.0,707.0,2013.0,2067.0,2039.0,2041.0,679.0,681.0,0.0,0.0,0.0,0.0,0.0,1.0,0.0,0.0,0.0,4.0,250000.0,0.019999999552965164,31.999046325683594,1.9979524612426758,4194304.0,0.0,233.0,78880.0,0.0,233.0,0.0,0.0,4.0,54.0,1.0,0.0,5.0,0.0,0.0,7.0,0.0,1.0,0.0,1972.0,1972.0,1.0
1.973,2720.0,653.0,707.0,2013.0,2067.0,2039.0,2041.0,679.0,681.0,0.0,0.0,0.0,0.0,0.0,1.0,0.0,0.0,0.0,4.0,250000.0,0.019999999552965164,31.999046325683594,1.9980335235595703,4194304.0,0.0,233.0,78920.0,0.0,233.0,0.0,0.0,4.0,54.0,1.0,0.0,5.0,0.0,0.0,7.0,0.0,1.0,0.0,1973.0,1973.0,1.0
1.9740000000000002,2720.0,653.0,707.0,2013.0,2067.0,2039.0,2041.0,679.0,681.0,0.0,0.0,0.0,0.0,0.0,1.0,0.0,0.0,0.0,4.0,250000.0,0.019999999552965164,31.999046325683594,1.9981098175048828,4194304.0,0.0,233.0,78960.0,0.0,233.0,0.0,0.0,4.0,54.0,1.0,0.0,5.0,0.0,0.0,7.0,0.0,1.0,0.0,1974.0,1974.0,1.0
1.975,2720.0,653.0,707.0,2013.0,2067.0,2039.0,2041.0,679.0,681.0,0.0,0.0,0.0,0.0,0.0,1.0,0.0,0.0,0.0,4.0,250000.0,0.019999999552965164,31.999046325683594,1.998184084892273,4194304.0,0.0,233.0,79000.0,0.0,234.0,0.0,0.0,4.0,54.0,1.0,0.0,5.0,0.0,0.0,7.0,0.0,1.0,0.0,1975.0,1975.0,1.0
1.9760000000000002,2720.0,653.0,707.0,2013.0,2067.0,2039.0,2041.0,679.0,681.0,0.0,0.0,0.0,0.0,0.0,1.0,0.0,0.0,0.0,4.0,250000.0,0.019999999552965164,31.999046325683594,1.9982556104660034,4194304.0,0.0,234.0,79040.0,0.0,234.0,0.0,0.0,4.0,54.0,1.0,0.0,5.0,0.0,0.0,7.0,0.0,1.0,0.0,1976.0,1976.0,1.0
1.977,2720.0,653.0,707.0,2013.0,2067.0,2039.0,2041.0,679.0,681.0,0.0,0.0,0.0,0.0,0.0,1.0,0.0,0.0,0.0,4.0,250000.0,0.019999999552965164,31.999046325683594,1.9983234405517578,4194304.0,0.0,234.0,79080.0,0.0,234.0,0.0,0.0,4.0,54.0,1.0,0.0,5.0,0.0,0.0,7.0,0.0,1.0,0.0,1977.0,1977.0,1.0
1.9780000000000002,2720.0,653.0,707.0,2013.0,2067.0,2039.0,2041.0,679.0,681.0,0.0,0.0,0.0,0.0,0.0,1.0,0.0,0.0,0.0,4.0,250000.0,0.019999999552965164,31.999046325683594,1.9983901977539062,4194304.0,0.0,234.0,79120.0,0.0,234.0,0.0,0.0,4.0,54.0,1.0,0.0,5.0,0.0,0.0,7.0,0.0,1.0,0.0,1978.0,1978.0,1.0
1.979,2720.0,653.0,707.0,2013.0,2067.0,2039.0,2041.0,679.0,681.0,0.0,0.0,0.0,0.0,0.0,1.0,0.0,0.0,0.0,4.0,250000.0,0.019999999552965164,31.999046325683594,1.9984523057937622,4194304.0,0.0,234.0,79160.0,0.0,234.0,0.0,0.0,4.0,54.0,1.0,0.0,5.0,0.0,0.0,7.0,0.0,1.0,0.0,1979.0,1979.0,1.0
1.9800000000000002,2720.0,653.0,707.0,2013.0,2067.0,2039.0,2041.0,679.0,681.0,0.0,0.0,0.0,0.0,0.0,1.0,0.0,0.0,0.0,4.0,250000.0,0.019999999552965164,31.999046325683594,1.9985140562057495,4194304.0,0.0,234.0,79200.0,0.0,235.0,0.0,0.0,4.0,54.0,1.0,0.0,5.0,0.0,0.0,7.0,0.0,1.0,0.0,1980.0,1980.0,1.0
1.981,2720.0,653.0,707.0,2013.0,2067.0,2039.0,2041.0,679.0,681.0,0.0,0.0,0.0,0.0,0.0,1.0,0.0,0.0,0.0,4.0,250000.0,0.019999999552965164,31.999046325683594,1.9985712766647339,4194304.0,0.0,235.0,79240.0,0.0,235.0,0.0,0.0,4.0,54.0,1.0,0.0,5.0,0.0,0.0,7.0,0.0,1.0,0.0,1981.0,1981.0,1.0
1.982,2720.0,653.0,707.0,2013.0,2067.0,2039.0,2041.0,679.0,681.0,0.0,0.0,0.0,0.0,0.0,1.0,0.0,0.0,0.0,4.0,250000.0,0.019999999552965164,31.999046325683594,1.9986284971237183,4194304.0,0.0,235.0,79280.0,0.0,235.0,0.0,0.0,4.0,54.0,1.0,0.0,5.0,0.0,0.0,7.0,0.0,1.0,0.0,1982.0,1982.0,1.0
1.983,2720.0,653.0,707.0,2013.0,2067.0,2039.0,2041.0,679.0,681.0,0.0,0.0,0.0,0.0,0.0,1.0,0.0,0.0,0.0,4.0,250000.0,0.019999999552965164,31.999046325683594,1.9986810684204102,4194304.0,0.0,235.0,79320.0,0.0,235.0,0.0,0.0,4.0,54.0,1.0,0.0,5.0,0.0,0.0,7.0,0.0,1.0,0.0,1983.0,1983.0,1.0
1.984,2720.0,653.0,707.0,2013.0,2067.0,2039.0,2041.0,679.0,681.0,0.0,0.0,0.0,0.0,0.0,1.0,0.0,0.0,0.0,4.0,250000.0,0.019999999552965164,31.999046325683594,1.9987335205078125,4194304.0,0.0,235.0,79360.0,0.0,235.0,0.0,0.0,4.0,54.0,1.0,0.0,5.0,0.0,0.0,7.0,0.0,1.0,0.0,1984.0,1984.0,1.0
1.985,2720.0,653.0,707.0,2013.0,2067.0,2039.0,2041.0,679.0,681.0,0.0,0.0,0.0,0.0,0.0,1.0,0.0,0.0,0.0,4.0,250000.0,0.019999999552965164,31.999046325683594,1.9987826347351074,4194304.0,0.0,235.0,79400.0,0.0,236.0,0.0,0.0,4.0,54.0,1.0,0.0,5.0,0.0,0.0,7.0,0.0,1.0,0.0,1985.0,1985.0,1.0
1.986,2720.0,653.0,707.0,2013.0,2067.0,2039.0,2041.0,679.0,681.0,0.0,0.0,0.0,0.0,0.0,1.0,0.0,0.0,0.0,4.0,250000.0,0.019999999552965164,31.999046325683594,1.9988303184509277,4194304.0,0.0,236.0,79440.0,0.0,236.0,0.0,0.0,4.0,54.0,1.0,0.0,5.0,0.0,0.0,7.0,0.0,1.0,0.0,1986.0,1986.0,1.0
1.987,2720.0,653.0,707.0,2013.0,2067.0,2039.0,2041.0,679.0,681.0,0.0,0.0,0.0,0.0,0.0,1.0,0.0,0.0,0.0,4.0,250000.0,0.019999999552965164,31.999046325683594,1.9988770484924316,4194304.0,0.0,236.0,79480.0,0.0,236.0,0.0,0.0,4.0,54.0,1.0,0.0,5.0,0.0,0.0,7.0,0.0,1.0,0.0,1987.0,1987.0,1.0
1.988,2720.0,653.0,707.0,2013.0,2067.0,2039.0,2041.0,679.0,681.0,0.0,0.0,0.0,0.0,0.0,1.0,0.0,0.0,0.0,4.0,250000.0,0.019999999552965164,31.999046325683594,1.99891996383667,4194304.0,0.0,236.0,79520.0,0.0,236.0,0.0,0.0,4.0,54.0,1.0,0.0,5.0,0.0,0.0,7.0,0.0,1.0,0.0,1988.0,1988.0,1.0
1.989,2720.0,653.0,707.0,2013.0,2067.0,2039.0,2041.0,679.0,681.0,0.0,0.0,0.0,0.0,0.0,1.0,0.0,0.0,0.0,4.0,250000.0,0.019999999552965164,31.999046325683594,1.9989628791809082,4194304.0,0.0,236.0,79560.0,0.0,236.0,0.0,0.0,4.0,54.0,1.0,0.0,5.0,0.0,0.0,7.0,0.0,1.0,0.0,1989.0,1989.0,1.0
1.99,2720.0,653.0,707.0,2013.0,2067.0,2039.0,2041.0,679.0,681.0,0.0,0.0,0.0,0.0,0.0,1.0,0.0,0.0,0.0,4.0,250000.0,0.019999999552965164,31.999046325683594,1.9990037679672241,4194304.0,0.0,236.0,79600.0,0.0,237.0,0.0,0.0,4.0,54.0,1.0,0.0,5.0,0.0,0.0,7.0,0.0,1.0,0.0,1990.0,1990.0,1.0
1.991,2720.0,653.0,707.0,2013.0,2067.0,2039.0,2041.0,679.0,681.0,0.0,0.0,0.0,0.0,0.0,1.0,0.0,0.0,0.0,4.0,250000.0,0.019999999552965164,31.999046325683594,1.9990419149398804,4194304.0,0.0,237.0,79640.0,0.0,237.0,0.0,0.0,4.0,54.0,1.0,0.0,5.0,0.0,0.0,7.0,0.0,1.0,0.0,1991.0,1991.0,1.0
1.992,2720.0,653.0,707.0,2013.0,2067.0,2039.0,2041.0,679.0,681.0,0.0,0.0,0.0,0.0,0.0,1.0,0.0,0.0,0.0,4.0,250000.0,0.019999999552965164,31.999046325683594,1.9990800619125366,4194304.0,0.0,237.0,79680.0,0.0,237.0,0.0,0.0,4.0,54.0,1.0,0.0,5.0,0.0,0.0,7.0,0.0,1.0,0.0,1992.0,1992.0,1.0
1.993,2720.0,653.0,707.0,2013.0,2067.0,2039.0,2041.0,679.0,681.0,0.0,0.0,0.0,0.0,0.0,1.0,0.0,0.0,0.0,4.0,250000.0,0.019999999552965164,31.999046325683594,1.9991167783737183,4194304.0,0.0,237.0,79720.0,0.0,237.0,0.0,0.0,4.0,54.0,1.0,0.0,5.0,0.0,0.0,7.0,0.0,1.0,0.0,1993.0,1993.0,1.0
1.994,2720.0,653.0,707.0,2013.0,2067.0,2039.0,2041.0,679.0,681.0,0.0,0.0,0.0,0.0,0.0,1.0,0.0,0.0,0.0,4.0,250000.0,0.019999999552965164,31.999046325683594,1.9991501569747925,4194304.0,0.0,237.0,79760.0,0.0,237.0,0.0,0.0,4.0,54.0,1.0,0.0,5.0,0.0,0.0,7.0,0.0,1.0,0.0,1994.0,1994.0,1.0
1.995,2720.0,653.0,707.0,2013.0,2067.0,2039.0,2041.0,679.0,681.0,0.0,0.0,0.0,0.0,0.0,1.0,0.0,0.0,0.0,4.0,250000.0,0.019999999552965164,31.999046325683594,1.9991835355758667,4194304.0,0.0,237.0,79800.0,0.0,238.0,0.0,0.0,4.0,54.0,1.0,0.0,5.0,0.0,0.0,7.0,0.0,1.0,0.0,1995.0,1995.0,1.0
1.996,2720.0,653.0,707.0,2013.0,2067.0,2039.0,2041.0,679.0,681.0,0.0,0.0,0.0,0.0,0.0,1.0,0.0,0.0,0.0,4.0,250000.0,0.019999999552965164,31.999046325683594,1.999216914176941,4194304.0,0.0,238.0,79840.0,0.0,238.0,0.0,0.0,4.0,54.0,1.0,0.0,5.0,0.0,0.0,7.0,0.0,1.0,0.0,1996.0,1996.0,1.0
1.997,2720.0,653.0,707.0,2013.0,2067.0,2039.0,2041.0,679.0,681.0,0.0,0.0,0.0,0.0,0.0,1.0,0.0,0.0,0.0,4.0,250000.0,0.019999999552965164,31.999046325683594,1.9992467164993286,4194304.0,0.0,238.0,79880.0,0.0,238.0,0.0,0.0,4.0,54.0,1.0,0.0,5.0,0.0,0.0,7.0,0.0,1.0,0.0,1997.0,1997.0,1.0
1.998,2720.0,653.0,707.0,2013.0,2067.0,2039.0,2041.0,679.0,681.0,0.0,0.0,0.0,0.0,0.0,1.0,0.0,0.0,0.0,4.0,250000.0,0.019999999552965164,31.999046325683594,1.9992753267288208,4194304.0,0.0,238.0,79920.0,0.0,238.0,0.0,0.0,4.0,54.0,1.0,0.0,5.0,0.0,0.0,7.0,0.0,1.0,0.0,1998.0,1998.0,1.0
1.999,2720.0,653.0,707.0,2013.0,2067.0,2039.0,2041.0,679.0,681.0,0.0,0.0,0.0,0.0,0.0,1.0,0.0,0.0,0.0,4.0,250000.0,0.019999999552965164,31.999046325683594,1.999303936958313,4194304.0,0.0,238.0,79960.0,0.0,238.0,0.0,0.0,4.0,54.0,1.0,0.0,5.0,0.0,0.0,7.0,0.0,1.0,0.0,1999.0,1999.0,1.0
2.0,2720.0,653.0,707.0,2013.0,2067.0,2039.0,2041.0,679.0,681.0,0.0,0.0,0.0,0.0,0.0,1.0,0.0,0.0,0.0,4.0,250000.0,0.019999999552965164,31.999046325683594,1.9993325471878052,4194304.0,0.0,238.0,80000.0,0.0,239.0,0.0,0.0,4.0,54.0,1.0,0.0,5.0,0.0,0.0,7.0,0.0,1.0,0.0,2000.0,2000.0,1.0
