time_s,Combined_mode,Combined_preOK,Combined_relay,Combined_Iref_A,Combined_Ibat_FIR_A,Combined_Vbat_FIR_V,Combined_duty,Split_mode,Split_preOK,Split_relay,Split_Iref_A,Split_Ibat_FIR_A,Split_Vbat_FIR_V,Split_duty
0.0,0.0,0.0,0.0,0.0,0.0,0.0,0.0,0.0,0.0,0.0,0.0,0.0,0.0,0.0
0.001,0.0,0.0,0.0,0.0,0.0,1.2553532123565674,0.019999999552965164,0.0,0.0,0.0,0.0,0.0,1.2553532123565674,0.019999999552965164
0.002,0.0,0.0,0.0,0.0,0.0,2.4614601135253906,0.019999999552965164,0.0,0.0,0.0,0.0,0.0,2.4614601135253906,0.019999999552965164
0.003,0.0,0.0,0.0,0.0,0.0,3.6202552318573,0.019999999552965164,0.0,0.0,0.0,0.0,0.0,3.6202552318573,0.019999999552965164
0.004,0.0,0.0,0.0,0.0,0.0,4.7335920333862305,0.019999999552965164,0.0,0.0,0.0,0.0,0.0,4.7335920333862305,0.019999999552965164
0.005,0.0,0.0,0.0,0.0,0.0,5.803252696990967,0.019999999552965164,0.0,0.0,0.0,0.0,0.0,5.803252696990967,0.019999999552965164
0.006,0.0,0.0,0.0,0.0,0.0,6.830949783325195,0.019999999552965164,0.0,0.0,0.0,0.0,0.0,6.830949783325195,0.019999999552965164
0.007,0.0,0.0,0.0,0.0,0.0,7.818332195281982,0.019999999552965164,0.0,0.0,0.0,0.0,0.0,7.818332195281982,0.019999999552965164
0.008,0.0,0.0,0.0,0.0,0.0,8.76696491241455,0.019999999552965164,0.0,0.0,0.0,0.0,0.0,8.76696491241455,0.019999999552965164
0.009000000000000001,0.0,0.0,0.0,0.0,0.0,9.678380012512207,0.019999999552965164,0.0,0.0,0.0,0.0,0.0,9.678380012512207,0.019999999552965164
0.01,0.0,0.0,0.0,0.0,0.0,10.554040908813477,0.019999999552965164,0.0,0.0,0.0,0.0,0.0,10.554040908813477,0.019999999552965164
0.011,0.0,0.0,0.0,0.0,0.0,11.374725341796875,0.019999999552965164,0.0,0.0,0.0,0.0,0.0,11.374725341796875,0.019999999552965164
0.012,0.0,0.0,0.0,0.0,0.0,12.203654289245605,0.019999999552965164,0.0,0.0,0.0,0.0,0.0,12.203654289245605,0.019999999552965164
0.013000000000000001,0.0,0.0,0.0,0.0,0.0,12.98024845123291,0.019999999552965164,0.0,0.0,0.0,0.0,0.0,12.98024845123291,0.019999999552965164
0.014,0.0,0.0,0.0,0.0,0.0,13.726378440856934,0.019999999552965164,0.0,0.0,0.0,0.0,0.0,13.726378440856934,0.019999999552965164
0.015,0.0,0.0,0.0,0.0,0.0,14.425663948059082,0.019999999552965164,0.0,0.0,0.0,0.0,0.0,14.425663948059082,0.019999999552965164
0.016,0.0,0.0,0.0,0.0,0.0,15.131980895996094,0.019999999552965164,0.0,0.0,0.0,0.0,0.0,15.131980895996094,0.019999999552965164
0.017,0.0,0.0,0.0,0.0,0.0,15.793701171875,0.019999999552965164,0.0,0.0,0.0,0.0,0.0,15.793701171875,0.019999999552965164
0.018000000000000002,0.0,0.0,0.0,0.0,0.0,16.429460525512695,0.019999999552965164,0.0,0.0,0.0,0.0,0.0,16.429460525512695,0.019999999552965164
0.019,0.0,0.0,0.0,0.0,0.0,17.0402889251709,0.019999999552965164,0.0,0.0,0.0,0.0,0.0,17.0402889251709,0.019999999552965164
0.02,0.0,0.0,0.0,0.0,0.0,17.627147674560547,0.019999999552965164,0.0,0.0,0.0,0.0,0.0,17.627147674560547,0.019999999552965164
0.021,0.0,0.0,0.0,0.0,0.0,18.190982818603516,0.019999999552965164,0.0,0.0,0.0,0.0,0.0,18.190982818603516,0.019999999552965164
0.022,0.0,0.0,0.0,0.0,0.0,18.719425201416016,0.019999999552965164,0.0,0.0,0.0,0.0,0.0,18.719425201416016,0.019999999552965164
0.023,0.0,0.0,0.0,0.0,0.0,19.253171920776367,0.019999999552965164,0.0,0.0,0.0,0.0,0.0,19.253171920776367,0.019999999552965164
0.024,0.0,0.0,0.0,0.0,0.0,19.75322151184082,0.019999999552965164,0.0,0.0,0.0,0.0,0.0,19.75322151184082,0.019999999552965164
0.025,0.0,0.0,0.0,0.0,0.0,20.233652114868164,0.019999999552965164,0.0,0.0,0.0,0.0,0.0,20.233652114868164,0.019999999552965164
0.026000000000000002,0.0,0.0,0.0,0.0,0.0,20.695241928100586,0.019999999552965164,0.0,0.0,0.0,0.0,0.0,20.695241928100586,0.019999999552965164
0.027,0.0,0.0,0.0,0.0,0.0,21.138717651367188,0.019999999552965164,0.0,0.0,0.0,0.0,0.0,21.138717651367188,0.019999999552965164
0.028,0.0,0.0,0.0,0.0,0.0,21.564796447753906,0.019999999552965164,0.0,0.0,0.0,0.0,0.0,21.564796447753906,0.019999999552965164
0.029,0.0,0.0,0.0,0.0,0.0,21.974166870117188,0.019999999552965164,0.0,0.0,0.0,0.0,0.0,21.974166870117188,0.019999999552965164
0.03,0.0,0.0,0.0,0.0,0.0,22.357830047607422,0.019999999552965164,0.0,0.0,0.0,0.0,0.0,22.357830047607422,0.019999999552965164
0.031,0.0,0.0,0.0,0.0,0.0,22.74534797668457,0.019999999552965164,0.0,0.0,0.0,0.0,0.0,22.74534797668457,0.019999999552965164
0.032,0.0,0.0,0.0,0.0,0.0,23.1083984375,0.019999999552965164,0.0,0.0,0.0,0.0,0.0,23.1083984375,0.019999999552965164
0.033,0.0,0.0,0.0,0.0,0.0,23.45720863342285,0.019999999552965164,0.0,0.0,0.0,0.0,0.0,23.45720863342285,0.019999999552965164
0.034,0.0,0.0,0.0,0.0,0.0,23.792333602905273,0.019999999552965164,0.0,0.0,0.0,0.0,0.0,23.792333602905273,0.019999999552965164
0.035,0.0,0.0,0.0,0.0,0.0,24.114316940307617,0.019999999552965164,0.0,0.0,0.0,0.0,0.0,24.114316940307617,0.019999999552965164
0.036000000000000004,0.0,0.0,0.0,0.0,0.0,24.423662185668945,0.019999999552965164,0.0,0.0,0.0,0.0,0.0,24.423662185668945,0.019999999552965164
0.037,0.0,0.0,0.0,0.0,0.0,24.71358871459961,0.019999999552965164,0.0,0.0,0.0,0.0,0.0,24.71358871459961,0.019999999552965164
0.038,0.0,0.0,0.0,0.0,0.0,25.006425857543945,0.019999999552965164,0.0,0.0,0.0,0.0,0.0,25.006425857543945,0.019999999552965164
0.039,0.0,0.0,0.0,0.0,0.0,25.280778884887695,0.019999999552965164,0.0,0.0,0.0,0.0,0.0,25.280778884887695,0.019999999552965164
0.04,0.0,0.0,0.0,0.0,0.0,25.544370651245117,0.019999999552965164,0.0,0.0,0.0,0.0,0.0,25.544370651245117,0.019999999552965164
0.041,0.0,0.0,0.0,0.0,0.0,25.79762077331543,0.019999999552965164,0.0,0.0,0.0,0.0,0.0,25.79762077331543,0.019999999552965164
0.042,0.0,0.0,0.0,0.0,0.0,26.040935516357422,0.019999999552965164,0.0,0.0,0.0,0.0,0.0,26.040935516357422,0.019999999552965164
0.043000000000000003,0.0,0.0,0.0,0.0,0.0,26.274709701538086,0.019999999552965164,0.0,0.0,0.0,0.0,0.0,26.274709701538086,0.019999999552965164
0.044,0.0,0.0,0.0,0.0,0.0,26.49380874633789,0.019999999552965164,0.0,0.0,0.0,0.0,0.0,26.49380874633789,0.019999999552965164
0.045,0.0,0.0,0.0,0.0,0.0,26.709810256958008,0.019999999552965164,0.0,0.0,0.0,0.0,0.0,26.709810256958008,0.019999999552965164
0.046,0.0,0.0,0.0,0.0,0.0,26.922422409057617,0.019999999552965164,0.0,0.0,0.0,0.0,0.0,26.922422409057617,0.019999999552965164
0.047,0.0,0.0,0.0,0.0,0.0,27.121612548828125,0.019999999552965164,0.0,0.0,0.0,0.0,0.0,27.121612548828125,0.019999999552965164
0.048,0.0,0.0,0.0,0.0,0.0,27.312990188598633,0.019999999552965164,0.0,0.0,0.0,0.0,0.0,27.312990188598633,0.019999999552965164
0.049,0.0,0.0,0.0,0.0,0.0,27.496856689453125,0.019999999552965164,0.0,0.0,0.0,0.0,0.0,27.496856689453125,0.019999999552965164
0.05,0.0,0.0,0.0,0.0,0.0,27.673511505126953,0.019999999552965164,0.0,0.0,0.0,0.0,0.0,27.673511505126953,0.019999999552965164
0.051000000000000004,0.0,0.0,0.0,0.0,0.0,27.843233108520508,0.019999999552965164,0.0,0.0,0.0,0.0,0.0,27.843233108520508,0.019999999552965164
0.052000000000000005,0.0,0.0,0.0,0.0,0.0,28.006298065185547,0.019999999552965164,0.0,0.0,0.0,0.0,0.0,28.006298065185547,0.019999999552965164
0.053,0.0,0.0,0.0,0.0,0.0,28.159130096435547,0.019999999552965164,0.0,0.0,0.0,0.0,0.0,28.159130096435547,0.019999999552965164
0.054,0.0,0.0,0.0,0.0,0.0,28.313507080078125,0.019999999552965164,0.0,0.0,0.0,0.0,0.0,28.313507080078125,0.019999999552965164
0.055,0.0,0.0,0.0,0.0,0.0,28.458126068115234,0.019999999552965164,0.0,0.0,0.0,0.0,0.0,28.458126068115234,0.019999999552965164
0.056,0.0,0.0,0.0,0.0,0.0,28.597070693969727,0.019999999552965164,0.0,0.0,0.0,0.0,0.0,28.597070693969727,0.019999999552965164
0.057,0.0,0.0,0.0,0.0,0.0,28.730567932128906,0.019999999552965164,0.0,0.0,0.0,0.0,0.0,28.730567932128906,0.019999999552965164
0.058,0.0,0.0,0.0,0.0,0.0,28.858823776245117,0.019999999552965164,0.0,0.0,0.0,0.0,0.0,28.858823776245117,0.019999999552965164
0.059000000000000004,0.0,0.0,0.0,0.0,0.0,28.9820499420166,0.019999999552965164,0.0,0.0,0.0,0.0,0.0,28.9820499420166,0.019999999552965164
0.06,0.0,0.0,0.0,0.0,0.0,29.0975399017334,0.019999999552965164,0.0,0.0,0.0,0.0,0.0,29.0975399017334,0.019999999552965164
0.061,0.0,0.0,0.0,0.0,0.0,29.211408615112305,0.019999999552965164,0.0,0.0,0.0,0.0,0.0,29.211408615112305,0.019999999552965164
0.062,0.0,0.0,0.0,0.0,0.0,29.323482513427734,0.019999999552965164,0.0,0.0,0.0,0.0,0.0,29.323482513427734,0.019999999552965164
0.063,0.0,0.0,0.0,0.0,0.0,29.42848014831543,0.019999999552965164,0.0,0.0,0.0,0.0,0.0,29.42848014831543,0.019999999552965164
0.064,0.0,0.0,0.0,0.0,0.0,29.52935791015625,0.019999999552965164,0.0,0.0,0.0,0.0,0.0,29.52935791015625,0.019999999552965164
0.065,0.0,0.0,0.0,0.0,0.0,29.626277923583984,0.019999999552965164,0.0,0.0,0.0,0.0,0.0,29.626277923583984,0.019999999552965164
0.066,0.0,0.0,0.0,0.0,0.0,29.719396591186523,0.019999999552965164,0.0,0.0,0.0,0.0,0.0,29.719396591186523,0.019999999552965164
0.067,0.0,0.0,0.0,0.0,0.0,29.808862686157227,0.019999999552965164,0.0,0.0,0.0,0.0,0.0,29.808862686157227,0.019999999552965164
0.068,0.0,0.0,0.0,0.0,0.0,29.894819259643555,0.019999999552965164,0.0,0.0,0.0,0.0,0.0,29.894819259643555,0.019999999552965164
0.069,0.0,0.0,0.0,0.0,0.0,29.977405548095703,0.019999999552965164,0.0,0.0,0.0,0.0,0.0,29.977405548095703,0.019999999552965164
0.07,0.0,0.0,0.0,0.0,0.0,30.056747436523438,0.019999999552965164,0.0,0.0,0.0,0.0,0.0,30.056747436523438,0.019999999552965164
0.07100000000000001,0.0,0.0,0.0,0.0,0.0,30.13300323486328,0.019999999552965164,0.0,0.0,0.0,0.0,0.0,30.13300323486328,0.019999999552965164
0.07200000000000001,0.0,0.0,0.0,0.0,0.0,30.206241607666016,0.019999999552965164,0.0,0.0,0.0,0.0,0.0,30.206241607666016,0.019999999552965164
0.073,0.0,0.0,0.0,0.0,0.0,30.274885177612305,0.019999999552965164,0.0,0.0,0.0,0.0,0.0,30.274885177612305,0.019999999552965164
0.074,0.0,0.0,0.0,0.0,0.0,30.342561721801758,0.019999999552965164,0.0,0.0,0.0,0.0,0.0,30.342561721801758,0.019999999552965164
0.075,0.0,0.0,0.0,0.0,0.0,30.4091739654541,0.019999999552965164,0.0,0.0,0.0,0.0,0.0,30.4091739654541,0.019999999552965164
0.076,0.0,0.0,0.0,0.0,0.0,30.471582412719727,0.019999999552965164,0.0,0.0,0.0,0.0,0.0,30.471582412719727,0.019999999552965164
0.077,0.0,0.0,0.0,0.0,0.0,30.531543731689453,0.019999999552965164,0.0,0.0,0.0,0.0,0.0,30.531543731689453,0.019999999552965164
0.078,0.0,0.0,0.0,0.0,0.0,30.589149475097656,0.019999999552965164,0.0,0.0,0.0,0.0,0.0,30.589149475097656,0.019999999552965164
0.079,0.0,0.0,0.0,0.0,0.0,30.64449691772461,0.019999999552965164,0.0,0.0,0.0,0.0,0.0,30.64449691772461,0.019999999552965164
0.08,0.0,0.0,0.0,0.0,0.0,30.69767189025879,0.019999999552965164,0.0,0.0,0.0,0.0,0.0,30.69767189025879,0.019999999552965164
0.081,0.0,0.0,0.0,0.0,0.0,30.748764038085938,0.019999999552965164,0.0,0.0,0.0,0.0,0.0,30.748764038085938,0.019999999552965164
0.082,0.0,0.0,0.0,0.0,0.0,30.797849655151367,0.019999999552965164,0.0,0.0,0.0,0.0,0.0,30.797849655151367,0.019999999552965164
0.083,0.0,0.0,0.0,0.0,0.0,30.845006942749023,0.019999999552965164,0.0,0.0,0.0,0.0,0.0,30.845006942749023,0.019999999552965164
0.084,0.0,0.0,0.0,0.0,0.0,30.89031982421875,0.019999999552965164,0.0,0.0,0.0,0.0,0.0,30.89031982421875,0.019999999552965164
0.085,0.0,0.0,0.0,0.0,0.0,30.933853149414062,0.019999999552965164,0.0,0.0,0.0,0.0,0.0,30.933853149414062,0.019999999552965164
0.08600000000000001,0.0,0.0,0.0,0.0,0.0,30.975679397583008,0.019999999552965164,0.0,0.0,0.0,0.0,0.0,30.975679397583008,0.019999999552965164
0.08700000000000001,0.0,0.0,0.0,0.0,0.0,31.0158634185791,0.019999999552965164,0.0,0.0,0.0,0.0,0.0,31.0158634185791,0.019999999552965164
0.088,0.0,0.0,0.0,0.0,0.0,31.05352210998535,0.019999999552965164,0.0,0.0,0.0,0.0,0.0,31.05352210998535,0.019999999552965164
0.089,0.0,0.0,0.0,0.0,0.0,31.09065055847168,0.019999999552965164,0.0,0.0,0.0,0.0,0.0,31.09065055847168,0.019999999552965164
0.09,0.0,0.0,0.0,0.0,0.0,31.126323699951172,0.019999999552965164,0.0,0.0,0.0,0.0,0.0,31.126323699951172,0.019999999552965164
0.091,0.0,0.0,0.0,0.0,0.0,31.16143798828125,0.019999999552965164,0.0,0.0,0.0,0.0,0.0,31.16143798828125,0.019999999552965164
0.092,0.0,0.0,0.0,0.0,0.0,31.1943359375,0.019999999552965164,0.0,0.0,0.0,0.0,0.0,31.1943359375,0.019999999552965164
0.093,0.0,0.0,0.0,0.0,0.0,31.225940704345703,0.019999999552965164,0.0,0.0,0.0,0.0,0.0,31.225940704345703,0.019999999552965164
0.094,0.0,0.0,0.0,0.0,0.0,31.256305694580078,0.019999999552965164,0.0,0.0,0.0,0.0,0.0,31.256305694580078,0.019999999552965164
0.095,0.0,0.0,0.0,0.0,0.0,31.285480499267578,0.019999999552965164,0.0,0.0,0.0,0.0,0.0,31.285480499267578,0.019999999552965164
0.096,0.0,0.0,0.0,0.0,0.0,31.31351089477539,0.019999999552965164,0.0,0.0,0.0,0.0,0.0,31.31351089477539,0.019999999552965164
0.097,0.0,0.0,0.0,0.0,0.0,31.34044075012207,0.019999999552965164,0.0,0.0,0.0,0.0,0.0,31.34044075012207,0.019999999552965164
0.098,0.0,0.0,0.0,0.0,0.0,31.366317749023438,0.019999999552965164,0.0,0.0,0.0,0.0,0.0,31.366317749023438,0.019999999552965164
0.099,0.0,0.0,0.0,0.0,0.0,31.391178131103516,0.019999999552965164,0.0,0.0,0.0,0.0,0.0,31.391178131103516,0.019999999552965164
0.1,0.0,0.0,0.0,0.0,0.0,31.415061950683594,0.019999999552965164,0.0,0.0,0.0,0.0,0.0,31.415061950683594,0.019999999552965164
0.101,0.0,0.0,0.0,0.0,0.0,31.43800926208496,0.019999999552965164,0.0,0.0,0.0,0.0,0.0,31.43800926208496,0.019999999552965164
0.10200000000000001,0.0,0.0,0.0,0.0,0.0,31.460058212280273,0.019999999552965164,0.0,0.0,0.0,0.0,0.0,31.460058212280273,0.019999999552965164
0.10300000000000001,0.0,0.0,0.0,0.0,0.0,31.48124122619629,0.019999999552965164,0.0,0.0,0.0,0.0,0.0,31.48124122619629,0.019999999552965164
0.10400000000000001,0.0,0.0,0.0,0.0,0.0,31.5015926361084,0.019999999552965164,0.0,0.0,0.0,0.0,0.0,31.5015926361084,0.019999999552965164
0.105,0.0,0.0,0.0,0.0,0.0,31.520666122436523,0.019999999552965164,0.0,0.0,0.0,0.0,0.0,31.520666122436523,0.019999999552965164
0.106,0.0,0.0,0.0,0.0,0.0,31.539472579956055,0.019999999552965164,0.0,0.0,0.0,0.0,0.0,31.539472579956055,0.019999999552965164
0.107,0.0,0.0,0.0,0.0,0.0,31.557537078857422,0.019999999552965164,0.0,0.0,0.0,0.0,0.0,31.557537078857422,0.019999999552965164
0.108,0.0,0.0,0.0,0.0,0.0,31.575321197509766,0.019999999552965164,0.0,0.0,0.0,0.0,0.0,31.575321197509766,0.019999999552965164
0.109,0.0,0.0,0.0,0.0,0.0,31.591981887817383,0.019999999552965164,0.0,0.0,0.0,0.0,0.0,31.591981887817383,0.019999999552965164
0.11,0.0,0.0,0.0,0.0,0.0,31.607988357543945,0.019999999552965164,0.0,0.0,0.0,0.0,0.0,31.607988357543945,0.019999999552965164
0.111,0.0,0.0,0.0,0.0,0.0,31.623363494873047,0.019999999552965164,0.0,0.0,0.0,0.0,0.0,31.623363494873047,0.019999999552965164
0.112,0.0,0.0,0.0,0.0,0.0,31.63813591003418,0.019999999552965164,0.0,0.0,0.0,0.0,0.0,31.63813591003418,0.019999999552965164
0.113,0.0,0.0,0.0,0.0,0.0,31.652332305908203,0.019999999552965164,0.0,0.0,0.0,0.0,0.0,31.652332305908203,0.019999999552965164
0.114,0.0,0.0,0.0,0.0,0.0,31.665969848632812,0.019999999552965164,0.0,0.0,0.0,0.0,0.0,31.665969848632812,0.019999999552965164
0.115,0.0,0.0,0.0,0.0,0.0,31.679073333740234,0.019999999552965164,0.0,0.0,0.0,0.0,0.0,31.679073333740234,0.019999999552965164
0.116,0.0,0.0,0.0,0.0,0.0,31.691661834716797,0.019999999552965164,0.0,0.0,0.0,0.0,0.0,31.691661834716797,0.019999999552965164
0.117,0.0,0.0,0.0,0.0,0.0,31.703758239746094,0.019999999552965164,0.0,0.0,0.0,0.0,0.0,31.703758239746094,0.019999999552965164
0.11800000000000001,0.0,0.0,0.0,0.0,0.0,31.71537971496582,0.019999999552965164,0.0,0.0,0.0,0.0,0.0,31.71537971496582,0.019999999552965164
0.11900000000000001,0.0,0.0,0.0,0.0,0.0,31.726547241210938,0.019999999552965164,0.0,0.0,0.0,0.0,0.0,31.726547241210938,0.019999999552965164
0.12,0.0,0.0,0.0,0.0,0.0,31.73701286315918,0.019999999552965164,0.0,0.0,0.0,0.0,0.0,31.73701286315918,0.019999999552965164
0.121,0.0,0.0,0.0,0.0,0.0,31.747331619262695,0.019999999552965164,0.0,0.0,0.0,0.0,0.0,31.747331619262695,0.019999999552965164
0.122,0.0,0.0,0.0,0.0,0.0,31.75724220275879,0.019999999552965164,0.0,0.0,0.0,0.0,0.0,31.75724220275879,0.019999999552965164
0.123,0.0,0.0,0.0,0.0,0.0,31.766769409179688,0.019999999552965164,0.0,0.0,0.0,0.0,0.0,31.766769409179688,0.019999999552965164
0.124,0.0,0.0,0.0,0.0,0.0,31.776142120361328,0.019999999552965164,0.0,0.0,0.0,0.0,0.0,31.776142120361328,0.019999999552965164
0.125,0.0,0.0,0.0,0.0,0.0,31.784923553466797,0.019999999552965164,0.0,0.0,0.0,0.0,0.0,31.784923553466797,0.019999999552965164
0.126,0.0,0.0,0.0,0.0,0.0,31.793363571166992,0.019999999552965164,0.0,0.0,0.0,0.0,0.0,31.793363571166992,0.019999999552965164
0.127,0.0,0.0,0.0,0.0,0.0,31.801469802856445,0.019999999552965164,0.0,0.0,0.0,0.0,0.0,31.801469802856445,0.019999999552965164
0.128,0.0,0.0,0.0,0.0,0.0,31.80925941467285,0.019999999552965164,0.0,0.0,0.0,0.0,0.0,31.80925941467285,0.019999999552965164
0.129,0.0,0.0,0.0,0.0,0.0,31.816743850708008,0.019999999552965164,0.0,0.0,0.0,0.0,0.0,31.816743850708008,0.019999999552965164
0.13,0.0,0.0,0.0,0.0,0.0,31.82393455505371,0.019999999552965164,0.0,0.0,0.0,0.0,0.0,31.82393455505371,0.019999999552965164
0.131,0.0,0.0,0.0,0.0,0.0,31.830839157104492,0.019999999552965164,0.0,0.0,0.0,0.0,0.0,31.830839157104492,0.019999999552965164
0.132,0.0,0.0,0.0,0.0,0.0,31.837474822998047,0.019999999552965164,0.0,0.0,0.0,0.0,0.0,31.837474822998047,0.019999999552965164
0.133,0.0,0.0,0.0,0.0,0.0,31.84385108947754,0.019999999552965164,0.0,0.0,0.0,0.0,0.0,31.84385108947754,0.019999999552965164
0.134,0.0,0.0,0.0,0.0,0.0,31.849977493286133,0.019999999552965164,0.0,0.0,0.0,0.0,0.0,31.849977493286133,0.019999999552965164
0.135,0.0,0.0,0.0,0.0,0.0,31.85586166381836,0.019999999552965164,0.0,0.0,0.0,0.0,0.0,31.85586166381836,0.019999999552965164
0.136,0.0,0.0,0.0,0.0,0.0,31.861515045166016,0.019999999552965164,0.0,0.0,0.0,0.0,0.0,31.861515045166016,0.019999999552965164
0.137,0.0,0.0,0.0,0.0,0.0,31.866947174072266,0.019999999552965164,0.0,0.0,0.0,0.0,0.0,31.866947174072266,0.019999999552965164
0.138,0.0,0.0,0.0,0.0,0.0,31.87216567993164,0.019999999552965164,0.0,0.0,0.0,0.0,0.0,31.87216567993164,0.019999999552965164
0.139,0.0,0.0,0.0,0.0,0.0,31.877182006835938,0.019999999552965164,0.0,0.0,0.0,0.0,0.0,31.877182006835938,0.019999999552965164
0.14,0.0,0.0,0.0,0.0,0.0,31.881996154785156,0.019999999552965164,0.0,0.0,0.0,0.0,0.0,31.881996154785156,0.019999999552965164
0.14100000000000001,0.0,0.0,0.0,0.0,0.0,31.886627197265625,0.019999999552965164,0.0,0.0,0.0,0.0,0.0,31.886627197265625,0.019999999552965164
0.14200000000000002,0.0,0.0,0.0,0.0,0.0,31.891071319580078,0.019999999552965164,0.0,0.0,0.0,0.0,0.0,31.891071319580078,0.019999999552965164
0.14300000000000002,0.0,0.0,0.0,0.0,0.0,31.895343780517578,0.019999999552965164,0.0,0.0,0.0,0.0,0.0,31.895343780517578,0.019999999552965164
0.14400000000000002,0.0,0.0,0.0,0.0,0.0,31.899450302124023,0.019999999552965164,0.0,0.0,0.0,0.0,0.0,31.899450302124023,0.019999999552965164
0.145,0.0,0.0,0.0,0.0,0.0,31.90329933166504,0.019999999552965164,0.0,0.0,0.0,0.0,0.0,31.90329933166504,0.019999999552965164
0.146,0.0,0.0,0.0,0.0,0.0,31.90709114074707,0.019999999552965164,0.0,0.0,0.0,0.0,0.0,31.90709114074707,0.019999999552965164
0.147,0.0,0.0,0.0,0.0,0.0,31.910736083984375,0.019999999552965164,0.0,0.0,0.0,0.0,0.0,31.910736083984375,0.019999999552965164
0.148,0.0,0.0,0.0,0.0,0.0,31.91423797607422,0.019999999552965164,0.0,0.0,0.0,0.0,0.0,31.91423797607422,0.019999999552965164
0.149,0.0,0.0,0.0,0.0,0.0,31.917686462402344,0.019999999552965164,0.0,0.0,0.0,0.0,0.0,31.917686462402344,0.019999999552965164
0.15,0.0,0.0,0.0,0.0,0.0,31.920921325683594,0.019999999552965164,0.0,0.0,0.0,0.0,0.0,31.920921325683594,0.019999999552965164
0.151,0.0,0.0,0.0,0.0,0.0,31.92401885986328,0.019999999552965164,0.0,0.0,0.0,0.0,0.0,31.92401885986328,0.019999999552965164
0.152,0.0,0.0,0.0,0.0,0.0,31.927001953125,0.019999999552965164,0.0,0.0,0.0,0.0,0.0,31.927001953125,0.019999999552965164
0.153,0.0,0.0,0.0,0.0,0.0,31.92986488342285,0.019999999552965164,0.0,0.0,0.0,0.0,0.0,31.92986488342285,0.019999999552965164
0.154,0.0,0.0,0.0,0.0,0.0,31.932619094848633,0.019999999552965164,0.0,0.0,0.0,0.0,0.0,31.932619094848633,0.019999999552965164
0.155,0.0,0.0,0.0,0.0,0.0,31.935258865356445,0.019999999552965164,0.0,0.0,0.0,0.0,0.0,31.935258865356445,0.019999999552965164
0.156,0.0,0.0,0.0,0.0,0.0,31.937803268432617,0.019999999552965164,0.0,0.0,0.0,0.0,0.0,31.937803268432617,0.019999999552965164
0.157,0.0,0.0,0.0,0.0,0.0,31.940242767333984,0.019999999552965164,0.0,0.0,0.0,0.0,0.0,31.940242767333984,0.019999999552965164
0.158,0.0,0.0,0.0,0.0,0.0,31.942583084106445,0.019999999552965164,0.0,0.0,0.0,0.0,0.0,31.942583084106445,0.019999999552965164
0.159,0.0,0.0,0.0,0.0,0.0,31.944835662841797,0.019999999552965164,0.0,0.0,0.0,0.0,0.0,31.944835662841797,0.019999999552965164
0.16,0.0,0.0,0.0,0.0,0.0,31.94700050354004,0.019999999552965164,0.0,0.0,0.0,0.0,0.0,31.94700050354004,0.019999999552965164
0.161,0.0,0.0,0.0,0.0,0.0,31.949081420898438,0.019999999552965164,0.0,0.0,0.0,0.0,0.0,31.949081420898438,0.019999999552965164
0.162,0.0,0.0,0.0,0.0,0.0,31.951080322265625,0.019999999552965164,0.0,0.0,0.0,0.0,0.0,31.951080322265625,0.019999999552965164
0.163,0.0,0.0,0.0,0.0,0.0,31.952999114990234,0.019999999552965164,0.0,0.0,0.0,0.0,0.0,31.952999114990234,0.019999999552965164
0.164,0.0,0.0,0.0,0.0,0.0,31.95484161376953,0.019999999552965164,0.0,0.0,0.0,0.0,0.0,31.95484161376953,0.019999999552965164
0.165,0.0,0.0,0.0,0.0,0.0,31.95661163330078,0.019999999552965164,0.0,0.0,0.0,0.0,0.0,31.95661163330078,0.019999999552965164
0.166,0.0,0.0,0.0,0.0,0.0,31.958311080932617,0.019999999552965164,0.0,0.0,0.0,0.0,0.0,31.958311080932617,0.019999999552965164
0.167,0.0,0.0,0.0,0.0,0.0,31.959945678710938,0.019999999552965164,0.0,0.0,0.0,0.0,0.0,31.959945678710938,0.019999999552965164
0.168,0.0,0.0,0.0,0.0,0.0,31.961517333984375,0.019999999552965164,0.0,0.0,0.0,0.0,0.0,31.961517333984375,0.019999999552965164
0.169,0.0,0.0,0.0,0.0,0.0,31.963031768798828,0.019999999552965164,0.0,0.0,0.0,0.0,0.0,31.963031768798828,0.019999999552965164
0.17,0.0,0.0,0.0,0.0,0.0,31.964481353759766,0.019999999552965164,0.0,0.0,0.0,0.0,0.0,31.964481353759766,0.019999999552965164
0.171,0.0,0.0,0.0,0.0,0.0,31.96586799621582,0.019999999552965164,0.0,0.0,0.0,0.0,0.0,31.96586799621582,0.019999999552965164
0.17200000000000001,0.0,0.0,0.0,0.0,0.0,31.967206954956055,0.019999999552965164,0.0,0.0,0.0,0.0,0.0,31.967206954956055,0.019999999552965164
0.17300000000000001,0.0,0.0,0.0,0.0,0.0,31.968503952026367,0.019999999552965164,0.0,0.0,0.0,0.0,0.0,31.968503952026367,0.019999999552965164
0.17400000000000002,0.0,0.0,0.0,0.0,0.0,31.9697265625,0.019999999552965164,0.0,0.0,0.0,0.0,0.0,31.9697265625,0.019999999552965164
0.17500000000000002,0.0,0.0,0.0,0.0,0.0,31.970916748046875,0.019999999552965164,0.0,0.0,0.0,0.0,0.0,31.970916748046875,0.019999999552965164
0.176,0.0,0.0,0.0,0.0,0.0,31.97203254699707,0.019999999552965164,0.0,0.0,0.0,0.0,0.0,31.97203254699707,0.019999999552965164
0.177,0.0,0.0,0.0,0.0,0.0,31.973121643066406,0.019999999552965164,0.0,0.0,0.0,0.0,0.0,31.973121643066406,0.019999999552965164
0.178,0.0,0.0,0.0,0.0,0.0,31.97418975830078,0.019999999552965164,0.0,0.0,0.0,0.0,0.0,31.97418975830078,0.019999999552965164
0.179,0.0,0.0,0.0,0.0,0.0,31.975187301635742,0.019999999552965164,0.0,0.0,0.0,0.0,0.0,31.975187301635742,0.019999999552965164
0.18,0.0,0.0,0.0,0.0,0.0,31.976179122924805,0.019999999552965164,0.0,0.0,0.0,0.0,0.0,31.976179122924805,0.019999999552965164
0.181,0.0,0.0,0.0,0.0,0.0,31.977094650268555,0.019999999552965164,0.0,0.0,0.0,0.0,0.0,31.977094650268555,0.019999999552965164
0.182,0.0,0.0,0.0,0.0,0.0,31.9780330657959,0.019999999552965164,0.0,0.0,0.0,0.0,0.0,31.9780330657959,0.019999999552965164
0.183,0.0,0.0,0.0,0.0,0.0,31.9788761138916,0.019999999552965164,0.0,0.0,0.0,0.0,0.0,31.9788761138916,0.019999999552965164
0.184,0.0,0.0,0.0,0.0,0.0,31.97971534729004,0.019999999552965164,0.0,0.0,0.0,0.0,0.0,31.97971534729004,0.019999999552965164
0.185,0.0,0.0,0.0,0.0,0.0,31.98050308227539,0.019999999552965164,0.0,0.0,0.0,0.0,0.0,31.98050308227539,0.019999999552965164
0.186,0.0,0.0,0.0,0.0,0.0,31.981266021728516,0.019999999552965164,0.0,0.0,0.0,0.0,0.0,31.981266021728516,0.019999999552965164
0.187,0.0,0.0,0.0,0.0,0.0,31.98201560974121,0.019999999552965164,0.0,0.0,0.0,0.0,0.0,31.98201560974121,0.019999999552965164
0.188,0.0,0.0,0.0,0.0,0.0,31.982702255249023,0.019999999552965164,0.0,0.0,0.0,0.0,0.0,31.982702255249023,0.019999999552965164
0.189,0.0,0.0,0.0,0.0,0.0,31.983388900756836,0.019999999552965164,0.0,0.0,0.0,0.0,0.0,31.983388900756836,0.019999999552965164
0.19,0.0,0.0,0.0,0.0,0.0,31.984045028686523,0.019999999552965164,0.0,0.0,0.0,0.0,0.0,31.984045028686523,0.019999999552965164
0.191,0.0,0.0,0.0,0.0,0.0,31.984655380249023,0.019999999552965164,0.0,0.0,0.0,0.0,0.0,31.984655380249023,0.019999999552965164
0.192,0.0,0.0,0.0,0.0,0.0,31.985265731811523,0.019999999552965164,0.0,0.0,0.0,0.0,0.0,31.985265731811523,0.019999999552965164
0.193,0.0,0.0,0.0,0.0,0.0,31.985855102539062,0.019999999552965164,0.0,0.0,0.0,0.0,0.0,31.985855102539062,0.019999999552965164
0.194,0.0,0.0,0.0,0.0,0.0,31.98638916015625,0.019999999552965164,0.0,0.0,0.0,0.0,0.0,31.98638916015625,0.019999999552965164
0.195,0.0,0.0,0.0,0.0,0.0,31.986923217773438,0.019999999552965164,0.0,0.0,0.0,0.0,0.0,31.986923217773438,0.019999999552965164
0.196,0.0,0.0,0.0,0.0,0.0,31.987457275390625,0.019999999552965164,0.0,0.0,0.0,0.0,0.0,31.987457275390625,0.019999999552965164
0.197,0.0,0.0,0.0,0.0,0.0,31.98793601989746,0.019999999552965164,0.0,0.0,0.0,0.0,0.0,31.98793601989746,0.019999999552965164
0.198,0.0,0.0,0.0,0.0,0.0,31.988393783569336,0.019999999552965164,0.0,0.0,0.0,0.0,0.0,31.988393783569336,0.019999999552965164
0.199,0.0,0.0,0.0,0.0,0.0,31.98885154724121,0.019999999552965164,0.0,0.0,0.0,0.0,0.0,31.98885154724121,0.019999999552965164
0.2,0.0,0.0,0.0,0.0,0.0,31.989309310913086,0.019999999552965164,0.0,0.0,0.0,0.0,0.0,31.989309310913086,0.019999999552965164
0.201,0.0,0.0,0.0,0.0,0.0,31.98972511291504,0.019999999552965164,0.0,0.0,0.0,0.0,0.0,31.98972511291504,0.019999999552965164
0.202,0.0,0.0,0.0,0.0,0.0,31.9901065826416,0.019999999552965164,0.0,0.0,0.0,0.0,0.0,31.9901065826416,0.019999999552965164
0.203,0.0,0.0,0.0,0.0,0.0,31.990488052368164,0.019999999552965164,0.0,0.0,0.0,0.0,0.0,31.990488052368164,0.019999999552965164
0.20400000000000001,0.0,0.0,0.0,0.0,0.0,31.990869522094727,0.019999999552965164,0.0,0.0,0.0,0.0,0.0,31.990869522094727,0.019999999552965164
0.20500000000000002,0.0,0.0,0.0,0.0,0.0,31.99125099182129,0.019999999552965164,0.0,0.0,0.0,0.0,0.0,31.99125099182129,0.019999999552965164
0.20600000000000002,0.0,0.0,0.0,0.0,0.0,31.99159049987793,0.019999999552965164,0.0,0.0,0.0,0.0,0.0,31.99159049987793,0.019999999552965164
0.20700000000000002,0.0,0.0,0.0,0.0,0.0,31.99189567565918,0.019999999552965164,0.0,0.0,0.0,0.0,0.0,31.99189567565918,0.019999999552965164
0.20800000000000002,0.0,0.0,0.0,0.0,0.0,31.99220085144043,0.019999999552965164,0.0,0.0,0.0,0.0,0.0,31.99220085144043,0.019999999552965164
0.209,0.0,0.0,0.0,0.0,0.0,31.99249839782715,0.019999999552965164,0.0,0.0,0.0,0.0,0.0,31.99249839782715,0.019999999552965164
0.21,0.0,0.0,0.0,0.0,0.0,31.9928035736084,0.019999999552965164,0.0,0.0,0.0,0.0,0.0,31.9928035736084,0.019999999552965164
0.211,0.0,0.0,0.0,0.0,0.0,31.99310874938965,0.019999999552965164,0.0,0.0,0.0,0.0,0.0,31.99310874938965,0.019999999552965164
0.212,0.0,0.0,0.0,0.0,0.0,31.993392944335938,0.019999999552965164,0.0,0.0,0.0,0.0,0.0,31.993392944335938,0.019999999552965164
0.213,0.0,0.0,0.0,0.0,0.0,31.993621826171875,0.019999999552965164,0.0,0.0,0.0,0.0,0.0,31.993621826171875,0.019999999552965164
0.214,0.0,0.0,0.0,0.0,0.0,31.993850708007812,0.019999999552965164,0.0,0.0,0.0,0.0,0.0,31.993850708007812,0.019999999552965164
0.215,0.0,0.0,0.0,0.0,0.0,31.99408531188965,0.019999999552965164,0.0,0.0,0.0,0.0,0.0,31.99408531188965,0.019999999552965164
0.216,0.0,0.0,0.0,0.0,0.0,31.994314193725586,0.019999999552965164,0.0,0.0,0.0,0.0,0.0,31.994314193725586,0.019999999552965164
0.217,0.0,0.0,0.0,0.0,0.0,31.994543075561523,0.019999999552965164,0.0,0.0,0.0,0.0,0.0,31.994543075561523,0.019999999552965164
0.218,0.0,0.0,0.0,0.0,0.0,31.99477195739746,0.019999999552965164,0.0,0.0,0.0,0.0,0.0,31.99477195739746,0.019999999552965164
0.219,0.0,0.0,0.0,0.0,0.0,31.9950008392334,0.019999999552965164,0.0,0.0,0.0,0.0,0.0,31.9950008392334,0.019999999552965164
0.22,0.0,0.0,0.0,0.0,0.0,31.995229721069336,0.019999999552965164,0.0,0.0,0.0,0.0,0.0,31.995229721069336,0.019999999552965164
0.221,0.0,0.0,0.0,0.0,0.0,31.995384216308594,0.019999999552965164,0.0,0.0,0.0,0.0,0.0,31.995384216308594,0.019999999552965164
0.222,0.0,0.0,0.0,0.0,0.0,31.99553680419922,0.019999999552965164,0.0,0.0,0.0,0.0,0.0,31.99553680419922,0.019999999552965164
0.223,0.0,0.0,0.0,0.0,0.0,31.995689392089844,0.019999999552965164,0.0,0.0,0.0,0.0,0.0,31.995689392089844,0.019999999552965164
0.224,0.0,0.0,0.0,0.0,0.0,31.99584197998047,0.019999999552965164,0.0,0.0,0.0,0.0,0.0,31.99584197998047,0.019999999552965164
0.225,0.0,0.0,0.0,0.0,0.0,31.995994567871094,0.019999999552965164,0.0,0.0,0.0,0.0,0.0,31.995994567871094,0.019999999552965164
0.226,0.0,0.0,0.0,0.0,0.0,31.99614715576172,0.019999999552965164,0.0,0.0,0.0,0.0,0.0,31.99614715576172,0.019999999552965164
0.227,0.0,0.0,0.0,0.0,0.0,31.996299743652344,0.019999999552965164,0.0,0.0,0.0,0.0,0.0,31.996299743652344,0.019999999552965164
0.228,0.0,0.0,0.0,0.0,0.0,31.99645233154297,0.019999999552965164,0.0,0.0,0.0,0.0,0.0,31.99645233154297,0.019999999552965164
0.229,0.0,0.0,0.0,0.0,0.0,31.996604919433594,0.019999999552965164,0.0,0.0,0.0,0.0,0.0,31.996604919433594,0.019999999552965164
0.23,0.0,0.0,0.0,0.0,0.0,31.99675750732422,0.019999999552965164,0.0,0.0,0.0,0.0,0.0,31.99675750732422,0.019999999552965164
0.231,0.0,0.0,0.0,0.0,0.0,31.996910095214844,0.019999999552965164,0.0,0.0,0.0,0.0,0.0,31.996910095214844,0.019999999552965164
0.232,0.0,0.0,0.0,0.0,0.0,31.99706268310547,0.019999999552965164,0.0,0.0,0.0,0.0,0.0,31.99706268310547,0.019999999552965164
0.233,0.0,0.0,0.0,0.0,0.0,31.997177124023438,0.019999999552965164,0.0,0.0,0.0,0.0,0.0,31.997177124023438,0.019999999552965164
0.234,0.0,0.0,0.0,0.0,0.0,31.99725341796875,0.019999999552965164,0.0,0.0,0.0,0.0,0.0,31.99725341796875,0.019999999552965164
0.23500000000000001,0.0,0.0,0.0,0.0,0.0,31.997329711914062,0.019999999552965164,0.0,0.0,0.0,0.0,0.0,31.997329711914062,0.019999999552965164
0.23600000000000002,0.0,0.0,0.0,0.0,0.0,31.997406005859375,0.019999999552965164,0.0,0.0,0.0,0.0,0.0,31.997406005859375,0.019999999552965164
0.23700000000000002,0.0,0.0,0.0,0.0,0.0,31.997482299804688,0.019999999552965164,0.0,0.0,0.0,0.0,0.0,31.997482299804688,0.019999999552965164
0.23800000000000002,0.0,0.0,0.0,0.0,0.0,31.99755859375,0.019999999552965164,0.0,0.0,0.0,0.0,0.0,31.99755859375,0.019999999552965164
0.23900000000000002,0.0,0.0,0.0,0.0,0.0,31.997634887695312,0.019999999552965164,0.0,0.0,0.0,0.0,0.0,31.997634887695312,0.019999999552965164
0.24,0.0,0.0,0.0,0.0,0.0,31.997709274291992,0.019999999552965164,0.0,0.0,0.0,0.0,0.0,31.997709274291992,0.019999999552965164
0.241,0.0,0.0,0.0,0.0,0.0,31.997785568237305,0.019999999552965164,0.0,0.0,0.0,0.0,0.0,31.997785568237305,0.019999999552965164
0.242,0.0,0.0,0.0,0.0,0.0,31.997861862182617,0.019999999552965164,0.0,0.0,0.0,0.0,0.0,31.997861862182617,0.019999999552965164
0.243,0.0,0.0,0.0,0.0,0.0,31.99793815612793,0.019999999552965164,0.0,0.0,0.0,0.0,0.0,31.99793815612793,0.019999999552965164
0.244,0.0,0.0,0.0,0.0,0.0,31.998014450073242,0.019999999552965164,0.0,0.0,0.0,0.0,0.0,31.998014450073242,0.019999999552965164
0.245,0.0,0.0,0.0,0.0,0.0,31.998090744018555,0.019999999552965164,0.0,0.0,0.0,0.0,0.0,31.998090744018555,0.019999999552965164
0.246,0.0,0.0,0.0,0.0,0.0,31.998167037963867,0.019999999552965164,0.0,0.0,0.0,0.0,0.0,31.998167037963867,0.019999999552965164
0.247,0.0,0.0,0.0,0.0,0.0,31.99824333190918,0.019999999552965164,0.0,0.0,0.0,0.0,0.0,31.99824333190918,0.019999999552965164
0.248,0.0,0.0,0.0,0.0,0.0,31.998321533203125,0.019999999552965164,0.0,0.0,0.0,0.0,0.0,31.998321533203125,0.019999999552965164
0.249,0.0,0.0,0.0,0.0,0.0,31.998397827148438,0.019999999552965164,0.0,0.0,0.0,0.0,0.0,31.998397827148438,0.019999999552965164
0.25,0.0,0.0,0.0,0.0,0.0,31.99847412109375,0.019999999552965164,0.0,0.0,0.0,0.0,0.0,31.99847412109375,0.019999999552965164
0.251,0.0,0.0,0.0,0.0,0.0,31.998550415039062,0.019999999552965164,0.0,0.0,0.0,0.0,0.0,31.998550415039062,0.019999999552965164
0.252,0.0,0.0,0.0,0.0,0.0,31.998626708984375,0.019999999552965164,0.0,0.0,0.0,0.0,0.0,31.998626708984375,0.019999999552965164
0.253,0.0,0.0,0.0,0.0,0.0,31.998703002929688,0.019999999552965164,0.0,0.0,0.0,0.0,0.0,31.998703002929688,0.019999999552965164
0.254,0.0,0.0,0.0,0.0,0.0,31.998779296875,0.019999999552965164,0.0,0.0,0.0,0.0,0.0,31.998779296875,0.019999999552965164
0.255,0.0,0.0,0.0,0.0,0.0,31.998855590820312,0.019999999552965164,0.0,0.0,0.0,0.0,0.0,31.998855590820312,0.019999999552965164
0.256,0.0,0.0,0.0,0.0,0.0,31.998931884765625,0.019999999552965164,0.0,0.0,0.0,0.0,0.0,31.998931884765625,0.019999999552965164
0.257,0.0,0.0,0.0,0.0,0.0,31.999008178710938,0.019999999552965164,0.0,0.0,0.0,0.0,0.0,31.999008178710938,0.019999999552965164
0.258,0.0,0.0,0.0,0.0,0.0,31.999046325683594,0.019999999552965164,0.0,0.0,0.0,0.0,0.0,31.999046325683594,0.019999999552965164
0.259,0.0,0.0,0.0,0.0,0.0,31.999046325683594,0.019999999552965164,0.0,0.0,0.0,0.0,0.0,31.999046325683594,0.019999999552965164
0.26,0.0,0.0,0.0,0.0,0.0,31.999046325683594,0.019999999552965164,0.0,0.0,0.0,0.0,0.0,31.999046325683594,0.019999999552965164
0.261,0.0,0.0,0.0,0.0,0.0,31.999046325683594,0.019999999552965164,0.0,0.0,0.0,0.0,0.0,31.999046325683594,0.019999999552965164
0.262,0.0,0.0,0.0,0.0,0.0,31.999046325683594,0.019999999552965164,0.0,0.0,0.0,0.0,0.0,31.999046325683594,0.019999999552965164
0.263,0.0,0.0,0.0,0.0,0.0,31.999046325683594,0.019999999552965164,0.0,0.0,0.0,0.0,0.0,31.999046325683594,0.019999999552965164
0.264,0.0,0.0,0.0,0.0,0.0,31.999046325683594,0.019999999552965164,0.0,0.0,0.0,0.0,0.0,31.999046325683594,0.019999999552965164
0.265,0.0,0.0,0.0,0.0,0.0,31.999046325683594,0.019999999552965164,0.0,0.0,0.0,0.0,0.0,31.999046325683594,0.019999999552965164
0.266,0.0,0.0,0.0,0.0,0.0,31.999046325683594,0.019999999552965164,0.0,0.0,0.0,0.0,0.0,31.999046325683594,0.019999999552965164
0.267,0.0,0.0,0.0,0.0,0.0,31.999046325683594,0.019999999552965164,0.0,0.0,0.0,0.0,0.0,31.999046325683594,0.019999999552965164
0.268,0.0,0.0,0.0,0.0,0.0,31.999046325683594,0.019999999552965164,0.0,0.0,0.0,0.0,0.0,31.999046325683594,0.019999999552965164
0.269,0.0,0.0,0.0,0.0,0.0,31.999046325683594,0.019999999552965164,0.0,0.0,0.0,0.0,0.0,31.999046325683594,0.019999999552965164
0.27,0.0,0.0,0.0,0.0,0.0,31.999046325683594,0.019999999552965164,0.0,0.0,0.0,0.0,0.0,31.999046325683594,0.019999999552965164
0.271,0.0,0.0,0.0,0.0,0.0,31.999046325683594,0.019999999552965164,0.0,0.0,0.0,0.0,0.0,31.999046325683594,0.019999999552965164
0.272,0.0,0.0,0.0,0.0,0.0,31.999046325683594,0.019999999552965164,0.0,0.0,0.0,0.0,0.0,31.999046325683594,0.019999999552965164
0.273,0.0,0.0,0.0,0.0,0.0,31.999046325683594,0.019999999552965164,0.0,0.0,0.0,0.0,0.0,31.999046325683594,0.019999999552965164
0.274,0.0,0.0,0.0,0.0,0.0,31.999046325683594,0.019999999552965164,0.0,0.0,0.0,0.0,0.0,31.999046325683594,0.019999999552965164
0.275,0.0,0.0,0.0,0.0,0.0,31.999046325683594,0.019999999552965164,0.0,0.0,0.0,0.0,0.0,31.999046325683594,0.019999999552965164
0.276,0.0,0.0,0.0,0.0,0.0,31.999046325683594,0.019999999552965164,0.0,0.0,0.0,0.0,0.0,31.999046325683594,0.019999999552965164
0.277,0.0,0.0,0.0,0.0,0.0,31.999046325683594,0.019999999552965164,0.0,0.0,0.0,0.0,0.0,31.999046325683594,0.019999999552965164
0.278,0.0,0.0,0.0,0.0,0.0,31.999046325683594,0.019999999552965164,0.0,0.0,0.0,0.0,0.0,31.999046325683594,0.019999999552965164
0.279,0.0,0.0,0.0,0.0,0.0,31.999046325683594,0.019999999552965164,0.0,0.0,0.0,0.0,0.0,31.999046325683594,0.019999999552965164
0.28,0.0,0.0,0.0,0.0,0.0,31.999046325683594,0.019999999552965164,0.0,0.0,0.0,0.0,0.0,31.999046325683594,0.019999999552965164
0.281,0.0,0.0,0.0,0.0,0.0,31.999046325683594,0.019999999552965164,0.0,0.0,0.0,0.0,0.0,31.999046325683594,0.019999999552965164
0.28200000000000003,0.0,0.0,0.0,0.0,0.0,31.999046325683594,0.019999999552965164,0.0,0.0,0.0,0.0,0.0,31.999046325683594,0.019999999552965164
0.28300000000000003,0.0,0.0,0.0,0.0,0.0,31.999046325683594,0.019999999552965164,0.0,0.0,0.0,0.0,0.0,31.999046325683594,0.019999999552965164
0.28400000000000003,0.0,0.0,0.0,0.0,0.0,31.999046325683594,0.019999999552965164,0.0,0.0,0.0,0.0,0.0,31.999046325683594,0.019999999552965164
0.28500000000000003,0.0,0.0,0.0,0.0,0.0,31.999046325683594,0.019999999552965164,0.0,0.0,0.0,0.0,0.0,31.999046325683594,0.019999999552965164
0.28600000000000003,0.0,0.0,0.0,0.0,0.0,31.999046325683594,0.019999999552965164,0.0,0.0,0.0,0.0,0.0,31.999046325683594,0.019999999552965164
0.28700000000000003,0.0,0.0,0.0,0.0,0.0,31.999046325683594,0.019999999552965164,0.0,0.0,0.0,0.0,0.0,31.999046325683594,0.019999999552965164
0.28800000000000003,0.0,0.0,0.0,0.0,0.0,31.999046325683594,0.019999999552965164,0.0,0.0,0.0,0.0,0.0,31.999046325683594,0.019999999552965164
0.289,0.0,0.0,0.0,0.0,0.0,31.999046325683594,0.019999999552965164,0.0,0.0,0.0,0.0,0.0,31.999046325683594,0.019999999552965164
0.29,0.0,0.0,0.0,0.0,0.0,31.999046325683594,0.019999999552965164,0.0,0.0,0.0,0.0,0.0,31.999046325683594,0.019999999552965164
0.291,0.0,0.0,0.0,0.0,0.0,31.999046325683594,0.019999999552965164,0.0,0.0,0.0,0.0,0.0,31.999046325683594,0.019999999552965164
0.292,0.0,0.0,0.0,0.0,0.0,31.999046325683594,0.019999999552965164,0.0,0.0,0.0,0.0,0.0,31.999046325683594,0.019999999552965164
0.293,0.0,0.0,0.0,0.0,0.0,31.999046325683594,0.019999999552965164,0.0,0.0,0.0,0.0,0.0,31.999046325683594,0.019999999552965164
0.294,0.0,0.0,0.0,0.0,0.0,31.999046325683594,0.019999999552965164,0.0,0.0,0.0,0.0,0.0,31.999046325683594,0.019999999552965164
0.295,0.0,0.0,0.0,0.0,0.0,31.999046325683594,0.019999999552965164,0.0,0.0,0.0,0.0,0.0,31.999046325683594,0.019999999552965164
0.296,0.0,0.0,0.0,0.0,0.0,31.999046325683594,0.019999999552965164,0.0,0.0,0.0,0.0,0.0,31.999046325683594,0.019999999552965164
0.297,0.0,0.0,0.0,0.0,0.0,31.999046325683594,0.019999999552965164,0.0,0.0,0.0,0.0,0.0,31.999046325683594,0.019999999552965164
0.298,0.0,0.0,0.0,0.0,0.0,31.999046325683594,0.019999999552965164,0.0,0.0,0.0,0.0,0.0,31.999046325683594,0.019999999552965164
0.299,0.0,0.0,0.0,0.0,0.0,31.999046325683594,0.019999999552965164,0.0,0.0,0.0,0.0,0.0,31.999046325683594,0.019999999552965164
0.3,0.0,0.0,0.0,0.0,0.0,31.999046325683594,0.019999999552965164,0.0,0.0,0.0,0.0,0.0,31.999046325683594,0.019999999552965164
0.301,0.0,0.0,0.0,0.0,0.0,31.999046325683594,0.019999999552965164,0.0,0.0,0.0,0.0,0.0,31.999046325683594,0.019999999552965164
0.302,0.0,0.0,0.0,0.0,0.0,31.999046325683594,0.019999999552965164,0.0,0.0,0.0,0.0,0.0,31.999046325683594,0.019999999552965164
0.303,0.0,0.0,0.0,0.0,0.0,31.999046325683594,0.019999999552965164,0.0,0.0,0.0,0.0,0.0,31.999046325683594,0.019999999552965164
0.304,0.0,0.0,0.0,0.0,0.0,31.999046325683594,0.019999999552965164,0.0,0.0,0.0,0.0,0.0,31.999046325683594,0.019999999552965164
0.305,0.0,0.0,0.0,0.0,0.0,31.999046325683594,0.019999999552965164,0.0,0.0,0.0,0.0,0.0,31.999046325683594,0.019999999552965164
0.306,0.0,0.0,0.0,0.0,0.0,31.999046325683594,0.019999999552965164,0.0,0.0,0.0,0.0,0.0,31.999046325683594,0.019999999552965164
0.307,0.0,0.0,0.0,0.0,0.0,31.999046325683594,0.019999999552965164,0.0,0.0,0.0,0.0,0.0,31.999046325683594,0.019999999552965164
0.308,0.0,0.0,0.0,0.0,0.0,31.999046325683594,0.019999999552965164,0.0,0.0,0.0,0.0,0.0,31.999046325683594,0.019999999552965164
0.309,0.0,0.0,0.0,0.0,0.0,31.999046325683594,0.019999999552965164,0.0,0.0,0.0,0.0,0.0,31.999046325683594,0.019999999552965164
0.31,0.0,0.0,0.0,0.0,0.0,31.999046325683594,0.019999999552965164,0.0,0.0,0.0,0.0,0.0,31.999046325683594,0.019999999552965164
0.311,0.0,0.0,0.0,0.0,0.0,31.999046325683594,0.019999999552965164,0.0,0.0,0.0,0.0,0.0,31.999046325683594,0.019999999552965164
0.312,0.0,0.0,0.0,0.0,0.0,31.999046325683594,0.019999999552965164,0.0,0.0,0.0,0.0,0.0,31.999046325683594,0.019999999552965164
0.313,0.0,0.0,0.0,0.0,0.0,31.999046325683594,0.019999999552965164,0.0,0.0,0.0,0.0,0.0,31.999046325683594,0.019999999552965164
0.314,0.0,0.0,0.0,0.0,0.0,31.999046325683594,0.019999999552965164,0.0,0.0,0.0,0.0,0.0,31.999046325683594,0.019999999552965164
0.315,0.0,0.0,0.0,0.0,0.0,31.999046325683594,0.019999999552965164,0.0,0.0,0.0,0.0,0.0,31.999046325683594,0.019999999552965164
0.316,0.0,0.0,0.0,0.0,0.0,31.999046325683594,0.019999999552965164,0.0,0.0,0.0,0.0,0.0,31.999046325683594,0.019999999552965164
0.317,0.0,0.0,0.0,0.0,0.0,31.999046325683594,0.019999999552965164,0.0,0.0,0.0,0.0,0.0,31.999046325683594,0.019999999552965164
0.318,0.0,0.0,0.0,0.0,0.0,31.999046325683594,0.019999999552965164,0.0,0.0,0.0,0.0,0.0,31.999046325683594,0.019999999552965164
0.319,0.0,0.0,0.0,0.0,0.0,31.999046325683594,0.019999999552965164,0.0,0.0,0.0,0.0,0.0,31.999046325683594,0.019999999552965164
0.32,0.0,0.0,0.0,0.0,0.0,31.999046325683594,0.019999999552965164,0.0,0.0,0.0,0.0,0.0,31.999046325683594,0.019999999552965164
0.321,0.0,0.0,0.0,0.0,0.0,31.999046325683594,0.019999999552965164,0.0,0.0,0.0,0.0,0.0,31.999046325683594,0.019999999552965164
0.322,0.0,0.0,0.0,0.0,0.0,31.999046325683594,0.019999999552965164,0.0,0.0,0.0,0.0,0.0,31.999046325683594,0.019999999552965164
0.323,0.0,0.0,0.0,0.0,0.0,31.999046325683594,0.019999999552965164,0.0,0.0,0.0,0.0,0.0,31.999046325683594,0.019999999552965164
0.324,0.0,0.0,0.0,0.0,0.0,31.999046325683594,0.019999999552965164,0.0,0.0,0.0,0.0,0.0,31.999046325683594,0.019999999552965164
0.325,0.0,0.0,0.0,0.0,0.0,31.999046325683594,0.019999999552965164,0.0,0.0,0.0,0.0,0.0,31.999046325683594,0.019999999552965164
0.326,0.0,0.0,0.0,0.0,0.0,31.999046325683594,0.019999999552965164,0.0,0.0,0.0,0.0,0.0,31.999046325683594,0.019999999552965164
0.327,0.0,0.0,0.0,0.0,0.0,31.999046325683594,0.019999999552965164,0.0,0.0,0.0,0.0,0.0,31.999046325683594,0.019999999552965164
0.328,0.0,0.0,0.0,0.0,0.0,31.999046325683594,0.019999999552965164,0.0,0.0,0.0,0.0,0.0,31.999046325683594,0.019999999552965164
0.329,0.0,0.0,0.0,0.0,0.0,31.999046325683594,0.019999999552965164,0.0,0.0,0.0,0.0,0.0,31.999046325683594,0.019999999552965164
0.33,0.0,0.0,0.0,0.0,0.0,31.999046325683594,0.019999999552965164,0.0,0.0,0.0,0.0,0.0,31.999046325683594,0.019999999552965164
0.331,0.0,0.0,0.0,0.0,0.0,31.999046325683594,0.019999999552965164,0.0,0.0,0.0,0.0,0.0,31.999046325683594,0.019999999552965164
0.332,0.0,0.0,0.0,0.0,0.0,31.999046325683594,0.019999999552965164,0.0,0.0,0.0,0.0,0.0,31.999046325683594,0.019999999552965164
0.333,0.0,0.0,0.0,0.0,0.0,31.999046325683594,0.019999999552965164,0.0,0.0,0.0,0.0,0.0,31.999046325683594,0.019999999552965164
0.334,0.0,0.0,0.0,0.0,0.0,31.999046325683594,0.019999999552965164,0.0,0.0,0.0,0.0,0.0,31.999046325683594,0.019999999552965164
0.335,0.0,0.0,0.0,0.0,0.0,31.999046325683594,0.019999999552965164,0.0,0.0,0.0,0.0,0.0,31.999046325683594,0.019999999552965164
0.336,0.0,0.0,0.0,0.0,0.0,31.999046325683594,0.019999999552965164,0.0,0.0,0.0,0.0,0.0,31.999046325683594,0.019999999552965164
0.337,0.0,0.0,0.0,0.0,0.0,31.999046325683594,0.019999999552965164,0.0,0.0,0.0,0.0,0.0,31.999046325683594,0.019999999552965164
0.338,0.0,0.0,0.0,0.0,0.0,31.999046325683594,0.019999999552965164,0.0,0.0,0.0,0.0,0.0,31.999046325683594,0.019999999552965164
0.339,0.0,0.0,0.0,0.0,0.0,31.999046325683594,0.019999999552965164,0.0,0.0,0.0,0.0,0.0,31.999046325683594,0.019999999552965164
0.34,0.0,0.0,0.0,0.0,0.0,31.999046325683594,0.019999999552965164,0.0,0.0,0.0,0.0,0.0,31.999046325683594,0.019999999552965164
0.341,0.0,0.0,0.0,0.0,0.0,31.999046325683594,0.019999999552965164,0.0,0.0,0.0,0.0,0.0,31.999046325683594,0.019999999552965164
0.342,0.0,0.0,0.0,0.0,0.0,31.999046325683594,0.019999999552965164,0.0,0.0,0.0,0.0,0.0,31.999046325683594,0.019999999552965164
0.343,0.0,0.0,0.0,0.0,0.0,31.999046325683594,0.019999999552965164,0.0,0.0,0.0,0.0,0.0,31.999046325683594,0.019999999552965164
0.34400000000000003,0.0,0.0,0.0,0.0,0.0,31.999046325683594,0.019999999552965164,0.0,0.0,0.0,0.0,0.0,31.999046325683594,0.019999999552965164
0.34500000000000003,0.0,0.0,0.0,0.0,0.0,31.999046325683594,0.019999999552965164,0.0,0.0,0.0,0.0,0.0,31.999046325683594,0.019999999552965164
0.34600000000000003,0.0,0.0,0.0,0.0,0.0,31.999046325683594,0.019999999552965164,0.0,0.0,0.0,0.0,0.0,31.999046325683594,0.019999999552965164
0.34700000000000003,0.0,0.0,0.0,0.0,0.0,31.999046325683594,0.019999999552965164,0.0,0.0,0.0,0.0,0.0,31.999046325683594,0.019999999552965164
0.34800000000000003,0.0,0.0,0.0,0.0,0.0,31.999046325683594,0.019999999552965164,0.0,0.0,0.0,0.0,0.0,31.999046325683594,0.019999999552965164
0.34900000000000003,0.0,0.0,0.0,0.0,0.0,31.999046325683594,0.019999999552965164,0.0,0.0,0.0,0.0,0.0,31.999046325683594,0.019999999552965164
0.35000000000000003,0.0,0.0,0.0,0.0,0.0,31.999046325683594,0.019999999552965164,0.0,0.0,0.0,0.0,0.0,31.999046325683594,0.019999999552965164
0.35100000000000003,0.0,0.0,0.0,0.0,0.0,31.999046325683594,0.019999999552965164,0.0,0.0,0.0,0.0,0.0,31.999046325683594,0.019999999552965164
0.352,0.0,0.0,0.0,0.0,0.0,31.999046325683594,0.019999999552965164,0.0,0.0,0.0,0.0,0.0,31.999046325683594,0.019999999552965164
0.353,0.0,0.0,0.0,0.0,0.0,31.999046325683594,0.019999999552965164,0.0,0.0,0.0,0.0,0.0,31.999046325683594,0.019999999552965164
0.354,0.0,0.0,0.0,0.0,0.0,31.999046325683594,0.019999999552965164,0.0,0.0,0.0,0.0,0.0,31.999046325683594,0.019999999552965164
0.355,0.0,0.0,0.0,0.0,0.0,31.999046325683594,0.019999999552965164,0.0,0.0,0.0,0.0,0.0,31.999046325683594,0.019999999552965164
0.356,0.0,0.0,0.0,0.0,0.0,31.999046325683594,0.019999999552965164,0.0,0.0,0.0,0.0,0.0,31.999046325683594,0.019999999552965164
0.357,0.0,0.0,0.0,0.0,0.0,31.999046325683594,0.019999999552965164,0.0,0.0,0.0,0.0,0.0,31.999046325683594,0.019999999552965164
0.358,0.0,0.0,0.0,0.0,0.0,31.999046325683594,0.019999999552965164,0.0,0.0,0.0,0.0,0.0,31.999046325683594,0.019999999552965164
0.359,0.0,0.0,0.0,0.0,0.0,31.999046325683594,0.019999999552965164,0.0,0.0,0.0,0.0,0.0,31.999046325683594,0.019999999552965164
0.36,0.0,0.0,0.0,0.0,0.0,31.999046325683594,0.019999999552965164,0.0,0.0,0.0,0.0,0.0,31.999046325683594,0.019999999552965164
0.361,0.0,0.0,0.0,0.0,0.0,31.999046325683594,0.019999999552965164,0.0,0.0,0.0,0.0,0.0,31.999046325683594,0.019999999552965164
0.362,0.0,0.0,0.0,0.0,0.0,31.999046325683594,0.019999999552965164,0.0,0.0,0.0,0.0,0.0,31.999046325683594,0.019999999552965164
0.363,0.0,0.0,0.0,0.0,0.0,31.999046325683594,0.019999999552965164,0.0,0.0,0.0,0.0,0.0,31.999046325683594,0.019999999552965164
0.364,0.0,0.0,0.0,0.0,0.0,31.999046325683594,0.019999999552965164,0.0,0.0,0.0,0.0,0.0,31.999046325683594,0.019999999552965164
0.365,0.0,0.0,0.0,0.0,0.0,31.999046325683594,0.019999999552965164,0.0,0.0,0.0,0.0,0.0,31.999046325683594,0.019999999552965164
0.366,0.0,0.0,0.0,0.0,0.0,31.999046325683594,0.019999999552965164,0.0,0.0,0.0,0.0,0.0,31.999046325683594,0.019999999552965164
0.367,0.0,0.0,0.0,0.0,0.0,31.999046325683594,0.019999999552965164,0.0,0.0,0.0,0.0,0.0,31.999046325683594,0.019999999552965164
0.368,0.0,0.0,0.0,0.0,0.0,31.999046325683594,0.019999999552965164,0.0,0.0,0.0,0.0,0.0,31.999046325683594,0.019999999552965164
0.369,0.0,0.0,0.0,0.0,0.0,31.999046325683594,0.019999999552965164,0.0,0.0,0.0,0.0,0.0,31.999046325683594,0.019999999552965164
0.37,0.0,0.0,0.0,0.0,0.0,31.999046325683594,0.019999999552965164,0.0,0.0,0.0,0.0,0.0,31.999046325683594,0.019999999552965164
0.371,0.0,0.0,0.0,0.0,0.0,31.999046325683594,0.019999999552965164,0.0,0.0,0.0,0.0,0.0,31.999046325683594,0.019999999552965164
0.372,0.0,0.0,0.0,0.0,0.0,31.999046325683594,0.019999999552965164,0.0,0.0,0.0,0.0,0.0,31.999046325683594,0.019999999552965164
0.373,0.0,0.0,0.0,0.0,0.0,31.999046325683594,0.019999999552965164,0.0,0.0,0.0,0.0,0.0,31.999046325683594,0.019999999552965164
0.374,0.0,0.0,0.0,0.0,0.0,31.999046325683594,0.019999999552965164,0.0,0.0,0.0,0.0,0.0,31.999046325683594,0.019999999552965164
0.375,0.0,0.0,0.0,0.0,0.0,31.999046325683594,0.019999999552965164,0.0,0.0,0.0,0.0,0.0,31.999046325683594,0.019999999552965164
0.376,0.0,0.0,0.0,0.0,0.0,31.999046325683594,0.019999999552965164,0.0,0.0,0.0,0.0,0.0,31.999046325683594,0.019999999552965164
0.377,0.0,0.0,0.0,0.0,0.0,31.999046325683594,0.019999999552965164,0.0,0.0,0.0,0.0,0.0,31.999046325683594,0.019999999552965164
0.378,0.0,0.0,0.0,0.0,0.0,31.999046325683594,0.019999999552965164,0.0,0.0,0.0,0.0,0.0,31.999046325683594,0.019999999552965164
0.379,0.0,0.0,0.0,0.0,0.0,31.999046325683594,0.019999999552965164,0.0,0.0,0.0,0.0,0.0,31.999046325683594,0.019999999552965164
0.38,0.0,0.0,0.0,0.0,0.0,31.999046325683594,0.019999999552965164,0.0,0.0,0.0,0.0,0.0,31.999046325683594,0.019999999552965164
0.381,0.0,0.0,0.0,0.0,0.0,31.999046325683594,0.019999999552965164,0.0,0.0,0.0,0.0,0.0,31.999046325683594,0.019999999552965164
0.382,0.0,0.0,0.0,0.0,0.0,31.999046325683594,0.019999999552965164,0.0,0.0,0.0,0.0,0.0,31.999046325683594,0.019999999552965164
0.383,0.0,0.0,0.0,0.0,0.0,31.999046325683594,0.019999999552965164,0.0,0.0,0.0,0.0,0.0,31.999046325683594,0.019999999552965164
0.384,0.0,0.0,0.0,0.0,0.0,31.999046325683594,0.019999999552965164,0.0,0.0,0.0,0.0,0.0,31.999046325683594,0.019999999552965164
0.385,0.0,0.0,0.0,0.0,0.0,31.999046325683594,0.019999999552965164,0.0,0.0,0.0,0.0,0.0,31.999046325683594,0.019999999552965164
0.386,0.0,0.0,0.0,0.0,0.0,31.999046325683594,0.019999999552965164,0.0,0.0,0.0,0.0,0.0,31.999046325683594,0.019999999552965164
0.387,0.0,0.0,0.0,0.0,0.0,31.999046325683594,0.019999999552965164,0.0,0.0,0.0,0.0,0.0,31.999046325683594,0.019999999552965164
0.388,0.0,0.0,0.0,0.0,0.0,31.999046325683594,0.019999999552965164,0.0,0.0,0.0,0.0,0.0,31.999046325683594,0.019999999552965164
0.389,0.0,0.0,0.0,0.0,0.0,31.999046325683594,0.019999999552965164,0.0,0.0,0.0,0.0,0.0,31.999046325683594,0.019999999552965164
0.39,0.0,0.0,0.0,0.0,0.0,31.999046325683594,0.019999999552965164,0.0,0.0,0.0,0.0,0.0,31.999046325683594,0.019999999552965164
0.391,0.0,0.0,0.0,0.0,0.0,31.999046325683594,0.019999999552965164,0.0,0.0,0.0,0.0,0.0,31.999046325683594,0.019999999552965164
0.392,0.0,0.0,0.0,0.0,0.0,31.999046325683594,0.019999999552965164,0.0,0.0,0.0,0.0,0.0,31.999046325683594,0.019999999552965164
0.393,0.0,0.0,0.0,0.0,0.0,31.999046325683594,0.019999999552965164,0.0,0.0,0.0,0.0,0.0,31.999046325683594,0.019999999552965164
0.394,0.0,0.0,0.0,0.0,0.0,31.999046325683594,0.019999999552965164,0.0,0.0,0.0,0.0,0.0,31.999046325683594,0.019999999552965164
0.395,0.0,0.0,0.0,0.0,0.0,31.999046325683594,0.019999999552965164,0.0,0.0,0.0,0.0,0.0,31.999046325683594,0.019999999552965164
0.396,0.0,0.0,0.0,0.0,0.0,31.999046325683594,0.019999999552965164,0.0,0.0,0.0,0.0,0.0,31.999046325683594,0.019999999552965164
0.397,0.0,0.0,0.0,0.0,0.0,31.999046325683594,0.019999999552965164,0.0,0.0,0.0,0.0,0.0,31.999046325683594,0.019999999552965164
0.398,0.0,0.0,0.0,0.0,0.0,31.999046325683594,0.019999999552965164,0.0,0.0,0.0,0.0,0.0,31.999046325683594,0.019999999552965164
0.399,0.0,0.0,0.0,0.0,0.0,31.999046325683594,0.019999999552965164,0.0,0.0,0.0,0.0,0.0,31.999046325683594,0.019999999552965164
0.4,0.0,0.0,0.0,0.0,0.0,31.999046325683594,0.019999999552965164,0.0,0.0,0.0,0.0,0.0,31.999046325683594,0.019999999552965164
0.401,0.0,0.0,0.0,0.0,0.0,31.999046325683594,0.019999999552965164,0.0,0.0,0.0,0.0,0.0,31.999046325683594,0.019999999552965164
0.402,0.0,0.0,0.0,0.0,0.0,31.999046325683594,0.019999999552965164,0.0,0.0,0.0,0.0,0.0,31.999046325683594,0.019999999552965164
0.403,0.0,0.0,0.0,0.0,0.0,31.999046325683594,0.019999999552965164,0.0,0.0,0.0,0.0,0.0,31.999046325683594,0.019999999552965164
0.404,0.0,0.0,0.0,0.0,0.0,31.999046325683594,0.019999999552965164,0.0,0.0,0.0,0.0,0.0,31.999046325683594,0.019999999552965164
0.405,0.0,0.0,0.0,0.0,0.0,31.999046325683594,0.019999999552965164,0.0,0.0,0.0,0.0,0.0,31.999046325683594,0.019999999552965164
0.406,0.0,0.0,0.0,0.0,0.0,31.999046325683594,0.019999999552965164,0.0,0.0,0.0,0.0,0.0,31.999046325683594,0.019999999552965164
0.40700000000000003,0.0,0.0,0.0,0.0,0.0,31.999046325683594,0.019999999552965164,0.0,0.0,0.0,0.0,0.0,31.999046325683594,0.019999999552965164
0.40800000000000003,0.0,0.0,0.0,0.0,0.0,31.999046325683594,0.019999999552965164,0.0,0.0,0.0,0.0,0.0,31.999046325683594,0.019999999552965164
0.40900000000000003,0.0,0.0,0.0,0.0,0.0,31.999046325683594,0.019999999552965164,0.0,0.0,0.0,0.0,0.0,31.999046325683594,0.019999999552965164
0.41000000000000003,0.0,0.0,0.0,0.0,0.0,31.999046325683594,0.019999999552965164,0.0,0.0,0.0,0.0,0.0,31.999046325683594,0.019999999552965164
0.41100000000000003,0.0,0.0,0.0,0.0,0.0,31.999046325683594,0.019999999552965164,0.0,0.0,0.0,0.0,0.0,31.999046325683594,0.019999999552965164
0.41200000000000003,0.0,0.0,0.0,0.0,0.0,31.999046325683594,0.019999999552965164,0.0,0.0,0.0,0.0,0.0,31.999046325683594,0.019999999552965164
0.41300000000000003,0.0,0.0,0.0,0.0,0.0,31.999046325683594,0.019999999552965164,0.0,0.0,0.0,0.0,0.0,31.999046325683594,0.019999999552965164
0.41400000000000003,0.0,0.0,0.0,0.0,0.0,31.999046325683594,0.019999999552965164,0.0,0.0,0.0,0.0,0.0,31.999046325683594,0.019999999552965164
0.41500000000000004,0.0,0.0,0.0,0.0,0.0,31.999046325683594,0.019999999552965164,0.0,0.0,0.0,0.0,0.0,31.999046325683594,0.019999999552965164
0.41600000000000004,0.0,0.0,0.0,0.0,0.0,31.999046325683594,0.019999999552965164,0.0,0.0,0.0,0.0,0.0,31.999046325683594,0.019999999552965164
0.417,0.0,0.0,0.0,0.0,0.0,31.999046325683594,0.019999999552965164,0.0,0.0,0.0,0.0,0.0,31.999046325683594,0.019999999552965164
0.418,0.0,0.0,0.0,0.0,0.0,31.999046325683594,0.019999999552965164,0.0,0.0,0.0,0.0,0.0,31.999046325683594,0.019999999552965164
0.419,0.0,0.0,0.0,0.0,0.0,31.999046325683594,0.019999999552965164,0.0,0.0,0.0,0.0,0.0,31.999046325683594,0.019999999552965164
0.42,0.0,0.0,0.0,0.0,0.0,31.999046325683594,0.019999999552965164,0.0,0.0,0.0,0.0,0.0,31.999046325683594,0.019999999552965164
0.421,0.0,0.0,0.0,0.0,0.0,31.999046325683594,0.019999999552965164,0.0,0.0,0.0,0.0,0.0,31.999046325683594,0.019999999552965164
0.422,0.0,0.0,0.0,0.0,0.0,31.999046325683594,0.019999999552965164,0.0,0.0,0.0,0.0,0.0,31.999046325683594,0.019999999552965164
0.423,0.0,0.0,0.0,0.0,0.0,31.999046325683594,0.019999999552965164,0.0,0.0,0.0,0.0,0.0,31.999046325683594,0.019999999552965164
0.424,0.0,0.0,0.0,0.0,0.0,31.999046325683594,0.019999999552965164,0.0,0.0,0.0,0.0,0.0,31.999046325683594,0.019999999552965164
0.425,0.0,0.0,0.0,0.0,0.0,31.999046325683594,0.019999999552965164,0.0,0.0,0.0,0.0,0.0,31.999046325683594,0.019999999552965164
0.426,0.0,0.0,0.0,0.0,0.0,31.999046325683594,0.019999999552965164,0.0,0.0,0.0,0.0,0.0,31.999046325683594,0.019999999552965164
0.427,0.0,0.0,0.0,0.0,0.0,31.999046325683594,0.019999999552965164,0.0,0.0,0.0,0.0,0.0,31.999046325683594,0.019999999552965164
0.428,0.0,0.0,0.0,0.0,0.0,31.999046325683594,0.019999999552965164,0.0,0.0,0.0,0.0,0.0,31.999046325683594,0.019999999552965164
0.429,0.0,0.0,0.0,0.0,0.0,31.999046325683594,0.019999999552965164,0.0,0.0,0.0,0.0,0.0,31.999046325683594,0.019999999552965164
0.43,0.0,0.0,0.0,0.0,0.0,31.999046325683594,0.019999999552965164,0.0,0.0,0.0,0.0,0.0,31.999046325683594,0.019999999552965164
0.431,0.0,0.0,0.0,0.0,0.0,31.999046325683594,0.019999999552965164,0.0,0.0,0.0,0.0,0.0,31.999046325683594,0.019999999552965164
0.432,0.0,0.0,0.0,0.0,0.0,31.999046325683594,0.019999999552965164,0.0,0.0,0.0,0.0,0.0,31.999046325683594,0.019999999552965164
0.433,0.0,0.0,0.0,0.0,0.0,31.999046325683594,0.019999999552965164,0.0,0.0,0.0,0.0,0.0,31.999046325683594,0.019999999552965164
0.434,0.0,0.0,0.0,0.0,0.0,31.999046325683594,0.019999999552965164,0.0,0.0,0.0,0.0,0.0,31.999046325683594,0.019999999552965164
0.435,0.0,0.0,0.0,0.0,0.0,31.999046325683594,0.019999999552965164,0.0,0.0,0.0,0.0,0.0,31.999046325683594,0.019999999552965164
0.436,0.0,0.0,0.0,0.0,0.0,31.999046325683594,0.019999999552965164,0.0,0.0,0.0,0.0,0.0,31.999046325683594,0.019999999552965164
0.437,0.0,0.0,0.0,0.0,0.0,31.999046325683594,0.019999999552965164,0.0,0.0,0.0,0.0,0.0,31.999046325683594,0.019999999552965164
0.438,0.0,0.0,0.0,0.0,0.0,31.999046325683594,0.019999999552965164,0.0,0.0,0.0,0.0,0.0,31.999046325683594,0.019999999552965164
0.439,0.0,0.0,0.0,0.0,0.0,31.999046325683594,0.019999999552965164,0.0,0.0,0.0,0.0,0.0,31.999046325683594,0.019999999552965164
0.44,0.0,0.0,0.0,0.0,0.0,31.999046325683594,0.019999999552965164,0.0,0.0,0.0,0.0,0.0,31.999046325683594,0.019999999552965164
0.441,0.0,0.0,0.0,0.0,0.0,31.999046325683594,0.019999999552965164,0.0,0.0,0.0,0.0,0.0,31.999046325683594,0.019999999552965164
0.442,0.0,0.0,0.0,0.0,0.0,31.999046325683594,0.019999999552965164,0.0,0.0,0.0,0.0,0.0,31.999046325683594,0.019999999552965164
0.443,0.0,0.0,0.0,0.0,0.0,31.999046325683594,0.019999999552965164,0.0,0.0,0.0,0.0,0.0,31.999046325683594,0.019999999552965164
0.444,0.0,0.0,0.0,0.0,0.0,31.999046325683594,0.019999999552965164,0.0,0.0,0.0,0.0,0.0,31.999046325683594,0.019999999552965164
0.445,0.0,0.0,0.0,0.0,0.0,31.999046325683594,0.019999999552965164,0.0,0.0,0.0,0.0,0.0,31.999046325683594,0.019999999552965164
0.446,0.0,0.0,0.0,0.0,0.0,31.999046325683594,0.019999999552965164,0.0,0.0,0.0,0.0,0.0,31.999046325683594,0.019999999552965164
0.447,0.0,0.0,0.0,0.0,0.0,31.999046325683594,0.019999999552965164,0.0,0.0,0.0,0.0,0.0,31.999046325683594,0.019999999552965164
0.448,0.0,0.0,0.0,0.0,0.0,31.999046325683594,0.019999999552965164,0.0,0.0,0.0,0.0,0.0,31.999046325683594,0.019999999552965164
0.449,0.0,0.0,0.0,0.0,0.0,31.999046325683594,0.019999999552965164,0.0,0.0,0.0,0.0,0.0,31.999046325683594,0.019999999552965164
0.45,0.0,0.0,0.0,0.0,0.0,31.999046325683594,0.019999999552965164,0.0,0.0,0.0,0.0,0.0,31.999046325683594,0.019999999552965164
0.451,0.0,0.0,0.0,0.0,0.0,31.999046325683594,0.019999999552965164,0.0,0.0,0.0,0.0,0.0,31.999046325683594,0.019999999552965164
0.452,0.0,0.0,0.0,0.0,0.0,31.999046325683594,0.019999999552965164,0.0,0.0,0.0,0.0,0.0,31.999046325683594,0.019999999552965164
0.453,0.0,0.0,0.0,0.0,0.0,31.999046325683594,0.019999999552965164,0.0,0.0,0.0,0.0,0.0,31.999046325683594,0.019999999552965164
0.454,0.0,0.0,0.0,0.0,0.0,31.999046325683594,0.019999999552965164,0.0,0.0,0.0,0.0,0.0,31.999046325683594,0.019999999552965164
0.455,0.0,0.0,0.0,0.0,0.0,31.999046325683594,0.019999999552965164,0.0,0.0,0.0,0.0,0.0,31.999046325683594,0.019999999552965164
0.456,0.0,0.0,0.0,0.0,0.0,31.999046325683594,0.019999999552965164,0.0,0.0,0.0,0.0,0.0,31.999046325683594,0.019999999552965164
0.457,0.0,0.0,0.0,0.0,0.0,31.999046325683594,0.019999999552965164,0.0,0.0,0.0,0.0,0.0,31.999046325683594,0.019999999552965164
0.458,0.0,0.0,0.0,0.0,0.0,31.999046325683594,0.019999999552965164,0.0,0.0,0.0,0.0,0.0,31.999046325683594,0.019999999552965164
0.459,0.0,0.0,0.0,0.0,0.0,31.999046325683594,0.019999999552965164,0.0,0.0,0.0,0.0,0.0,31.999046325683594,0.019999999552965164
0.46,0.0,0.0,0.0,0.0,0.0,31.999046325683594,0.019999999552965164,0.0,0.0,0.0,0.0,0.0,31.999046325683594,0.019999999552965164
0.461,0.0,0.0,0.0,0.0,0.0,31.999046325683594,0.019999999552965164,0.0,0.0,0.0,0.0,0.0,31.999046325683594,0.019999999552965164
0.462,0.0,0.0,0.0,0.0,0.0,31.999046325683594,0.019999999552965164,0.0,0.0,0.0,0.0,0.0,31.999046325683594,0.019999999552965164
0.463,0.0,0.0,0.0,0.0,0.0,31.999046325683594,0.019999999552965164,0.0,0.0,0.0,0.0,0.0,31.999046325683594,0.019999999552965164
0.464,0.0,0.0,0.0,0.0,0.0,31.999046325683594,0.019999999552965164,0.0,0.0,0.0,0.0,0.0,31.999046325683594,0.019999999552965164
0.465,0.0,0.0,0.0,0.0,0.0,31.999046325683594,0.019999999552965164,0.0,0.0,0.0,0.0,0.0,31.999046325683594,0.019999999552965164
0.466,0.0,0.0,0.0,0.0,0.0,31.999046325683594,0.019999999552965164,0.0,0.0,0.0,0.0,0.0,31.999046325683594,0.019999999552965164
0.467,0.0,0.0,0.0,0.0,0.0,31.999046325683594,0.019999999552965164,0.0,0.0,0.0,0.0,0.0,31.999046325683594,0.019999999552965164
0.468,0.0,0.0,0.0,0.0,0.0,31.999046325683594,0.019999999552965164,0.0,0.0,0.0,0.0,0.0,31.999046325683594,0.019999999552965164
0.46900000000000003,0.0,0.0,0.0,0.0,0.0,31.999046325683594,0.019999999552965164,0.0,0.0,0.0,0.0,0.0,31.999046325683594,0.019999999552965164
0.47000000000000003,0.0,0.0,0.0,0.0,0.0,31.999046325683594,0.019999999552965164,0.0,0.0,0.0,0.0,0.0,31.999046325683594,0.019999999552965164
0.47100000000000003,0.0,0.0,0.0,0.0,0.0,31.999046325683594,0.019999999552965164,0.0,0.0,0.0,0.0,0.0,31.999046325683594,0.019999999552965164
0.47200000000000003,0.0,0.0,0.0,0.0,0.0,31.999046325683594,0.019999999552965164,0.0,0.0,0.0,0.0,0.0,31.999046325683594,0.019999999552965164
0.47300000000000003,0.0,0.0,0.0,0.0,0.0,31.999046325683594,0.019999999552965164,0.0,0.0,0.0,0.0,0.0,31.999046325683594,0.019999999552965164
0.47400000000000003,0.0,0.0,0.0,0.0,0.0,31.999046325683594,0.019999999552965164,0.0,0.0,0.0,0.0,0.0,31.999046325683594,0.019999999552965164
0.47500000000000003,0.0,0.0,0.0,0.0,0.0,31.999046325683594,0.019999999552965164,0.0,0.0,0.0,0.0,0.0,31.999046325683594,0.019999999552965164
0.47600000000000003,0.0,0.0,0.0,0.0,0.0,31.999046325683594,0.019999999552965164,0.0,0.0,0.0,0.0,0.0,31.999046325683594,0.019999999552965164
0.47700000000000004,0.0,0.0,0.0,0.0,0.0,31.999046325683594,0.019999999552965164,0.0,0.0,0.0,0.0,0.0,31.999046325683594,0.019999999552965164
0.47800000000000004,0.0,0.0,0.0,0.0,0.0,31.999046325683594,0.019999999552965164,0.0,0.0,0.0,0.0,0.0,31.999046325683594,0.019999999552965164
0.47900000000000004,0.0,0.0,0.0,0.0,0.0,31.999046325683594,0.019999999552965164,0.0,0.0,0.0,0.0,0.0,31.999046325683594,0.019999999552965164
0.48,0.0,0.0,0.0,0.0,0.0,31.999046325683594,0.019999999552965164,0.0,0.0,0.0,0.0,0.0,31.999046325683594,0.019999999552965164
0.481,0.0,0.0,0.0,0.0,0.0,31.999046325683594,0.019999999552965164,0.0,0.0,0.0,0.0,0.0,31.999046325683594,0.019999999552965164
0.482,0.0,0.0,0.0,0.0,0.0,31.999046325683594,0.019999999552965164,0.0,0.0,0.0,0.0,0.0,31.999046325683594,0.019999999552965164
0.483,0.0,0.0,0.0,0.0,0.0,31.999046325683594,0.019999999552965164,0.0,0.0,0.0,0.0,0.0,31.999046325683594,0.019999999552965164
0.484,0.0,0.0,0.0,0.0,0.0,31.999046325683594,0.019999999552965164,0.0,0.0,0.0,0.0,0.0,31.999046325683594,0.019999999552965164
0.485,0.0,0.0,0.0,0.0,0.0,31.999046325683594,0.019999999552965164,0.0,0.0,0.0,0.0,0.0,31.999046325683594,0.019999999552965164
0.486,0.0,0.0,0.0,0.0,0.0,31.999046325683594,0.019999999552965164,0.0,0.0,0.0,0.0,0.0,31.999046325683594,0.019999999552965164
0.487,0.0,0.0,0.0,0.0,0.0,31.999046325683594,0.019999999552965164,0.0,0.0,0.0,0.0,0.0,31.999046325683594,0.019999999552965164
0.488,0.0,0.0,0.0,0.0,0.0,31.999046325683594,0.019999999552965164,0.0,0.0,0.0,0.0,0.0,31.999046325683594,0.019999999552965164
0.489,0.0,0.0,0.0,0.0,0.0,31.999046325683594,0.019999999552965164,0.0,0.0,0.0,0.0,0.0,31.999046325683594,0.019999999552965164
0.49,0.0,0.0,0.0,0.0,0.0,31.999046325683594,0.019999999552965164,0.0,0.0,0.0,0.0,0.0,31.999046325683594,0.019999999552965164
0.491,0.0,0.0,0.0,0.0,0.0,31.999046325683594,0.019999999552965164,0.0,0.0,0.0,0.0,0.0,31.999046325683594,0.019999999552965164
0.492,0.0,0.0,0.0,0.0,0.0,31.999046325683594,0.019999999552965164,0.0,0.0,0.0,0.0,0.0,31.999046325683594,0.019999999552965164
0.493,0.0,0.0,0.0,0.0,0.0,31.999046325683594,0.019999999552965164,0.0,0.0,0.0,0.0,0.0,31.999046325683594,0.019999999552965164
0.494,0.0,0.0,0.0,0.0,0.0,31.999046325683594,0.019999999552965164,0.0,0.0,0.0,0.0,0.0,31.999046325683594,0.019999999552965164
0.495,0.0,0.0,0.0,0.0,0.0,31.999046325683594,0.019999999552965164,0.0,0.0,0.0,0.0,0.0,31.999046325683594,0.019999999552965164
0.496,0.0,0.0,0.0,0.0,0.0,31.999046325683594,0.019999999552965164,0.0,0.0,0.0,0.0,0.0,31.999046325683594,0.019999999552965164
0.497,0.0,0.0,0.0,0.0,0.0,31.999046325683594,0.019999999552965164,0.0,0.0,0.0,0.0,0.0,31.999046325683594,0.019999999552965164
0.498,0.0,0.0,0.0,0.0,0.0,31.999046325683594,0.019999999552965164,0.0,0.0,0.0,0.0,0.0,31.999046325683594,0.019999999552965164
0.499,0.0,0.0,0.0,0.0,0.0,31.999046325683594,0.019999999552965164,0.0,0.0,0.0,0.0,0.0,31.999046325683594,0.019999999552965164
0.5,0.0,0.0,0.0,0.0,0.0,31.999046325683594,0.019999999552965164,0.0,0.0,0.0,0.0,0.0,31.999046325683594,0.019999999552965164
0.501,0.0,0.0,0.0,0.0,0.0,31.999046325683594,0.019999999552965164,0.0,0.0,0.0,0.0,0.0,31.999046325683594,0.019999999552965164
0.502,0.0,0.0,0.0,0.0,0.0,31.999046325683594,0.019999999552965164,0.0,0.0,0.0,0.0,0.0,31.999046325683594,0.019999999552965164
0.503,0.0,0.0,0.0,0.0,0.0,31.999046325683594,0.019999999552965164,0.0,0.0,0.0,0.0,0.0,31.999046325683594,0.019999999552965164
0.504,0.0,0.0,0.0,0.0,0.0,31.999046325683594,0.019999999552965164,0.0,0.0,0.0,0.0,0.0,31.999046325683594,0.019999999552965164
0.505,0.0,0.0,0.0,0.0,0.0,31.999046325683594,0.019999999552965164,0.0,0.0,0.0,0.0,0.0,31.999046325683594,0.019999999552965164
0.506,0.0,0.0,0.0,0.0,0.0,31.999046325683594,0.019999999552965164,0.0,0.0,0.0,0.0,0.0,31.999046325683594,0.019999999552965164
0.507,0.0,0.0,0.0,0.0,0.0,31.999046325683594,0.019999999552965164,0.0,0.0,0.0,0.0,0.0,31.999046325683594,0.019999999552965164
0.508,0.0,0.0,0.0,0.0,0.0,31.999046325683594,0.019999999552965164,0.0,0.0,0.0,0.0,0.0,31.999046325683594,0.019999999552965164
0.509,0.0,0.0,0.0,0.0,0.0,31.999046325683594,0.019999999552965164,0.0,0.0,0.0,0.0,0.0,31.999046325683594,0.019999999552965164
0.51,0.0,0.0,0.0,0.0,0.0,31.999046325683594,0.019999999552965164,0.0,0.0,0.0,0.0,0.0,31.999046325683594,0.019999999552965164
0.511,0.0,0.0,0.0,0.0,0.0,31.999046325683594,0.019999999552965164,0.0,0.0,0.0,0.0,0.0,31.999046325683594,0.019999999552965164
0.512,0.0,0.0,0.0,0.0,0.0,31.999046325683594,0.019999999552965164,0.0,0.0,0.0,0.0,0.0,31.999046325683594,0.019999999552965164
0.513,0.0,0.0,0.0,0.0,0.0,31.999046325683594,0.019999999552965164,0.0,0.0,0.0,0.0,0.0,31.999046325683594,0.019999999552965164
0.514,0.0,0.0,0.0,0.0,0.0,31.999046325683594,0.019999999552965164,0.0,0.0,0.0,0.0,0.0,31.999046325683594,0.019999999552965164
0.515,0.0,0.0,0.0,0.0,0.0,31.999046325683594,0.019999999552965164,0.0,0.0,0.0,0.0,0.0,31.999046325683594,0.019999999552965164
0.516,0.0,0.0,0.0,0.0,0.0,31.999046325683594,0.019999999552965164,0.0,0.0,0.0,0.0,0.0,31.999046325683594,0.019999999552965164
0.517,0.0,0.0,0.0,0.0,0.0,31.999046325683594,0.019999999552965164,0.0,0.0,0.0,0.0,0.0,31.999046325683594,0.019999999552965164
0.518,0.0,0.0,0.0,0.0,0.0,31.999046325683594,0.019999999552965164,0.0,0.0,0.0,0.0,0.0,31.999046325683594,0.019999999552965164
0.519,0.0,0.0,0.0,0.0,0.0,31.999046325683594,0.019999999552965164,0.0,0.0,0.0,0.0,0.0,31.999046325683594,0.019999999552965164
0.52,0.0,0.0,0.0,0.0,0.0,31.999046325683594,0.019999999552965164,0.0,0.0,0.0,0.0,0.0,31.999046325683594,0.019999999552965164
0.521,0.0,0.0,0.0,0.0,0.0,31.999046325683594,0.019999999552965164,0.0,0.0,0.0,0.0,0.0,31.999046325683594,0.019999999552965164
0.522,0.0,0.0,0.0,0.0,0.0,31.999046325683594,0.019999999552965164,0.0,0.0,0.0,0.0,0.0,31.999046325683594,0.019999999552965164
0.523,0.0,0.0,0.0,0.0,0.0,31.999046325683594,0.019999999552965164,0.0,0.0,0.0,0.0,0.0,31.999046325683594,0.019999999552965164
0.524,0.0,0.0,0.0,0.0,0.0,31.999046325683594,0.019999999552965164,0.0,0.0,0.0,0.0,0.0,31.999046325683594,0.019999999552965164
0.525,0.0,0.0,0.0,0.0,0.0,31.999046325683594,0.019999999552965164,0.0,0.0,0.0,0.0,0.0,31.999046325683594,0.019999999552965164
0.526,0.0,0.0,0.0,0.0,0.0,31.999046325683594,0.019999999552965164,0.0,0.0,0.0,0.0,0.0,31.999046325683594,0.019999999552965164
0.527,0.0,0.0,0.0,0.0,0.0,31.999046325683594,0.019999999552965164,0.0,0.0,0.0,0.0,0.0,31.999046325683594,0.019999999552965164
0.528,0.0,0.0,0.0,0.0,0.0,31.999046325683594,0.019999999552965164,0.0,0.0,0.0,0.0,0.0,31.999046325683594,0.019999999552965164
0.529,0.0,0.0,0.0,0.0,0.0,31.999046325683594,0.019999999552965164,0.0,0.0,0.0,0.0,0.0,31.999046325683594,0.019999999552965164
0.53,0.0,0.0,0.0,0.0,0.0,31.999046325683594,0.019999999552965164,0.0,0.0,0.0,0.0,0.0,31.999046325683594,0.019999999552965164
0.531,0.0,0.0,0.0,0.0,0.0,31.999046325683594,0.019999999552965164,0.0,0.0,0.0,0.0,0.0,31.999046325683594,0.019999999552965164
0.532,0.0,0.0,0.0,0.0,0.0,31.999046325683594,0.019999999552965164,0.0,0.0,0.0,0.0,0.0,31.999046325683594,0.019999999552965164
0.533,0.0,0.0,0.0,0.0,0.0,31.999046325683594,0.019999999552965164,0.0,0.0,0.0,0.0,0.0,31.999046325683594,0.019999999552965164
0.534,0.0,0.0,0.0,0.0,0.0,31.999046325683594,0.019999999552965164,0.0,0.0,0.0,0.0,0.0,31.999046325683594,0.019999999552965164
0.535,0.0,0.0,0.0,0.0,0.0,31.999046325683594,0.019999999552965164,0.0,0.0,0.0,0.0,0.0,31.999046325683594,0.019999999552965164
0.536,0.0,0.0,0.0,0.0,0.0,31.999046325683594,0.019999999552965164,0.0,0.0,0.0,0.0,0.0,31.999046325683594,0.019999999552965164
0.537,0.0,0.0,0.0,0.0,0.0,31.999046325683594,0.019999999552965164,0.0,0.0,0.0,0.0,0.0,31.999046325683594,0.019999999552965164
0.538,0.0,0.0,0.0,0.0,0.0,31.999046325683594,0.019999999552965164,0.0,0.0,0.0,0.0,0.0,31.999046325683594,0.019999999552965164
0.539,0.0,0.0,0.0,0.0,0.0,31.999046325683594,0.019999999552965164,0.0,0.0,0.0,0.0,0.0,31.999046325683594,0.019999999552965164
0.54,0.0,0.0,0.0,0.0,0.0,31.999046325683594,0.019999999552965164,0.0,0.0,0.0,0.0,0.0,31.999046325683594,0.019999999552965164
0.541,0.0,0.0,0.0,0.0,0.0,31.999046325683594,0.019999999552965164,0.0,0.0,0.0,0.0,0.0,31.999046325683594,0.019999999552965164
0.542,0.0,0.0,0.0,0.0,0.0,31.999046325683594,0.019999999552965164,0.0,0.0,0.0,0.0,0.0,31.999046325683594,0.019999999552965164
0.543,0.0,0.0,0.0,0.0,0.0,31.999046325683594,0.019999999552965164,0.0,0.0,0.0,0.0,0.0,31.999046325683594,0.019999999552965164
0.544,0.0,0.0,0.0,0.0,0.0,31.999046325683594,0.019999999552965164,0.0,0.0,0.0,0.0,0.0,31.999046325683594,0.019999999552965164
0.545,0.0,0.0,0.0,0.0,0.0,31.999046325683594,0.019999999552965164,0.0,0.0,0.0,0.0,0.0,31.999046325683594,0.019999999552965164
0.546,0.0,0.0,0.0,0.0,0.0,31.999046325683594,0.019999999552965164,0.0,0.0,0.0,0.0,0.0,31.999046325683594,0.019999999552965164
0.547,0.0,0.0,0.0,0.0,0.0,31.999046325683594,0.019999999552965164,0.0,0.0,0.0,0.0,0.0,31.999046325683594,0.019999999552965164
0.548,0.0,0.0,0.0,0.0,0.0,31.999046325683594,0.019999999552965164,0.0,0.0,0.0,0.0,0.0,31.999046325683594,0.019999999552965164
0.549,0.0,0.0,0.0,0.0,0.0,31.999046325683594,0.019999999552965164,0.0,0.0,0.0,0.0,0.0,31.999046325683594,0.019999999552965164
0.55,0.0,0.0,0.0,0.0,0.0,31.999046325683594,0.019999999552965164,0.0,0.0,0.0,0.0,0.0,31.999046325683594,0.019999999552965164
0.551,0.0,0.0,0.0,0.0,0.0,31.999046325683594,0.019999999552965164,0.0,0.0,0.0,0.0,0.0,31.999046325683594,0.019999999552965164
0.552,0.0,0.0,0.0,0.0,0.0,31.999046325683594,0.019999999552965164,0.0,0.0,0.0,0.0,0.0,31.999046325683594,0.019999999552965164
0.553,0.0,0.0,0.0,0.0,0.0,31.999046325683594,0.019999999552965164,0.0,0.0,0.0,0.0,0.0,31.999046325683594,0.019999999552965164
0.554,0.0,0.0,0.0,0.0,0.0,31.999046325683594,0.019999999552965164,0.0,0.0,0.0,0.0,0.0,31.999046325683594,0.019999999552965164
0.555,0.0,0.0,0.0,0.0,0.0,31.999046325683594,0.019999999552965164,0.0,0.0,0.0,0.0,0.0,31.999046325683594,0.019999999552965164
0.556,0.0,0.0,0.0,0.0,0.0,31.999046325683594,0.019999999552965164,0.0,0.0,0.0,0.0,0.0,31.999046325683594,0.019999999552965164
0.557,0.0,0.0,0.0,0.0,0.0,31.999046325683594,0.019999999552965164,0.0,0.0,0.0,0.0,0.0,31.999046325683594,0.019999999552965164
0.558,0.0,0.0,0.0,0.0,0.0,31.999046325683594,0.019999999552965164,0.0,0.0,0.0,0.0,0.0,31.999046325683594,0.019999999552965164
0.559,0.0,0.0,0.0,0.0,0.0,31.999046325683594,0.019999999552965164,0.0,0.0,0.0,0.0,0.0,31.999046325683594,0.019999999552965164
0.56,0.0,0.0,0.0,0.0,0.0,31.999046325683594,0.019999999552965164,0.0,0.0,0.0,0.0,0.0,31.999046325683594,0.019999999552965164
0.561,0.0,0.0,0.0,0.0,0.0,31.999046325683594,0.019999999552965164,0.0,0.0,0.0,0.0,0.0,31.999046325683594,0.019999999552965164
0.562,0.0,0.0,0.0,0.0,0.0,31.999046325683594,0.019999999552965164,0.0,0.0,0.0,0.0,0.0,31.999046325683594,0.019999999552965164
0.5630000000000001,0.0,0.0,0.0,0.0,0.0,31.999046325683594,0.019999999552965164,0.0,0.0,0.0,0.0,0.0,31.999046325683594,0.019999999552965164
0.5640000000000001,0.0,0.0,0.0,0.0,0.0,31.999046325683594,0.019999999552965164,0.0,0.0,0.0,0.0,0.0,31.999046325683594,0.019999999552965164
0.5650000000000001,0.0,0.0,0.0,0.0,0.0,31.999046325683594,0.019999999552965164,0.0,0.0,0.0,0.0,0.0,31.999046325683594,0.019999999552965164
0.5660000000000001,0.0,0.0,0.0,0.0,0.0,31.999046325683594,0.019999999552965164,0.0,0.0,0.0,0.0,0.0,31.999046325683594,0.019999999552965164
0.5670000000000001,0.0,0.0,0.0,0.0,0.0,31.999046325683594,0.019999999552965164,0.0,0.0,0.0,0.0,0.0,31.999046325683594,0.019999999552965164
0.5680000000000001,0.0,0.0,0.0,0.0,0.0,31.999046325683594,0.019999999552965164,0.0,0.0,0.0,0.0,0.0,31.999046325683594,0.019999999552965164
0.5690000000000001,0.0,0.0,0.0,0.0,0.0,31.999046325683594,0.019999999552965164,0.0,0.0,0.0,0.0,0.0,31.999046325683594,0.019999999552965164
0.5700000000000001,0.0,0.0,0.0,0.0,0.0,31.999046325683594,0.019999999552965164,0.0,0.0,0.0,0.0,0.0,31.999046325683594,0.019999999552965164
0.5710000000000001,0.0,0.0,0.0,0.0,0.0,31.999046325683594,0.019999999552965164,0.0,0.0,0.0,0.0,0.0,31.999046325683594,0.019999999552965164
0.5720000000000001,0.0,0.0,0.0,0.0,0.0,31.999046325683594,0.019999999552965164,0.0,0.0,0.0,0.0,0.0,31.999046325683594,0.019999999552965164
0.5730000000000001,0.0,0.0,0.0,0.0,0.0,31.999046325683594,0.019999999552965164,0.0,0.0,0.0,0.0,0.0,31.999046325683594,0.019999999552965164
0.5740000000000001,0.0,0.0,0.0,0.0,0.0,31.999046325683594,0.019999999552965164,0.0,0.0,0.0,0.0,0.0,31.999046325683594,0.019999999552965164
0.5750000000000001,0.0,0.0,0.0,0.0,0.0,31.999046325683594,0.019999999552965164,0.0,0.0,0.0,0.0,0.0,31.999046325683594,0.019999999552965164
0.5760000000000001,0.0,0.0,0.0,0.0,0.0,31.999046325683594,0.019999999552965164,0.0,0.0,0.0,0.0,0.0,31.999046325683594,0.019999999552965164
0.577,0.0,0.0,0.0,0.0,0.0,31.999046325683594,0.019999999552965164,0.0,0.0,0.0,0.0,0.0,31.999046325683594,0.019999999552965164
0.578,0.0,0.0,0.0,0.0,0.0,31.999046325683594,0.019999999552965164,0.0,0.0,0.0,0.0,0.0,31.999046325683594,0.019999999552965164
0.579,0.0,0.0,0.0,0.0,0.0,31.999046325683594,0.019999999552965164,0.0,0.0,0.0,0.0,0.0,31.999046325683594,0.019999999552965164
0.58,0.0,0.0,0.0,0.0,0.0,31.999046325683594,0.019999999552965164,0.0,0.0,0.0,0.0,0.0,31.999046325683594,0.019999999552965164
0.581,0.0,0.0,0.0,0.0,0.0,31.999046325683594,0.019999999552965164,0.0,0.0,0.0,0.0,0.0,31.999046325683594,0.019999999552965164
0.582,0.0,0.0,0.0,0.0,0.0,31.999046325683594,0.019999999552965164,0.0,0.0,0.0,0.0,0.0,31.999046325683594,0.019999999552965164
0.583,0.0,0.0,0.0,0.0,0.0,31.999046325683594,0.019999999552965164,0.0,0.0,0.0,0.0,0.0,31.999046325683594,0.019999999552965164
0.584,0.0,0.0,0.0,0.0,0.0,31.999046325683594,0.019999999552965164,0.0,0.0,0.0,0.0,0.0,31.999046325683594,0.019999999552965164
0.585,0.0,0.0,0.0,0.0,0.0,31.999046325683594,0.019999999552965164,0.0,0.0,0.0,0.0,0.0,31.999046325683594,0.019999999552965164
0.586,0.0,0.0,0.0,0.0,0.0,31.999046325683594,0.019999999552965164,0.0,0.0,0.0,0.0,0.0,31.999046325683594,0.019999999552965164
0.587,0.0,0.0,0.0,0.0,0.0,31.999046325683594,0.019999999552965164,0.0,0.0,0.0,0.0,0.0,31.999046325683594,0.019999999552965164
0.588,0.0,0.0,0.0,0.0,0.0,31.999046325683594,0.019999999552965164,0.0,0.0,0.0,0.0,0.0,31.999046325683594,0.019999999552965164
0.589,0.0,0.0,0.0,0.0,0.0,31.999046325683594,0.019999999552965164,0.0,0.0,0.0,0.0,0.0,31.999046325683594,0.019999999552965164
0.59,0.0,0.0,0.0,0.0,0.0,31.999046325683594,0.019999999552965164,0.0,0.0,0.0,0.0,0.0,31.999046325683594,0.019999999552965164
0.591,0.0,0.0,0.0,0.0,0.0,31.999046325683594,0.019999999552965164,0.0,0.0,0.0,0.0,0.0,31.999046325683594,0.019999999552965164
0.592,0.0,0.0,0.0,0.0,0.0,31.999046325683594,0.019999999552965164,0.0,0.0,0.0,0.0,0.0,31.999046325683594,0.019999999552965164
0.593,0.0,0.0,0.0,0.0,0.0,31.999046325683594,0.019999999552965164,0.0,0.0,0.0,0.0,0.0,31.999046325683594,0.019999999552965164
0.594,0.0,0.0,0.0,0.0,0.0,31.999046325683594,0.019999999552965164,0.0,0.0,0.0,0.0,0.0,31.999046325683594,0.019999999552965164
0.595,0.0,0.0,0.0,0.0,0.0,31.999046325683594,0.019999999552965164,0.0,0.0,0.0,0.0,0.0,31.999046325683594,0.019999999552965164
0.596,0.0,0.0,0.0,0.0,0.0,31.999046325683594,0.019999999552965164,0.0,0.0,0.0,0.0,0.0,31.999046325683594,0.019999999552965164
0.597,0.0,0.0,0.0,0.0,0.0,31.999046325683594,0.019999999552965164,0.0,0.0,0.0,0.0,0.0,31.999046325683594,0.019999999552965164
0.598,0.0,0.0,0.0,0.0,0.0,31.999046325683594,0.019999999552965164,0.0,0.0,0.0,0.0,0.0,31.999046325683594,0.019999999552965164
0.599,0.0,0.0,0.0,0.0,0.0,31.999046325683594,0.019999999552965164,0.0,0.0,0.0,0.0,0.0,31.999046325683594,0.019999999552965164
0.6,0.0,0.0,0.0,0.0,0.0,31.999046325683594,0.019999999552965164,0.0,0.0,0.0,0.0,0.0,31.999046325683594,0.019999999552965164
0.601,0.0,0.0,0.0,0.0,0.0,31.999046325683594,0.019999999552965164,0.0,0.0,0.0,0.0,0.0,31.999046325683594,0.019999999552965164
0.602,0.0,0.0,0.0,0.0,0.0,31.999046325683594,0.019999999552965164,0.0,0.0,0.0,0.0,0.0,31.999046325683594,0.019999999552965164
0.603,0.0,0.0,0.0,0.0,0.0,31.999046325683594,0.019999999552965164,0.0,0.0,0.0,0.0,0.0,31.999046325683594,0.019999999552965164
0.604,0.0,0.0,0.0,0.0,0.0,31.999046325683594,0.019999999552965164,0.0,0.0,0.0,0.0,0.0,31.999046325683594,0.019999999552965164
0.605,0.0,0.0,0.0,0.0,0.0,31.999046325683594,0.019999999552965164,0.0,0.0,0.0,0.0,0.0,31.999046325683594,0.019999999552965164
0.606,0.0,0.0,0.0,0.0,0.0,31.999046325683594,0.019999999552965164,0.0,0.0,0.0,0.0,0.0,31.999046325683594,0.019999999552965164
0.607,0.0,0.0,0.0,0.0,0.0,31.999046325683594,0.019999999552965164,0.0,0.0,0.0,0.0,0.0,31.999046325683594,0.019999999552965164
0.608,0.0,0.0,0.0,0.0,0.0,31.999046325683594,0.019999999552965164,0.0,0.0,0.0,0.0,0.0,31.999046325683594,0.019999999552965164
0.609,0.0,0.0,0.0,0.0,0.0,31.999046325683594,0.019999999552965164,0.0,0.0,0.0,0.0,0.0,31.999046325683594,0.019999999552965164
0.61,0.0,0.0,0.0,0.0,0.0,31.999046325683594,0.019999999552965164,0.0,0.0,0.0,0.0,0.0,31.999046325683594,0.019999999552965164
0.611,0.0,0.0,0.0,0.0,0.0,31.999046325683594,0.019999999552965164,0.0,0.0,0.0,0.0,0.0,31.999046325683594,0.019999999552965164
0.612,0.0,0.0,0.0,0.0,0.0,31.999046325683594,0.019999999552965164,0.0,0.0,0.0,0.0,0.0,31.999046325683594,0.019999999552965164
0.613,0.0,0.0,0.0,0.0,0.0,31.999046325683594,0.019999999552965164,0.0,0.0,0.0,0.0,0.0,31.999046325683594,0.019999999552965164
0.614,0.0,0.0,0.0,0.0,0.0,31.999046325683594,0.019999999552965164,0.0,0.0,0.0,0.0,0.0,31.999046325683594,0.019999999552965164
0.615,0.0,0.0,0.0,0.0,0.0,31.999046325683594,0.019999999552965164,0.0,0.0,0.0,0.0,0.0,31.999046325683594,0.019999999552965164
0.616,0.0,0.0,0.0,0.0,0.0,31.999046325683594,0.019999999552965164,0.0,0.0,0.0,0.0,0.0,31.999046325683594,0.019999999552965164
0.617,0.0,0.0,0.0,0.0,0.0,31.999046325683594,0.019999999552965164,0.0,0.0,0.0,0.0,0.0,31.999046325683594,0.019999999552965164
0.618,0.0,0.0,0.0,0.0,0.0,31.999046325683594,0.019999999552965164,0.0,0.0,0.0,0.0,0.0,31.999046325683594,0.019999999552965164
0.619,0.0,0.0,0.0,0.0,0.0,31.999046325683594,0.019999999552965164,0.0,0.0,0.0,0.0,0.0,31.999046325683594,0.019999999552965164
0.62,0.0,0.0,0.0,0.0,0.0,31.999046325683594,0.019999999552965164,0.0,0.0,0.0,0.0,0.0,31.999046325683594,0.019999999552965164
0.621,0.0,0.0,0.0,0.0,0.0,31.999046325683594,0.019999999552965164,0.0,0.0,0.0,0.0,0.0,31.999046325683594,0.019999999552965164
0.622,0.0,0.0,0.0,0.0,0.0,31.999046325683594,0.019999999552965164,0.0,0.0,0.0,0.0,0.0,31.999046325683594,0.019999999552965164
0.623,0.0,0.0,0.0,0.0,0.0,31.999046325683594,0.019999999552965164,0.0,0.0,0.0,0.0,0.0,31.999046325683594,0.019999999552965164
0.624,0.0,0.0,0.0,0.0,0.0,31.999046325683594,0.019999999552965164,0.0,0.0,0.0,0.0,0.0,31.999046325683594,0.019999999552965164
0.625,0.0,0.0,0.0,0.0,0.0,31.999046325683594,0.019999999552965164,0.0,0.0,0.0,0.0,0.0,31.999046325683594,0.019999999552965164
0.626,0.0,0.0,0.0,0.0,0.0,31.999046325683594,0.019999999552965164,0.0,0.0,0.0,0.0,0.0,31.999046325683594,0.019999999552965164
0.627,0.0,0.0,0.0,0.0,0.0,31.999046325683594,0.019999999552965164,0.0,0.0,0.0,0.0,0.0,31.999046325683594,0.019999999552965164
0.628,0.0,0.0,0.0,0.0,0.0,31.999046325683594,0.019999999552965164,0.0,0.0,0.0,0.0,0.0,31.999046325683594,0.019999999552965164
0.629,0.0,0.0,0.0,0.0,0.0,31.999046325683594,0.019999999552965164,0.0,0.0,0.0,0.0,0.0,31.999046325683594,0.019999999552965164
0.63,0.0,0.0,0.0,0.0,0.0,31.999046325683594,0.019999999552965164,0.0,0.0,0.0,0.0,0.0,31.999046325683594,0.019999999552965164
0.631,0.0,0.0,0.0,0.0,0.0,31.999046325683594,0.019999999552965164,0.0,0.0,0.0,0.0,0.0,31.999046325683594,0.019999999552965164
0.632,0.0,0.0,0.0,0.0,0.0,31.999046325683594,0.019999999552965164,0.0,0.0,0.0,0.0,0.0,31.999046325683594,0.019999999552965164
0.633,0.0,0.0,0.0,0.0,0.0,31.999046325683594,0.019999999552965164,0.0,0.0,0.0,0.0,0.0,31.999046325683594,0.019999999552965164
0.634,0.0,0.0,0.0,0.0,0.0,31.999046325683594,0.019999999552965164,0.0,0.0,0.0,0.0,0.0,31.999046325683594,0.019999999552965164
0.635,0.0,0.0,0.0,0.0,0.0,31.999046325683594,0.019999999552965164,0.0,0.0,0.0,0.0,0.0,31.999046325683594,0.019999999552965164
0.636,0.0,0.0,0.0,0.0,0.0,31.999046325683594,0.019999999552965164,0.0,0.0,0.0,0.0,0.0,31.999046325683594,0.019999999552965164
0.637,0.0,0.0,0.0,0.0,0.0,31.999046325683594,0.019999999552965164,0.0,0.0,0.0,0.0,0.0,31.999046325683594,0.019999999552965164
0.638,0.0,0.0,0.0,0.0,0.0,31.999046325683594,0.019999999552965164,0.0,0.0,0.0,0.0,0.0,31.999046325683594,0.019999999552965164
0.639,0.0,0.0,0.0,0.0,0.0,31.999046325683594,0.019999999552965164,0.0,0.0,0.0,0.0,0.0,31.999046325683594,0.019999999552965164
0.64,0.0,0.0,0.0,0.0,0.0,31.999046325683594,0.019999999552965164,0.0,0.0,0.0,0.0,0.0,31.999046325683594,0.019999999552965164
0.641,0.0,0.0,0.0,0.0,0.0,31.999046325683594,0.019999999552965164,0.0,0.0,0.0,0.0,0.0,31.999046325683594,0.019999999552965164
0.642,0.0,0.0,0.0,0.0,0.0,31.999046325683594,0.019999999552965164,0.0,0.0,0.0,0.0,0.0,31.999046325683594,0.019999999552965164
0.643,0.0,0.0,0.0,0.0,0.0,31.999046325683594,0.019999999552965164,0.0,0.0,0.0,0.0,0.0,31.999046325683594,0.019999999552965164
0.644,0.0,0.0,0.0,0.0,0.0,31.999046325683594,0.019999999552965164,0.0,0.0,0.0,0.0,0.0,31.999046325683594,0.019999999552965164
0.645,0.0,0.0,0.0,0.0,0.0,31.999046325683594,0.019999999552965164,0.0,0.0,0.0,0.0,0.0,31.999046325683594,0.019999999552965164
0.646,0.0,0.0,0.0,0.0,0.0,31.999046325683594,0.019999999552965164,0.0,0.0,0.0,0.0,0.0,31.999046325683594,0.019999999552965164
0.647,0.0,0.0,0.0,0.0,0.0,31.999046325683594,0.019999999552965164,0.0,0.0,0.0,0.0,0.0,31.999046325683594,0.019999999552965164
0.648,0.0,0.0,0.0,0.0,0.0,31.999046325683594,0.019999999552965164,0.0,0.0,0.0,0.0,0.0,31.999046325683594,0.019999999552965164
0.649,0.0,0.0,0.0,0.0,0.0,31.999046325683594,0.019999999552965164,0.0,0.0,0.0,0.0,0.0,31.999046325683594,0.019999999552965164
0.65,0.0,0.0,0.0,0.0,0.0,31.999046325683594,0.019999999552965164,0.0,0.0,0.0,0.0,0.0,31.999046325683594,0.019999999552965164
0.651,0.0,0.0,0.0,0.0,0.0,31.999046325683594,0.019999999552965164,0.0,0.0,0.0,0.0,0.0,31.999046325683594,0.019999999552965164
0.652,0.0,0.0,0.0,0.0,0.0,31.999046325683594,0.019999999552965164,0.0,0.0,0.0,0.0,0.0,31.999046325683594,0.019999999552965164
0.653,0.0,0.0,0.0,0.0,0.0,31.999046325683594,0.019999999552965164,0.0,0.0,0.0,0.0,0.0,31.999046325683594,0.019999999552965164
0.654,0.0,0.0,0.0,0.0,0.0,31.999046325683594,0.019999999552965164,0.0,0.0,0.0,0.0,0.0,31.999046325683594,0.019999999552965164
0.655,0.0,0.0,0.0,0.0,0.0,31.999046325683594,0.019999999552965164,0.0,0.0,0.0,0.0,0.0,31.999046325683594,0.019999999552965164
0.656,0.0,0.0,0.0,0.0,0.0,31.999046325683594,0.019999999552965164,0.0,0.0,0.0,0.0,0.0,31.999046325683594,0.019999999552965164
0.657,0.0,0.0,0.0,0.0,0.0,31.999046325683594,0.019999999552965164,0.0,0.0,0.0,0.0,0.0,31.999046325683594,0.019999999552965164
0.658,0.0,0.0,0.0,0.0,0.0,31.999046325683594,0.019999999552965164,0.0,0.0,0.0,0.0,0.0,31.999046325683594,0.019999999552965164
0.659,0.0,0.0,0.0,0.0,0.0,31.999046325683594,0.019999999552965164,0.0,0.0,0.0,0.0,0.0,31.999046325683594,0.019999999552965164
0.66,0.0,0.0,0.0,0.0,0.0,31.999046325683594,0.019999999552965164,0.0,0.0,0.0,0.0,0.0,31.999046325683594,0.019999999552965164
0.661,0.0,0.0,0.0,0.0,0.0,31.999046325683594,0.019999999552965164,0.0,0.0,0.0,0.0,0.0,31.999046325683594,0.019999999552965164
0.662,0.0,0.0,0.0,0.0,0.0,31.999046325683594,0.019999999552965164,0.0,0.0,0.0,0.0,0.0,31.999046325683594,0.019999999552965164
0.663,0.0,0.0,0.0,0.0,0.0,31.999046325683594,0.019999999552965164,0.0,0.0,0.0,0.0,0.0,31.999046325683594,0.019999999552965164
0.664,0.0,0.0,0.0,0.0,0.0,31.999046325683594,0.019999999552965164,0.0,0.0,0.0,0.0,0.0,31.999046325683594,0.019999999552965164
0.665,0.0,0.0,0.0,0.0,0.0,31.999046325683594,0.019999999552965164,0.0,0.0,0.0,0.0,0.0,31.999046325683594,0.019999999552965164
0.666,0.0,0.0,0.0,0.0,0.0,31.999046325683594,0.019999999552965164,0.0,0.0,0.0,0.0,0.0,31.999046325683594,0.019999999552965164
0.667,0.0,0.0,0.0,0.0,0.0,31.999046325683594,0.019999999552965164,0.0,0.0,0.0,0.0,0.0,31.999046325683594,0.019999999552965164
0.668,0.0,0.0,0.0,0.0,0.0,31.999046325683594,0.019999999552965164,0.0,0.0,0.0,0.0,0.0,31.999046325683594,0.019999999552965164
0.669,0.0,0.0,0.0,0.0,0.0,31.999046325683594,0.019999999552965164,0.0,0.0,0.0,0.0,0.0,31.999046325683594,0.019999999552965164
0.67,0.0,0.0,0.0,0.0,0.0,31.999046325683594,0.019999999552965164,0.0,0.0,0.0,0.0,0.0,31.999046325683594,0.019999999552965164
0.671,0.0,0.0,0.0,0.0,0.0,31.999046325683594,0.019999999552965164,0.0,0.0,0.0,0.0,0.0,31.999046325683594,0.019999999552965164
0.672,0.0,0.0,0.0,0.0,0.0,31.999046325683594,0.019999999552965164,0.0,0.0,0.0,0.0,0.0,31.999046325683594,0.019999999552965164
0.673,0.0,0.0,0.0,0.0,0.0,31.999046325683594,0.019999999552965164,0.0,0.0,0.0,0.0,0.0,31.999046325683594,0.019999999552965164
0.674,0.0,0.0,0.0,0.0,0.0,31.999046325683594,0.019999999552965164,0.0,0.0,0.0,0.0,0.0,31.999046325683594,0.019999999552965164
0.675,0.0,0.0,0.0,0.0,0.0,31.999046325683594,0.019999999552965164,0.0,0.0,0.0,0.0,0.0,31.999046325683594,0.019999999552965164
0.676,0.0,0.0,0.0,0.0,0.0,31.999046325683594,0.019999999552965164,0.0,0.0,0.0,0.0,0.0,31.999046325683594,0.019999999552965164
0.677,0.0,0.0,0.0,0.0,0.0,31.999046325683594,0.019999999552965164,0.0,0.0,0.0,0.0,0.0,31.999046325683594,0.019999999552965164
0.678,0.0,0.0,0.0,0.0,0.0,31.999046325683594,0.019999999552965164,0.0,0.0,0.0,0.0,0.0,31.999046325683594,0.019999999552965164
0.679,0.0,0.0,0.0,0.0,0.0,31.999046325683594,0.019999999552965164,0.0,0.0,0.0,0.0,0.0,31.999046325683594,0.019999999552965164
0.68,0.0,0.0,0.0,0.0,0.0,31.999046325683594,0.019999999552965164,0.0,0.0,0.0,0.0,0.0,31.999046325683594,0.019999999552965164
0.681,0.0,0.0,0.0,0.0,0.0,31.999046325683594,0.019999999552965164,0.0,0.0,0.0,0.0,0.0,31.999046325683594,0.019999999552965164
0.682,0.0,0.0,0.0,0.0,0.0,31.999046325683594,0.019999999552965164,0.0,0.0,0.0,0.0,0.0,31.999046325683594,0.019999999552965164
0.683,0.0,0.0,0.0,0.0,0.0,31.999046325683594,0.019999999552965164,0.0,0.0,0.0,0.0,0.0,31.999046325683594,0.019999999552965164
0.684,0.0,0.0,0.0,0.0,0.0,31.999046325683594,0.019999999552965164,0.0,0.0,0.0,0.0,0.0,31.999046325683594,0.019999999552965164
0.685,0.0,0.0,0.0,0.0,0.0,31.999046325683594,0.019999999552965164,0.0,0.0,0.0,0.0,0.0,31.999046325683594,0.019999999552965164
0.686,0.0,0.0,0.0,0.0,0.0,31.999046325683594,0.019999999552965164,0.0,0.0,0.0,0.0,0.0,31.999046325683594,0.019999999552965164
0.687,0.0,0.0,0.0,0.0,0.0,31.999046325683594,0.019999999552965164,0.0,0.0,0.0,0.0,0.0,31.999046325683594,0.019999999552965164
0.6880000000000001,0.0,0.0,0.0,0.0,0.0,31.999046325683594,0.019999999552965164,0.0,0.0,0.0,0.0,0.0,31.999046325683594,0.019999999552965164
0.6890000000000001,0.0,0.0,0.0,0.0,0.0,31.999046325683594,0.019999999552965164,0.0,0.0,0.0,0.0,0.0,31.999046325683594,0.019999999552965164
0.6900000000000001,0.0,0.0,0.0,0.0,0.0,31.999046325683594,0.019999999552965164,0.0,0.0,0.0,0.0,0.0,31.999046325683594,0.019999999552965164
0.6910000000000001,0.0,0.0,0.0,0.0,0.0,31.999046325683594,0.019999999552965164,0.0,0.0,0.0,0.0,0.0,31.999046325683594,0.019999999552965164
0.6920000000000001,0.0,0.0,0.0,0.0,0.0,31.999046325683594,0.019999999552965164,0.0,0.0,0.0,0.0,0.0,31.999046325683594,0.019999999552965164
0.6930000000000001,0.0,0.0,0.0,0.0,0.0,31.999046325683594,0.019999999552965164,0.0,0.0,0.0,0.0,0.0,31.999046325683594,0.019999999552965164
0.6940000000000001,0.0,0.0,0.0,0.0,0.0,31.999046325683594,0.019999999552965164,0.0,0.0,0.0,0.0,0.0,31.999046325683594,0.019999999552965164
0.6950000000000001,0.0,0.0,0.0,0.0,0.0,31.999046325683594,0.019999999552965164,0.0,0.0,0.0,0.0,0.0,31.999046325683594,0.019999999552965164
0.6960000000000001,0.0,0.0,0.0,0.0,0.0,31.999046325683594,0.019999999552965164,0.0,0.0,0.0,0.0,0.0,31.999046325683594,0.019999999552965164
0.6970000000000001,0.0,0.0,0.0,0.0,0.0,31.999046325683594,0.019999999552965164,0.0,0.0,0.0,0.0,0.0,31.999046325683594,0.019999999552965164
0.6980000000000001,0.0,0.0,0.0,0.0,0.0,31.999046325683594,0.019999999552965164,0.0,0.0,0.0,0.0,0.0,31.999046325683594,0.019999999552965164
0.6990000000000001,0.0,0.0,0.0,0.0,0.0,31.999046325683594,0.019999999552965164,0.0,0.0,0.0,0.0,0.0,31.999046325683594,0.019999999552965164
0.7000000000000001,0.0,0.0,0.0,0.0,0.0,31.999046325683594,0.019999999552965164,0.0,0.0,0.0,0.0,0.0,31.999046325683594,0.019999999552965164
0.7010000000000001,0.0,0.0,0.0,0.0,0.0,31.999046325683594,0.019999999552965164,0.0,0.0,0.0,0.0,0.0,31.999046325683594,0.019999999552965164
0.7020000000000001,0.0,0.0,0.0,0.0,0.0,31.999046325683594,0.019999999552965164,0.0,0.0,0.0,0.0,0.0,31.999046325683594,0.019999999552965164
0.7030000000000001,0.0,0.0,0.0,0.0,0.0,31.999046325683594,0.019999999552965164,0.0,0.0,0.0,0.0,0.0,31.999046325683594,0.019999999552965164
0.704,0.0,0.0,0.0,0.0,0.0,31.999046325683594,0.019999999552965164,0.0,0.0,0.0,0.0,0.0,31.999046325683594,0.019999999552965164
0.705,0.0,0.0,0.0,0.0,0.0,31.999046325683594,0.019999999552965164,0.0,0.0,0.0,0.0,0.0,31.999046325683594,0.019999999552965164
0.706,0.0,0.0,0.0,0.0,0.0,31.999046325683594,0.019999999552965164,0.0,0.0,0.0,0.0,0.0,31.999046325683594,0.019999999552965164
0.707,0.0,0.0,0.0,0.0,0.0,31.999046325683594,0.019999999552965164,0.0,0.0,0.0,0.0,0.0,31.999046325683594,0.019999999552965164
0.708,0.0,0.0,0.0,0.0,0.0,31.999046325683594,0.019999999552965164,0.0,0.0,0.0,0.0,0.0,31.999046325683594,0.019999999552965164
0.709,0.0,0.0,0.0,0.0,0.0,31.999046325683594,0.019999999552965164,0.0,0.0,0.0,0.0,0.0,31.999046325683594,0.019999999552965164
0.71,0.0,0.0,0.0,0.0,0.0,31.999046325683594,0.019999999552965164,0.0,0.0,0.0,0.0,0.0,31.999046325683594,0.019999999552965164
0.711,0.0,0.0,0.0,0.0,0.0,31.999046325683594,0.019999999552965164,0.0,0.0,0.0,0.0,0.0,31.999046325683594,0.019999999552965164
0.712,0.0,0.0,0.0,0.0,0.0,31.999046325683594,0.019999999552965164,0.0,0.0,0.0,0.0,0.0,31.999046325683594,0.019999999552965164
0.713,0.0,0.0,0.0,0.0,0.0,31.999046325683594,0.019999999552965164,0.0,0.0,0.0,0.0,0.0,31.999046325683594,0.019999999552965164
0.714,0.0,0.0,0.0,0.0,0.0,31.999046325683594,0.019999999552965164,0.0,0.0,0.0,0.0,0.0,31.999046325683594,0.019999999552965164
0.715,0.0,0.0,0.0,0.0,0.0,31.999046325683594,0.019999999552965164,0.0,0.0,0.0,0.0,0.0,31.999046325683594,0.019999999552965164
0.716,0.0,0.0,0.0,0.0,0.0,31.999046325683594,0.019999999552965164,0.0,0.0,0.0,0.0,0.0,31.999046325683594,0.019999999552965164
0.717,0.0,0.0,0.0,0.0,0.0,31.999046325683594,0.019999999552965164,0.0,0.0,0.0,0.0,0.0,31.999046325683594,0.019999999552965164
0.718,0.0,0.0,0.0,0.0,0.0,31.999046325683594,0.019999999552965164,0.0,0.0,0.0,0.0,0.0,31.999046325683594,0.019999999552965164
0.719,0.0,0.0,0.0,0.0,0.0,31.999046325683594,0.019999999552965164,0.0,0.0,0.0,0.0,0.0,31.999046325683594,0.019999999552965164
0.72,0.0,0.0,0.0,0.0,0.0,31.999046325683594,0.019999999552965164,0.0,0.0,0.0,0.0,0.0,31.999046325683594,0.019999999552965164
0.721,0.0,0.0,0.0,0.0,0.0,31.999046325683594,0.019999999552965164,0.0,0.0,0.0,0.0,0.0,31.999046325683594,0.019999999552965164
0.722,0.0,0.0,0.0,0.0,0.0,31.999046325683594,0.019999999552965164,0.0,0.0,0.0,0.0,0.0,31.999046325683594,0.019999999552965164
0.723,0.0,0.0,0.0,0.0,0.0,31.999046325683594,0.019999999552965164,0.0,0.0,0.0,0.0,0.0,31.999046325683594,0.019999999552965164
0.724,0.0,0.0,0.0,0.0,0.0,31.999046325683594,0.019999999552965164,0.0,0.0,0.0,0.0,0.0,31.999046325683594,0.019999999552965164
0.725,0.0,0.0,0.0,0.0,0.0,31.999046325683594,0.019999999552965164,0.0,0.0,0.0,0.0,0.0,31.999046325683594,0.019999999552965164
0.726,0.0,0.0,0.0,0.0,0.0,31.999046325683594,0.019999999552965164,0.0,0.0,0.0,0.0,0.0,31.999046325683594,0.019999999552965164
0.727,0.0,0.0,0.0,0.0,0.0,31.999046325683594,0.019999999552965164,0.0,0.0,0.0,0.0,0.0,31.999046325683594,0.019999999552965164
0.728,0.0,0.0,0.0,0.0,0.0,31.999046325683594,0.019999999552965164,0.0,0.0,0.0,0.0,0.0,31.999046325683594,0.019999999552965164
0.729,0.0,0.0,0.0,0.0,0.0,31.999046325683594,0.019999999552965164,0.0,0.0,0.0,0.0,0.0,31.999046325683594,0.019999999552965164
0.73,0.0,0.0,0.0,0.0,0.0,31.999046325683594,0.019999999552965164,0.0,0.0,0.0,0.0,0.0,31.999046325683594,0.019999999552965164
0.731,0.0,0.0,0.0,0.0,0.0,31.999046325683594,0.019999999552965164,0.0,0.0,0.0,0.0,0.0,31.999046325683594,0.019999999552965164
0.732,0.0,0.0,0.0,0.0,0.0,31.999046325683594,0.019999999552965164,0.0,0.0,0.0,0.0,0.0,31.999046325683594,0.019999999552965164
0.733,0.0,0.0,0.0,0.0,0.0,31.999046325683594,0.019999999552965164,0.0,0.0,0.0,0.0,0.0,31.999046325683594,0.019999999552965164
0.734,0.0,0.0,0.0,0.0,0.0,31.999046325683594,0.019999999552965164,0.0,0.0,0.0,0.0,0.0,31.999046325683594,0.019999999552965164
0.735,0.0,0.0,0.0,0.0,0.0,31.999046325683594,0.019999999552965164,0.0,0.0,0.0,0.0,0.0,31.999046325683594,0.019999999552965164
0.736,0.0,0.0,0.0,0.0,0.0,31.999046325683594,0.019999999552965164,0.0,0.0,0.0,0.0,0.0,31.999046325683594,0.019999999552965164
0.737,0.0,0.0,0.0,0.0,0.0,31.999046325683594,0.019999999552965164,0.0,0.0,0.0,0.0,0.0,31.999046325683594,0.019999999552965164
0.738,0.0,0.0,0.0,0.0,0.0,31.999046325683594,0.019999999552965164,0.0,0.0,0.0,0.0,0.0,31.999046325683594,0.019999999552965164
0.739,0.0,0.0,0.0,0.0,0.0,31.999046325683594,0.019999999552965164,0.0,0.0,0.0,0.0,0.0,31.999046325683594,0.019999999552965164
0.74,0.0,0.0,0.0,0.0,0.0,31.999046325683594,0.019999999552965164,0.0,0.0,0.0,0.0,0.0,31.999046325683594,0.019999999552965164
0.741,0.0,0.0,0.0,0.0,0.0,31.999046325683594,0.019999999552965164,0.0,0.0,0.0,0.0,0.0,31.999046325683594,0.019999999552965164
0.742,0.0,0.0,0.0,0.0,0.0,31.999046325683594,0.019999999552965164,0.0,0.0,0.0,0.0,0.0,31.999046325683594,0.019999999552965164
0.743,0.0,0.0,0.0,0.0,0.0,31.999046325683594,0.019999999552965164,0.0,0.0,0.0,0.0,0.0,31.999046325683594,0.019999999552965164
0.744,0.0,0.0,0.0,0.0,0.0,31.999046325683594,0.019999999552965164,0.0,0.0,0.0,0.0,0.0,31.999046325683594,0.019999999552965164
0.745,0.0,0.0,0.0,0.0,0.0,31.999046325683594,0.019999999552965164,0.0,0.0,0.0,0.0,0.0,31.999046325683594,0.019999999552965164
0.746,0.0,0.0,0.0,0.0,0.0,31.999046325683594,0.019999999552965164,0.0,0.0,0.0,0.0,0.0,31.999046325683594,0.019999999552965164
0.747,0.0,0.0,0.0,0.0,0.0,31.999046325683594,0.019999999552965164,0.0,0.0,0.0,0.0,0.0,31.999046325683594,0.019999999552965164
0.748,0.0,0.0,0.0,0.0,0.0,31.999046325683594,0.019999999552965164,0.0,0.0,0.0,0.0,0.0,31.999046325683594,0.019999999552965164
0.749,0.0,0.0,0.0,0.0,0.0,31.999046325683594,0.019999999552965164,0.0,0.0,0.0,0.0,0.0,31.999046325683594,0.019999999552965164
0.75,0.0,0.0,0.0,0.0,0.0,31.999046325683594,0.019999999552965164,0.0,0.0,0.0,0.0,0.0,31.999046325683594,0.019999999552965164
0.751,0.0,0.0,0.0,0.0,0.0,31.999046325683594,0.019999999552965164,0.0,0.0,0.0,0.0,0.0,31.999046325683594,0.019999999552965164
0.752,0.0,0.0,0.0,0.0,0.0,31.999046325683594,0.019999999552965164,0.0,0.0,0.0,0.0,0.0,31.999046325683594,0.019999999552965164
0.753,0.0,0.0,0.0,0.0,0.0,31.999046325683594,0.019999999552965164,0.0,0.0,0.0,0.0,0.0,31.999046325683594,0.019999999552965164
0.754,0.0,0.0,0.0,0.0,0.0,31.999046325683594,0.019999999552965164,0.0,0.0,0.0,0.0,0.0,31.999046325683594,0.019999999552965164
0.755,0.0,0.0,0.0,0.0,0.0,31.999046325683594,0.019999999552965164,0.0,0.0,0.0,0.0,0.0,31.999046325683594,0.019999999552965164
0.756,0.0,0.0,0.0,0.0,0.0,31.999046325683594,0.019999999552965164,0.0,0.0,0.0,0.0,0.0,31.999046325683594,0.019999999552965164
0.757,0.0,0.0,0.0,0.0,0.0,31.999046325683594,0.019999999552965164,0.0,0.0,0.0,0.0,0.0,31.999046325683594,0.019999999552965164
0.758,0.0,0.0,0.0,0.0,0.0,31.999046325683594,0.019999999552965164,0.0,0.0,0.0,0.0,0.0,31.999046325683594,0.019999999552965164
0.759,0.0,0.0,0.0,0.0,0.0,31.999046325683594,0.019999999552965164,0.0,0.0,0.0,0.0,0.0,31.999046325683594,0.019999999552965164
0.76,0.0,0.0,0.0,0.0,0.0,31.999046325683594,0.019999999552965164,0.0,0.0,0.0,0.0,0.0,31.999046325683594,0.019999999552965164
0.761,0.0,0.0,0.0,0.0,0.0,31.999046325683594,0.019999999552965164,0.0,0.0,0.0,0.0,0.0,31.999046325683594,0.019999999552965164
0.762,0.0,0.0,0.0,0.0,0.0,31.999046325683594,0.019999999552965164,0.0,0.0,0.0,0.0,0.0,31.999046325683594,0.019999999552965164
0.763,0.0,0.0,0.0,0.0,0.0,31.999046325683594,0.019999999552965164,0.0,0.0,0.0,0.0,0.0,31.999046325683594,0.019999999552965164
0.764,0.0,0.0,0.0,0.0,0.0,31.999046325683594,0.019999999552965164,0.0,0.0,0.0,0.0,0.0,31.999046325683594,0.019999999552965164
0.765,0.0,0.0,0.0,0.0,0.0,31.999046325683594,0.019999999552965164,0.0,0.0,0.0,0.0,0.0,31.999046325683594,0.019999999552965164
0.766,0.0,0.0,0.0,0.0,0.0,31.999046325683594,0.019999999552965164,0.0,0.0,0.0,0.0,0.0,31.999046325683594,0.019999999552965164
0.767,0.0,0.0,0.0,0.0,0.0,31.999046325683594,0.019999999552965164,0.0,0.0,0.0,0.0,0.0,31.999046325683594,0.019999999552965164
0.768,0.0,0.0,0.0,0.0,0.0,31.999046325683594,0.019999999552965164,0.0,0.0,0.0,0.0,0.0,31.999046325683594,0.019999999552965164
0.769,0.0,0.0,0.0,0.0,0.0,31.999046325683594,0.019999999552965164,0.0,0.0,0.0,0.0,0.0,31.999046325683594,0.019999999552965164
0.77,0.0,0.0,0.0,0.0,0.0,31.999046325683594,0.019999999552965164,0.0,0.0,0.0,0.0,0.0,31.999046325683594,0.019999999552965164
0.771,0.0,0.0,0.0,0.0,0.0,31.999046325683594,0.019999999552965164,0.0,0.0,0.0,0.0,0.0,31.999046325683594,0.019999999552965164
0.772,0.0,0.0,0.0,0.0,0.0,31.999046325683594,0.019999999552965164,0.0,0.0,0.0,0.0,0.0,31.999046325683594,0.019999999552965164
0.773,0.0,0.0,0.0,0.0,0.0,31.999046325683594,0.019999999552965164,0.0,0.0,0.0,0.0,0.0,31.999046325683594,0.019999999552965164
0.774,0.0,0.0,0.0,0.0,0.0,31.999046325683594,0.019999999552965164,0.0,0.0,0.0,0.0,0.0,31.999046325683594,0.019999999552965164
0.775,0.0,0.0,0.0,0.0,0.0,31.999046325683594,0.019999999552965164,0.0,0.0,0.0,0.0,0.0,31.999046325683594,0.019999999552965164
0.776,0.0,0.0,0.0,0.0,0.0,31.999046325683594,0.019999999552965164,0.0,0.0,0.0,0.0,0.0,31.999046325683594,0.019999999552965164
0.777,0.0,0.0,0.0,0.0,0.0,31.999046325683594,0.019999999552965164,0.0,0.0,0.0,0.0,0.0,31.999046325683594,0.019999999552965164
0.778,0.0,0.0,0.0,0.0,0.0,31.999046325683594,0.019999999552965164,0.0,0.0,0.0,0.0,0.0,31.999046325683594,0.019999999552965164
0.779,0.0,0.0,0.0,0.0,0.0,31.999046325683594,0.019999999552965164,0.0,0.0,0.0,0.0,0.0,31.999046325683594,0.019999999552965164
0.78,0.0,0.0,0.0,0.0,0.0,31.999046325683594,0.019999999552965164,0.0,0.0,0.0,0.0,0.0,31.999046325683594,0.019999999552965164
0.781,0.0,0.0,0.0,0.0,0.0,31.999046325683594,0.019999999552965164,0.0,0.0,0.0,0.0,0.0,31.999046325683594,0.019999999552965164
0.782,0.0,0.0,0.0,0.0,0.0,31.999046325683594,0.019999999552965164,0.0,0.0,0.0,0.0,0.0,31.999046325683594,0.019999999552965164
0.783,0.0,0.0,0.0,0.0,0.0,31.999046325683594,0.019999999552965164,0.0,0.0,0.0,0.0,0.0,31.999046325683594,0.019999999552965164
0.784,0.0,0.0,0.0,0.0,0.0,31.999046325683594,0.019999999552965164,0.0,0.0,0.0,0.0,0.0,31.999046325683594,0.019999999552965164
0.785,0.0,0.0,0.0,0.0,0.0,31.999046325683594,0.019999999552965164,0.0,0.0,0.0,0.0,0.0,31.999046325683594,0.019999999552965164
0.786,0.0,0.0,0.0,0.0,0.0,31.999046325683594,0.019999999552965164,0.0,0.0,0.0,0.0,0.0,31.999046325683594,0.019999999552965164
0.787,0.0,0.0,0.0,0.0,0.0,31.999046325683594,0.019999999552965164,0.0,0.0,0.0,0.0,0.0,31.999046325683594,0.019999999552965164
0.788,0.0,0.0,0.0,0.0,0.0,31.999046325683594,0.019999999552965164,0.0,0.0,0.0,0.0,0.0,31.999046325683594,0.019999999552965164
0.789,0.0,0.0,0.0,0.0,0.0,31.999046325683594,0.019999999552965164,0.0,0.0,0.0,0.0,0.0,31.999046325683594,0.019999999552965164
0.79,0.0,0.0,0.0,0.0,0.0,31.999046325683594,0.019999999552965164,0.0,0.0,0.0,0.0,0.0,31.999046325683594,0.019999999552965164
0.791,0.0,0.0,0.0,0.0,0.0,31.999046325683594,0.019999999552965164,0.0,0.0,0.0,0.0,0.0,31.999046325683594,0.019999999552965164
0.792,0.0,0.0,0.0,0.0,0.0,31.999046325683594,0.019999999552965164,0.0,0.0,0.0,0.0,0.0,31.999046325683594,0.019999999552965164
0.793,0.0,0.0,0.0,0.0,0.0,31.999046325683594,0.019999999552965164,0.0,0.0,0.0,0.0,0.0,31.999046325683594,0.019999999552965164
0.794,0.0,0.0,0.0,0.0,0.0,31.999046325683594,0.019999999552965164,0.0,0.0,0.0,0.0,0.0,31.999046325683594,0.019999999552965164
0.795,0.0,0.0,0.0,0.0,0.0,31.999046325683594,0.019999999552965164,0.0,0.0,0.0,0.0,0.0,31.999046325683594,0.019999999552965164
0.796,0.0,0.0,0.0,0.0,0.0,31.999046325683594,0.019999999552965164,0.0,0.0,0.0,0.0,0.0,31.999046325683594,0.019999999552965164
0.797,0.0,0.0,0.0,0.0,0.0,31.999046325683594,0.019999999552965164,0.0,0.0,0.0,0.0,0.0,31.999046325683594,0.019999999552965164
0.798,0.0,0.0,0.0,0.0,0.0,31.999046325683594,0.019999999552965164,0.0,0.0,0.0,0.0,0.0,31.999046325683594,0.019999999552965164
0.799,0.0,0.0,0.0,0.0,0.0,31.999046325683594,0.019999999552965164,0.0,0.0,0.0,0.0,0.0,31.999046325683594,0.019999999552965164
0.8,0.0,0.0,0.0,0.0,0.0,31.999046325683594,0.019999999552965164,0.0,0.0,0.0,0.0,0.0,31.999046325683594,0.019999999552965164
0.801,0.0,0.0,0.0,0.0,0.0,31.999046325683594,0.019999999552965164,0.0,0.0,0.0,0.0,0.0,31.999046325683594,0.019999999552965164
0.802,0.0,0.0,0.0,0.0,0.0,31.999046325683594,0.019999999552965164,0.0,0.0,0.0,0.0,0.0,31.999046325683594,0.019999999552965164
0.803,0.0,0.0,0.0,0.0,0.0,31.999046325683594,0.019999999552965164,0.0,0.0,0.0,0.0,0.0,31.999046325683594,0.019999999552965164
0.804,0.0,0.0,0.0,0.0,0.0,31.999046325683594,0.019999999552965164,0.0,0.0,0.0,0.0,0.0,31.999046325683594,0.019999999552965164
0.805,0.0,0.0,0.0,0.0,0.0,31.999046325683594,0.019999999552965164,0.0,0.0,0.0,0.0,0.0,31.999046325683594,0.019999999552965164
0.806,0.0,0.0,0.0,0.0,0.0,31.999046325683594,0.019999999552965164,0.0,0.0,0.0,0.0,0.0,31.999046325683594,0.019999999552965164
0.807,0.0,0.0,0.0,0.0,0.0,31.999046325683594,0.019999999552965164,0.0,0.0,0.0,0.0,0.0,31.999046325683594,0.019999999552965164
0.808,0.0,0.0,0.0,0.0,0.0,31.999046325683594,0.019999999552965164,0.0,0.0,0.0,0.0,0.0,31.999046325683594,0.019999999552965164
0.809,0.0,0.0,0.0,0.0,0.0,31.999046325683594,0.019999999552965164,0.0,0.0,0.0,0.0,0.0,31.999046325683594,0.019999999552965164
0.81,0.0,0.0,0.0,0.0,0.0,31.999046325683594,0.019999999552965164,0.0,0.0,0.0,0.0,0.0,31.999046325683594,0.019999999552965164
0.811,0.0,0.0,0.0,0.0,0.0,31.999046325683594,0.019999999552965164,0.0,0.0,0.0,0.0,0.0,31.999046325683594,0.019999999552965164
0.812,0.0,0.0,0.0,0.0,0.0,31.999046325683594,0.019999999552965164,0.0,0.0,0.0,0.0,0.0,31.999046325683594,0.019999999552965164
0.8130000000000001,0.0,0.0,0.0,0.0,0.0,31.999046325683594,0.019999999552965164,0.0,0.0,0.0,0.0,0.0,31.999046325683594,0.019999999552965164
0.8140000000000001,0.0,0.0,0.0,0.0,0.0,31.999046325683594,0.019999999552965164,0.0,0.0,0.0,0.0,0.0,31.999046325683594,0.019999999552965164
0.8150000000000001,0.0,0.0,0.0,0.0,0.0,31.999046325683594,0.019999999552965164,0.0,0.0,0.0,0.0,0.0,31.999046325683594,0.019999999552965164
0.8160000000000001,0.0,0.0,0.0,0.0,0.0,31.999046325683594,0.019999999552965164,0.0,0.0,0.0,0.0,0.0,31.999046325683594,0.019999999552965164
0.8170000000000001,0.0,0.0,0.0,0.0,0.0,31.999046325683594,0.019999999552965164,0.0,0.0,0.0,0.0,0.0,31.999046325683594,0.019999999552965164
0.8180000000000001,0.0,0.0,0.0,0.0,0.0,31.999046325683594,0.019999999552965164,0.0,0.0,0.0,0.0,0.0,31.999046325683594,0.019999999552965164
0.8190000000000001,0.0,0.0,0.0,0.0,0.0,31.999046325683594,0.019999999552965164,0.0,0.0,0.0,0.0,0.0,31.999046325683594,0.019999999552965164
0.8200000000000001,0.0,0.0,0.0,0.0,0.0,31.999046325683594,0.019999999552965164,0.0,0.0,0.0,0.0,0.0,31.999046325683594,0.019999999552965164
0.8210000000000001,0.0,0.0,0.0,0.0,0.0,31.999046325683594,0.019999999552965164,0.0,0.0,0.0,0.0,0.0,31.999046325683594,0.019999999552965164
0.8220000000000001,0.0,0.0,0.0,0.0,0.0,31.999046325683594,0.019999999552965164,0.0,0.0,0.0,0.0,0.0,31.999046325683594,0.019999999552965164
0.8230000000000001,0.0,0.0,0.0,0.0,0.0,31.999046325683594,0.019999999552965164,0.0,0.0,0.0,0.0,0.0,31.999046325683594,0.019999999552965164
0.8240000000000001,0.0,0.0,0.0,0.0,0.0,31.999046325683594,0.019999999552965164,0.0,0.0,0.0,0.0,0.0,31.999046325683594,0.019999999552965164
0.8250000000000001,0.0,0.0,0.0,0.0,0.0,31.999046325683594,0.019999999552965164,0.0,0.0,0.0,0.0,0.0,31.999046325683594,0.019999999552965164
0.8260000000000001,0.0,0.0,0.0,0.0,0.0,31.999046325683594,0.019999999552965164,0.0,0.0,0.0,0.0,0.0,31.999046325683594,0.019999999552965164
0.8270000000000001,0.0,0.0,0.0,0.0,0.0,31.999046325683594,0.019999999552965164,0.0,0.0,0.0,0.0,0.0,31.999046325683594,0.019999999552965164
0.8280000000000001,0.0,0.0,0.0,0.0,0.0,31.999046325683594,0.019999999552965164,0.0,0.0,0.0,0.0,0.0,31.999046325683594,0.019999999552965164
0.8290000000000001,0.0,0.0,0.0,0.0,0.0,31.999046325683594,0.019999999552965164,0.0,0.0,0.0,0.0,0.0,31.999046325683594,0.019999999552965164
0.8300000000000001,0.0,0.0,0.0,0.0,0.0,31.999046325683594,0.019999999552965164,0.0,0.0,0.0,0.0,0.0,31.999046325683594,0.019999999552965164
0.8310000000000001,0.0,0.0,0.0,0.0,0.0,31.999046325683594,0.019999999552965164,0.0,0.0,0.0,0.0,0.0,31.999046325683594,0.019999999552965164
0.8320000000000001,0.0,0.0,0.0,0.0,0.0,31.999046325683594,0.019999999552965164,0.0,0.0,0.0,0.0,0.0,31.999046325683594,0.019999999552965164
0.833,0.0,0.0,0.0,0.0,0.0,31.999046325683594,0.019999999552965164,0.0,0.0,0.0,0.0,0.0,31.999046325683594,0.019999999552965164
0.834,0.0,0.0,0.0,0.0,0.0,31.999046325683594,0.019999999552965164,0.0,0.0,0.0,0.0,0.0,31.999046325683594,0.019999999552965164
0.835,0.0,0.0,0.0,0.0,0.0,31.999046325683594,0.019999999552965164,0.0,0.0,0.0,0.0,0.0,31.999046325683594,0.019999999552965164
0.836,0.0,0.0,0.0,0.0,0.0,31.999046325683594,0.019999999552965164,0.0,0.0,0.0,0.0,0.0,31.999046325683594,0.019999999552965164
0.837,0.0,0.0,0.0,0.0,0.0,31.999046325683594,0.019999999552965164,0.0,0.0,0.0,0.0,0.0,31.999046325683594,0.019999999552965164
0.838,0.0,0.0,0.0,0.0,0.0,31.999046325683594,0.019999999552965164,0.0,0.0,0.0,0.0,0.0,31.999046325683594,0.019999999552965164
0.839,0.0,0.0,0.0,0.0,0.0,31.999046325683594,0.019999999552965164,0.0,0.0,0.0,0.0,0.0,31.999046325683594,0.019999999552965164
0.84,0.0,0.0,0.0,0.0,0.0,31.999046325683594,0.019999999552965164,0.0,0.0,0.0,0.0,0.0,31.999046325683594,0.019999999552965164
0.841,0.0,0.0,0.0,0.0,0.0,31.999046325683594,0.019999999552965164,0.0,0.0,0.0,0.0,0.0,31.999046325683594,0.019999999552965164
0.842,0.0,0.0,0.0,0.0,0.0,31.999046325683594,0.019999999552965164,0.0,0.0,0.0,0.0,0.0,31.999046325683594,0.019999999552965164
0.843,0.0,0.0,0.0,0.0,0.0,31.999046325683594,0.019999999552965164,0.0,0.0,0.0,0.0,0.0,31.999046325683594,0.019999999552965164
0.844,0.0,0.0,0.0,0.0,0.0,31.999046325683594,0.019999999552965164,0.0,0.0,0.0,0.0,0.0,31.999046325683594,0.019999999552965164
0.845,0.0,0.0,0.0,0.0,0.0,31.999046325683594,0.019999999552965164,0.0,0.0,0.0,0.0,0.0,31.999046325683594,0.019999999552965164
0.846,0.0,0.0,0.0,0.0,0.0,31.999046325683594,0.019999999552965164,0.0,0.0,0.0,0.0,0.0,31.999046325683594,0.019999999552965164
0.847,0.0,0.0,0.0,0.0,0.0,31.999046325683594,0.019999999552965164,0.0,0.0,0.0,0.0,0.0,31.999046325683594,0.019999999552965164
0.848,0.0,0.0,0.0,0.0,0.0,31.999046325683594,0.019999999552965164,0.0,0.0,0.0,0.0,0.0,31.999046325683594,0.019999999552965164
0.849,0.0,0.0,0.0,0.0,0.0,31.999046325683594,0.019999999552965164,0.0,0.0,0.0,0.0,0.0,31.999046325683594,0.019999999552965164
0.85,0.0,0.0,0.0,0.0,0.0,31.999046325683594,0.019999999552965164,0.0,0.0,0.0,0.0,0.0,31.999046325683594,0.019999999552965164
0.851,0.0,0.0,0.0,0.0,0.0,31.999046325683594,0.019999999552965164,0.0,0.0,0.0,0.0,0.0,31.999046325683594,0.019999999552965164
0.852,0.0,0.0,0.0,0.0,0.0,31.999046325683594,0.019999999552965164,0.0,0.0,0.0,0.0,0.0,31.999046325683594,0.019999999552965164
0.853,0.0,0.0,0.0,0.0,0.0,31.999046325683594,0.019999999552965164,0.0,0.0,0.0,0.0,0.0,31.999046325683594,0.019999999552965164
0.854,0.0,0.0,0.0,0.0,0.0,31.999046325683594,0.019999999552965164,0.0,0.0,0.0,0.0,0.0,31.999046325683594,0.019999999552965164
0.855,0.0,0.0,0.0,0.0,0.0,31.999046325683594,0.019999999552965164,0.0,0.0,0.0,0.0,0.0,31.999046325683594,0.019999999552965164
0.856,0.0,0.0,0.0,0.0,0.0,31.999046325683594,0.019999999552965164,0.0,0.0,0.0,0.0,0.0,31.999046325683594,0.019999999552965164
0.857,0.0,0.0,0.0,0.0,0.0,31.999046325683594,0.019999999552965164,0.0,0.0,0.0,0.0,0.0,31.999046325683594,0.019999999552965164
0.858,0.0,0.0,0.0,0.0,0.0,31.999046325683594,0.019999999552965164,0.0,0.0,0.0,0.0,0.0,31.999046325683594,0.019999999552965164
0.859,0.0,0.0,0.0,0.0,0.0,31.999046325683594,0.019999999552965164,0.0,0.0,0.0,0.0,0.0,31.999046325683594,0.019999999552965164
0.86,0.0,0.0,0.0,0.0,0.0,31.999046325683594,0.019999999552965164,0.0,0.0,0.0,0.0,0.0,31.999046325683594,0.019999999552965164
0.861,0.0,0.0,0.0,0.0,0.0,31.999046325683594,0.019999999552965164,0.0,0.0,0.0,0.0,0.0,31.999046325683594,0.019999999552965164
0.862,0.0,0.0,0.0,0.0,0.0,31.999046325683594,0.019999999552965164,0.0,0.0,0.0,0.0,0.0,31.999046325683594,0.019999999552965164
0.863,0.0,0.0,0.0,0.0,0.0,31.999046325683594,0.019999999552965164,0.0,0.0,0.0,0.0,0.0,31.999046325683594,0.019999999552965164
0.864,0.0,0.0,0.0,0.0,0.0,31.999046325683594,0.019999999552965164,0.0,0.0,0.0,0.0,0.0,31.999046325683594,0.019999999552965164
0.865,0.0,0.0,0.0,0.0,0.0,31.999046325683594,0.019999999552965164,0.0,0.0,0.0,0.0,0.0,31.999046325683594,0.019999999552965164
0.866,0.0,0.0,0.0,0.0,0.0,31.999046325683594,0.019999999552965164,0.0,0.0,0.0,0.0,0.0,31.999046325683594,0.019999999552965164
0.867,0.0,0.0,0.0,0.0,0.0,31.999046325683594,0.019999999552965164,0.0,0.0,0.0,0.0,0.0,31.999046325683594,0.019999999552965164
0.868,0.0,0.0,0.0,0.0,0.0,31.999046325683594,0.019999999552965164,0.0,0.0,0.0,0.0,0.0,31.999046325683594,0.019999999552965164
0.869,0.0,0.0,0.0,0.0,0.0,31.999046325683594,0.019999999552965164,0.0,0.0,0.0,0.0,0.0,31.999046325683594,0.019999999552965164
0.87,0.0,0.0,0.0,0.0,0.0,31.999046325683594,0.019999999552965164,0.0,0.0,0.0,0.0,0.0,31.999046325683594,0.019999999552965164
0.871,0.0,0.0,0.0,0.0,0.0,31.999046325683594,0.019999999552965164,0.0,0.0,0.0,0.0,0.0,31.999046325683594,0.019999999552965164
0.872,0.0,0.0,0.0,0.0,0.0,31.999046325683594,0.019999999552965164,0.0,0.0,0.0,0.0,0.0,31.999046325683594,0.019999999552965164
0.873,0.0,0.0,0.0,0.0,0.0,31.999046325683594,0.019999999552965164,0.0,0.0,0.0,0.0,0.0,31.999046325683594,0.019999999552965164
0.874,0.0,0.0,0.0,0.0,0.0,31.999046325683594,0.019999999552965164,0.0,0.0,0.0,0.0,0.0,31.999046325683594,0.019999999552965164
0.875,0.0,0.0,0.0,0.0,0.0,31.999046325683594,0.019999999552965164,0.0,0.0,0.0,0.0,0.0,31.999046325683594,0.019999999552965164
0.876,0.0,0.0,0.0,0.0,0.0,31.999046325683594,0.019999999552965164,0.0,0.0,0.0,0.0,0.0,31.999046325683594,0.019999999552965164
0.877,0.0,0.0,0.0,0.0,0.0,31.999046325683594,0.019999999552965164,0.0,0.0,0.0,0.0,0.0,31.999046325683594,0.019999999552965164
0.878,0.0,0.0,0.0,0.0,0.0,31.999046325683594,0.019999999552965164,0.0,0.0,0.0,0.0,0.0,31.999046325683594,0.019999999552965164
0.879,0.0,0.0,0.0,0.0,0.0,31.999046325683594,0.019999999552965164,0.0,0.0,0.0,0.0,0.0,31.999046325683594,0.019999999552965164
0.88,0.0,0.0,0.0,0.0,0.0,31.999046325683594,0.019999999552965164,0.0,0.0,0.0,0.0,0.0,31.999046325683594,0.019999999552965164
0.881,0.0,0.0,0.0,0.0,0.0,31.999046325683594,0.019999999552965164,0.0,0.0,0.0,0.0,0.0,31.999046325683594,0.019999999552965164
0.882,0.0,0.0,0.0,0.0,0.0,31.999046325683594,0.019999999552965164,0.0,0.0,0.0,0.0,0.0,31.999046325683594,0.019999999552965164
0.883,0.0,0.0,0.0,0.0,0.0,31.999046325683594,0.019999999552965164,0.0,0.0,0.0,0.0,0.0,31.999046325683594,0.019999999552965164
0.884,0.0,0.0,0.0,0.0,0.0,31.999046325683594,0.019999999552965164,0.0,0.0,0.0,0.0,0.0,31.999046325683594,0.019999999552965164
0.885,0.0,0.0,0.0,0.0,0.0,31.999046325683594,0.019999999552965164,0.0,0.0,0.0,0.0,0.0,31.999046325683594,0.019999999552965164
0.886,0.0,0.0,0.0,0.0,0.0,31.999046325683594,0.019999999552965164,0.0,0.0,0.0,0.0,0.0,31.999046325683594,0.019999999552965164
0.887,0.0,0.0,0.0,0.0,0.0,31.999046325683594,0.019999999552965164,0.0,0.0,0.0,0.0,0.0,31.999046325683594,0.019999999552965164
0.888,0.0,0.0,0.0,0.0,0.0,31.999046325683594,0.019999999552965164,0.0,0.0,0.0,0.0,0.0,31.999046325683594,0.019999999552965164
0.889,0.0,0.0,0.0,0.0,0.0,31.999046325683594,0.019999999552965164,0.0,0.0,0.0,0.0,0.0,31.999046325683594,0.019999999552965164
0.89,0.0,0.0,0.0,0.0,0.0,31.999046325683594,0.019999999552965164,0.0,0.0,0.0,0.0,0.0,31.999046325683594,0.019999999552965164
0.891,0.0,0.0,0.0,0.0,0.0,31.999046325683594,0.019999999552965164,0.0,0.0,0.0,0.0,0.0,31.999046325683594,0.019999999552965164
0.892,0.0,0.0,0.0,0.0,0.0,31.999046325683594,0.019999999552965164,0.0,0.0,0.0,0.0,0.0,31.999046325683594,0.019999999552965164
0.893,0.0,0.0,0.0,0.0,0.0,31.999046325683594,0.019999999552965164,0.0,0.0,0.0,0.0,0.0,31.999046325683594,0.019999999552965164
0.894,0.0,0.0,0.0,0.0,0.0,31.999046325683594,0.019999999552965164,0.0,0.0,0.0,0.0,0.0,31.999046325683594,0.019999999552965164
0.895,0.0,0.0,0.0,0.0,0.0,31.999046325683594,0.019999999552965164,0.0,0.0,0.0,0.0,0.0,31.999046325683594,0.019999999552965164
0.896,0.0,0.0,0.0,0.0,0.0,31.999046325683594,0.019999999552965164,0.0,0.0,0.0,0.0,0.0,31.999046325683594,0.019999999552965164
0.897,0.0,0.0,0.0,0.0,0.0,31.999046325683594,0.019999999552965164,0.0,0.0,0.0,0.0,0.0,31.999046325683594,0.019999999552965164
0.898,0.0,0.0,0.0,0.0,0.0,31.999046325683594,0.019999999552965164,0.0,0.0,0.0,0.0,0.0,31.999046325683594,0.019999999552965164
0.899,0.0,0.0,0.0,0.0,0.0,31.999046325683594,0.019999999552965164,0.0,0.0,0.0,0.0,0.0,31.999046325683594,0.019999999552965164
0.9,0.0,0.0,0.0,0.0,0.0,31.999046325683594,0.019999999552965164,0.0,0.0,0.0,0.0,0.0,31.999046325683594,0.019999999552965164
0.901,0.0,0.0,0.0,0.0,0.0,31.999046325683594,0.019999999552965164,0.0,0.0,0.0,0.0,0.0,31.999046325683594,0.019999999552965164
0.902,0.0,0.0,0.0,0.0,0.0,31.999046325683594,0.019999999552965164,0.0,0.0,0.0,0.0,0.0,31.999046325683594,0.019999999552965164
0.903,0.0,0.0,0.0,0.0,0.0,31.999046325683594,0.019999999552965164,0.0,0.0,0.0,0.0,0.0,31.999046325683594,0.019999999552965164
0.904,0.0,0.0,0.0,0.0,0.0,31.999046325683594,0.019999999552965164,0.0,0.0,0.0,0.0,0.0,31.999046325683594,0.019999999552965164
0.905,0.0,0.0,0.0,0.0,0.0,31.999046325683594,0.019999999552965164,0.0,0.0,0.0,0.0,0.0,31.999046325683594,0.019999999552965164
0.906,0.0,0.0,0.0,0.0,0.0,31.999046325683594,0.019999999552965164,0.0,0.0,0.0,0.0,0.0,31.999046325683594,0.019999999552965164
0.907,0.0,0.0,0.0,0.0,0.0,31.999046325683594,0.019999999552965164,0.0,0.0,0.0,0.0,0.0,31.999046325683594,0.019999999552965164
0.908,0.0,0.0,0.0,0.0,0.0,31.999046325683594,0.019999999552965164,0.0,0.0,0.0,0.0,0.0,31.999046325683594,0.019999999552965164
0.909,0.0,0.0,0.0,0.0,0.0,31.999046325683594,0.019999999552965164,0.0,0.0,0.0,0.0,0.0,31.999046325683594,0.019999999552965164
0.91,0.0,0.0,0.0,0.0,0.0,31.999046325683594,0.019999999552965164,0.0,0.0,0.0,0.0,0.0,31.999046325683594,0.019999999552965164
0.911,0.0,0.0,0.0,0.0,0.0,31.999046325683594,0.019999999552965164,0.0,0.0,0.0,0.0,0.0,31.999046325683594,0.019999999552965164
0.912,0.0,0.0,0.0,0.0,0.0,31.999046325683594,0.019999999552965164,0.0,0.0,0.0,0.0,0.0,31.999046325683594,0.019999999552965164
0.913,0.0,0.0,0.0,0.0,0.0,31.999046325683594,0.019999999552965164,0.0,0.0,0.0,0.0,0.0,31.999046325683594,0.019999999552965164
0.914,0.0,0.0,0.0,0.0,0.0,31.999046325683594,0.019999999552965164,0.0,0.0,0.0,0.0,0.0,31.999046325683594,0.019999999552965164
0.915,0.0,0.0,0.0,0.0,0.0,31.999046325683594,0.019999999552965164,0.0,0.0,0.0,0.0,0.0,31.999046325683594,0.019999999552965164
0.916,0.0,0.0,0.0,0.0,0.0,31.999046325683594,0.019999999552965164,0.0,0.0,0.0,0.0,0.0,31.999046325683594,0.019999999552965164
0.917,0.0,0.0,0.0,0.0,0.0,31.999046325683594,0.019999999552965164,0.0,0.0,0.0,0.0,0.0,31.999046325683594,0.019999999552965164
0.918,0.0,0.0,0.0,0.0,0.0,31.999046325683594,0.019999999552965164,0.0,0.0,0.0,0.0,0.0,31.999046325683594,0.019999999552965164
0.919,0.0,0.0,0.0,0.0,0.0,31.999046325683594,0.019999999552965164,0.0,0.0,0.0,0.0,0.0,31.999046325683594,0.019999999552965164
0.92,0.0,0.0,0.0,0.0,0.0,31.999046325683594,0.019999999552965164,0.0,0.0,0.0,0.0,0.0,31.999046325683594,0.019999999552965164
0.921,0.0,0.0,0.0,0.0,0.0,31.999046325683594,0.019999999552965164,0.0,0.0,0.0,0.0,0.0,31.999046325683594,0.019999999552965164
0.922,0.0,0.0,0.0,0.0,0.0,31.999046325683594,0.019999999552965164,0.0,0.0,0.0,0.0,0.0,31.999046325683594,0.019999999552965164
0.923,0.0,0.0,0.0,0.0,0.0,31.999046325683594,0.019999999552965164,0.0,0.0,0.0,0.0,0.0,31.999046325683594,0.019999999552965164
0.924,0.0,0.0,0.0,0.0,0.0,31.999046325683594,0.019999999552965164,0.0,0.0,0.0,0.0,0.0,31.999046325683594,0.019999999552965164
0.925,0.0,0.0,0.0,0.0,0.0,31.999046325683594,0.019999999552965164,0.0,0.0,0.0,0.0,0.0,31.999046325683594,0.019999999552965164
0.926,0.0,0.0,0.0,0.0,0.0,31.999046325683594,0.019999999552965164,0.0,0.0,0.0,0.0,0.0,31.999046325683594,0.019999999552965164
0.927,0.0,0.0,0.0,0.0,0.0,31.999046325683594,0.019999999552965164,0.0,0.0,0.0,0.0,0.0,31.999046325683594,0.019999999552965164
0.928,0.0,0.0,0.0,0.0,0.0,31.999046325683594,0.019999999552965164,0.0,0.0,0.0,0.0,0.0,31.999046325683594,0.019999999552965164
0.929,0.0,0.0,0.0,0.0,0.0,31.999046325683594,0.019999999552965164,0.0,0.0,0.0,0.0,0.0,31.999046325683594,0.019999999552965164
0.93,0.0,0.0,0.0,0.0,0.0,31.999046325683594,0.019999999552965164,0.0,0.0,0.0,0.0,0.0,31.999046325683594,0.019999999552965164
0.931,0.0,0.0,0.0,0.0,0.0,31.999046325683594,0.019999999552965164,0.0,0.0,0.0,0.0,0.0,31.999046325683594,0.019999999552965164
0.932,0.0,0.0,0.0,0.0,0.0,31.999046325683594,0.019999999552965164,0.0,0.0,0.0,0.0,0.0,31.999046325683594,0.019999999552965164
0.933,0.0,0.0,0.0,0.0,0.0,31.999046325683594,0.019999999552965164,0.0,0.0,0.0,0.0,0.0,31.999046325683594,0.019999999552965164
0.934,0.0,0.0,0.0,0.0,0.0,31.999046325683594,0.019999999552965164,0.0,0.0,0.0,0.0,0.0,31.999046325683594,0.019999999552965164
0.935,0.0,0.0,0.0,0.0,0.0,31.999046325683594,0.019999999552965164,0.0,0.0,0.0,0.0,0.0,31.999046325683594,0.019999999552965164
0.936,0.0,0.0,0.0,0.0,0.0,31.999046325683594,0.019999999552965164,0.0,0.0,0.0,0.0,0.0,31.999046325683594,0.019999999552965164
0.937,0.0,0.0,0.0,0.0,0.0,31.999046325683594,0.019999999552965164,0.0,0.0,0.0,0.0,0.0,31.999046325683594,0.019999999552965164
0.9380000000000001,0.0,0.0,0.0,0.0,0.0,31.999046325683594,0.019999999552965164,0.0,0.0,0.0,0.0,0.0,31.999046325683594,0.019999999552965164
0.9390000000000001,0.0,0.0,0.0,0.0,0.0,31.999046325683594,0.019999999552965164,0.0,0.0,0.0,0.0,0.0,31.999046325683594,0.019999999552965164
0.9400000000000001,0.0,0.0,0.0,0.0,0.0,31.999046325683594,0.019999999552965164,0.0,0.0,0.0,0.0,0.0,31.999046325683594,0.019999999552965164
0.9410000000000001,0.0,0.0,0.0,0.0,0.0,31.999046325683594,0.019999999552965164,0.0,0.0,0.0,0.0,0.0,31.999046325683594,0.019999999552965164
0.9420000000000001,0.0,0.0,0.0,0.0,0.0,31.999046325683594,0.019999999552965164,0.0,0.0,0.0,0.0,0.0,31.999046325683594,0.019999999552965164
0.9430000000000001,0.0,0.0,0.0,0.0,0.0,31.999046325683594,0.019999999552965164,0.0,0.0,0.0,0.0,0.0,31.999046325683594,0.019999999552965164
0.9440000000000001,0.0,0.0,0.0,0.0,0.0,31.999046325683594,0.019999999552965164,0.0,0.0,0.0,0.0,0.0,31.999046325683594,0.019999999552965164
0.9450000000000001,0.0,0.0,0.0,0.0,0.0,31.999046325683594,0.019999999552965164,0.0,0.0,0.0,0.0,0.0,31.999046325683594,0.019999999552965164
0.9460000000000001,0.0,0.0,0.0,0.0,0.0,31.999046325683594,0.019999999552965164,0.0,0.0,0.0,0.0,0.0,31.999046325683594,0.019999999552965164
0.9470000000000001,0.0,0.0,0.0,0.0,0.0,31.999046325683594,0.019999999552965164,0.0,0.0,0.0,0.0,0.0,31.999046325683594,0.019999999552965164
0.9480000000000001,0.0,0.0,0.0,0.0,0.0,31.999046325683594,0.019999999552965164,0.0,0.0,0.0,0.0,0.0,31.999046325683594,0.019999999552965164
0.9490000000000001,0.0,0.0,0.0,0.0,0.0,31.999046325683594,0.019999999552965164,0.0,0.0,0.0,0.0,0.0,31.999046325683594,0.019999999552965164
0.9500000000000001,0.0,0.0,0.0,0.0,0.0,31.999046325683594,0.019999999552965164,0.0,0.0,0.0,0.0,0.0,31.999046325683594,0.019999999552965164
0.9510000000000001,0.0,0.0,0.0,0.0,0.0,31.999046325683594,0.019999999552965164,0.0,0.0,0.0,0.0,0.0,31.999046325683594,0.019999999552965164
0.9520000000000001,0.0,0.0,0.0,0.0,0.0,31.999046325683594,0.019999999552965164,0.0,0.0,0.0,0.0,0.0,31.999046325683594,0.019999999552965164
0.9530000000000001,0.0,0.0,0.0,0.0,0.0,31.999046325683594,0.019999999552965164,0.0,0.0,0.0,0.0,0.0,31.999046325683594,0.019999999552965164
0.9540000000000001,0.0,0.0,0.0,0.0,0.0,31.999046325683594,0.019999999552965164,0.0,0.0,0.0,0.0,0.0,31.999046325683594,0.019999999552965164
0.9550000000000001,0.0,0.0,0.0,0.0,0.0,31.999046325683594,0.019999999552965164,0.0,0.0,0.0,0.0,0.0,31.999046325683594,0.019999999552965164
0.9560000000000001,0.0,0.0,0.0,0.0,0.0,31.999046325683594,0.019999999552965164,0.0,0.0,0.0,0.0,0.0,31.999046325683594,0.019999999552965164
0.9570000000000001,0.0,0.0,0.0,0.0,0.0,31.999046325683594,0.019999999552965164,0.0,0.0,0.0,0.0,0.0,31.999046325683594,0.019999999552965164
0.9580000000000001,0.0,0.0,0.0,0.0,0.0,31.999046325683594,0.019999999552965164,0.0,0.0,0.0,0.0,0.0,31.999046325683594,0.019999999552965164
0.9590000000000001,0.0,0.0,0.0,0.0,0.0,31.999046325683594,0.019999999552965164,0.0,0.0,0.0,0.0,0.0,31.999046325683594,0.019999999552965164
0.96,0.0,0.0,0.0,0.0,0.0,31.999046325683594,0.019999999552965164,0.0,0.0,0.0,0.0,0.0,31.999046325683594,0.019999999552965164
0.961,0.0,0.0,0.0,0.0,0.0,31.999046325683594,0.019999999552965164,0.0,0.0,0.0,0.0,0.0,31.999046325683594,0.019999999552965164
0.962,0.0,0.0,0.0,0.0,0.0,31.999046325683594,0.019999999552965164,0.0,0.0,0.0,0.0,0.0,31.999046325683594,0.019999999552965164
0.963,0.0,0.0,0.0,0.0,0.0,31.999046325683594,0.019999999552965164,0.0,0.0,0.0,0.0,0.0,31.999046325683594,0.019999999552965164
0.964,0.0,0.0,0.0,0.0,0.0,31.999046325683594,0.019999999552965164,0.0,0.0,0.0,0.0,0.0,31.999046325683594,0.019999999552965164
0.965,0.0,0.0,0.0,0.0,0.0,31.999046325683594,0.019999999552965164,0.0,0.0,0.0,0.0,0.0,31.999046325683594,0.019999999552965164
0.966,0.0,0.0,0.0,0.0,0.0,31.999046325683594,0.019999999552965164,0.0,0.0,0.0,0.0,0.0,31.999046325683594,0.019999999552965164
0.967,0.0,0.0,0.0,0.0,0.0,31.999046325683594,0.019999999552965164,0.0,0.0,0.0,0.0,0.0,31.999046325683594,0.019999999552965164
0.968,0.0,0.0,0.0,0.0,0.0,31.999046325683594,0.019999999552965164,0.0,0.0,0.0,0.0,0.0,31.999046325683594,0.019999999552965164
0.969,0.0,0.0,0.0,0.0,0.0,31.999046325683594,0.019999999552965164,0.0,0.0,0.0,0.0,0.0,31.999046325683594,0.019999999552965164
0.97,0.0,0.0,0.0,0.0,0.0,31.999046325683594,0.019999999552965164,0.0,0.0,0.0,0.0,0.0,31.999046325683594,0.019999999552965164
0.971,0.0,0.0,0.0,0.0,0.0,31.999046325683594,0.019999999552965164,0.0,0.0,0.0,0.0,0.0,31.999046325683594,0.019999999552965164
0.972,0.0,0.0,0.0,0.0,0.0,31.999046325683594,0.019999999552965164,0.0,0.0,0.0,0.0,0.0,31.999046325683594,0.019999999552965164
0.973,0.0,0.0,0.0,0.0,0.0,31.999046325683594,0.019999999552965164,0.0,0.0,0.0,0.0,0.0,31.999046325683594,0.019999999552965164
0.974,0.0,0.0,0.0,0.0,0.0,31.999046325683594,0.019999999552965164,0.0,0.0,0.0,0.0,0.0,31.999046325683594,0.019999999552965164
0.975,0.0,0.0,0.0,0.0,0.0,31.999046325683594,0.019999999552965164,0.0,0.0,0.0,0.0,0.0,31.999046325683594,0.019999999552965164
0.976,0.0,0.0,0.0,0.0,0.0,31.999046325683594,0.019999999552965164,0.0,0.0,0.0,0.0,0.0,31.999046325683594,0.019999999552965164
0.977,0.0,0.0,0.0,0.0,0.0,31.999046325683594,0.019999999552965164,0.0,0.0,0.0,0.0,0.0,31.999046325683594,0.019999999552965164
0.978,0.0,0.0,0.0,0.0,0.0,31.999046325683594,0.019999999552965164,0.0,0.0,0.0,0.0,0.0,31.999046325683594,0.019999999552965164
0.979,0.0,0.0,0.0,0.0,0.0,31.999046325683594,0.019999999552965164,0.0,0.0,0.0,0.0,0.0,31.999046325683594,0.019999999552965164
0.98,0.0,0.0,0.0,0.0,0.0,31.999046325683594,0.019999999552965164,0.0,0.0,0.0,0.0,0.0,31.999046325683594,0.019999999552965164
0.981,0.0,0.0,0.0,0.0,0.0,31.999046325683594,0.019999999552965164,0.0,0.0,0.0,0.0,0.0,31.999046325683594,0.019999999552965164
0.982,0.0,0.0,0.0,0.0,0.0,31.999046325683594,0.019999999552965164,0.0,0.0,0.0,0.0,0.0,31.999046325683594,0.019999999552965164
0.983,0.0,0.0,0.0,0.0,0.0,31.999046325683594,0.019999999552965164,0.0,0.0,0.0,0.0,0.0,31.999046325683594,0.019999999552965164
0.984,0.0,0.0,0.0,0.0,0.0,31.999046325683594,0.019999999552965164,0.0,0.0,0.0,0.0,0.0,31.999046325683594,0.019999999552965164
0.985,0.0,0.0,0.0,0.0,0.0,31.999046325683594,0.019999999552965164,0.0,0.0,0.0,0.0,0.0,31.999046325683594,0.019999999552965164
0.986,0.0,0.0,0.0,0.0,0.0,31.999046325683594,0.019999999552965164,0.0,0.0,0.0,0.0,0.0,31.999046325683594,0.019999999552965164
0.987,0.0,0.0,0.0,0.0,0.0,31.999046325683594,0.019999999552965164,0.0,0.0,0.0,0.0,0.0,31.999046325683594,0.019999999552965164
0.988,0.0,0.0,0.0,0.0,0.0,31.999046325683594,0.019999999552965164,0.0,0.0,0.0,0.0,0.0,31.999046325683594,0.019999999552965164
0.989,0.0,0.0,0.0,0.0,0.0,31.999046325683594,0.019999999552965164,0.0,0.0,0.0,0.0,0.0,31.999046325683594,0.019999999552965164
0.99,0.0,0.0,0.0,0.0,0.0,31.999046325683594,0.019999999552965164,0.0,0.0,0.0,0.0,0.0,31.999046325683594,0.019999999552965164
0.991,0.0,0.0,0.0,0.0,0.0,31.999046325683594,0.019999999552965164,0.0,0.0,0.0,0.0,0.0,31.999046325683594,0.019999999552965164
0.992,0.0,0.0,0.0,0.0,0.0,31.999046325683594,0.019999999552965164,0.0,0.0,0.0,0.0,0.0,31.999046325683594,0.019999999552965164
0.993,0.0,0.0,0.0,0.0,0.0,31.999046325683594,0.019999999552965164,0.0,0.0,0.0,0.0,0.0,31.999046325683594,0.019999999552965164
0.994,0.0,0.0,0.0,0.0,0.0,31.999046325683594,0.019999999552965164,0.0,0.0,0.0,0.0,0.0,31.999046325683594,0.019999999552965164
0.995,0.0,0.0,0.0,0.0,0.0,31.999046325683594,0.019999999552965164,0.0,0.0,0.0,0.0,0.0,31.999046325683594,0.019999999552965164
0.996,0.0,0.0,0.0,0.0,0.0,31.999046325683594,0.019999999552965164,0.0,0.0,0.0,0.0,0.0,31.999046325683594,0.019999999552965164
0.997,0.0,0.0,0.0,0.0,0.0,31.999046325683594,0.019999999552965164,0.0,0.0,0.0,0.0,0.0,31.999046325683594,0.019999999552965164
0.998,0.0,0.0,0.0,0.0,0.0,31.999046325683594,0.019999999552965164,0.0,0.0,0.0,0.0,0.0,31.999046325683594,0.019999999552965164
0.999,0.0,0.0,0.0,0.0,0.0,31.999046325683594,0.019999999552965164,0.0,0.0,0.0,0.0,0.0,31.999046325683594,0.019999999552965164
1.0,0.0,0.0,0.0,0.0,0.0,31.999046325683594,0.019999999552965164,0.0,0.0,0.0,0.0,0.0,31.999046325683594,0.019999999552965164
1.0010000000000001,0.0,0.0,0.0,0.0,0.0,31.999046325683594,0.019999999552965164,0.0,0.0,0.0,0.0,0.0,31.999046325683594,0.019999999552965164
1.002,0.0,0.0,0.0,0.0,0.0,31.999046325683594,0.019999999552965164,0.0,0.0,0.0,0.0,0.0,31.999046325683594,0.019999999552965164
1.0030000000000001,0.0,0.0,0.0,0.0,0.0,31.999046325683594,0.019999999552965164,0.0,0.0,0.0,0.0,0.0,31.999046325683594,0.019999999552965164
1.004,0.0,0.0,0.0,0.0,0.0,31.999046325683594,0.019999999552965164,0.0,0.0,0.0,0.0,0.0,31.999046325683594,0.019999999552965164
1.0050000000000001,0.0,0.0,0.0,0.0,0.0,31.999046325683594,0.019999999552965164,0.0,0.0,0.0,0.0,0.0,31.999046325683594,0.019999999552965164
1.006,0.0,0.0,0.0,0.0,0.0,31.999046325683594,0.019999999552965164,0.0,0.0,0.0,0.0,0.0,31.999046325683594,0.019999999552965164
1.0070000000000001,0.0,0.0,0.0,0.0,0.0,31.999046325683594,0.019999999552965164,0.0,0.0,0.0,0.0,0.0,31.999046325683594,0.019999999552965164
1.008,0.0,0.0,0.0,0.0,0.0,31.999046325683594,0.019999999552965164,0.0,0.0,0.0,0.0,0.0,31.999046325683594,0.019999999552965164
1.0090000000000001,0.0,0.0,0.0,0.0,0.0,31.999046325683594,0.019999999552965164,0.0,0.0,0.0,0.0,0.0,31.999046325683594,0.019999999552965164
1.01,0.0,0.0,0.0,0.0,0.0,31.999046325683594,0.019999999552965164,0.0,0.0,0.0,0.0,0.0,31.999046325683594,0.019999999552965164
1.0110000000000001,0.0,0.0,0.0,0.0,0.0,31.999046325683594,0.019999999552965164,0.0,0.0,0.0,0.0,0.0,31.999046325683594,0.019999999552965164
1.012,0.0,0.0,0.0,0.0,0.0,31.999046325683594,0.019999999552965164,0.0,0.0,0.0,0.0,0.0,31.999046325683594,0.019999999552965164
1.0130000000000001,0.0,0.0,0.0,0.0,0.0,31.999046325683594,0.019999999552965164,0.0,0.0,0.0,0.0,0.0,31.999046325683594,0.019999999552965164
1.014,0.0,0.0,0.0,0.0,0.0,31.999046325683594,0.019999999552965164,0.0,0.0,0.0,0.0,0.0,31.999046325683594,0.019999999552965164
1.0150000000000001,0.0,0.0,0.0,0.0,0.0,31.999046325683594,0.019999999552965164,0.0,0.0,0.0,0.0,0.0,31.999046325683594,0.019999999552965164
1.016,0.0,0.0,0.0,0.0,0.0,31.999046325683594,0.019999999552965164,0.0,0.0,0.0,0.0,0.0,31.999046325683594,0.019999999552965164
1.0170000000000001,0.0,0.0,0.0,0.0,0.0,31.999046325683594,0.019999999552965164,0.0,0.0,0.0,0.0,0.0,31.999046325683594,0.019999999552965164
1.018,0.0,0.0,0.0,0.0,0.0,31.999046325683594,0.019999999552965164,0.0,0.0,0.0,0.0,0.0,31.999046325683594,0.019999999552965164
1.0190000000000001,0.0,0.0,0.0,0.0,0.0,31.999046325683594,0.019999999552965164,0.0,0.0,0.0,0.0,0.0,31.999046325683594,0.019999999552965164
1.02,0.0,0.0,0.0,0.0,0.0,31.999046325683594,0.019999999552965164,0.0,0.0,0.0,0.0,0.0,31.999046325683594,0.019999999552965164
1.0210000000000001,0.0,0.0,0.0,0.0,0.0,31.999046325683594,0.019999999552965164,0.0,0.0,0.0,0.0,0.0,31.999046325683594,0.019999999552965164
1.022,0.0,0.0,0.0,0.0,0.0,31.999046325683594,0.019999999552965164,0.0,0.0,0.0,0.0,0.0,31.999046325683594,0.019999999552965164
1.0230000000000001,0.0,0.0,0.0,0.0,0.0,31.999046325683594,0.019999999552965164,0.0,0.0,0.0,0.0,0.0,31.999046325683594,0.019999999552965164
1.024,0.0,0.0,0.0,0.0,0.0,31.999046325683594,0.019999999552965164,0.0,0.0,0.0,0.0,0.0,31.999046325683594,0.019999999552965164
1.025,0.0,0.0,0.0,0.0,0.0,31.999046325683594,0.019999999552965164,0.0,0.0,0.0,0.0,0.0,31.999046325683594,0.019999999552965164
1.026,0.0,0.0,0.0,0.0,0.0,31.999046325683594,0.019999999552965164,0.0,0.0,0.0,0.0,0.0,31.999046325683594,0.019999999552965164
1.027,0.0,0.0,0.0,0.0,0.0,31.999046325683594,0.019999999552965164,0.0,0.0,0.0,0.0,0.0,31.999046325683594,0.019999999552965164
1.028,0.0,0.0,0.0,0.0,0.0,31.999046325683594,0.019999999552965164,0.0,0.0,0.0,0.0,0.0,31.999046325683594,0.019999999552965164
1.029,0.0,0.0,0.0,0.0,0.0,31.999046325683594,0.019999999552965164,0.0,0.0,0.0,0.0,0.0,31.999046325683594,0.019999999552965164
1.03,0.0,0.0,0.0,0.0,0.0,31.999046325683594,0.019999999552965164,0.0,0.0,0.0,0.0,0.0,31.999046325683594,0.019999999552965164
1.031,0.0,0.0,0.0,0.0,0.0,31.999046325683594,0.019999999552965164,0.0,0.0,0.0,0.0,0.0,31.999046325683594,0.019999999552965164
1.032,0.0,0.0,0.0,0.0,0.0,31.999046325683594,0.019999999552965164,0.0,0.0,0.0,0.0,0.0,31.999046325683594,0.019999999552965164
1.033,0.0,0.0,0.0,0.0,0.0,31.999046325683594,0.019999999552965164,0.0,0.0,0.0,0.0,0.0,31.999046325683594,0.019999999552965164
1.034,0.0,0.0,0.0,0.0,0.0,31.999046325683594,0.019999999552965164,0.0,0.0,0.0,0.0,0.0,31.999046325683594,0.019999999552965164
1.035,0.0,0.0,0.0,0.0,0.0,31.999046325683594,0.019999999552965164,0.0,0.0,0.0,0.0,0.0,31.999046325683594,0.019999999552965164
1.036,0.0,0.0,0.0,0.0,0.0,31.999046325683594,0.019999999552965164,0.0,0.0,0.0,0.0,0.0,31.999046325683594,0.019999999552965164
1.037,0.0,0.0,0.0,0.0,0.0,31.999046325683594,0.019999999552965164,0.0,0.0,0.0,0.0,0.0,31.999046325683594,0.019999999552965164
1.038,0.0,0.0,0.0,0.0,0.0,31.999046325683594,0.019999999552965164,0.0,0.0,0.0,0.0,0.0,31.999046325683594,0.019999999552965164
1.039,0.0,0.0,0.0,0.0,0.0,31.999046325683594,0.019999999552965164,0.0,0.0,0.0,0.0,0.0,31.999046325683594,0.019999999552965164
1.04,0.0,0.0,0.0,0.0,0.0,31.999046325683594,0.019999999552965164,0.0,0.0,0.0,0.0,0.0,31.999046325683594,0.019999999552965164
1.041,0.0,0.0,0.0,0.0,0.0,31.999046325683594,0.019999999552965164,0.0,0.0,0.0,0.0,0.0,31.999046325683594,0.019999999552965164
1.042,0.0,0.0,0.0,0.0,0.0,31.999046325683594,0.019999999552965164,0.0,0.0,0.0,0.0,0.0,31.999046325683594,0.019999999552965164
1.043,0.0,0.0,0.0,0.0,0.0,31.999046325683594,0.019999999552965164,0.0,0.0,0.0,0.0,0.0,31.999046325683594,0.019999999552965164
1.044,0.0,0.0,0.0,0.0,0.0,31.999046325683594,0.019999999552965164,0.0,0.0,0.0,0.0,0.0,31.999046325683594,0.019999999552965164
1.045,0.0,0.0,0.0,0.0,0.0,31.999046325683594,0.019999999552965164,0.0,0.0,0.0,0.0,0.0,31.999046325683594,0.019999999552965164
1.046,0.0,0.0,0.0,0.0,0.0,31.999046325683594,0.019999999552965164,0.0,0.0,0.0,0.0,0.0,31.999046325683594,0.019999999552965164
1.047,0.0,0.0,0.0,0.0,0.0,31.999046325683594,0.019999999552965164,0.0,0.0,0.0,0.0,0.0,31.999046325683594,0.019999999552965164
1.048,0.0,0.0,0.0,0.0,0.0,31.999046325683594,0.019999999552965164,0.0,0.0,0.0,0.0,0.0,31.999046325683594,0.019999999552965164
1.049,0.0,0.0,0.0,0.0,0.0,31.999046325683594,0.019999999552965164,0.0,0.0,0.0,0.0,0.0,31.999046325683594,0.019999999552965164
1.05,0.0,0.0,0.0,0.0,0.0,31.999046325683594,0.019999999552965164,0.0,0.0,0.0,0.0,0.0,31.999046325683594,0.019999999552965164
1.051,0.0,0.0,0.0,0.0,0.0,31.999046325683594,0.019999999552965164,0.0,0.0,0.0,0.0,0.0,31.999046325683594,0.019999999552965164
1.052,0.0,0.0,0.0,0.0,0.0,31.999046325683594,0.019999999552965164,0.0,0.0,0.0,0.0,0.0,31.999046325683594,0.019999999552965164
1.053,0.0,0.0,0.0,0.0,0.0,31.999046325683594,0.019999999552965164,0.0,0.0,0.0,0.0,0.0,31.999046325683594,0.019999999552965164
1.054,0.0,0.0,0.0,0.0,0.0,31.999046325683594,0.019999999552965164,0.0,0.0,0.0,0.0,0.0,31.999046325683594,0.019999999552965164
1.055,0.0,0.0,0.0,0.0,0.0,31.999046325683594,0.019999999552965164,0.0,0.0,0.0,0.0,0.0,31.999046325683594,0.019999999552965164
1.056,0.0,0.0,0.0,0.0,0.0,31.999046325683594,0.019999999552965164,0.0,0.0,0.0,0.0,0.0,31.999046325683594,0.019999999552965164
1.057,0.0,0.0,0.0,0.0,0.0,31.999046325683594,0.019999999552965164,0.0,0.0,0.0,0.0,0.0,31.999046325683594,0.019999999552965164
1.058,0.0,0.0,0.0,0.0,0.0,31.999046325683594,0.019999999552965164,0.0,0.0,0.0,0.0,0.0,31.999046325683594,0.019999999552965164
1.059,0.0,0.0,0.0,0.0,0.0,31.999046325683594,0.019999999552965164,0.0,0.0,0.0,0.0,0.0,31.999046325683594,0.019999999552965164
1.06,0.0,0.0,0.0,0.0,0.0,31.999046325683594,0.019999999552965164,0.0,0.0,0.0,0.0,0.0,31.999046325683594,0.019999999552965164
1.061,0.0,0.0,0.0,0.0,0.0,31.999046325683594,0.019999999552965164,0.0,0.0,0.0,0.0,0.0,31.999046325683594,0.019999999552965164
1.062,0.0,0.0,0.0,0.0,0.0,31.999046325683594,0.019999999552965164,0.0,0.0,0.0,0.0,0.0,31.999046325683594,0.019999999552965164
1.063,0.0,0.0,0.0,0.0,0.0,31.999046325683594,0.019999999552965164,0.0,0.0,0.0,0.0,0.0,31.999046325683594,0.019999999552965164
1.064,0.0,0.0,0.0,0.0,0.0,31.999046325683594,0.019999999552965164,0.0,0.0,0.0,0.0,0.0,31.999046325683594,0.019999999552965164
1.065,0.0,0.0,0.0,0.0,0.0,31.999046325683594,0.019999999552965164,0.0,0.0,0.0,0.0,0.0,31.999046325683594,0.019999999552965164
1.066,0.0,0.0,0.0,0.0,0.0,31.999046325683594,0.019999999552965164,0.0,0.0,0.0,0.0,0.0,31.999046325683594,0.019999999552965164
1.067,0.0,0.0,0.0,0.0,0.0,31.999046325683594,0.019999999552965164,0.0,0.0,0.0,0.0,0.0,31.999046325683594,0.019999999552965164
1.068,0.0,0.0,0.0,0.0,0.0,31.999046325683594,0.019999999552965164,0.0,0.0,0.0,0.0,0.0,31.999046325683594,0.019999999552965164
1.069,0.0,0.0,0.0,0.0,0.0,31.999046325683594,0.019999999552965164,0.0,0.0,0.0,0.0,0.0,31.999046325683594,0.019999999552965164
1.07,0.0,0.0,0.0,0.0,0.0,31.999046325683594,0.019999999552965164,0.0,0.0,0.0,0.0,0.0,31.999046325683594,0.019999999552965164
1.071,0.0,0.0,0.0,0.0,0.0,31.999046325683594,0.019999999552965164,0.0,0.0,0.0,0.0,0.0,31.999046325683594,0.019999999552965164
1.072,0.0,0.0,0.0,0.0,0.0,31.999046325683594,0.019999999552965164,0.0,0.0,0.0,0.0,0.0,31.999046325683594,0.019999999552965164
1.073,0.0,0.0,0.0,0.0,0.0,31.999046325683594,0.019999999552965164,0.0,0.0,0.0,0.0,0.0,31.999046325683594,0.019999999552965164
1.074,0.0,0.0,0.0,0.0,0.0,31.999046325683594,0.019999999552965164,0.0,0.0,0.0,0.0,0.0,31.999046325683594,0.019999999552965164
1.075,0.0,0.0,0.0,0.0,0.0,31.999046325683594,0.019999999552965164,0.0,0.0,0.0,0.0,0.0,31.999046325683594,0.019999999552965164
1.076,0.0,0.0,0.0,0.0,0.0,31.999046325683594,0.019999999552965164,0.0,0.0,0.0,0.0,0.0,31.999046325683594,0.019999999552965164
1.077,0.0,0.0,0.0,0.0,0.0,31.999046325683594,0.019999999552965164,0.0,0.0,0.0,0.0,0.0,31.999046325683594,0.019999999552965164
1.078,0.0,0.0,0.0,0.0,0.0,31.999046325683594,0.019999999552965164,0.0,0.0,0.0,0.0,0.0,31.999046325683594,0.019999999552965164
1.079,0.0,0.0,0.0,0.0,0.0,31.999046325683594,0.019999999552965164,0.0,0.0,0.0,0.0,0.0,31.999046325683594,0.019999999552965164
1.08,0.0,0.0,0.0,0.0,0.0,31.999046325683594,0.019999999552965164,0.0,0.0,0.0,0.0,0.0,31.999046325683594,0.019999999552965164
1.081,0.0,0.0,0.0,0.0,0.0,31.999046325683594,0.019999999552965164,0.0,0.0,0.0,0.0,0.0,31.999046325683594,0.019999999552965164
1.082,0.0,0.0,0.0,0.0,0.0,31.999046325683594,0.019999999552965164,0.0,0.0,0.0,0.0,0.0,31.999046325683594,0.019999999552965164
1.083,0.0,0.0,0.0,0.0,0.0,31.999046325683594,0.019999999552965164,0.0,0.0,0.0,0.0,0.0,31.999046325683594,0.019999999552965164
1.084,0.0,0.0,0.0,0.0,0.0,31.999046325683594,0.019999999552965164,0.0,0.0,0.0,0.0,0.0,31.999046325683594,0.019999999552965164
1.085,0.0,0.0,0.0,0.0,0.0,31.999046325683594,0.019999999552965164,0.0,0.0,0.0,0.0,0.0,31.999046325683594,0.019999999552965164
1.086,0.0,0.0,0.0,0.0,0.0,31.999046325683594,0.019999999552965164,0.0,0.0,0.0,0.0,0.0,31.999046325683594,0.019999999552965164
1.087,0.0,0.0,0.0,0.0,0.0,31.999046325683594,0.019999999552965164,0.0,0.0,0.0,0.0,0.0,31.999046325683594,0.019999999552965164
1.088,0.0,0.0,0.0,0.0,0.0,31.999046325683594,0.019999999552965164,0.0,0.0,0.0,0.0,0.0,31.999046325683594,0.019999999552965164
1.089,0.0,0.0,0.0,0.0,0.0,31.999046325683594,0.019999999552965164,0.0,0.0,0.0,0.0,0.0,31.999046325683594,0.019999999552965164
1.09,0.0,0.0,0.0,0.0,0.0,31.999046325683594,0.019999999552965164,0.0,0.0,0.0,0.0,0.0,31.999046325683594,0.019999999552965164
1.091,0.0,0.0,0.0,0.0,0.0,31.999046325683594,0.019999999552965164,0.0,0.0,0.0,0.0,0.0,31.999046325683594,0.019999999552965164
1.092,0.0,0.0,0.0,0.0,0.0,31.999046325683594,0.019999999552965164,0.0,0.0,0.0,0.0,0.0,31.999046325683594,0.019999999552965164
1.093,0.0,0.0,0.0,0.0,0.0,31.999046325683594,0.019999999552965164,0.0,0.0,0.0,0.0,0.0,31.999046325683594,0.019999999552965164
1.094,0.0,0.0,0.0,0.0,0.0,31.999046325683594,0.019999999552965164,0.0,0.0,0.0,0.0,0.0,31.999046325683594,0.019999999552965164
1.095,0.0,0.0,0.0,0.0,0.0,31.999046325683594,0.019999999552965164,0.0,0.0,0.0,0.0,0.0,31.999046325683594,0.019999999552965164
1.096,2.0,0.0,0.0,0.0,0.0,31.999046325683594,0.009999999776482582,2.0,0.0,0.0,0.0,0.0,31.999046325683594,0.009999999776482582
1.097,2.0,0.0,0.0,0.0,0.0,31.999046325683594,0.009999999776482582,2.0,0.0,0.0,0.0,0.0,31.999046325683594,0.009999999776482582
1.098,2.0,0.0,0.0,0.0,0.0,31.999046325683594,0.009999999776482582,2.0,0.0,0.0,0.0,0.0,31.999046325683594,0.009999999776482582
1.099,2.0,0.0,0.0,0.0,0.0,31.999046325683594,0.009999999776482582,2.0,0.0,0.0,0.0,0.0,31.999046325683594,0.009999999776482582
1.1,2.0,0.0,0.0,0.0,0.0,31.999046325683594,0.009999999776482582,2.0,0.0,0.0,0.0,0.0,31.999046325683594,0.009999999776482582
1.101,2.0,0.0,0.0,0.0,0.0,31.999046325683594,0.009999999776482582,2.0,0.0,0.0,0.0,0.0,31.999046325683594,0.009999999776482582
1.102,2.0,0.0,0.0,0.0,0.0,31.999046325683594,0.009999999776482582,2.0,0.0,0.0,0.0,0.0,31.999046325683594,0.009999999776482582
1.103,2.0,0.0,0.0,0.0,0.0,31.999046325683594,0.009999999776482582,2.0,0.0,0.0,0.0,0.0,31.999046325683594,0.009999999776482582
1.104,2.0,0.0,0.0,0.0,0.0,31.999046325683594,0.009999999776482582,2.0,0.0,0.0,0.0,0.0,31.999046325683594,0.009999999776482582
1.105,2.0,0.0,0.0,0.0,0.0,31.999046325683594,0.009999999776482582,2.0,0.0,0.0,0.0,0.0,31.999046325683594,0.009999999776482582
1.106,2.0,0.0,0.0,0.0,0.0,31.999046325683594,0.009999999776482582,2.0,0.0,0.0,0.0,0.0,31.999046325683594,0.009999999776482582
1.107,2.0,0.0,0.0,0.0,0.0,31.999046325683594,0.009999999776482582,2.0,0.0,0.0,0.0,0.0,31.999046325683594,0.009999999776482582
1.108,2.0,0.0,0.0,0.0,0.0,31.999046325683594,0.009999999776482582,2.0,0.0,0.0,0.0,0.0,31.999046325683594,0.009999999776482582
1.109,2.0,0.0,0.0,0.0,0.0,31.999046325683594,0.009999999776482582,2.0,0.0,0.0,0.0,0.0,31.999046325683594,0.009999999776482582
1.11,2.0,0.0,0.0,0.0,0.0,31.999046325683594,0.009999999776482582,2.0,0.0,0.0,0.0,0.0,31.999046325683594,0.009999999776482582
1.111,2.0,0.0,0.0,0.0,0.0,31.999046325683594,0.009999999776482582,2.0,0.0,0.0,0.0,0.0,31.999046325683594,0.009999999776482582
1.112,2.0,0.0,0.0,0.0,0.0,31.999046325683594,0.009999999776482582,2.0,0.0,0.0,0.0,0.0,31.999046325683594,0.009999999776482582
1.113,2.0,0.0,0.0,0.0,0.0,31.999046325683594,0.009999999776482582,2.0,0.0,0.0,0.0,0.0,31.999046325683594,0.009999999776482582
1.114,2.0,0.0,0.0,0.0,0.0,31.999046325683594,0.009999999776482582,2.0,0.0,0.0,0.0,0.0,31.999046325683594,0.009999999776482582
1.115,2.0,0.0,0.0,0.0,0.0,31.999046325683594,0.009999999776482582,2.0,0.0,0.0,0.0,0.0,31.999046325683594,0.009999999776482582
1.116,2.0,0.0,0.0,0.0,0.0,31.999046325683594,0.009999999776482582,2.0,0.0,0.0,0.0,0.0,31.999046325683594,0.009999999776482582
1.117,2.0,0.0,0.0,0.0,0.0,31.999046325683594,0.009999999776482582,2.0,0.0,0.0,0.0,0.0,31.999046325683594,0.009999999776482582
1.118,2.0,0.0,0.0,0.0,0.0,31.999046325683594,0.009999999776482582,2.0,0.0,0.0,0.0,0.0,31.999046325683594,0.009999999776482582
1.119,2.0,0.0,0.0,0.0,0.0,31.999046325683594,0.009999999776482582,2.0,0.0,0.0,0.0,0.0,31.999046325683594,0.009999999776482582
1.12,2.0,0.0,0.0,0.0,0.0,31.999046325683594,0.009999999776482582,2.0,0.0,0.0,0.0,0.0,31.999046325683594,0.009999999776482582
1.121,2.0,0.0,0.0,0.0,0.0,31.999046325683594,0.009999999776482582,2.0,0.0,0.0,0.0,0.0,31.999046325683594,0.009999999776482582
1.122,2.0,0.0,0.0,0.0,0.0,31.999046325683594,0.009999999776482582,2.0,0.0,0.0,0.0,0.0,31.999046325683594,0.009999999776482582
1.123,2.0,0.0,0.0,0.0,0.0,31.999046325683594,0.009999999776482582,2.0,0.0,0.0,0.0,0.0,31.999046325683594,0.009999999776482582
1.124,2.0,0.0,0.0,0.0,0.0,31.999046325683594,0.009999999776482582,2.0,0.0,0.0,0.0,0.0,31.999046325683594,0.009999999776482582
1.125,2.0,0.0,0.0,0.0,0.0,31.999046325683594,0.009999999776482582,2.0,0.0,0.0,0.0,0.0,31.999046325683594,0.009999999776482582
1.1260000000000001,2.0,0.0,0.0,0.0,0.0,31.999046325683594,0.009999999776482582,2.0,0.0,0.0,0.0,0.0,31.999046325683594,0.009999999776482582
1.127,2.0,0.0,0.0,0.0,0.0,31.999046325683594,0.009999999776482582,2.0,0.0,0.0,0.0,0.0,31.999046325683594,0.009999999776482582
1.1280000000000001,2.0,0.0,0.0,0.0,0.0,31.999046325683594,0.009999999776482582,2.0,0.0,0.0,0.0,0.0,31.999046325683594,0.009999999776482582
1.129,2.0,0.0,0.0,0.0,0.0,31.999046325683594,0.009999999776482582,2.0,0.0,0.0,0.0,0.0,31.999046325683594,0.009999999776482582
1.1300000000000001,2.0,0.0,0.0,0.0,0.0,31.999046325683594,0.009999999776482582,2.0,0.0,0.0,0.0,0.0,31.999046325683594,0.009999999776482582
1.131,2.0,0.0,0.0,0.0,0.0,31.999046325683594,0.009999999776482582,2.0,0.0,0.0,0.0,0.0,31.999046325683594,0.009999999776482582
1.1320000000000001,2.0,0.0,0.0,0.0,0.0,31.999046325683594,0.009999999776482582,2.0,0.0,0.0,0.0,0.0,31.999046325683594,0.009999999776482582
1.133,2.0,0.0,0.0,0.0,0.0,31.999046325683594,0.009999999776482582,2.0,0.0,0.0,0.0,0.0,31.999046325683594,0.009999999776482582
1.1340000000000001,2.0,0.0,0.0,0.0,0.0,31.999046325683594,0.009999999776482582,2.0,0.0,0.0,0.0,0.0,31.999046325683594,0.009999999776482582
1.135,2.0,0.0,0.0,0.0,0.0,31.999046325683594,0.009999999776482582,2.0,0.0,0.0,0.0,0.0,31.999046325683594,0.009999999776482582
1.1360000000000001,2.0,0.0,0.0,0.0,0.0,31.999046325683594,0.009999999776482582,2.0,0.0,0.0,0.0,0.0,31.999046325683594,0.009999999776482582
1.137,2.0,0.0,0.0,0.0,0.0,31.999046325683594,0.009999999776482582,2.0,0.0,0.0,0.0,0.0,31.999046325683594,0.009999999776482582
1.1380000000000001,2.0,0.0,0.0,0.0,0.0,31.999046325683594,0.009999999776482582,2.0,0.0,0.0,0.0,0.0,31.999046325683594,0.009999999776482582
1.139,2.0,0.0,0.0,0.0,0.0,31.999046325683594,0.009999999776482582,2.0,0.0,0.0,0.0,0.0,31.999046325683594,0.009999999776482582
1.1400000000000001,2.0,0.0,0.0,0.0,0.0,31.999046325683594,0.009999999776482582,2.0,0.0,0.0,0.0,0.0,31.999046325683594,0.009999999776482582
1.141,2.0,0.0,0.0,0.0,0.0,31.999046325683594,0.009999999776482582,2.0,0.0,0.0,0.0,0.0,31.999046325683594,0.009999999776482582
1.1420000000000001,2.0,0.0,0.0,0.0,0.0,31.999046325683594,0.009999999776482582,2.0,0.0,0.0,0.0,0.0,31.999046325683594,0.009999999776482582
1.143,2.0,0.0,0.0,0.0,0.0,31.999046325683594,0.009999999776482582,2.0,0.0,0.0,0.0,0.0,31.999046325683594,0.009999999776482582
1.1440000000000001,2.0,0.0,0.0,0.0,0.0,31.999046325683594,0.009999999776482582,2.0,0.0,0.0,0.0,0.0,31.999046325683594,0.009999999776482582
1.145,2.0,0.0,0.0,0.0,0.0,31.999046325683594,0.009999999776482582,2.0,0.0,0.0,0.0,0.0,31.999046325683594,0.009999999776482582
1.1460000000000001,2.0,0.0,0.0,0.0,0.0,31.999046325683594,0.009999999776482582,2.0,0.0,0.0,0.0,0.0,31.999046325683594,0.009999999776482582
1.147,2.0,0.0,0.0,0.0,0.0,31.999046325683594,0.009999999776482582,2.0,0.0,0.0,0.0,0.0,31.999046325683594,0.009999999776482582
1.1480000000000001,2.0,0.0,0.0,0.0,0.0,31.999046325683594,0.009999999776482582,2.0,0.0,0.0,0.0,0.0,31.999046325683594,0.009999999776482582
1.149,2.0,0.0,0.0,0.0,0.0,31.999046325683594,0.009999999776482582,2.0,0.0,0.0,0.0,0.0,31.999046325683594,0.009999999776482582
1.1500000000000001,2.0,0.0,0.0,0.0,0.0,31.999046325683594,0.009999999776482582,2.0,0.0,0.0,0.0,0.0,31.999046325683594,0.009999999776482582
1.151,2.0,0.0,0.0,0.0,0.0,31.999046325683594,0.009999999776482582,2.0,0.0,0.0,0.0,0.0,31.999046325683594,0.009999999776482582
1.1520000000000001,2.0,0.0,0.0,0.0,0.0,31.999046325683594,0.009999999776482582,2.0,0.0,0.0,0.0,0.0,31.999046325683594,0.009999999776482582
1.153,2.0,0.0,0.0,0.0,0.0,31.999046325683594,0.009999999776482582,2.0,0.0,0.0,0.0,0.0,31.999046325683594,0.009999999776482582
1.154,2.0,0.0,0.0,0.0,0.0,31.999046325683594,0.009999999776482582,2.0,0.0,0.0,0.0,0.0,31.999046325683594,0.009999999776482582
1.155,2.0,0.0,0.0,0.0,0.0,31.999046325683594,0.009999999776482582,2.0,0.0,0.0,0.0,0.0,31.999046325683594,0.009999999776482582
1.156,2.0,0.0,0.0,0.0,0.0,31.999046325683594,0.019999999552965164,2.0,0.0,0.0,0.0,0.0,31.999046325683594,0.019999999552965164
1.157,2.0,0.0,0.0,0.0,0.0,31.999046325683594,0.019999999552965164,2.0,0.0,0.0,0.0,0.0,31.999046325683594,0.019999999552965164
1.158,2.0,0.0,0.0,0.0,0.0,31.999046325683594,0.019999999552965164,2.0,0.0,0.0,0.0,0.0,31.999046325683594,0.019999999552965164
1.159,2.0,0.0,0.0,0.0,0.0,31.999046325683594,0.019999999552965164,2.0,0.0,0.0,0.0,0.0,31.999046325683594,0.019999999552965164
1.16,2.0,0.0,0.0,0.0,0.0,31.999046325683594,0.019999999552965164,2.0,0.0,0.0,0.0,0.0,31.999046325683594,0.019999999552965164
1.161,2.0,0.0,0.0,0.0,0.0,31.999046325683594,0.019999999552965164,2.0,0.0,0.0,0.0,0.0,31.999046325683594,0.019999999552965164
1.162,2.0,0.0,0.0,0.0,0.0,31.999046325683594,0.019999999552965164,2.0,0.0,0.0,0.0,0.0,31.999046325683594,0.019999999552965164
1.163,2.0,0.0,0.0,0.0,0.0,31.999046325683594,0.019999999552965164,2.0,0.0,0.0,0.0,0.0,31.999046325683594,0.019999999552965164
1.164,2.0,0.0,0.0,0.0,0.0,31.999046325683594,0.019999999552965164,2.0,0.0,0.0,0.0,0.0,31.999046325683594,0.019999999552965164
1.165,2.0,0.0,0.0,0.0,0.0,31.999046325683594,0.019999999552965164,2.0,0.0,0.0,0.0,0.0,31.999046325683594,0.019999999552965164
1.166,2.0,0.0,0.0,0.0,0.0,31.999046325683594,0.019999999552965164,2.0,0.0,0.0,0.0,0.0,31.999046325683594,0.019999999552965164
1.167,2.0,0.0,0.0,0.0,0.0,31.999046325683594,0.019999999552965164,2.0,0.0,0.0,0.0,0.0,31.999046325683594,0.019999999552965164
1.168,2.0,0.0,0.0,0.0,0.0,31.999046325683594,0.019999999552965164,2.0,0.0,0.0,0.0,0.0,31.999046325683594,0.019999999552965164
1.169,2.0,0.0,0.0,0.0,0.0,31.999046325683594,0.019999999552965164,2.0,0.0,0.0,0.0,0.0,31.999046325683594,0.019999999552965164
1.17,2.0,0.0,0.0,0.0,0.0,31.999046325683594,0.019999999552965164,2.0,0.0,0.0,0.0,0.0,31.999046325683594,0.019999999552965164
1.171,2.0,0.0,0.0,0.0,0.0,31.999046325683594,0.019999999552965164,2.0,0.0,0.0,0.0,0.0,31.999046325683594,0.019999999552965164
1.172,2.0,0.0,0.0,0.0,0.0,31.999046325683594,0.019999999552965164,2.0,0.0,0.0,0.0,0.0,31.999046325683594,0.019999999552965164
1.173,2.0,0.0,0.0,0.0,0.0,31.999046325683594,0.019999999552965164,2.0,0.0,0.0,0.0,0.0,31.999046325683594,0.019999999552965164
1.174,2.0,0.0,0.0,0.0,0.0,31.999046325683594,0.019999999552965164,2.0,0.0,0.0,0.0,0.0,31.999046325683594,0.019999999552965164
1.175,2.0,0.0,0.0,0.0,0.0,31.999046325683594,0.019999999552965164,2.0,0.0,0.0,0.0,0.0,31.999046325683594,0.019999999552965164
1.176,2.0,0.0,0.0,0.0,0.0,31.999046325683594,0.019999999552965164,2.0,0.0,0.0,0.0,0.0,31.999046325683594,0.019999999552965164
1.177,2.0,0.0,0.0,0.0,0.0,31.999046325683594,0.019999999552965164,2.0,0.0,0.0,0.0,0.0,31.999046325683594,0.019999999552965164
1.178,2.0,0.0,0.0,0.0,0.0,31.999046325683594,0.019999999552965164,2.0,0.0,0.0,0.0,0.0,31.999046325683594,0.019999999552965164
1.179,2.0,0.0,0.0,0.0,0.0,31.999046325683594,0.019999999552965164,2.0,0.0,0.0,0.0,0.0,31.999046325683594,0.019999999552965164
1.18,2.0,0.0,0.0,0.0,0.0,31.999046325683594,0.019999999552965164,2.0,0.0,0.0,0.0,0.0,31.999046325683594,0.019999999552965164
1.181,2.0,0.0,0.0,0.0,0.0,31.999046325683594,0.019999999552965164,2.0,0.0,0.0,0.0,0.0,31.999046325683594,0.019999999552965164
1.182,2.0,0.0,0.0,0.0,0.0,31.999046325683594,0.019999999552965164,2.0,0.0,0.0,0.0,0.0,31.999046325683594,0.019999999552965164
1.183,2.0,0.0,0.0,0.0,0.0,31.999046325683594,0.019999999552965164,2.0,0.0,0.0,0.0,0.0,31.999046325683594,0.019999999552965164
1.184,2.0,0.0,0.0,0.0,0.0,31.999046325683594,0.019999999552965164,2.0,0.0,0.0,0.0,0.0,31.999046325683594,0.019999999552965164
1.185,2.0,0.0,0.0,0.0,0.0,31.999046325683594,0.019999999552965164,2.0,0.0,0.0,0.0,0.0,31.999046325683594,0.019999999552965164
1.186,2.0,0.0,0.0,0.0,0.0,31.999046325683594,0.019999999552965164,2.0,0.0,0.0,0.0,0.0,31.999046325683594,0.019999999552965164
1.187,2.0,0.0,0.0,0.0,0.0,31.999046325683594,0.019999999552965164,2.0,0.0,0.0,0.0,0.0,31.999046325683594,0.019999999552965164
1.188,2.0,0.0,0.0,0.0,0.0,31.999046325683594,0.019999999552965164,2.0,0.0,0.0,0.0,0.0,31.999046325683594,0.019999999552965164
1.189,2.0,0.0,0.0,0.0,0.0,31.999046325683594,0.019999999552965164,2.0,0.0,0.0,0.0,0.0,31.999046325683594,0.019999999552965164
1.19,2.0,0.0,0.0,0.0,0.0,31.999046325683594,0.019999999552965164,2.0,0.0,0.0,0.0,0.0,31.999046325683594,0.019999999552965164
1.191,2.0,0.0,0.0,0.0,0.0,31.999046325683594,0.019999999552965164,2.0,0.0,0.0,0.0,0.0,31.999046325683594,0.019999999552965164
1.192,2.0,0.0,0.0,0.0,0.0,31.999046325683594,0.019999999552965164,2.0,0.0,0.0,0.0,0.0,31.999046325683594,0.019999999552965164
1.193,2.0,0.0,0.0,0.0,0.0,31.999046325683594,0.019999999552965164,2.0,0.0,0.0,0.0,0.0,31.999046325683594,0.019999999552965164
1.194,2.0,0.0,0.0,0.0,0.0,31.999046325683594,0.019999999552965164,2.0,0.0,0.0,0.0,0.0,31.999046325683594,0.019999999552965164
1.195,2.0,0.0,0.0,0.0,0.0,31.999046325683594,0.019999999552965164,2.0,0.0,0.0,0.0,0.0,31.999046325683594,0.019999999552965164
1.196,2.0,0.0,0.0,0.0,0.0,31.999046325683594,0.019999999552965164,2.0,0.0,0.0,0.0,0.0,31.999046325683594,0.019999999552965164
1.197,2.0,0.0,0.0,0.0,0.0,31.999046325683594,0.029999999329447746,2.0,0.0,0.0,0.0,0.0,31.999046325683594,0.029999999329447746
1.198,2.0,0.0,0.0,0.0,0.0,31.999046325683594,0.029999999329447746,2.0,0.0,0.0,0.0,0.0,31.999046325683594,0.029999999329447746
1.199,2.0,0.0,0.0,0.0,0.0,31.999046325683594,0.029999999329447746,2.0,0.0,0.0,0.0,0.0,31.999046325683594,0.029999999329447746
1.2,2.0,0.0,0.0,0.0,0.0,31.999046325683594,0.029999999329447746,2.0,0.0,0.0,0.0,0.0,31.999046325683594,0.029999999329447746
1.201,2.0,0.0,0.0,0.0,0.0,31.999046325683594,0.029999999329447746,2.0,0.0,0.0,0.0,0.0,31.999046325683594,0.029999999329447746
1.202,2.0,0.0,0.0,0.0,0.0,31.999046325683594,0.029999999329447746,2.0,0.0,0.0,0.0,0.0,31.999046325683594,0.029999999329447746
1.203,2.0,0.0,0.0,0.0,0.0,31.999046325683594,0.029999999329447746,2.0,0.0,0.0,0.0,0.0,31.999046325683594,0.029999999329447746
1.204,2.0,0.0,0.0,0.0,0.0,31.999046325683594,0.029999999329447746,2.0,0.0,0.0,0.0,0.0,31.999046325683594,0.029999999329447746
1.205,2.0,0.0,0.0,0.0,0.0,31.999046325683594,0.029999999329447746,2.0,0.0,0.0,0.0,0.0,31.999046325683594,0.029999999329447746
1.206,2.0,0.0,0.0,0.0,0.0,31.999046325683594,0.029999999329447746,2.0,0.0,0.0,0.0,0.0,31.999046325683594,0.029999999329447746
1.207,2.0,0.0,0.0,0.0,0.0,31.999046325683594,0.029999999329447746,2.0,0.0,0.0,0.0,0.0,31.999046325683594,0.029999999329447746
1.208,2.0,0.0,0.0,0.0,0.0,31.999046325683594,0.029999999329447746,2.0,0.0,0.0,0.0,0.0,31.999046325683594,0.029999999329447746
1.209,2.0,0.0,0.0,0.0,0.0,31.999046325683594,0.029999999329447746,2.0,0.0,0.0,0.0,0.0,31.999046325683594,0.029999999329447746
1.21,2.0,0.0,0.0,0.0,0.0,31.999046325683594,0.029999999329447746,2.0,0.0,0.0,0.0,0.0,31.999046325683594,0.029999999329447746
1.211,2.0,0.0,0.0,0.0,0.0,31.999046325683594,0.029999999329447746,2.0,0.0,0.0,0.0,0.0,31.999046325683594,0.029999999329447746
1.212,2.0,0.0,0.0,0.0,0.0,31.999046325683594,0.029999999329447746,2.0,0.0,0.0,0.0,0.0,31.999046325683594,0.029999999329447746
1.213,2.0,0.0,0.0,0.0,0.0,31.999046325683594,0.029999999329447746,2.0,0.0,0.0,0.0,0.0,31.999046325683594,0.029999999329447746
1.214,2.0,0.0,0.0,0.0,0.0,31.999046325683594,0.029999999329447746,2.0,0.0,0.0,0.0,0.0,31.999046325683594,0.029999999329447746
1.215,2.0,0.0,0.0,0.0,0.0,31.999046325683594,0.029999999329447746,2.0,0.0,0.0,0.0,0.0,31.999046325683594,0.029999999329447746
1.216,2.0,0.0,0.0,0.0,0.0,31.999046325683594,0.029999999329447746,2.0,0.0,0.0,0.0,0.0,31.999046325683594,0.029999999329447746
1.217,2.0,0.0,0.0,0.0,0.0,31.999046325683594,0.029999999329447746,2.0,0.0,0.0,0.0,0.0,31.999046325683594,0.029999999329447746
1.218,2.0,0.0,0.0,0.0,0.0,31.999046325683594,0.029999999329447746,2.0,0.0,0.0,0.0,0.0,31.999046325683594,0.029999999329447746
1.219,2.0,0.0,0.0,0.0,0.0,31.999046325683594,0.029999999329447746,2.0,0.0,0.0,0.0,0.0,31.999046325683594,0.029999999329447746
1.22,2.0,0.0,0.0,0.0,0.0,31.999046325683594,0.029999999329447746,2.0,0.0,0.0,0.0,0.0,31.999046325683594,0.029999999329447746
1.221,2.0,0.0,0.0,0.0,0.0,31.999046325683594,0.029999999329447746,2.0,0.0,0.0,0.0,0.0,31.999046325683594,0.029999999329447746
1.222,2.0,0.0,0.0,0.0,0.0,31.999046325683594,0.029999999329447746,2.0,0.0,0.0,0.0,0.0,31.999046325683594,0.029999999329447746
1.223,2.0,0.0,0.0,0.0,0.0,31.999046325683594,0.029999999329447746,2.0,0.0,0.0,0.0,0.0,31.999046325683594,0.029999999329447746
1.224,2.0,0.0,0.0,0.0,0.0,31.999046325683594,0.029999999329447746,2.0,0.0,0.0,0.0,0.0,31.999046325683594,0.029999999329447746
1.225,2.0,0.0,0.0,0.0,0.0,31.999046325683594,0.029999999329447746,2.0,0.0,0.0,0.0,0.0,31.999046325683594,0.029999999329447746
1.226,2.0,0.0,0.0,0.0,0.0,31.999046325683594,0.029999999329447746,2.0,0.0,0.0,0.0,0.0,31.999046325683594,0.029999999329447746
1.227,2.0,0.0,0.0,0.0,0.0,31.999046325683594,0.029999999329447746,2.0,0.0,0.0,0.0,0.0,31.999046325683594,0.029999999329447746
1.228,2.0,0.0,0.0,0.0,0.0,31.999046325683594,0.029999999329447746,2.0,0.0,0.0,0.0,0.0,31.999046325683594,0.029999999329447746
1.229,2.0,0.0,0.0,0.0,0.0,31.999046325683594,0.029999999329447746,2.0,0.0,0.0,0.0,0.0,31.999046325683594,0.029999999329447746
1.23,2.0,0.0,0.0,0.0,0.0,31.999046325683594,0.029999999329447746,2.0,0.0,0.0,0.0,0.0,31.999046325683594,0.029999999329447746
1.231,2.0,0.0,0.0,0.0,0.0,31.999046325683594,0.029999999329447746,2.0,0.0,0.0,0.0,0.0,31.999046325683594,0.029999999329447746
1.232,2.0,0.0,0.0,0.0,0.0,31.999046325683594,0.03999999910593033,2.0,0.0,0.0,0.0,0.0,31.999046325683594,0.03999999910593033
1.233,2.0,0.0,0.0,0.0,0.0,31.999046325683594,0.03999999910593033,2.0,0.0,0.0,0.0,0.0,31.999046325683594,0.03999999910593033
1.234,2.0,0.0,0.0,0.0,0.0,31.999046325683594,0.03999999910593033,2.0,0.0,0.0,0.0,0.0,31.999046325683594,0.03999999910593033
1.235,2.0,0.0,0.0,0.0,0.0,31.999046325683594,0.03999999910593033,2.0,0.0,0.0,0.0,0.0,31.999046325683594,0.03999999910593033
1.236,2.0,0.0,0.0,0.0,0.0,31.999046325683594,0.03999999910593033,2.0,0.0,0.0,0.0,0.0,31.999046325683594,0.03999999910593033
1.237,2.0,0.0,0.0,0.0,0.0,31.999046325683594,0.03999999910593033,2.0,0.0,0.0,0.0,0.0,31.999046325683594,0.03999999910593033
1.238,2.0,0.0,0.0,0.0,0.0,31.999046325683594,0.05000000074505806,2.0,0.0,0.0,0.0,0.0,31.999046325683594,0.05000000074505806
1.239,2.0,0.0,0.0,0.0,0.0,31.999046325683594,0.05000000074505806,2.0,0.0,0.0,0.0,0.0,31.999046325683594,0.05000000074505806
1.24,2.0,0.0,0.0,0.0,0.0,31.999046325683594,0.05000000074505806,2.0,0.0,0.0,0.0,0.0,31.999046325683594,0.05000000074505806
1.241,2.0,0.0,0.0,0.0,0.0,31.999046325683594,0.05000000074505806,2.0,0.0,0.0,0.0,0.0,31.999046325683594,0.05000000074505806
1.242,2.0,0.0,0.0,0.0,0.0,31.999046325683594,0.05000000074505806,2.0,0.0,0.0,0.0,0.0,31.999046325683594,0.05000000074505806
1.243,2.0,0.0,0.0,0.0,0.0,31.999046325683594,0.019999999552965164,2.0,0.0,0.0,0.0,0.0,31.999046325683594,0.019999999552965164
1.244,2.0,1.0,0.0,0.0,0.0,31.999046325683594,0.019999999552965164,2.0,1.0,0.0,0.0,0.0,31.999046325683594,0.019999999552965164
1.245,2.0,1.0,0.0,0.0,0.0,31.999046325683594,0.019999999552965164,2.0,1.0,0.0,0.0,0.0,31.999046325683594,0.019999999552965164
1.246,2.0,1.0,0.0,0.0,0.0,31.999046325683594,0.019999999552965164,2.0,1.0,0.0,0.0,0.0,31.999046325683594,0.019999999552965164
1.247,2.0,1.0,0.0,0.0,0.0,31.999046325683594,0.019999999552965164,2.0,1.0,0.0,0.0,0.0,31.999046325683594,0.019999999552965164
1.248,2.0,1.0,0.0,0.0,0.0,31.999046325683594,0.019999999552965164,2.0,1.0,0.0,0.0,0.0,31.999046325683594,0.019999999552965164
1.249,2.0,1.0,0.0,0.0,0.0,31.999046325683594,0.019999999552965164,2.0,1.0,0.0,0.0,0.0,31.999046325683594,0.019999999552965164
1.25,2.0,1.0,0.0,0.0,0.0,31.999046325683594,0.019999999552965164,2.0,1.0,0.0,0.0,0.0,31.999046325683594,0.019999999552965164
1.2510000000000001,2.0,1.0,0.0,0.0,0.0,31.999046325683594,0.019999999552965164,2.0,1.0,0.0,0.0,0.0,31.999046325683594,0.019999999552965164
1.252,2.0,1.0,0.0,0.0,0.0,31.999046325683594,0.019999999552965164,2.0,1.0,0.0,0.0,0.0,31.999046325683594,0.019999999552965164
1.2530000000000001,2.0,1.0,0.0,0.0,0.0,31.999046325683594,0.019999999552965164,2.0,1.0,0.0,0.0,0.0,31.999046325683594,0.019999999552965164
1.254,2.0,1.0,0.0,0.0,0.0,31.999046325683594,0.019999999552965164,2.0,1.0,0.0,0.0,0.0,31.999046325683594,0.019999999552965164
1.2550000000000001,2.0,2.0,1.0,0.0,0.012716252356767654,31.999841690063477,0.019999999552965164,2.0,2.0,1.0,0.0,0.012712720781564713,31.999841690063477,0.019999999552965164
1.256,2.0,2.0,1.0,0.0,0.012231079861521721,31.999841690063477,0.019999999552965164,2.0,2.0,1.0,0.0,0.012227682396769524,31.999841690063477,0.019999999552965164
1.2570000000000001,2.0,2.0,1.0,0.0,0.0117512671276927,31.999841690063477,0.019999999552965164,2.0,2.0,1.0,0.0,0.011747995391488075,31.999841690063477,0.019999999552965164
1.258,2.0,2.0,1.0,0.0,0.011290272697806358,31.999841690063477,0.019999999552965164,2.0,2.0,1.0,0.0,0.011287128552794456,31.999841690063477,0.019999999552965164
1.2590000000000001,2.0,2.0,1.0,0.0,0.01084736455231905,31.999841690063477,0.019999999552965164,2.0,2.0,1.0,0.0,0.010844339616596699,31.999841690063477,0.019999999552965164
1.26,2.0,2.0,1.0,0.0,0.010421830229461193,31.999841690063477,0.019999999552965164,2.0,2.0,1.0,0.0,0.010418924503028393,31.999841690063477,0.019999999552965164
1.2610000000000001,2.0,2.0,1.0,0.0,0.010012985207140446,31.999841690063477,0.019999999552965164,2.0,2.0,1.0,0.0,0.010010196827352047,31.999841690063477,0.019999999552965164
1.262,2.0,2.0,1.0,0.0,0.00962018221616745,31.999841690063477,0.019999999552965164,2.0,2.0,1.0,0.0,0.009617503732442856,31.999841690063477,0.019999999552965164
1.2630000000000001,2.0,2.0,1.0,0.0,0.009242790751159191,31.999841690063477,0.019999999552965164,2.0,2.0,1.0,0.0,0.009240218438208103,31.999841690063477,0.019999999552965164
1.264,2.0,2.0,1.0,0.0,0.00888020358979702,31.999841690063477,0.019999999552965164,2.0,2.0,1.0,0.0,0.008877732791006565,31.999841690063477,0.019999999552965164
1.2650000000000001,2.0,2.0,1.0,0.0,0.008531840518116951,31.999841690063477,0.019999999552965164,2.0,2.0,1.0,0.0,0.008529465645551682,31.999841690063477,0.019999999552965164
1.266,2.0,2.0,1.0,0.0,0.008197144605219364,31.999841690063477,0.019999999552965164,2.0,2.0,1.0,0.0,0.008194860070943832,31.999841690063477,0.019999999552965164
1.2670000000000001,2.0,2.0,1.0,0.0,0.007875574752688408,31.999841690063477,0.019999999552965164,2.0,2.0,1.0,0.0,0.007873383350670338,31.999841690063477,0.019999999552965164
1.268,2.0,2.0,1.0,0.0,0.0075666215270757675,31.999841690063477,0.019999999552965164,2.0,2.0,1.0,0.0,0.007564515341073275,31.999841690063477,0.019999999552965164
1.2690000000000001,2.0,2.0,1.0,0.0,0.007269788533449173,31.999841690063477,0.019999999552965164,2.0,2.0,1.0,0.0,0.007267763838171959,31.999841690063477,0.019999999552965164
1.27,2.0,2.0,1.0,0.0,0.006984599865972996,31.999841690063477,0.019999999552965164,2.0,2.0,1.0,0.0,0.006982655264437199,31.999841690063477,0.019999999552965164
1.2710000000000001,2.0,2.0,1.0,0.0,0.006710599176585674,31.999841690063477,0.019999999552965164,2.0,2.0,1.0,0.0,0.006708730477839708,31.999841690063477,0.019999999552965164
1.272,2.0,2.0,1.0,0.0,0.006447345484048128,31.999841690063477,0.019999999552965164,2.0,2.0,1.0,0.0,0.006445550825446844,31.999841690063477,0.019999999552965164
1.2730000000000001,2.0,2.0,1.0,0.0,0.006194420158863068,31.999841690063477,0.019999999552965164,2.0,2.0,1.0,0.0,0.006192696280777454,31.999841690063477,0.019999999552965164
1.274,2.0,2.0,1.0,0.0,0.005951416678726673,31.999841690063477,0.019999999552965164,2.0,2.0,1.0,0.0,0.005949761718511581,31.999841690063477,0.019999999552965164
1.2750000000000001,2.0,2.0,1.0,0.0,0.005717946216464043,31.999841690063477,0.019999999552965164,2.0,2.0,1.0,0.0,0.005716356448829174,31.999841690063477,0.019999999552965164
1.276,2.0,2.0,1.0,0.0,0.005493634380400181,31.999841690063477,0.019999999552965164,2.0,2.0,1.0,0.0,0.005492107942700386,31.999841690063477,0.019999999552965164
1.2770000000000001,2.0,2.0,1.0,0.0,0.005278122611343861,31.999841690063477,0.019999999552965164,2.0,2.0,1.0,0.0,0.005276657175272703,31.999841690063477,0.019999999552965164
1.278,2.0,2.0,1.0,0.0,0.005071065854281187,31.999841690063477,0.019999999552965164,2.0,2.0,1.0,0.0,0.005069658625870943,31.999841690063477,0.019999999552965164
1.2790000000000001,2.0,2.0,1.0,0.0,0.004872131627053022,31.999841690063477,0.019999999552965164,2.0,2.0,1.0,0.0,0.004870779346674681,31.999841690063477,0.019999999552965164
1.28,2.0,2.0,1.0,0.0,0.004681001883000135,31.999841690063477,0.019999999552965164,2.0,2.0,1.0,0.0,0.004679701291024685,31.999841690063477,0.019999999552965164
1.281,2.0,2.0,1.0,0.0,0.004501871764659882,31.999841690063477,0.019999999552965164,2.0,2.0,1.0,0.0,0.00450062146410346,31.999841690063477,0.019999999552965164
1.282,2.0,2.0,1.0,0.0,0.004320939537137747,31.999841690063477,0.019999999552965164,2.0,2.0,1.0,0.0,0.004319741856306791,31.999841690063477,0.019999999552965164
1.283,2.0,2.0,1.0,0.0,0.00415558647364378,31.999841690063477,0.019999999552965164,2.0,2.0,1.0,0.0,0.004154437221586704,31.999841690063477,0.019999999552965164
1.284,2.0,2.0,1.0,0.0,0.003988573793321848,31.999841690063477,0.019999999552965164,2.0,2.0,1.0,0.0,0.003987470641732216,31.999841690063477,0.019999999552965164
1.285,2.0,2.0,1.0,0.0,0.0038359398022294044,31.999841690063477,0.019999999552965164,2.0,2.0,1.0,0.0,0.003834879258647561,31.999841690063477,0.019999999552965164
1.286,2.0,2.0,1.0,0.0,0.003681773319840431,31.999841690063477,0.019999999552965164,2.0,2.0,1.0,0.0,0.0036807546857744455,31.999841690063477,0.019999999552965164
1.287,2.0,2.0,1.0,0.0,0.0035408807452768087,31.999841690063477,0.019999999552965164,2.0,2.0,1.0,0.0,0.0035399014595896006,31.999841690063477,0.019999999552965164
1.288,2.0,2.0,1.0,0.0,0.0033985732588917017,31.999841690063477,0.019999999552965164,2.0,2.0,1.0,0.0,0.0033976330887526274,31.999841690063477,0.019999999552965164
1.289,2.0,2.0,1.0,0.0,0.0032685180194675922,31.999841690063477,0.019999999552965164,2.0,2.0,1.0,0.0,0.003267614170908928,31.999841690063477,0.019999999552965164
1.29,2.0,2.0,1.0,0.0,0.0031371561344712973,31.999841690063477,0.019999999552965164,2.0,2.0,1.0,0.0,0.003136288607493043,31.999841690063477,0.019999999552965164
1.291,2.0,2.0,1.0,0.0,0.003017105394974351,31.999841690063477,0.019999999552965164,2.0,2.0,1.0,0.0,0.003016269998624921,31.999841690063477,0.019999999552965164
1.292,2.0,2.0,1.0,0.0,0.002895848359912634,31.999841690063477,0.019999999552965164,2.0,2.0,1.0,0.0,0.0028950460255146027,31.999841690063477,0.019999999552965164
1.293,2.0,2.0,1.0,0.0,0.002785031683743,31.999841690063477,0.019999999552965164,2.0,2.0,1.0,0.0,0.002784259617328644,31.999841690063477,0.019999999552965164
1.294,2.0,2.0,1.0,0.0,0.0026731009129434824,31.999841690063477,0.019999999552965164,2.0,2.0,1.0,0.0,0.0026723602786660194,31.999841690063477,0.019999999552965164
1.295,2.0,2.0,1.0,0.0,0.0025708077009767294,31.999841690063477,0.019999999552965164,2.0,2.0,1.0,0.0,0.002570095472037792,31.999841690063477,0.019999999552965164
1.296,2.0,2.0,1.0,0.0,0.0024674879387021065,31.999841690063477,0.019999999552965164,2.0,2.0,1.0,0.0,0.0024668038822710514,31.999841690063477,0.019999999552965164
1.297,2.0,2.0,1.0,0.0,0.0023730627726763487,31.999841690063477,0.019999999552965164,2.0,2.0,1.0,0.0,0.002372405491769314,31.999841690063477,0.019999999552965164
1.298,2.0,2.0,1.0,0.0,0.002277689753100276,31.999841690063477,0.019999999552965164,2.0,2.0,1.0,0.0,0.002277058782055974,31.999841690063477,0.019999999552965164
1.299,2.0,2.0,1.0,0.0,0.002190528204664588,31.999841690063477,0.019999999552965164,2.0,2.0,1.0,0.0,0.0021899212151765823,31.999841690063477,0.019999999552965164
1.3,2.0,2.0,1.0,0.0,0.0021024909801781178,31.999841690063477,0.019999999552965164,2.0,2.0,1.0,0.0,0.002101907506585121,31.999841690063477,0.019999999552965164
1.301,2.0,2.0,1.0,0.0,0.002022033790126443,31.999841690063477,0.019999999552965164,2.0,2.0,1.0,0.0,0.0020214724354445934,31.999841690063477,0.019999999552965164
1.302,2.0,2.0,1.0,0.0,0.0019407686777412891,31.999841690063477,0.019999999552965164,2.0,2.0,1.0,0.0,0.0019402292091399431,31.999841690063477,0.019999999552965164
1.303,2.0,2.0,1.0,0.0,0.0018665001261979342,31.999841690063477,0.019999999552965164,2.0,2.0,1.0,0.0,0.0018659813795238733,31.999841690063477,0.019999999552965164
1.304,2.0,2.0,1.0,0.0,0.0017914852360263467,31.999841690063477,0.019999999552965164,2.0,2.0,1.0,0.0,0.0017909874441102147,31.999841690063477,0.019999999552965164
1.305,2.0,2.0,1.0,0.0,0.0017229295335710049,31.999841690063477,0.019999999552965164,2.0,2.0,1.0,0.0,0.0017224510665982962,31.999841690063477,0.019999999552965164
1.306,2.0,2.0,1.0,0.0,0.0016536848852410913,31.999841690063477,0.019999999552965164,2.0,2.0,1.0,0.0,0.0016532257432118058,31.999841690063477,0.019999999552965164
1.307,2.0,2.0,1.0,0.0,0.001590402564033866,31.999841690063477,0.019999999552965164,2.0,2.0,1.0,0.0,0.0015899608843028545,31.999841690063477,0.019999999552965164
1.308,2.0,2.0,1.0,0.0,0.0015264842659235,31.999841690063477,0.019999999552965164,2.0,2.0,1.0,0.0,0.0015260601649060845,31.999841690063477,0.019999999552965164
1.309,2.0,2.0,1.0,0.0,0.001468069152906537,31.999841690063477,0.019999999552965164,2.0,2.0,1.0,0.0,0.0014676616992801428,31.999841690063477,0.019999999552965164
1.31,2.0,2.0,1.0,0.0,0.0014090673066675663,31.999841690063477,0.019999999552965164,2.0,2.0,1.0,0.0,0.0014086761511862278,31.999841690063477,0.019999999552965164
1.311,2.0,2.0,1.0,0.0,0.0013551459414884448,31.999841690063477,0.019999999552965164,2.0,2.0,1.0,0.0,0.0013547694543376565,31.999841690063477,0.019999999552965164
1.312,2.0,2.0,1.0,0.0,0.0013006824301555753,31.999841690063477,0.019999999552965164,2.0,2.0,1.0,0.0,0.0013003211934119463,31.999841690063477,0.019999999552965164
1.313,2.0,2.0,1.0,0.0,0.0012509088264778256,31.999841690063477,0.019999999552965164,2.0,2.0,1.0,0.0,0.0012505613267421722,31.999841690063477,0.019999999552965164
1.314,2.0,2.0,1.0,0.0,0.001200634753331542,31.999841690063477,0.019999999552965164,2.0,2.0,1.0,0.0,0.0012003013398498297,31.999841690063477,0.019999999552965164
1.315,2.0,2.0,1.0,0.0,0.0011546897003427148,31.999841690063477,0.019999999552965164,2.0,2.0,1.0,0.0,0.0011543681612238288,31.999841690063477,0.019999999552965164
1.316,2.0,2.0,1.0,0.0,0.0011082824785262346,31.999841690063477,0.019999999552965164,2.0,2.0,1.0,0.0,0.001107974094338715,31.999841690063477,0.019999999552965164
1.317,2.0,2.0,1.0,0.0,0.001065871212631464,31.999841690063477,0.019999999552965164,2.0,2.0,1.0,0.0,0.0010655748192220926,31.999841690063477,0.019999999552965164
1.318,2.0,2.0,1.0,0.0,0.0010230342159047723,31.999841690063477,0.019999999552965164,2.0,2.0,1.0,0.0,0.0010227491147816181,31.999841690063477,0.019999999552965164
1.319,2.0,2.0,1.0,0.0,0.0009838852565735579,31.999841690063477,0.019999999552965164,2.0,2.0,1.0,0.0,0.0009836112149059772,31.999841690063477,0.019999999552965164
1.32,2.0,2.0,1.0,0.0,0.0009443428134545684,31.999841690063477,0.019999999552965164,2.0,2.0,1.0,0.0,0.0009440798894502223,31.999841690063477,0.019999999552965164
1.321,2.0,2.0,1.0,0.0,0.0009082050528377295,31.999841690063477,0.019999999552965164,2.0,2.0,1.0,0.0,0.0009079522569663823,31.999841690063477,0.019999999552965164
1.322,2.0,2.0,1.0,0.0,0.0008717041346244514,31.999841690063477,0.019999999552965164,2.0,2.0,1.0,0.0,0.0008714616997167468,31.999841690063477,0.019999999552965164
1.323,2.0,2.0,1.0,0.0,0.0008375077159143984,31.999841690063477,0.019999999552965164,2.0,2.0,1.0,0.0,0.0008372749434784055,31.999841690063477,0.019999999552965164
1.324,2.0,2.0,1.0,0.0,0.0008046527509577572,31.999841690063477,0.019999999552965164,2.0,2.0,1.0,0.0,0.0008044291753321886,31.999841690063477,0.019999999552965164
1.325,2.0,2.0,1.0,0.0,0.0007730867946520448,31.999841690063477,0.019999999552965164,2.0,2.0,1.0,0.0,0.0007728720083832741,31.999841690063477,0.019999999552965164
1.326,2.0,2.0,1.0,0.0,0.0007427592645399272,31.999841690063477,0.019999999552965164,2.0,2.0,1.0,0.0,0.0007425526273436844,31.999841690063477,0.019999999552965164
1.327,2.0,2.0,1.0,0.0,0.0007136212661862373,31.999841690063477,0.019999999552965164,2.0,2.0,1.0,0.0,0.0007134227780625224,31.999841690063477,0.019999999552965164
1.328,2.0,2.0,1.0,0.0,0.000685626408085227,31.999841690063477,0.019999999552965164,2.0,2.0,1.0,0.0,0.0006854354869574308,31.999841690063477,0.019999999552965164
1.329,2.0,2.0,1.0,0.0,0.000658729812130332,31.999841690063477,0.019999999552965164,2.0,2.0,1.0,0.0,0.0006585462251678109,31.999841690063477,0.019999999552965164
1.33,2.0,2.0,1.0,0.0,0.0006328884046524763,31.999841690063477,0.019999999552965164,2.0,2.0,1.0,0.0,0.0006327120354399085,31.999841690063477,0.019999999552965164
1.331,2.0,2.0,1.0,0.0,0.0006080606253817677,31.999841690063477,0.019999999552965164,2.0,2.0,1.0,0.0,0.0006078912410885096,31.999841690063477,0.019999999552965164
1.332,2.0,2.0,1.0,0.0,0.0005842067184858024,31.999841690063477,0.019999999552965164,2.0,2.0,1.0,0.0,0.0005840441444888711,31.999841690063477,0.019999999552965164
1.333,2.0,2.0,1.0,0.0,0.0005612888489849865,31.999841690063477,0.019999999552965164,2.0,2.0,1.0,0.0,0.0005611323285847902,31.999841690063477,0.019999999552965164
1.334,2.0,2.0,1.0,0.0,0.0005392698221839964,31.999841690063477,0.019999999552965164,2.0,2.0,1.0,0.0,0.0005391195300035179,31.999841690063477,0.019999999552965164
1.335,2.0,2.0,1.0,0.0,0.0005181143642403185,31.999841690063477,0.019999999552965164,2.0,2.0,1.0,0.0,0.0005179704166948795,31.999841690063477,0.019999999552965164
1.336,2.0,2.0,1.0,0.0,0.0004977891803719103,31.999841690063477,0.019999999552965164,2.0,2.0,1.0,0.0,0.0004976507625542581,31.999841690063477,0.019999999552965164
1.337,2.0,2.0,1.0,0.0,0.000478261208627373,31.999841690063477,0.019999999552965164,2.0,2.0,1.0,0.0,0.0004781282914336771,31.999841690063477,0.019999999552965164
1.338,2.0,2.0,1.0,0.0,0.00045949933701194823,31.999841690063477,0.019999999552965164,2.0,2.0,1.0,0.0,0.00045937171671539545,31.999841690063477,0.019999999552965164
1.339,2.0,2.0,1.0,0.0,0.00044147350126877427,31.999841690063477,0.019999999552965164,2.0,2.0,1.0,0.0,0.00044135082862339914,31.999841690063477,0.019999999552965164
1.34,2.0,2.0,1.0,0.0,0.0004241548012942076,31.999841690063477,0.019999999552965164,2.0,2.0,1.0,0.0,0.000424036814365536,31.999841690063477,0.019999999552965164
1.341,2.0,2.0,1.0,0.0,0.0004075155302416533,31.999841690063477,0.019999999552965164,2.0,2.0,1.0,0.0,0.0004074021999258548,31.999841690063477,0.019999999552965164
1.342,2.0,2.0,1.0,0.0,0.00039152897079475224,31.999841690063477,0.019999999552965164,2.0,2.0,1.0,0.0,0.0003914201515726745,31.999841690063477,0.019999999552965164
1.343,2.0,2.0,1.0,0.0,0.0003761695115827024,31.999841690063477,0.019999999552965164,2.0,2.0,1.0,0.0,0.0003760651161428541,31.999841690063477,0.019999999552965164
1.344,2.0,2.0,1.0,0.0,0.00036141264718025923,31.999841690063477,0.019999999552965164,2.0,2.0,1.0,0.0,0.00036131232627667487,31.999841690063477,0.019999999552965164
1.345,2.0,2.0,1.0,0.0,0.0003472345706541091,31.999841690063477,0.019999999552965164,2.0,2.0,1.0,0.0,0.00034713841159828007,31.999841690063477,0.019999999552965164
1.346,2.0,2.0,1.0,0.0,0.000333612784743309,31.999841690063477,0.019999999552965164,2.0,2.0,1.0,0.0,0.0003335203800816089,31.999841690063477,0.019999999552965164
1.347,2.0,2.0,1.0,0.0,0.000320525374263525,31.999841690063477,0.019999999552965164,2.0,2.0,1.0,0.0,0.00032043660758063197,31.999841690063477,0.019999999552965164
1.348,2.0,2.0,1.0,0.0,0.00030795144266448915,31.999841690063477,0.019999999552965164,2.0,2.0,1.0,0.0,0.00030786613933742046,31.999841690063477,0.019999999552965164
1.349,2.0,2.0,1.0,0.0,0.00029587073368020356,31.999841690063477,0.019999999552965164,2.0,2.0,1.0,0.0,0.0002957887772936374,31.999841690063477,0.019999999552965164
1.35,2.0,2.0,1.0,0.0,0.0002842638932634145,31.999841690063477,0.019999999552965164,2.0,2.0,1.0,0.0,0.0002841851091943681,31.999841690063477,0.019999999552965164
1.351,2.0,2.0,1.0,0.0,0.00027311244048178196,31.999841690063477,0.019999999552965164,2.0,2.0,1.0,0.0,0.0002730366832111031,31.999841690063477,0.019999999552965164
1.352,2.0,2.0,1.0,0.0,0.00026239847647957504,31.999841690063477,0.019999999552965164,2.0,2.0,1.0,0.0,0.0002623256586957723,31.999841690063477,0.019999999552965164
1.353,2.0,2.0,1.0,0.0,0.0002521047426853329,31.999841690063477,0.019999999552965164,2.0,2.0,1.0,0.0,0.00025203489349223673,31.999841690063477,0.019999999552965164
1.354,2.0,2.0,1.0,0.0,0.00024221482453867793,31.999841690063477,0.019999999552965164,2.0,2.0,1.0,0.0,0.0002421477111056447,31.999841690063477,0.019999999552965164
1.355,2.0,2.0,1.0,0.0,0.00023271288955584168,31.999841690063477,0.019999999552965164,2.0,2.0,1.0,0.0,0.00023264845367521048,31.999841690063477,0.019999999552965164
1.356,2.0,2.0,1.0,0.0,0.00022358370188158005,31.999841690063477,0.019999999552965164,2.0,2.0,1.0,0.0,0.0002235218125861138,31.999841690063477,0.019999999552965164
1.357,2.0,2.0,1.0,0.0,0.000214812665944919,31.999841690063477,0.019999999552965164,2.0,2.0,1.0,0.0,0.00021475319226738065,31.999841690063477,0.019999999552965164
1.358,2.0,2.0,1.0,0.0,0.00020638571004383266,31.999841690063477,0.019999999552965164,2.0,2.0,1.0,0.0,0.00020632855012081563,31.999841690063477,0.019999999552965164
1.359,2.0,2.0,1.0,0.0,0.00019828937365673482,31.999841690063477,0.019999999552965164,2.0,2.0,1.0,0.0,0.00019823444017674774,31.999841690063477,0.019999999552965164
1.36,2.0,2.0,1.0,0.0,0.0001905105891637504,31.999841690063477,0.019999999552965164,2.0,2.0,1.0,0.0,0.0001904578530229628,31.999841690063477,0.019999999552965164
1.361,2.0,2.0,1.0,0.0,0.000183037031092681,31.999841690063477,0.019999999552965164,2.0,2.0,1.0,0.0,0.00018298628856427968,31.999841690063477,0.019999999552965164
1.362,2.0,2.0,1.0,0.0,0.0001758566068019718,31.999841690063477,0.019999999552965164,2.0,2.0,1.0,0.0,0.00017580788698978722,31.999841690063477,0.019999999552965164
1.363,2.0,2.0,1.0,0.0,0.00016895790759008378,31.999841690063477,0.019999999552965164,2.0,2.0,1.0,0.0,0.00016891106497496367,31.999841690063477,0.019999999552965164
1.364,2.0,2.0,1.0,0.0,0.00016232980124186724,31.999841690063477,0.019999999552965164,2.0,2.0,1.0,0.0,0.00016228480671998113,31.999841690063477,0.019999999552965164
1.365,2.0,2.0,1.0,0.0,0.0001559617230668664,31.999841690063477,0.019999999552965164,2.0,2.0,1.0,0.0,0.00015591848932672292,31.999841690063477,0.019999999552965164
1.366,2.0,2.0,1.0,0.0,0.00014984345762059093,31.999841690063477,0.019999999552965164,2.0,2.0,1.0,0.0,0.0001498019410064444,31.999841690063477,0.019999999552965164
1.367,2.0,2.0,1.0,0.0,0.00014396512415260077,31.999841690063477,0.019999999552965164,2.0,2.0,1.0,0.0,0.00014392529556062073,31.999841690063477,0.019999999552965164
1.368,2.0,2.0,1.0,0.0,0.0001383174821967259,31.999841690063477,0.019999999552965164,2.0,2.0,1.0,0.0,0.0001382792106596753,31.999841690063477,0.019999999552965164
1.369,2.0,2.0,1.0,0.0,0.00013289140770211816,31.999841690063477,0.019999999552965164,2.0,2.0,1.0,0.0,0.00013285463501233608,31.999841690063477,0.019999999552965164
1.37,2.0,2.0,1.0,0.0,0.00012767819862347096,31.999841690063477,0.019999999552965164,2.0,2.0,1.0,0.0,0.00012764279381372035,31.999841690063477,0.019999999552965164
1.371,2.0,2.0,1.0,0.0,0.000122669487609528,31.999841690063477,0.019999999552965164,2.0,2.0,1.0,0.0,0.00012263543612789363,31.999841690063477,0.019999999552965164
1.372,2.0,2.0,1.0,0.0,0.00011785727110691369,31.999841690063477,0.019999999552965164,2.0,2.0,1.0,0.0,0.00011782454384956509,31.999841690063477,0.019999999552965164
1.373,2.0,2.0,1.0,0.0,0.00011323379294481128,31.999841690063477,0.019999999552965164,2.0,2.0,1.0,0.0,0.00011320238991174847,31.999841690063477,0.019999999552965164
1.374,2.0,2.0,1.0,0.0,0.00010879172623390332,31.999841690063477,0.019999999552965164,2.0,2.0,1.0,0.0,0.00010876152373384684,31.999841690063477,0.019999999552965164
1.375,2.0,2.0,1.0,0.0,0.00010452390415593982,31.999841690063477,0.019999999552965164,2.0,2.0,1.0,0.0,0.00010449489491293207,31.999841690063477,0.019999999552965164
1.3760000000000001,2.0,2.0,1.0,0.0,0.00010042349458672106,31.999841690063477,0.019999999552965164,2.0,2.0,1.0,0.0,0.00010039562039310113,31.999841690063477,0.019999999552965164
1.377,2.0,2.0,1.0,0.0,9.648394916439429e-05,31.999841690063477,0.019999999552965164,2.0,2.0,1.0,0.0,9.645716636441648e-05,31.999841690063477,0.019999999552965164
1.3780000000000001,2.0,2.0,1.0,0.0,9.269894508179277e-05,31.999841690063477,0.019999999552965164,2.0,2.0,1.0,0.0,9.267324639949948e-05,31.999841690063477,0.019999999552965164
1.379,2.0,2.0,1.0,0.0,8.906242874218151e-05,31.999841690063477,0.019999999552965164,2.0,2.0,1.0,0.0,8.903774141799659e-05,31.999841690063477,0.019999999552965164
1.3800000000000001,2.0,2.0,1.0,0.0,8.556858665542677e-05,31.999841690063477,0.019999999552965164,2.0,2.0,1.0,0.0,8.554483065381646e-05,31.999841690063477,0.019999999552965164
1.381,2.0,2.0,1.0,0.0,8.221178723033518e-05,31.999841690063477,0.019999999552965164,2.0,2.0,1.0,0.0,8.218896255129948e-05,31.999841690063477,0.019999999552965164
1.3820000000000001,2.0,2.0,1.0,0.0,7.898667536210269e-05,31.999841690063477,0.019999999552965164,2.0,2.0,1.0,0.0,7.896473834989592e-05,31.999841690063477,0.019999999552965164
1.383,2.0,2.0,1.0,0.0,7.588807784486562e-05,31.999841690063477,0.019999999552965164,2.0,2.0,1.0,0.0,7.586701394757256e-05,31.999841690063477,0.019999999552965164
1.3840000000000001,2.0,2.0,1.0,0.0,7.291104702744633e-05,31.999841690063477,0.019999999552965164,2.0,2.0,1.0,0.0,7.289079803740606e-05,31.999841690063477,0.019999999552965164
1.385,2.0,2.0,1.0,0.0,7.005077350186184e-05,31.999841690063477,0.019999999552965164,2.0,2.0,1.0,0.0,7.003133941907436e-05,31.999841690063477,0.019999999552965164
1.3860000000000001,2.0,2.0,1.0,0.0,6.730272434651852e-05,31.999841690063477,0.019999999552965164,2.0,2.0,1.0,0.0,6.728404696332291e-05,31.999841690063477,0.019999999552965164
1.387,2.0,2.0,1.0,0.0,6.466249033110216e-05,31.999841690063477,0.019999999552965164,2.0,2.0,1.0,0.0,6.46445550955832e-05,31.999841690063477,0.019999999552965164
1.3880000000000001,2.0,2.0,1.0,0.0,6.21258222963661e-05,31.999841690063477,0.019999999552965164,2.0,2.0,1.0,0.0,6.210859282873571e-05,31.999841690063477,0.019999999552965164
1.389,2.0,2.0,1.0,0.0,5.968867480987683e-05,31.999841690063477,0.019999999552965164,2.0,2.0,1.0,0.0,5.967212564428337e-05,31.999841690063477,0.019999999552965164
1.3900000000000001,2.0,2.0,1.0,0.0,5.7347118854522705e-05,31.999841690063477,0.019999999552965164,2.0,2.0,1.0,0.0,5.733123907702975e-05,31.999841690063477,0.019999999552965164
1.391,2.0,2.0,1.0,0.0,5.5097436415962875e-05,31.999841690063477,0.019999999552965164,2.0,2.0,1.0,0.0,5.508217145688832e-05,31.999841690063477,0.019999999552965164
1.3920000000000001,2.0,2.0,1.0,0.0,5.29360149812419e-05,31.999841690063477,0.019999999552965164,2.0,2.0,1.0,0.0,5.2921343012712896e-05,31.999841690063477,0.019999999552965164
1.393,2.0,2.0,1.0,0.0,5.0859373004641384e-05,31.999841690063477,0.019999999552965164,2.0,2.0,1.0,0.0,5.0845275836763903e-05,31.999841690063477,0.019999999552965164
1.3940000000000001,2.0,2.0,1.0,0.0,4.886420356342569e-05,31.999841690063477,0.019999999552965164,2.0,2.0,1.0,0.0,4.885065573034808e-05,31.999841690063477,0.019999999552965164
1.395,2.0,2.0,1.0,0.0,4.6947305236244574e-05,31.999841690063477,0.019999999552965164,2.0,2.0,1.0,0.0,4.6934270358178765e-05,31.999841690063477,0.019999999552965164
1.3960000000000001,2.0,2.0,1.0,0.0,4.510558574111201e-05,31.999841690063477,0.019999999552965164,2.0,2.0,1.0,0.0,4.5093067456036806e-05,31.999841690063477,0.019999999552965164
1.397,2.0,2.0,1.0,0.0,4.3336116505088285e-05,31.999841690063477,0.019999999552965164,2.0,2.0,1.0,0.0,4.332410026108846e-05,31.999841690063477,0.019999999552965164
1.3980000000000001,2.0,2.0,1.0,0.0,4.1636067180661485e-05,31.999841690063477,0.019999999552965164,2.0,2.0,1.0,0.0,4.162452751188539e-05,31.999841690063477,0.019999999552965164
1.399,2.0,2.0,1.0,0.0,4.000270928372629e-05,31.999841690063477,0.019999999552965164,2.0,2.0,1.0,0.0,3.9991620724322274e-05,31.999841690063477,0.019999999552965164
1.4000000000000001,2.0,2.0,1.0,0.0,3.84334271075204e-05,31.999841690063477,0.019999999552965164,2.0,2.0,1.0,0.0,3.842277510557324e-05,31.999841690063477,0.019999999552965164
1.401,2.0,2.0,1.0,0.0,3.692571408464573e-05,31.999841690063477,0.019999999552965164,2.0,2.0,1.0,0.0,3.691547681228258e-05,31.999841690063477,0.019999999552965164
1.4020000000000001,2.0,2.0,1.0,0.0,3.547713640728034e-05,31.999841690063477,0.019999999552965164,2.0,2.0,1.0,0.0,3.546731386450119e-05,31.999841690063477,0.019999999552965164
1.403,2.0,2.0,1.0,0.0,3.408539487281814e-05,31.999841690063477,0.019999999552965164,2.0,2.0,1.0,0.0,3.407596159377135e-05,31.999841690063477,0.019999999552965164
1.4040000000000001,2.0,2.0,1.0,0.0,3.274824848631397e-05,31.999841690063477,0.019999999552965164,2.0,2.0,1.0,0.0,3.2739186281105503e-05,31.999841690063477,0.019999999552965164
1.405,2.0,2.0,1.0,0.0,3.146355084027164e-05,31.999841690063477,0.019999999552965164,2.0,2.0,1.0,0.0,3.1454859708901495e-05,31.999841690063477,0.019999999552965164
1.4060000000000001,2.0,2.0,1.0,0.0,3.0229255571612157e-05,31.999841690063477,0.019999999552965164,2.0,2.0,1.0,0.0,3.022091004822869e-05,31.999841690063477,0.019999999552965164
1.407,2.0,2.0,1.0,0.0,2.9043376343906857e-05,31.999841690063477,0.019999999552965164,2.0,2.0,1.0,0.0,2.9035367333563045e-05,31.999841690063477,0.019999999552965164
1.408,2.0,2.0,1.0,0.0,2.7931955628446303e-05,31.999841690063477,0.019999999552965164,2.0,2.0,1.0,0.0,2.7924255846301094e-05,31.999841690063477,0.019999999552965164
1.409,2.0,2.0,1.0,0.0,2.680937177501619e-05,31.999841690063477,0.019999999552965164,2.0,2.0,1.0,0.0,2.6801981221069582e-05,31.999841690063477,0.019999999552965164
1.41,2.0,2.0,1.0,0.0,2.5783441742532887e-05,31.999841690063477,0.019999999552965164,2.0,2.0,1.0,0.0,2.577633313194383e-05,31.999841690063477,0.019999999552965164
1.411,2.0,2.0,1.0,0.0,2.47472089540679e-05,31.999841690063477,0.019999999552965164,2.0,2.0,1.0,0.0,2.474038046784699e-05,31.999841690063477,0.019999999552965164
1.412,2.0,2.0,1.0,0.0,2.3800193957868032e-05,31.999841690063477,0.019999999552965164,2.0,2.0,1.0,0.0,2.379362194915302e-05,31.999841690063477,0.019999999552965164
1.413,2.0,2.0,1.0,0.0,2.284366200910881e-05,31.999841690063477,0.019999999552965164,2.0,2.0,1.0,0.0,2.283736102981493e-05,31.999841690063477,0.019999999552965164
1.414,2.0,2.0,1.0,0.0,2.196949026256334e-05,31.999841690063477,0.019999999552965164,2.0,2.0,1.0,0.0,2.196343120886013e-05,31.999841690063477,0.019999999552965164
1.415,2.0,2.0,1.0,0.0,2.1086534616188146e-05,31.999841690063477,0.019999999552965164,2.0,2.0,1.0,0.0,2.1080721126054414e-05,31.999841690063477,0.019999999552965164
1.416,2.0,2.0,1.0,0.0,2.0279605450923555e-05,31.999841690063477,0.019999999552965164,2.0,2.0,1.0,0.0,2.027401205850765e-05,31.999841690063477,0.019999999552965164
1.417,2.0,2.0,1.0,0.0,1.946455995494034e-05,31.999841690063477,0.019999999552965164,2.0,2.0,1.0,0.0,1.9459192117210478e-05,31.999841690063477,0.019999999552965164
1.418,2.0,2.0,1.0,0.0,1.871969834610354e-05,31.999841690063477,0.019999999552965164,2.0,2.0,1.0,0.0,1.8714534235186875e-05,31.999841690063477,0.019999999552965164
1.419,2.0,2.0,1.0,0.0,1.7967353414860554e-05,31.999841690063477,0.019999999552965164,2.0,2.0,1.0,0.0,1.7962402125704102e-05,31.999841690063477,0.019999999552965164
1.42,2.0,2.0,1.0,0.0,1.7279784515267238e-05,31.999841690063477,0.019999999552965164,2.0,2.0,1.0,0.0,1.727502421999816e-05,31.999841690063477,0.019999999552965164
1.421,2.0,2.0,1.0,0.0,1.658530891290866e-05,31.999841690063477,0.019999999552965164,2.0,2.0,1.0,0.0,1.6580743249505758e-05,31.999841690063477,0.019999999552965164
1.422,2.0,2.0,1.0,0.0,1.5950630768202245e-05,31.999841690063477,0.019999999552965164,2.0,2.0,1.0,0.0,1.5946237908792682e-05,31.999841690063477,0.019999999552965164
1.423,2.0,2.0,1.0,0.0,1.5309567970689386e-05,31.999841690063477,0.019999999552965164,2.0,2.0,1.0,0.0,1.530535882920958e-05,31.999841690063477,0.019999999552965164
1.424,2.0,2.0,1.0,0.0,1.4723708773090038e-05,31.999841690063477,0.019999999552965164,2.0,2.0,1.0,0.0,1.4719660612172447e-05,31.999841690063477,0.019999999552965164
1.425,2.0,2.0,1.0,0.0,1.4131960597296711e-05,31.999841690063477,0.019999999552965164,2.0,2.0,1.0,0.0,1.4128079783404246e-05,31.999841690063477,0.019999999552965164
1.426,2.0,2.0,1.0,0.0,1.359116595267551e-05,31.999841690063477,0.019999999552965164,2.0,2.0,1.0,0.0,1.3587434295914136e-05,31.999841690063477,0.019999999552965164
1.427,2.0,2.0,1.0,0.0,1.3044935258221813e-05,31.999841690063477,0.019999999552965164,2.0,2.0,1.0,0.0,1.3041354577580933e-05,31.999841690063477,0.019999999552965164
1.428,2.0,2.0,1.0,0.0,1.254573271580739e-05,31.999841690063477,0.019999999552965164,2.0,2.0,1.0,0.0,1.2542292097350582e-05,31.999841690063477,0.019999999552965164
1.429,2.0,2.0,1.0,0.0,1.20415197670809e-05,31.999841690063477,0.019999999552965164,2.0,2.0,1.0,0.0,1.203821648232406e-05,31.999841690063477,0.019999999552965164
1.43,2.0,2.0,1.0,0.0,1.158072154794354e-05,31.999841690063477,0.019999999552965164,2.0,2.0,1.0,0.0,1.1577541954466142e-05,31.999841690063477,0.019999999552965164
1.431,2.0,2.0,1.0,0.0,1.1115293091279455e-05,31.999841690063477,0.019999999552965164,2.0,2.0,1.0,0.0,1.1112241736555006e-05,31.999841690063477,0.019999999552965164
1.432,2.0,2.0,1.0,0.0,1.068993969965959e-05,31.999841690063477,0.019999999552965164,2.0,2.0,1.0,0.0,1.0687003850762267e-05,31.999841690063477,0.019999999552965164
1.433,2.0,2.0,1.0,0.0,1.026031077344669e-05,31.999841690063477,0.019999999552965164,2.0,2.0,1.0,0.0,1.0257492249365896e-05,31.999841690063477,0.019999999552965164
1.434,2.0,2.0,1.0,0.0,9.867669177765492e-06,31.999841690063477,0.019999999552965164,2.0,2.0,1.0,0.0,9.86495979304891e-06,31.999841690063477,0.019999999552965164
1.435,2.0,2.0,1.0,0.0,9.47108583204681e-06,31.999841690063477,0.019999999552965164,2.0,2.0,1.0,0.0,9.468486496189144e-06,31.999841690063477,0.019999999552965164
1.436,2.0,2.0,1.0,0.0,9.108651283895597e-06,31.999841690063477,0.019999999552965164,2.0,2.0,1.0,0.0,9.106150173465721e-06,31.999841690063477,0.019999999552965164
1.437,2.0,2.0,1.0,0.0,8.74257329996908e-06,31.999841690063477,0.019999999552965164,2.0,2.0,1.0,0.0,8.740175871935207e-06,31.999841690063477,0.019999999552965164
1.438,2.0,2.0,1.0,0.0,8.408016583416611e-06,31.999841690063477,0.019999999552965164,2.0,2.0,1.0,0.0,8.405710104852915e-06,31.999841690063477,0.019999999552965164
1.439,2.0,2.0,1.0,0.0,8.070100193435792e-06,31.999841690063477,0.019999999552965164,2.0,2.0,1.0,0.0,8.06788284535287e-06,31.999841690063477,0.019999999552965164
1.44,2.0,2.0,1.0,0.0,7.761276719975285e-06,31.999841690063477,0.019999999552965164,2.0,2.0,1.0,0.0,7.759143045404926e-06,31.999841690063477,0.019999999552965164
1.441,2.0,2.0,1.0,0.0,7.449351869581733e-06,31.999841690063477,0.019999999552965164,2.0,2.0,1.0,0.0,7.447302323271288e-06,31.999841690063477,0.019999999552965164
1.442,2.0,2.0,1.0,0.0,7.1642830334894825e-06,31.999841690063477,0.019999999552965164,2.0,2.0,1.0,0.0,7.1623126132180914e-06,31.999841690063477,0.019999999552965164
1.443,2.0,2.0,1.0,0.0,6.876349743833998e-06,31.999841690063477,0.019999999552965164,2.0,2.0,1.0,0.0,6.874459359096363e-06,31.999841690063477,0.019999999552965164
1.444,2.0,2.0,1.0,0.0,6.613206096517388e-06,31.999841690063477,0.019999999552965164,2.0,2.0,1.0,0.0,6.611390745092649e-06,31.999841690063477,0.019999999552965164
1.445,2.0,2.0,1.0,0.0,6.34742173133418e-06,31.999841690063477,0.019999999552965164,2.0,2.0,1.0,0.0,6.345679139485583e-06,31.999841690063477,0.019999999552965164
1.446,2.0,2.0,1.0,0.0,6.10452116234228e-06,31.999841690063477,0.019999999552965164,2.0,2.0,1.0,0.0,6.102845873101614e-06,31.999841690063477,0.019999999552965164
1.447,2.0,2.0,1.0,0.0,5.859180419065524e-06,31.999841690063477,0.019999999552965164,2.0,2.0,1.0,0.0,5.857573341927491e-06,31.999841690063477,0.019999999552965164
1.448,2.0,2.0,1.0,0.0,5.6349640544794966e-06,31.999841690063477,0.019999999552965164,2.0,2.0,1.0,0.0,5.6334183682338335e-06,31.999841690063477,0.019999999552965164
1.449,2.0,2.0,1.0,0.0,5.4084953262645286e-06,31.999841690063477,0.019999999552965164,2.0,2.0,1.0,0.0,5.407008757174481e-06,31.999841690063477,0.019999999552965164
1.45,2.0,2.0,1.0,0.0,5.20152525496087e-06,31.999841690063477,0.019999999552965164,2.0,2.0,1.0,0.0,5.200096438784385e-06,31.999841690063477,0.019999999552965164
1.451,2.0,2.0,1.0,0.0,4.992476078768959e-06,31.999841690063477,0.019999999552965164,2.0,2.0,1.0,0.0,4.991104560758686e-06,31.999841690063477,0.019999999552965164
1.452,2.0,2.0,1.0,0.0,4.801426257472485e-06,31.999841690063477,0.019999999552965164,2.0,2.0,1.0,0.0,4.800106580660213e-06,31.999841690063477,0.019999999552965164
1.453,2.0,2.0,1.0,0.0,4.608456492860569e-06,31.999841690063477,0.019999999552965164,2.0,2.0,1.0,0.0,4.607190476235701e-06,31.999841690063477,0.019999999552965164
1.454,2.0,2.0,1.0,0.0,4.427671228768304e-06,31.999841690063477,0.019999999552965164,2.0,2.0,1.0,0.0,4.426455234352034e-06,31.999841690063477,0.019999999552965164
1.455,2.0,2.0,1.0,0.0,4.253976840118412e-06,31.999841690063477,0.019999999552965164,2.0,2.0,1.0,0.0,4.252809503668686e-06,31.999841690063477,0.019999999552965164
1.456,2.0,2.0,1.0,0.0,4.087095476279501e-06,31.999841690063477,0.019999999552965164,2.0,2.0,1.0,0.0,4.085974978806917e-06,31.999841690063477,0.019999999552965164
1.457,2.0,2.0,1.0,0.0,3.926760655303951e-06,31.999841690063477,0.019999999552965164,2.0,2.0,1.0,0.0,3.925685177819105e-06,31.999841690063477,0.019999999552965164
1.458,2.0,2.0,1.0,0.0,3.7727170365542406e-06,31.999841690063477,0.019999999552965164,2.0,2.0,1.0,0.0,3.7716838505730266e-06,31.999841690063477,0.019999999552965164
1.459,2.0,2.0,1.0,0.0,3.6247161006031092e-06,31.999841690063477,0.019999999552965164,2.0,2.0,1.0,0.0,3.6237236145097995e-06,31.999841690063477,0.019999999552965164
1.46,2.0,2.0,1.0,0.0,3.48252069670707e-06,31.999841690063477,0.019999999552965164,2.0,2.0,1.0,0.0,3.4815677736332873e-06,31.999841690063477,0.019999999552965164
1.461,2.0,2.0,1.0,0.0,3.3459034511906793e-06,31.999841690063477,0.019999999552965164,2.0,2.0,1.0,0.0,3.344987590025994e-06,31.999841690063477,0.019999999552965164
1.462,2.0,2.0,1.0,0.0,3.214646085325512e-06,31.999841690063477,0.019999999552965164,2.0,2.0,1.0,0.0,3.2137659218278714e-06,31.999841690063477,0.019999999552965164
1.463,2.0,2.0,1.0,0.0,3.0885380510881077e-06,31.999841690063477,0.019999999552965164,2.0,2.0,1.0,0.0,3.0876924483891344e-06,31.999841690063477,0.019999999552965164
1.464,2.0,2.0,1.0,0.0,2.9673763037862955e-06,31.999841690063477,0.019999999552965164,2.0,2.0,1.0,0.0,2.9665648071386386e-06,31.999841690063477,0.019999999552965164
1.465,2.0,2.0,1.0,0.0,2.8509687126643257e-06,31.999841690063477,0.019999999552965164,2.0,2.0,1.0,0.0,2.8501883662102045e-06,31.999841690063477,0.019999999552965164
1.466,2.0,2.0,1.0,0.0,2.739127239692607e-06,31.999841690063477,0.019999999552965164,2.0,2.0,1.0,0.0,2.738377361310995e-06,31.999841690063477,0.019999999552965164
1.467,2.0,2.0,1.0,0.0,2.6316724870412145e-06,31.999841690063477,0.019999999552965164,2.0,2.0,1.0,0.0,2.6309533041057875e-06,31.999841690063477,0.019999999552965164
1.468,2.0,2.0,1.0,0.0,2.5284341518272413e-06,31.999841690063477,0.019999999552965164,2.0,2.0,1.0,0.0,2.5277427084802184e-06,31.999841690063477,0.019999999552965164
1.469,2.0,2.0,1.0,0.0,2.429246251267614e-06,31.999841690063477,0.019999999552965164,2.0,2.0,1.0,0.0,2.428581410640618e-06,31.999841690063477,0.019999999552965164
1.47,2.0,2.0,1.0,0.0,2.33394871429482e-06,31.999841690063477,0.019999999552965164,2.0,2.0,1.0,0.0,2.3333100216405e-06,31.999841690063477,0.019999999552965164
1.471,2.0,2.0,1.0,0.0,2.2423903374146903e-06,31.999841690063477,0.019999999552965164,2.0,2.0,1.0,0.0,2.241776201117318e-06,31.999841690063477,0.019999999552965164
1.472,2.0,2.0,1.0,0.0,2.1544228729908355e-06,31.999841690063477,0.019999999552965164,2.0,2.0,1.0,0.0,2.153832610929385e-06,31.999841690063477,0.019999999552965164
1.473,2.0,2.0,1.0,0.0,2.0699062588391826e-06,31.999841690063477,0.019999999552965164,2.0,2.0,1.0,0.0,2.0693394162663026e-06,31.999841690063477,0.019999999552965164
1.474,2.0,2.0,1.0,0.0,1.988705207622843e-06,31.999841690063477,0.019999999552965164,2.0,2.0,1.0,0.0,1.9881608750438318e-06,31.999841690063477,0.019999999552965164
1.475,2.0,2.0,1.0,0.0,1.910689661599463e-06,31.999841690063477,0.019999999552965164,2.0,2.0,1.0,0.0,1.910166929519619e-06,31.999841690063477,0.019999999552965164
1.476,2.0,2.0,1.0,0.0,1.8357347926212242e-06,31.999841690063477,0.019999999552965164,2.0,2.0,1.0,0.0,1.8352324104853324e-06,31.999841690063477,0.019999999552965164
1.477,2.0,2.0,1.0,0.0,1.7637204337006551e-06,31.999841690063477,0.019999999552965164,2.0,2.0,1.0,0.0,1.7632377193876891e-06,31.999841690063477,0.019999999552965164
1.478,2.0,2.0,1.0,0.0,1.6945306242632796e-06,31.999841690063477,0.019999999552965164,2.0,2.0,1.0,0.0,1.6940670093390509e-06,31.999841690063477,0.019999999552965164
1.479,2.0,2.0,1.0,0.0,1.6280555428238586e-06,31.999841690063477,0.019999999552965164,2.0,2.0,1.0,0.0,1.627610231480503e-06,31.999841690063477,0.019999999552965164
1.48,2.0,2.0,1.0,0.0,1.564187755320745e-06,31.999841690063477,0.019999999552965164,2.0,2.0,1.0,0.0,1.5637600654372363e-06,31.999841690063477,0.019999999552965164
1.481,2.0,2.0,1.0,0.0,1.502825625721016e-06,31.999841690063477,0.019999999552965164,2.0,2.0,1.0,0.0,1.5024151025500032e-06,31.999841690063477,0.019999999552965164
1.482,2.0,2.0,1.0,0.0,1.443870814910042e-06,31.999841690063477,0.019999999552965164,2.0,2.0,1.0,0.0,1.4434765489568235e-06,31.999841690063477,0.019999999552965164
1.483,2.0,2.0,1.0,0.0,1.3872286217520013e-06,31.999841690063477,0.019999999552965164,2.0,2.0,1.0,0.0,1.3868500445823884e-06,31.999841690063477,0.019999999552965164
1.484,2.0,2.0,1.0,0.0,1.3328088925845805e-06,31.999841690063477,0.019999999552965164,2.0,2.0,1.0,0.0,1.3324449810170336e-06,31.999841690063477,0.019999999552965164
1.485,2.0,2.0,1.0,0.0,1.2805235201085452e-06,31.999841690063477,0.019999999552965164,2.0,2.0,1.0,0.0,1.280174046769389e-06,31.999841690063477,0.019999999552965164
1.486,2.0,2.0,1.0,0.0,1.2302899676797097e-06,31.999841690063477,0.019999999552965164,2.0,2.0,1.0,0.0,1.22995413676108e-06,31.999841690063477,0.019999999552965164
1.487,2.0,2.0,1.0,0.0,1.1820266081485897e-06,31.999841690063477,0.019999999552965164,2.0,2.0,1.0,0.0,1.181703851216298e-06,31.999841690063477,0.019999999552965164
1.488,2.0,2.0,1.0,0.0,1.1356565892128856e-06,31.999841690063477,0.019999999552965164,2.0,2.0,1.0,0.0,1.135346451519581e-06,31.999841690063477,0.019999999552965164
1.489,2.0,2.0,1.0,0.0,1.091105673367565e-06,31.999841690063477,0.019999999552965164,2.0,2.0,1.0,0.0,1.0908074727922212e-06,31.999841690063477,0.019999999552965164
1.49,2.0,2.0,1.0,0.0,1.0483024652785389e-06,31.999841690063477,0.019999999552965164,2.0,2.0,1.0,0.0,1.0480158607606427e-06,31.999841690063477,0.019999999552965164
1.491,2.0,2.0,1.0,0.0,1.0071785254694987e-06,31.999841690063477,0.019999999552965164,2.0,2.0,1.0,0.0,1.0069024938275106e-06,31.999841690063477,0.019999999552965164
1.492,2.0,2.0,1.0,0.0,9.676676882008906e-07,31.999841690063477,0.019999999552965164,2.0,2.0,1.0,0.0,9.674023431216483e-07,31.999841690063477,0.019999999552965164
1.493,2.0,2.0,1.0,0.0,9.297066299041035e-07,31.999841690063477,0.019999999552965164,2.0,2.0,1.0,0.0,9.294519145441882e-07,31.999841690063477,0.019999999552965164
1.494,2.0,2.0,1.0,0.0,8.932350397117261e-07,31.999841690063477,0.019999999552965164,2.0,2.0,1.0,0.0,8.929901582632738e-07,31.999841690063477,0.019999999552965164
1.495,2.0,2.0,1.0,0.0,8.581940846852376e-07,31.999841690063477,0.019999999552965164,2.0,2.0,1.0,0.0,8.579588666179916e-07,31.999841690063477,0.019999999552965164
1.496,2.0,2.0,1.0,0.0,8.2452777405706e-07,31.999841690063477,0.019999999552965164,2.0,2.0,1.0,0.0,8.243017077802506e-07,31.999841690063477,0.019999999552965164
1.497,2.0,2.0,1.0,0.0,7.921821634226944e-07,31.999841690063477,0.019999999552965164,2.0,2.0,1.0,0.0,7.919650215626461e-07,31.999841690063477,0.019999999552965164
1.498,2.0,2.0,1.0,0.0,7.611054684275587e-07,31.999841690063477,0.019999999552965164,2.0,2.0,1.0,0.0,7.608968530803395e-07,31.999841690063477,0.019999999552965164
1.499,2.0,2.0,1.0,0.0,7.312477805498929e-07,31.999841690063477,0.019999999552965164,2.0,2.0,1.0,0.0,7.310474643418274e-07,31.999841690063477,0.019999999552965164
1.5,2.0,2.0,1.0,0.0,7.025614650046919e-07,31.999841690063477,0.019999999552965164,2.0,2.0,1.0,0.0,7.023689931884292e-07,31.999841690063477,0.019999999552965164
1.5010000000000001,2.0,2.0,1.0,0.0,6.750006491529348e-07,31.999841690063477,0.019999999552965164,2.0,2.0,1.0,0.0,6.748153964508674e-07,31.999841690063477,0.019999999552965164
1.502,2.0,2.0,1.0,0.0,6.485208245976537e-07,31.999841690063477,0.019999999552965164,2.0,2.0,1.0,0.0,6.483429615400382e-07,31.999841690063477,0.019999999552965164
1.5030000000000001,2.0,2.0,1.0,0.0,6.230799272088916e-07,31.999841690063477,0.019999999552965164,2.0,2.0,1.0,0.0,6.22909055891796e-07,31.999841690063477,0.019999999552965164
1.504,2.0,2.0,1.0,0.0,5.986369728816499e-07,31.999841690063477,0.019999999552965164,2.0,2.0,1.0,0.0,5.98472752244561e-07,31.999841690063477,0.019999999552965164
1.5050000000000001,2.0,2.0,1.0,0.0,5.751527965003334e-07,31.999841690063477,0.019999999552965164,2.0,2.0,1.0,0.0,5.749951696998323e-07,31.999841690063477,0.019999999552965164
1.506,2.0,2.0,1.0,0.0,5.525900519387505e-07,31.999841690063477,0.019999999552965164,2.0,2.0,1.0,0.0,5.524382800103922e-07,31.999841690063477,0.019999999552965164
1.5070000000000001,2.0,2.0,1.0,0.0,5.309123025654117e-07,31.999841690063477,0.019999999552965164,2.0,2.0,1.0,0.0,5.307666128828714e-07,31.999841690063477,0.019999999552965164
1.508,2.0,2.0,1.0,0.0,5.10085101268487e-07,31.999841690063477,0.019999999552965164,2.0,2.0,1.0,0.0,5.099449822409952e-07,31.999841690063477,0.019999999552965164
1.5090000000000001,2.0,2.0,1.0,0.0,4.900747967440111e-07,31.999841690063477,0.019999999552965164,2.0,2.0,1.0,0.0,4.899401915281487e-07,31.999841690063477,0.019999999552965164
1.51,2.0,2.0,1.0,0.0,4.7084952825571236e-07,31.999841690063477,0.019999999552965164,2.0,2.0,1.0,0.0,4.7072012421267573e-07,31.999841690063477,0.019999999552965164
1.5110000000000001,2.0,2.0,1.0,0.0,4.5237851509227767e-07,31.999841690063477,0.019999999552965164,2.0,2.0,1.0,0.0,4.5225408484839136e-07,31.999841690063477,0.019999999552965164
1.512,2.0,2.0,1.0,0.0,4.346319997239334e-07,31.999841690063477,0.019999999552965164,2.0,2.0,1.0,0.0,4.3451248643577856e-07,31.999841690063477,0.019999999552965164
1.5130000000000001,2.0,2.0,1.0,0.0,4.1758173097150575e-07,31.999841690063477,0.019999999552965164,2.0,2.0,1.0,0.0,4.1746685042198806e-07,31.999841690063477,0.019999999552965164
1.514,2.0,2.0,1.0,0.0,4.012003387288132e-07,31.999841690063477,0.019999999552965164,2.0,2.0,1.0,0.0,4.0108994880938553e-07,31.999841690063477,0.019999999552965164
1.5150000000000001,2.0,2.0,1.0,0.0,3.85461618179761e-07,31.999841690063477,0.019999999552965164,2.0,2.0,1.0,0.0,3.8535546309503843e-07,31.999841690063477,0.019999999552965164
1.516,2.0,2.0,1.0,0.0,3.703403024246654e-07,31.999841690063477,0.019999999552965164,2.0,2.0,1.0,0.0,3.702382116443914e-07,31.999841690063477,0.019999999552965164
1.5170000000000001,2.0,2.0,1.0,0.0,3.558121761670918e-07,31.999841690063477,0.019999999552965164,2.0,2.0,1.0,0.0,3.5571406442613807e-07,31.999841690063477,0.019999999552965164
1.518,2.0,2.0,1.0,0.0,3.418539620270167e-07,31.999841690063477,0.019999999552965164,2.0,2.0,1.0,0.0,3.417596587951266e-07,31.999841690063477,0.019999999552965164
1.5190000000000001,2.0,2.0,1.0,0.0,3.2844329211911827e-07,31.999841690063477,0.019999999552965164,2.0,2.0,1.0,0.0,3.28352740552873e-07,31.999841690063477,0.019999999552965164
1.52,2.0,2.0,1.0,0.0,3.1555873647448607e-07,31.999841690063477,0.019999999552965164,2.0,2.0,1.0,0.0,3.154716239350819e-07,31.999841690063477,0.019999999552965164
1.5210000000000001,2.0,2.0,1.0,0.0,3.0317963251036417e-07,31.999841690063477,0.019999999552965164,2.0,2.0,1.0,0.0,3.0309593057609163e-07,31.999841690063477,0.019999999552965164
1.522,2.0,2.0,1.0,0.0,2.9128611345186073e-07,31.999841690063477,0.019999999552965164,2.0,2.0,1.0,0.0,2.912056800141727e-07,31.999841690063477,0.019999999552965164
1.5230000000000001,2.0,2.0,1.0,0.0,2.798591651753668e-07,31.999841690063477,0.019999999552965164,2.0,2.0,1.0,0.0,2.7978180128229724e-07,31.999841690063477,0.019999999552965164
1.524,2.0,2.0,1.0,0.0,2.6888045567829977e-07,31.999841690063477,0.019999999552965164,2.0,2.0,1.0,0.0,2.6880613290813926e-07,31.999841690063477,0.019999999552965164
1.5250000000000001,2.0,2.0,1.0,0.0,2.5833250560935994e-07,31.999841690063477,0.019999999552965164,2.0,2.0,1.0,0.0,2.582610534318519e-07,31.999841690063477,0.019999999552965164
1.526,2.0,2.0,1.0,0.0,2.481982050994702e-07,31.999841690063477,0.019999999552965164,2.0,2.0,1.0,0.0,2.4812973720145237e-07,31.999841690063477,0.019999999552965164
1.5270000000000001,2.0,2.0,1.0,0.0,2.384615811479307e-07,31.999841690063477,0.019999999552965164,2.0,2.0,1.0,0.0,2.3839572804718046e-07,31.999841690063477,0.019999999552965164
1.528,2.0,2.0,1.0,0.0,2.2910688812771696e-07,31.999841690063477,0.019999999552965164,2.0,2.0,1.0,0.0,2.2904362140252488e-07,31.999841690063477,0.019999999552965164
1.5290000000000001,2.0,2.0,1.0,0.0,2.2011920464137802e-07,31.999841690063477,0.019999999552965164,2.0,2.0,1.0,0.0,2.2005841060490638e-07,31.999841690063477,0.019999999552965164
1.53,2.0,2.0,1.0,0.0,2.114841493039421e-07,31.999841690063477,0.019999999552965164,2.0,2.0,1.0,0.0,2.1142570005849848e-07,31.999841690063477,0.019999999552965164
1.5310000000000001,2.0,2.0,1.0,0.0,2.0318775284522417e-07,31.999841690063477,0.019999999552965164,2.0,2.0,1.0,0.0,2.031315915473897e-07,31.999841690063477,0.019999999552965164
1.532,2.0,2.0,1.0,0.0,1.9521678495948436e-07,31.999841690063477,0.019999999552965164,2.0,2.0,1.0,0.0,1.9516286897669488e-07,31.999841690063477,0.019999999552965164
1.5330000000000001,2.0,2.0,1.0,0.0,1.8755858377517143e-07,31.999841690063477,0.019999999552965164,2.0,2.0,1.0,0.0,1.875067709988798e-07,31.999841690063477,0.019999999552965164
1.534,2.0,2.0,1.0,0.0,1.80200743216119e-07,31.999841690063477,0.019999999552965164,2.0,2.0,1.0,0.0,1.8015101943547052e-07,31.999841690063477,0.019999999552965164
1.5350000000000001,2.0,2.0,1.0,0.0,1.7313161038146063e-07,31.999841690063477,0.019999999552965164,2.0,2.0,1.0,0.0,1.730838050661987e-07,31.999841690063477,0.019999999552965164
1.536,2.0,2.0,1.0,0.0,1.663397881657147e-07,31.999841690063477,0.019999999552965164,2.0,2.0,1.0,0.0,1.662938871049846e-07,31.999841690063477,0.019999999552965164
1.537,2.0,2.0,1.0,0.0,1.59974334223989e-07,31.999841690063477,0.019999999552965164,2.0,2.0,1.0,0.0,1.5993025215266243e-07,31.999841690063477,0.019999999552965164
1.538,2.0,2.0,1.0,0.0,1.5354498827946372e-07,31.999841690063477,0.019999999552965164,2.0,2.0,1.0,0.0,1.5350266835412185e-07,31.999841690063477,0.019999999552965164
1.539,2.0,2.0,1.0,0.0,1.4766919775865972e-07,31.999841690063477,0.019999999552965164,2.0,2.0,1.0,0.0,1.4762849787075538e-07,31.999841690063477,0.019999999552965164
1.54,2.0,2.0,1.0,0.0,1.4173433271480462e-07,31.999841690063477,0.019999999552965164,2.0,2.0,1.0,0.0,1.4169529549690196e-07,31.999841690063477,0.019999999552965164
1.541,2.0,2.0,1.0,0.0,1.3631047579565347e-07,31.999841690063477,0.019999999552965164,2.0,2.0,1.0,0.0,1.3627297335006006e-07,31.999841690063477,0.019999999552965164
1.542,2.0,2.0,1.0,0.0,1.3083214867037896e-07,31.999841690063477,0.019999999552965164,2.0,2.0,1.0,0.0,1.3079616678624006e-07,31.999841690063477,0.019999999552965164
1.543,2.0,2.0,1.0,0.0,1.2582553665652085e-07,31.999841690063477,0.019999999552965164,2.0,2.0,1.0,0.0,1.257909048035799e-07,31.999841690063477,0.019999999552965164
1.544,2.0,2.0,1.0,0.0,1.2076861821697094e-07,31.999841690063477,0.019999999552965164,2.0,2.0,1.0,0.0,1.2073535060608265e-07,31.999841690063477,0.019999999552965164
1.545,2.0,2.0,1.0,0.0,1.161473051070061e-07,31.999841690063477,0.019999999552965164,2.0,2.0,1.0,0.0,1.1611530226218747e-07,31.999841690063477,0.019999999552965164
1.546,2.0,2.0,1.0,0.0,1.1147962908353293e-07,31.999841690063477,0.019999999552965164,2.0,2.0,1.0,0.0,1.114488981102113e-07,31.999841690063477,0.019999999552965164
1.547,2.0,2.0,1.0,0.0,1.0721385024226038e-07,31.999841690063477,0.019999999552965164,2.0,2.0,1.0,0.0,1.0718429166445276e-07,31.999841690063477,0.019999999552965164
1.548,2.0,2.0,1.0,0.0,1.0290517593602999e-07,31.999841690063477,0.019999999552965164,2.0,2.0,1.0,0.0,1.0287684659715524e-07,31.999841690063477,0.019999999552965164
1.549,2.0,2.0,1.0,0.0,9.896753283555881e-08,31.999841690063477,0.019999999552965164,2.0,2.0,1.0,0.0,9.894028352164241e-08,31.999841690063477,0.019999999552965164
1.55,2.0,2.0,1.0,0.0,9.49903125047058e-08,31.999841690063477,0.019999999552965164,2.0,2.0,1.0,0.0,9.496415032117511e-08,31.999841690063477,0.019999999552965164
1.551,2.0,2.0,1.0,0.0,9.135554535077972e-08,31.999841690063477,0.019999999552965164,2.0,2.0,1.0,0.0,9.133036371622438e-08,31.999841690063477,0.019999999552965164
1.552,2.0,2.0,1.0,0.0,8.768425630023557e-08,31.999841690063477,0.019999999552965164,2.0,2.0,1.0,0.0,8.766008363636502e-08,31.999841690063477,0.019999999552965164
1.553,2.0,2.0,1.0,0.0,8.432906639654902e-08,31.999841690063477,0.019999999552965164,2.0,2.0,1.0,0.0,8.430582454366231e-08,31.999841690063477,0.019999999552965164
1.554,2.0,2.0,1.0,0.0,8.094016124005066e-08,31.999841690063477,0.019999999552965164,2.0,2.0,1.0,0.0,8.091785019814779e-08,31.999841690063477,0.019999999552965164
1.555,2.0,2.0,1.0,0.0,7.784305466884689e-08,31.999841690063477,0.019999999552965164,2.0,2.0,1.0,0.0,7.782160338365429e-08,31.999841690063477,0.019999999552965164
1.556,2.0,2.0,1.0,0.0,7.471481922038947e-08,31.999841690063477,0.019999999552965164,2.0,2.0,1.0,0.0,7.469424190276186e-08,31.999841690063477,0.019999999552965164
1.557,2.0,2.0,1.0,0.0,7.185592920677664e-08,31.999841690063477,0.019999999552965164,2.0,2.0,1.0,0.0,7.183614059158572e-08,31.999841690063477,0.019999999552965164
1.558,2.0,2.0,1.0,0.0,6.896833326663909e-08,31.999841690063477,0.019999999552965164,2.0,2.0,1.0,0.0,6.894934756473958e-08,31.999841690063477,0.019999999552965164
1.559,2.0,2.0,1.0,0.0,6.632933491346193e-08,31.999841690063477,0.019999999552965164,2.0,2.0,1.0,0.0,6.631109528143497e-08,31.999841690063477,0.019999999552965164
1.56,2.0,2.0,1.0,0.0,6.366382621081357e-08,31.999841690063477,0.019999999552965164,2.0,2.0,1.0,0.0,6.364636107036858e-08,31.999841690063477,0.019999999552965164
1.561,2.0,2.0,1.0,0.0,6.122783702267043e-08,31.999841690063477,0.019999999552965164,2.0,2.0,1.0,0.0,6.121105400325177e-08,31.999841690063477,0.019999999552965164
1.562,2.0,2.0,1.0,0.0,5.8767362531852996e-08,31.999841690063477,0.019999999552965164,2.0,2.0,1.0,0.0,5.875126873888803e-08,31.999841690063477,0.019999999552965164
1.563,2.0,2.0,1.0,0.0,5.651876122669819e-08,31.999841690063477,0.019999999552965164,2.0,2.0,1.0,0.0,5.650327139505862e-08,31.999841690063477,0.019999999552965164
1.564,2.0,2.0,1.0,0.0,5.4247554004405174e-08,31.999841690063477,0.019999999552965164,2.0,2.0,1.0,0.0,5.4232685897659394e-08,31.999841690063477,0.019999999552965164
1.565,2.0,2.0,1.0,0.0,5.217189169570702e-08,31.999841690063477,0.019999999552965164,2.0,2.0,1.0,0.0,5.2157592023149846e-08,31.999841690063477,0.019999999552965164
1.566,2.0,2.0,1.0,0.0,5.007538561585534e-08,31.999841690063477,0.019999999552965164,2.0,2.0,1.0,0.0,5.006166148291413e-08,31.999841690063477,0.019999999552965164
1.567,2.0,2.0,1.0,0.0,4.815940002345087e-08,31.999841690063477,0.019999999552965164,2.0,2.0,1.0,0.0,4.8146183928565733e-08,31.999841690063477,0.019999999552965164
1.568,2.0,2.0,1.0,0.0,4.6224162275620984e-08,31.999841690063477,0.019999999552965164,2.0,2.0,1.0,0.0,4.621147198236031e-08,31.999841690063477,0.019999999552965164
1.569,2.0,2.0,1.0,0.0,4.445554324661316e-08,31.999841690063477,0.019999999552965164,2.0,2.0,1.0,0.0,4.444334678055384e-08,31.999841690063477,0.019999999552965164
1.57,2.0,2.0,1.0,0.0,4.2669160649211335e-08,31.999841690063477,0.019999999552965164,2.0,2.0,1.0,0.0,4.265744735221233e-08,31.999841690063477,0.019999999552965164
1.571,2.0,2.0,1.0,0.0,4.103659279053318e-08,31.999841690063477,0.019999999552965164,2.0,2.0,1.0,0.0,4.1025316477316665e-08,31.999841690063477,0.019999999552965164
1.572,2.0,2.0,1.0,0.0,3.9387604289231604e-08,31.999841690063477,0.019999999552965164,2.0,2.0,1.0,0.0,3.9376793381507014e-08,31.999841690063477,0.019999999552965164
1.573,2.0,2.0,1.0,0.0,3.7880621306385365e-08,31.999841690063477,0.019999999552965164,2.0,2.0,1.0,0.0,3.787021896073384e-08,31.999841690063477,0.019999999552965164
1.574,2.0,2.0,1.0,0.0,3.6358478894271684e-08,31.999841690063477,0.019999999552965164,2.0,2.0,1.0,0.0,3.6348495768834255e-08,31.999841690063477,0.019999999552965164
1.575,2.0,2.0,1.0,0.0,3.496741030062367e-08,31.999841690063477,0.019999999552965164,2.0,2.0,1.0,0.0,3.495780731554987e-08,31.999841690063477,0.019999999552965164
1.576,2.0,2.0,1.0,0.0,3.3562361778649574e-08,31.999841690063477,0.019999999552965164,2.0,2.0,1.0,0.0,3.355313538122573e-08,31.999841690063477,0.019999999552965164
1.577,2.0,2.0,1.0,0.0,3.227827960472496e-08,31.999841690063477,0.019999999552965164,2.0,2.0,1.0,0.0,3.226941203138267e-08,31.999841690063477,0.019999999552965164
1.578,2.0,2.0,1.0,0.0,3.098130818557365e-08,31.999841690063477,0.019999999552965164,2.0,2.0,1.0,0.0,3.0972767461889816e-08,31.999841690063477,0.019999999552965164
1.579,2.0,2.0,1.0,0.0,2.979598967556285e-08,31.999841690063477,0.019999999552965164,2.0,2.0,1.0,0.0,2.978778290696482e-08,31.999841690063477,0.019999999552965164
1.58,2.0,2.0,1.0,0.0,2.859870029681133e-08,31.999841690063477,0.019999999552965164,2.0,2.0,1.0,0.0,2.859082215422859e-08,31.999841690063477,0.019999999552965164
1.581,2.0,2.0,1.0,0.0,2.7504505339948082e-08,31.999841690063477,0.019999999552965164,2.0,2.0,1.0,0.0,2.7496922072600682e-08,31.999841690063477,0.019999999552965164
1.582,2.0,2.0,1.0,0.0,2.6399309405178428e-08,31.999841690063477,0.019999999552965164,2.0,2.0,1.0,0.0,2.6392028118493727e-08,31.999841690063477,0.019999999552965164
1.583,2.0,2.0,1.0,0.0,2.5389276459009125e-08,31.999841690063477,0.019999999552965164,2.0,2.0,1.0,0.0,2.538227406034821e-08,31.999841690063477,0.019999999552965164
1.584,2.0,2.0,1.0,0.0,2.436908985714581e-08,31.999841690063477,0.019999999552965164,2.0,2.0,1.0,0.0,2.4362373451936037e-08,31.999841690063477,0.019999999552965164
1.585,2.0,2.0,1.0,0.0,2.3436745877347676e-08,31.999841690063477,0.019999999552965164,2.0,2.0,1.0,0.0,2.3430285267522777e-08,31.999841690063477,0.019999999552965164
1.586,2.0,2.0,1.0,0.0,2.2495040497005903e-08,31.999841690063477,0.019999999552965164,2.0,2.0,1.0,0.0,2.248883035349536e-08,31.999841690063477,0.019999999552965164
1.587,2.0,2.0,1.0,0.0,2.1612788003722017e-08,31.999841690063477,0.019999999552965164,2.0,2.0,1.0,0.0,2.1606819444741632e-08,31.999841690063477,0.019999999552965164
1.588,2.0,2.0,1.0,0.0,2.0765137165312808e-08,31.999841690063477,0.019999999552965164,2.0,2.0,1.0,0.0,2.07594155199331e-08,31.999841690063477,0.019999999552965164
1.589,2.0,2.0,1.0,0.0,1.995074150329401e-08,31.999841690063477,0.019999999552965164,2.0,2.0,1.0,0.0,1.9945249007946586e-08,31.999841690063477,0.019999999552965164
1.59,2.0,2.0,1.0,0.0,1.9168295395388668e-08,31.999841690063477,0.019999999552965164,2.0,2.0,1.0,0.0,1.916301606286197e-08,31.999841690063477,0.019999999552965164
1.591,2.0,2.0,1.0,0.0,1.841654295731132e-08,31.999841690063477,0.019999999552965164,2.0,2.0,1.0,0.0,1.8411475011248513e-08,31.999841690063477,0.019999999552965164
1.592,2.0,2.0,1.0,0.0,1.7694283371838537e-08,31.999841690063477,0.019999999552965164,2.0,2.0,1.0,0.0,1.768941793045542e-08,31.999841690063477,0.019999999552965164
1.593,2.0,2.0,1.0,0.0,1.7000360230667866e-08,31.999841690063477,0.019999999552965164,2.0,2.0,1.0,0.0,1.6995686635823404e-08,31.999841690063477,0.019999999552965164
1.594,2.0,2.0,1.0,0.0,1.6333656205347324e-08,31.999841690063477,0.019999999552965164,2.0,2.0,1.0,0.0,1.632916735161416e-08,31.999841690063477,0.019999999552965164
1.595,2.0,2.0,1.0,0.0,1.5693105481773273e-08,31.999841690063477,0.019999999552965164,2.0,2.0,1.0,0.0,1.5688797816437727e-08,31.999841690063477,0.019999999552965164
1.596,2.0,2.0,1.0,0.0,1.5077688431119896e-08,31.999841690063477,0.019999999552965164,2.0,2.0,1.0,0.0,1.5073544190613575e-08,31.999841690063477,0.019999999552965164
1.597,2.0,2.0,1.0,0.0,1.448643693890972e-08,31.999841690063477,0.019999999552965164,2.0,2.0,1.0,0.0,1.4482452570518944e-08,31.999841690063477,0.019999999552965164
1.598,2.0,2.0,1.0,0.0,1.3918389996092628e-08,31.999841690063477,0.019999999552965164,2.0,2.0,1.0,0.0,1.3914559282568462e-08,31.999841690063477,0.019999999552965164
1.599,2.0,2.0,1.0,0.0,1.3372623008933715e-08,31.999841690063477,0.019999999552965164,2.0,2.0,1.0,0.0,1.3368945950276157e-08,31.999841690063477,0.019999999552965164
1.6,2.0,2.0,1.0,0.0,1.2848269115295352e-08,31.999841690063477,0.019999999552965164,2.0,2.0,1.0,0.0,1.2844735053363365e-08,31.999841690063477,0.019999999552965164
1.601,2.0,2.0,1.0,0.0,1.2344486322035664e-08,31.999841690063477,0.019999999552965164,2.0,2.0,1.0,0.0,1.234109170411557e-08,31.999841690063477,0.019999999552965164
1.602,2.0,2.0,1.0,0.0,1.1860464610435884e-08,31.999841690063477,0.019999999552965164,2.0,2.0,1.0,0.0,1.1857201442921905e-08,31.999841690063477,0.019999999552965164
1.603,2.0,2.0,1.0,0.0,1.1395430377092453e-08,31.999841690063477,0.019999999552965164,2.0,2.0,1.0,0.0,1.139229688362775e-08,31.999841690063477,0.019999999552965164
1.604,2.0,2.0,1.0,0.0,1.0948640216668082e-08,31.999841690063477,0.019999999552965164,2.0,2.0,1.0,0.0,1.0945629291825298e-08,31.999841690063477,0.019999999552965164
1.605,2.0,2.0,1.0,0.0,1.0519373816464395e-08,31.999841690063477,0.019999999552965164,2.0,2.0,1.0,0.0,1.051648457206511e-08,31.999841690063477,0.019999999552965164
1.606,2.0,2.0,1.0,0.0,1.0106948167276641e-08,31.999841690063477,0.019999999552965164,2.0,2.0,1.0,0.0,1.0104172609715079e-08,31.999841690063477,0.019999999552965164
1.607,2.0,2.0,1.0,0.0,9.710703352538985e-09,31.999841690063477,0.019999999552965164,2.0,2.0,1.0,0.0,9.708037040923045e-09,31.999841690063477,0.019999999552965164
1.608,2.0,2.0,1.0,0.0,9.3300025483245e-09,31.999841690063477,0.019999999552965164,2.0,2.0,1.0,0.0,9.327441929940505e-09,31.999841690063477,0.019999999552965164
1.609,2.0,2.0,1.0,0.0,8.964235576058854e-09,31.999841690063477,0.019999999552965164,2.0,2.0,1.0,0.0,8.961777098193124e-09,31.999841690063477,0.019999999552965164
1.61,2.0,2.0,1.0,0.0,8.612821567055562e-09,31.999841690063477,0.019999999552965164,2.0,2.0,1.0,0.0,8.610451907031802e-09,31.999841690063477,0.019999999552965164
1.611,2.0,2.0,1.0,0.0,8.275189422590756e-09,31.999841690063477,0.019999999552965164,2.0,2.0,1.0,0.0,8.272913909479485e-09,31.999841690063477,0.019999999552965164
1.612,2.0,2.0,1.0,0.0,7.95080001836368e-09,31.999841690063477,0.019999999552965164,2.0,2.0,1.0,0.0,7.948619540343316e-09,31.999841690063477,0.019999999552965164
1.613,2.0,2.0,1.0,0.0,7.639139099069325e-09,31.999841690063477,0.019999999552965164,2.0,2.0,1.0,0.0,7.637043886177253e-09,31.999841690063477,0.019999999552965164
1.614,2.0,2.0,1.0,0.0,7.339705287989773e-09,31.999841690063477,0.019999999552965164,2.0,2.0,1.0,0.0,7.337694007958362e-09,31.999841690063477,0.019999999552965164
1.615,2.0,2.0,1.0,0.0,7.052018524689174e-09,31.999841690063477,0.019999999552965164,2.0,2.0,1.0,0.0,7.050084516180277e-09,31.999841690063477,0.019999999552965164
1.616,2.0,2.0,1.0,0.0,6.775615624121656e-09,31.999841690063477,0.019999999552965164,2.0,2.0,1.0,0.0,6.773759331224483e-09,31.999841690063477,0.019999999552965164
1.617,2.0,2.0,1.0,0.0,6.510058270237096e-09,31.999841690063477,0.019999999552965164,2.0,2.0,1.0,0.0,6.508273919791918e-09,31.999841690063477,0.019999999552965164
1.618,2.0,2.0,1.0,0.0,6.254917028769569e-09,31.999841690063477,0.019999999552965164,2.0,2.0,1.0,0.0,6.253203732597967e-09,31.999841690063477,0.019999999552965164
1.619,2.0,2.0,1.0,0.0,6.0097846699136426e-09,31.999841690063477,0.019999999552965164,2.0,2.0,1.0,0.0,6.008136654855889e-09,31.999841690063477,0.019999999552965164
1.62,2.0,2.0,1.0,0.0,5.7742690628970195e-09,31.999841690063477,0.019999999552965164,2.0,2.0,1.0,0.0,5.772685440774694e-09,31.999841690063477,0.019999999552965164
1.621,2.0,2.0,1.0,0.0,5.547992731891327e-09,31.999841690063477,0.019999999552965164,2.0,2.0,1.0,0.0,5.546470838169171e-09,31.999841690063477,0.019999999552965164
1.622,2.0,2.0,1.0,0.0,5.330592856012117e-09,31.999841690063477,0.019999999552965164,2.0,2.0,1.0,0.0,5.329130914333291e-09,31.999841690063477,0.019999999552965164
1.623,2.0,2.0,1.0,0.0,5.1217212693188685e-09,31.999841690063477,0.019999999552965164,2.0,2.0,1.0,0.0,5.120316615148113e-09,31.999841690063477,0.019999999552965164
1.624,2.0,2.0,1.0,0.0,4.921044460814983e-09,31.999841690063477,0.019999999552965164,2.0,2.0,1.0,0.0,4.919693985527829e-09,31.999841690063477,0.019999999552965164
1.625,2.0,2.0,1.0,0.0,4.72823868946648e-09,31.999841690063477,0.019999999552965164,2.0,2.0,1.0,0.0,4.726941060795298e-09,31.999841690063477,0.019999999552965164
1.6260000000000001,2.0,2.0,1.0,0.0,4.542996201450933e-09,31.999841690063477,0.019999999552965164,2.0,2.0,1.0,0.0,4.5417505312173034e-09,31.999841690063477,0.019999999552965164
1.627,2.0,2.0,1.0,0.0,4.365021677443792e-09,31.999841690063477,0.019999999552965164,2.0,2.0,1.0,0.0,4.363823080666407e-09,31.999841690063477,0.019999999552965164
1.6280000000000001,2.0,2.0,1.0,0.0,4.194028679904704e-09,31.999841690063477,0.019999999552965164,2.0,2.0,1.0,0.0,4.1928762684051435e-09,31.999841690063477,0.019999999552965164
1.629,2.0,2.0,1.0,0.0,4.0297445380588215e-09,31.999841690063477,0.019999999552965164,2.0,2.0,1.0,0.0,4.028636091391036e-09,31.999841690063477,0.019999999552965164
1.6300000000000001,2.0,2.0,1.0,0.0,3.871904130647863e-09,31.999841690063477,0.019999999552965164,2.0,2.0,1.0,0.0,3.870840092901062e-09,31.999841690063477,0.019999999552965164
1.631,2.0,2.0,1.0,0.0,3.720254992956029e-09,31.999841690063477,0.019999999552965164,2.0,2.0,1.0,0.0,3.7192344759517937e-09,31.999841690063477,0.019999999552965164
1.6320000000000001,2.0,2.0,1.0,0.0,3.5745557624977664e-09,31.999841690063477,0.019999999552965164,2.0,2.0,1.0,0.0,3.5735754355670224e-09,31.999841690063477,0.019999999552965164
1.633,2.0,2.0,1.0,0.0,3.434572182214879e-09,31.999841690063477,0.019999999552965164,2.0,2.0,1.0,0.0,3.433629824911577e-09,31.999841690063477,0.019999999552965164
1.6340000000000001,2.0,2.0,1.0,0.0,3.300080653190207e-09,31.999841690063477,0.019999999552965164,2.0,2.0,1.0,0.0,3.299175377335928e-09,31.999841690063477,0.019999999552965164
1.635,2.0,2.0,1.0,0.0,3.1708646819339492e-09,31.999841690063477,0.019999999552965164,2.0,2.0,1.0,0.0,3.1699951552610628e-09,31.999841690063477,0.019999999552965164
1.6360000000000001,2.0,2.0,1.0,0.0,3.04671754491892e-09,31.999841690063477,0.019999999552965164,2.0,2.0,1.0,0.0,3.0458826572044018e-09,31.999841690063477,0.019999999552965164
1.637,2.0,2.0,1.0,0.0,2.927440734268316e-09,31.999841690063477,0.019999999552965164,2.0,2.0,1.0,0.0,2.926639153244537e-09,31.999841690063477,0.019999999552965164
1.6380000000000001,2.0,2.0,1.0,0.0,2.8128432916219026e-09,31.999841690063477,0.019999999552965164,2.0,2.0,1.0,0.0,2.8120732409320226e-09,31.999841690063477,0.019999999552965164
1.639,2.0,2.0,1.0,0.0,2.702741586091406e-09,31.999841690063477,0.019999999552965164,2.0,2.0,1.0,0.0,2.702001511423191e-09,31.999841690063477,0.019999999552965164
1.6400000000000001,2.0,2.0,1.0,0.0,2.5969588701713064e-09,31.999841690063477,0.019999999552965164,2.0,2.0,1.0,0.0,2.5962472172125217e-09,31.999841690063477,0.019999999552965164
1.641,2.0,2.0,1.0,0.0,2.4953257238280457e-09,31.999841690063477,0.019999999552965164,2.0,2.0,1.0,0.0,2.4946422705340865e-09,31.999841690063477,0.019999999552965164
1.6420000000000001,2.0,2.0,1.0,0.0,2.397679388366214e-09,31.999841690063477,0.019999999552965164,2.0,2.0,1.0,0.0,2.3970225804248457e-09,31.999841690063477,0.019999999552965164
1.643,2.0,2.0,1.0,0.0,2.303863322339339e-09,31.999841690063477,0.019999999552965164,2.0,2.0,1.0,0.0,2.303232715661352e-09,31.999841690063477,0.019999999552965164
1.6440000000000001,2.0,2.0,1.0,0.0,2.2137276456390964e-09,31.999841690063477,0.019999999552965164,2.0,2.0,1.0,0.0,2.213122130001466e-09,31.999841690063477,0.019999999552965164
1.645,2.0,2.0,1.0,0.0,2.127128473361495e-09,31.999841690063477,0.019999999552965164,2.0,2.0,1.0,0.0,2.1265467164965912e-09,31.999841690063477,0.019999999552965164
1.6460000000000001,2.0,2.0,1.0,0.0,2.043926805583851e-09,31.999841690063477,0.019999999552965164,2.0,2.0,1.0,0.0,2.0433681413578597e-09,31.999841690063477,0.019999999552965164
1.647,2.0,2.0,1.0,0.0,1.9639894155432103e-09,31.999841690063477,0.019999999552965164,2.0,2.0,1.0,0.0,1.963451623510082e-09,31.999841690063477,0.019999999552965164
1.6480000000000001,2.0,2.0,1.0,0.0,1.887187073279506e-09,31.999841690063477,0.019999999552965164,2.0,2.0,1.0,0.0,1.8866703754838454e-09,31.999841690063477,0.019999999552965164
1.649,2.0,2.0,1.0,0.0,1.8133948787024678e-09,31.999841690063477,0.019999999552965164,2.0,2.0,1.0,0.0,1.812898497988158e-09,31.999841690063477,0.019999999552965164
1.6500000000000001,2.0,2.0,1.0,0.0,1.7424963694168127e-09,31.999841690063477,0.019999999552965164,2.0,2.0,1.0,0.0,1.7420190845385264e-09,31.999841690063477,0.019999999552965164
1.651,2.0,2.0,1.0,0.0,1.6743789688078436e-09,31.999841690063477,0.019999999552965164,2.0,2.0,1.0,0.0,1.6739206687432784e-09,31.999841690063477,0.019999999552965164
1.6520000000000001,2.0,2.0,1.0,0.0,1.6089340970637522e-09,31.999841690063477,0.019999999552965164,2.0,2.0,1.0,0.0,1.6084936715898834e-09,31.999841690063477,0.019999999552965164
1.653,2.0,2.0,1.0,0.0,1.5460562829971991e-09,31.999841690063477,0.019999999552965164,2.0,2.0,1.0,0.0,1.5456333990471194e-09,31.999841690063477,0.019999999552965164
1.6540000000000001,2.0,2.0,1.0,0.0,1.4856451624467581e-09,31.999841690063477,0.019999999552965164,2.0,2.0,1.0,0.0,1.4852388208197453e-09,31.999841690063477,0.019999999552965164
1.655,2.0,2.0,1.0,0.0,1.4276042570315894e-09,31.999841690063477,0.019999999552965164,2.0,2.0,1.0,0.0,1.4272130144377115e-09,31.999841690063477,0.019999999552965164
1.6560000000000001,2.0,2.0,1.0,0.0,1.371839974950717e-09,31.999841690063477,0.019999999552965164,2.0,2.0,1.0,0.0,1.371464053434579e-09,31.999841690063477,0.019999999552965164
1.657,2.0,2.0,1.0,0.0,1.3182633873398686e-09,31.999841690063477,0.019999999552965164,2.0,2.0,1.0,0.0,1.3179023428122605e-09,31.999841690063477,0.019999999552965164
1.6580000000000001,2.0,2.0,1.0,0.0,1.2667884519146355e-09,31.999841690063477,0.019999999552965164,2.0,2.0,1.0,0.0,1.2664415072194402e-09,31.999841690063477,0.019999999552965164
1.659,2.0,2.0,1.0,0.0,1.2173330121711956e-09,31.999841690063477,0.019999999552965164,2.0,2.0,1.0,0.0,1.2169998342415056e-09,31.999841690063477,0.019999999552965164
1.6600000000000001,2.0,2.0,1.0,0.0,1.1698175761409857e-09,31.999841690063477,0.019999999552965164,2.0,2.0,1.0,0.0,1.1694971657760789e-09,31.999841690063477,0.019999999552965164
1.661,2.0,2.0,1.0,0.0,1.1241657604799116e-09,31.999841690063477,0.019999999552965164,2.0,2.0,1.0,0.0,1.1238583397243929e-09,31.999841690063477,0.019999999552965164
1.6620000000000001,2.0,2.0,1.0,0.0,1.080305511713675e-09,31.999841690063477,0.019999999552965164,2.0,2.0,1.0,0.0,1.080009748299915e-09,31.999841690063477,0.019999999552965164
1.663,2.0,2.0,1.0,0.0,1.0381655535240952e-09,31.999841690063477,0.019999999552965164,2.0,2.0,1.0,0.0,1.0378811143851863e-09,31.999841690063477,0.019999999552965164
1.6640000000000001,2.0,2.0,1.0,0.0,9.976786063958798e-10,31.999841690063477,0.019999999552965164,2.0,2.0,1.0,0.0,9.97405269487217e-10,31.999841690063477,0.019999999552965164
1.665,2.0,2.0,1.0,0.0,9.587800553489956e-10,31.999841690063477,0.019999999552965164,2.0,2.0,1.0,0.0,9.585172655590668e-10,31.999841690063477,0.019999999552965164
1.666,2.0,2.0,1.0,0.0,9.223241614897404e-10,31.999841690063477,0.019999999552965164,2.0,2.0,1.0,0.0,9.220712526847308e-10,31.999841690063477,0.019999999552965164
1.667,2.0,2.0,1.0,0.0,8.855036148780471e-10,31.999841690063477,0.019999999552965164,2.0,2.0,1.0,0.0,8.852608091025616e-10,31.999841690063477,0.019999999552965164
1.668,2.0,2.0,1.0,0.0,8.518533101131709e-10,31.999841690063477,0.019999999552965164,2.0,2.0,1.0,0.0,8.51619774699941e-10,31.999841690063477,0.019999999552965164
1.669,2.0,2.0,1.0,0.0,8.178647759038427e-10,31.999841690063477,0.019999999552965164,2.0,2.0,1.0,0.0,8.17640899430927e-10,31.999841690063477,0.019999999552965164
1.67,2.0,2.0,1.0,0.0,7.868027895874263e-10,31.999841690063477,0.019999999552965164,2.0,2.0,1.0,0.0,7.865874063206491e-10,31.999841690063477,0.019999999552965164
1.671,2.0,2.0,1.0,0.0,7.554288306010903e-10,31.999841690063477,0.019999999552965164,2.0,2.0,1.0,0.0,7.552218850293002e-10,31.999841690063477,0.019999999552965164
1.672,2.0,2.0,1.0,0.0,7.26756210767121e-10,31.999841690063477,0.019999999552965164,2.0,2.0,1.0,0.0,7.26557203289957e-10,31.999841690063477,0.019999999552965164
1.673,2.0,2.0,1.0,0.0,6.977954880582615e-10,31.999841690063477,0.019999999552965164,2.0,2.0,1.0,0.0,6.976045852091772e-10,31.999841690063477,0.019999999552965164
1.674,2.0,2.0,1.0,0.0,6.713283262627101e-10,31.999841690063477,0.019999999552965164,2.0,2.0,1.0,0.0,6.711448619078908e-10,31.999841690063477,0.019999999552965164
1.675,2.0,2.0,1.0,0.0,6.44595266052761e-10,31.999841690063477,0.019999999552965164,2.0,2.0,1.0,0.0,6.444191846810554e-10,31.999841690063477,0.019999999552965164
1.676,2.0,2.0,1.0,0.0,6.201639757286159e-10,31.999841690063477,0.019999999552965164,2.0,2.0,1.0,0.0,6.199946667173606e-10,31.999841690063477,0.019999999552965164
1.677,2.0,2.0,1.0,0.0,5.954869375379701e-10,31.999841690063477,0.019999999552965164,2.0,2.0,1.0,0.0,5.95324400887165e-10,31.999841690063477,0.019999999552965164
1.678,2.0,2.0,1.0,0.0,5.729348107053056e-10,31.999841690063477,0.019999999552965164,2.0,2.0,1.0,0.0,5.727786023257408e-10,31.999841690063477,0.019999999552965164
1.679,2.0,2.0,1.0,0.0,5.501560318421639e-10,31.999841690063477,0.019999999552965164,2.0,2.0,1.0,0.0,5.500062072449907e-10,31.999841690063477,0.019999999552965164
1.68,2.0,2.0,1.0,0.0,5.293387950189299e-10,31.999841690063477,0.019999999552965164,2.0,2.0,1.0,0.0,5.291946325591823e-10,31.999841690063477,0.019999999552965164
1.681,2.0,2.0,1.0,0.0,5.08312281155554e-10,31.999841690063477,0.019999999552965164,2.0,2.0,1.0,0.0,5.081738363443833e-10,31.999841690063477,0.019999999552965164
1.682,2.0,2.0,1.0,0.0,4.890960414449808e-10,31.999841690063477,0.019999999552965164,2.0,2.0,1.0,0.0,4.889632032600844e-10,31.999841690063477,0.019999999552965164
1.683,2.0,2.0,1.0,0.0,4.696868449727276e-10,31.999841690063477,0.019999999552965164,2.0,2.0,1.0,0.0,4.695594468806519e-10,31.999841690063477,0.019999999552965164
1.684,2.0,2.0,1.0,0.0,4.5194806230774986e-10,31.999841690063477,0.019999999552965164,2.0,2.0,1.0,0.0,4.5182552144140686e-10,31.999841690063477,0.019999999552965164
1.685,2.0,2.0,1.0,0.0,4.340307280248368e-10,31.999841690063477,0.019999999552965164,2.0,2.0,1.0,0.0,4.339131831621046e-10,31.999841690063477,0.019999999552965164
1.686,2.0,2.0,1.0,0.0,4.1765604863464034e-10,31.999841690063477,0.019999999552965164,2.0,2.0,1.0,0.0,4.1754313895303596e-10,31.999841690063477,0.019999999552965164
1.687,2.0,2.0,1.0,0.0,4.011169452144969e-10,31.999841690063477,0.019999999552965164,2.0,2.0,1.0,0.0,4.010085874472935e-10,31.999841690063477,0.019999999552965164
1.688,2.0,2.0,1.0,0.0,3.8600181384573773e-10,31.999841690063477,0.019999999552965164,2.0,2.0,1.0,0.0,3.8589764717045227e-10,31.999841690063477,0.019999999552965164
1.689,2.0,2.0,1.0,0.0,3.707349149895123e-10,31.999841690063477,0.019999999552965164,2.0,2.0,1.0,0.0,3.7063491165056917e-10,31.999841690063477,0.019999999552965164
1.69,2.0,2.0,1.0,0.0,3.5678257570559424e-10,31.999841690063477,0.019999999552965164,2.0,2.0,1.0,0.0,3.566862916137836e-10,31.999841690063477,0.019999999552965164
1.691,2.0,2.0,1.0,0.0,3.426899319869392e-10,31.999841690063477,0.019999999552965164,2.0,2.0,1.0,0.0,3.4259753367571477e-10,31.999841690063477,0.019999999552965164
1.692,2.0,2.0,1.0,0.0,3.2981076203419946e-10,31.999841690063477,0.019999999552965164,2.0,2.0,1.0,0.0,3.2972174990320013e-10,31.999841690063477,0.019999999552965164
1.693,2.0,2.0,1.0,0.0,3.1680219558793965e-10,31.999841690063477,0.019999999552965164,2.0,2.0,1.0,0.0,3.1671673617061913e-10,31.999841690063477,0.019999999552965164
1.694,2.0,2.0,1.0,0.0,3.0491373315122416e-10,31.999841690063477,0.019999999552965164,2.0,2.0,1.0,0.0,3.048315488918263e-10,31.999841690063477,0.019999999552965164
1.695,2.0,2.0,1.0,0.0,2.9290572745033217e-10,31.999841690063477,0.019999999552965164,2.0,2.0,1.0,0.0,2.928269016155838e-10,31.999841690063477,0.019999999552965164
1.696,2.0,2.0,1.0,0.0,2.819317279634248e-10,31.999841690063477,0.019999999552965164,2.0,2.0,1.0,0.0,2.8185576095296483e-10,31.999841690063477,0.019999999552965164
1.697,2.0,2.0,1.0,0.0,2.708474000634453e-10,31.999841690063477,0.019999999552965164,2.0,2.0,1.0,0.0,2.707745139218787e-10,31.999841690063477,0.019999999552965164
1.698,2.0,2.0,1.0,0.0,2.607174198754336e-10,31.999841690063477,0.019999999552965164,2.0,2.0,1.0,0.0,2.606473925581554e-10,31.999841690063477,0.019999999552965164
1.699,2.0,2.0,1.0,0.0,2.5048554896933695e-10,31.999841690063477,0.019999999552965164,2.0,2.0,1.0,0.0,2.504185470098008e-10,31.999841690063477,0.019999999552965164
1.7,2.0,2.0,1.0,0.0,2.411347788111584e-10,31.999841690063477,0.019999999552965164,2.0,2.0,1.0,0.0,2.4107041363130577e-10,31.999841690063477,0.019999999552965164
1.701,2.0,2.0,1.0,0.0,2.3169004215173317e-10,31.999841690063477,0.019999999552965164,2.0,2.0,1.0,0.0,2.31628313751564e-10,31.999841690063477,0.019999999552965164
1.702,2.0,2.0,1.0,0.0,2.2305852998005804e-10,31.999841690063477,0.019999999552965164,2.0,2.0,1.0,0.0,2.2299921631496744e-10,31.999841690063477,0.019999999552965164
1.703,2.0,2.0,1.0,0.0,2.143403093901597e-10,31.999841690063477,0.019999999552965164,2.0,2.0,1.0,0.0,2.142833410712086e-10,31.999841690063477,0.019999999552965164
1.704,2.0,2.0,1.0,0.0,2.0637276609836164e-10,31.999841690063477,0.019999999552965164,2.0,2.0,1.0,0.0,2.0631796271430858e-10,31.999841690063477,0.019999999552965164
1.705,2.0,2.0,1.0,0.0,1.983251479709125e-10,31.999841690063477,0.019999999552965164,2.0,2.0,1.0,0.0,1.982725789106965e-10,31.999841690063477,0.019999999552965164
1.706,2.0,2.0,1.0,0.0,1.9097044778870753e-10,31.999841690063477,0.019999999552965164,2.0,2.0,1.0,0.0,1.9091993264108709e-10,31.999841690063477,0.019999999552965164
1.707,2.0,2.0,1.0,0.0,1.8354183450863815e-10,31.999841690063477,0.019999999552965164,2.0,2.0,1.0,0.0,1.8349338715140107e-10,31.999841690063477,0.019999999552965164
1.708,2.0,2.0,1.0,0.0,1.7675284846863093e-10,31.999841690063477,0.019999999552965164,2.0,2.0,1.0,0.0,1.767062884905357e-10,31.999841690063477,0.019999999552965164
1.709,2.0,2.0,1.0,0.0,1.6989559759039707e-10,31.999841690063477,0.019999999552965164,2.0,2.0,1.0,0.0,1.6985098050259495e-10,31.999841690063477,0.019999999552965164
1.71,2.0,2.0,1.0,0.0,1.6362883270559792e-10,31.999841690063477,0.019999999552965164,2.0,2.0,1.0,0.0,1.6358592258569615e-10,31.999841690063477,0.019999999552965164
1.711,2.0,2.0,1.0,0.0,1.572991181753025e-10,31.999841690063477,0.019999999552965164,2.0,2.0,1.0,0.0,1.5725795665666453e-10,31.999841690063477,0.019999999552965164
1.712,2.0,2.0,1.0,0.0,1.5151439825000779e-10,31.999841690063477,0.019999999552965164,2.0,2.0,1.0,0.0,1.514748326769677e-10,31.999841690063477,0.019999999552965164
1.713,2.0,2.0,1.0,0.0,1.4567153039379832e-10,31.999841690063477,0.019999999552965164,2.0,2.0,1.0,0.0,1.4563357464414395e-10,31.999841690063477,0.019999999552965164
1.714,2.0,2.0,1.0,0.0,1.4033176010119774e-10,31.999841690063477,0.019999999552965164,2.0,2.0,1.0,0.0,1.4029523376368758e-10,31.999841690063477,0.019999999552965164
1.715,2.0,2.0,1.0,0.0,1.3493835215871997e-10,31.999841690063477,0.019999999552965164,2.0,2.0,1.0,0.0,1.349032691111418e-10,31.999841690063477,0.019999999552965164
1.716,2.0,2.0,1.0,0.0,1.3000930887407947e-10,31.999841690063477,0.019999999552965164,2.0,2.0,1.0,0.0,1.299756274830699e-10,31.999841690063477,0.019999999552965164
1.717,2.0,2.0,1.0,0.0,1.250307635203285e-10,31.999841690063477,0.019999999552965164,2.0,2.0,1.0,0.0,1.2499842827473628e-10,31.999841690063477,0.019999999552965164
1.718,2.0,2.0,1.0,0.0,1.203665084270611e-10,31.999841690063477,0.019999999552965164,2.0,2.0,1.0,0.0,1.20335463815735e-10,31.999841690063477,0.019999999552965164
1.719,2.0,2.0,1.0,0.0,1.1588528053829705e-10,31.999841690063477,0.019999999552965164,2.0,2.0,1.0,0.0,1.1585539472225292e-10,31.999841690063477,0.019999999552965164
1.72,2.0,2.0,1.0,0.0,1.1158008544898124e-10,31.999841690063477,0.019999999552965164,2.0,2.0,1.0,0.0,1.1155137230600687e-10,31.999841690063477,0.019999999552965164
1.721,2.0,2.0,1.0,0.0,1.0744378303728652e-10,31.999841690063477,0.019999999552965164,2.0,2.0,1.0,0.0,1.0741618705623068e-10,31.999841690063477,0.019999999552965164
1.722,2.0,2.0,1.0,0.0,1.0346974665953468e-10,31.999841690063477,0.019999999552965164,2.0,2.0,1.0,0.0,1.0344321926814004e-10,31.999841690063477,0.019999999552965164
1.723,2.0,2.0,1.0,0.0,9.965162028890973e-11,31.999841690063477,0.019999999552965164,2.0,2.0,1.0,0.0,9.962609209823725e-11,31.999841690063477,0.019999999552965164
1.724,2.0,2.0,1.0,0.0,9.598327688209451e-11,31.999841690063477,0.019999999552965164,2.0,2.0,1.0,0.0,9.595872707546249e-11,31.999841690063477,0.019999999552965164
1.725,2.0,2.0,1.0,0.0,9.245882531816463e-11,31.999841690063477,0.019999999552965164,2.0,2.0,1.0,0.0,9.243523307889134e-11,31.999841690063477,0.019999999552965164
1.726,2.0,2.0,1.0,0.0,8.907263121527009e-11,31.999841690063477,0.019999999552965164,2.0,2.0,1.0,0.0,8.904998960446164e-11,31.999841690063477,0.019999999552965164
1.727,2.0,2.0,1.0,0.0,8.581926835837805e-11,31.999841690063477,0.019999999552965164,2.0,2.0,1.0,0.0,8.579752880377711e-11,31.999841690063477,0.019999999552965164
1.728,2.0,2.0,1.0,0.0,8.26935603326362e-11,31.999841690063477,0.019999999552965164,2.0,2.0,1.0,0.0,8.267266038419763e-11,31.999841690063477,0.019999999552965164
1.729,2.0,2.0,1.0,0.0,7.969047643996419e-11,31.999841690063477,0.019999999552965164,2.0,2.0,1.0,0.0,7.967038834211237e-11,31.999841690063477,0.019999999552965164
1.73,2.0,2.0,1.0,0.0,7.680520108799271e-11,31.999841690063477,0.019999999552965164,2.0,2.0,1.0,0.0,7.678587626847033e-11,31.999841690063477,0.019999999552965164
1.731,2.0,2.0,1.0,0.0,7.403309909559397e-11,31.999841690063477,0.019999999552965164,2.0,2.0,1.0,0.0,7.401453755440102e-11,31.999841690063477,0.019999999552965164
1.732,2.0,2.0,1.0,0.0,7.136975038735116e-11,31.999841690063477,0.019999999552965164,2.0,2.0,1.0,0.0,7.135191049112422e-11,31.999841690063477,0.019999999552965164
1.733,2.0,2.0,1.0,0.0,6.881086672683168e-11,31.999841690063477,0.019999999552965164,2.0,2.0,1.0,0.0,6.879372765888903e-11,31.999841690063477,0.019999999552965164
1.734,2.0,2.0,1.0,0.0,6.635235416663221e-11,31.999841690063477,0.019999999552965164,2.0,2.0,1.0,0.0,6.633590898807995e-11,31.999841690063477,0.019999999552965164
1.735,2.0,2.0,1.0,0.0,6.399031304837877e-11,31.999841690063477,0.019999999552965164,2.0,2.0,1.0,0.0,6.397448543138395e-11,31.999841690063477,0.019999999552965164
1.736,2.0,2.0,1.0,0.0,6.172092004153029e-11,31.999841690063477,0.019999999552965164,2.0,2.0,1.0,0.0,6.170570998609293e-11,31.999841690063477,0.019999999552965164
1.737,2.0,2.0,1.0,0.0,5.954055998236285e-11,31.999841690063477,0.019999999552965164,2.0,2.0,1.0,0.0,5.952592585511951e-11,31.999841690063477,0.019999999552965164
1.738,2.0,2.0,1.0,0.0,5.7445666279409835e-11,31.999841690063477,0.019999999552965164,2.0,2.0,1.0,0.0,5.7431621958148327e-11,31.999841690063477,0.019999999552965164
1.739,2.0,2.0,1.0,0.0,5.543288744691566e-11,31.999841690063477,0.019999999552965164,2.0,2.0,1.0,0.0,5.5419387828825606e-11,31.999841690063477,0.019999999552965164
1.74,2.0,2.0,1.0,0.0,5.349905241036623e-11,31.999841690063477,0.019999999552965164,2.0,2.0,1.0,0.0,5.3486094026000686e-11,31.999841690063477,0.019999999552965164
1.741,2.0,2.0,1.0,0.0,5.164109417865603e-11,31.999841690063477,0.019999999552965164,2.0,2.0,1.0,0.0,5.1628645802992423e-11,31.999841690063477,0.019999999552965164
1.742,2.0,2.0,1.0,0.0,4.985601861906552e-11,31.999841690063477,0.019999999552965164,2.0,2.0,1.0,0.0,4.984406637431604e-11,31.999841690063477,0.019999999552965164
1.743,2.0,2.0,1.0,0.0,4.8140970376753245e-11,31.999841690063477,0.019999999552965164,2.0,2.0,1.0,0.0,4.812948997678923e-11,31.999841690063477,0.019999999552965164
1.744,2.0,2.0,1.0,0.0,4.6493208588627155e-11,31.999841690063477,0.019999999552965164,2.0,2.0,1.0,0.0,4.648216880842604e-11,31.999841690063477,0.019999999552965164
1.745,2.0,2.0,1.0,0.0,4.491008259721596e-11,31.999841690063477,0.019999999552965164,2.0,2.0,1.0,0.0,4.489947649788384e-11,31.999841690063477,0.019999999552965164
1.746,2.0,2.0,1.0,0.0,4.338905970624474e-11,31.999841690063477,0.019999999552965164,2.0,2.0,1.0,0.0,4.33788734099938e-11,31.999841690063477,0.019999999552965164
1.747,2.0,2.0,1.0,0.0,4.192770783340016e-11,31.999841690063477,0.019999999552965164,2.0,2.0,1.0,0.0,4.1917927462442606e-11,31.999841690063477,0.019999999552965164
1.748,2.0,2.0,1.0,0.0,4.0523674693648815e-11,31.999841690063477,0.019999999552965164,2.0,2.0,1.0,0.0,4.051428983964378e-11,31.999841690063477,0.019999999552965164
1.749,2.0,2.0,1.0,0.0,3.9174725963153634e-11,31.999841690063477,0.019999999552965164,2.0,2.0,1.0,0.0,3.916571580941941e-11,31.999841690063477,0.019999999552965164
1.75,2.0,2.0,1.0,0.0,3.78786967070166e-11,31.999841690063477,0.019999999552965164,2.0,2.0,1.0,0.0,3.787004390631843e-11,31.999841690063477,0.019999999552965164
1.7510000000000001,2.0,2.0,1.0,0.0,3.66335156654074e-11,31.999841690063477,0.019999999552965164,2.0,2.0,1.0,0.0,3.662520287051052e-11,31.999841690063477,0.019999999552965164
1.752,2.0,2.0,1.0,0.0,3.543718443688171e-11,31.999841690063477,0.019999999552965164,2.0,2.0,1.0,0.0,3.542919430055136e-11,31.999841690063477,0.019999999552965164
1.7530000000000001,2.0,2.0,1.0,0.0,3.428777747838119e-11,31.999841690063477,0.019999999552965164,2.0,2.0,1.0,0.0,3.428009612282956e-11,31.999841690063477,0.019999999552965164
1.754,2.0,2.0,1.0,0.0,3.3183459452468256e-11,31.999841690063477,0.019999999552965164,2.0,2.0,1.0,0.0,3.3176072999907547e-11,31.999841690063477,0.019999999552965164
1.7550000000000001,5.0,2.0,1.0,0.0066000004298985004,0.001134107238613069,31.999919891357422,0.019999999552965164,5.0,2.0,1.0,0.0066000004298985004,0.0011317416792735457,31.999919891357422,0.019999999552965164
1.756,5.0,2.0,1.0,0.014599990099668503,0.0020784770604223013,31.999996185302734,0.019999999552965164,5.0,2.0,1.0,0.014599990099668503,0.002075656782835722,31.999996185302734,0.019999999552965164
1.7570000000000001,5.0,2.0,1.0,0.022599976509809494,0.002966474276036024,32.00006866455078,0.019999999552965164,5.0,2.0,1.0,0.022599976509809494,0.0029634071979671717,32.00006866455078,0.019999999552965164
1.758,5.0,2.0,1.0,0.030599962919950485,0.0040593016892671585,32.00019454956055,0.019999999552965164,5.0,2.0,1.0,0.030599962919950485,0.004056456033140421,32.00019454956055,0.019999999552965164
1.7590000000000001,5.0,2.0,1.0,0.038599949330091476,0.005497833248227835,32.00034713745117,0.019999999552965164,5.0,2.0,1.0,0.038599949330091476,0.005495116114616394,32.00034713745117,0.019999999552965164
1.76,5.0,2.0,1.0,0.04659993574023247,0.007104243151843548,32.0004997253418,0.020000258460640907,5.0,2.0,1.0,0.04659993574023247,0.007101652678102255,32.0004997253418,0.02000024914741516
1.7610000000000001,5.0,2.0,1.0,0.05459992215037346,0.008964241482317448,32.00065231323242,0.02000279910862446,5.0,2.0,1.0,0.05459992215037346,0.00896178837865591,32.00065231323242,0.020002810284495354
1.762,5.0,2.0,1.0,0.06259991228580475,0.011078683659434319,32.00080490112305,0.02000451646745205,5.0,2.0,1.0,0.06259991228580475,0.011075826361775398,32.00080490112305,0.02000459097325802
1.7630000000000001,5.0,2.0,1.0,0.07060004770755768,0.013373395428061485,32.00095748901367,0.019999999552965164,5.0,2.0,1.0,0.07060004770755768,0.01337224617600441,32.00095748901367,0.019999999552965164
1.764,5.0,2.0,1.0,0.07860018312931061,0.015899822115898132,32.0011100769043,0.019999999552965164,5.0,2.0,1.0,0.07860018312931061,0.015897901728749275,32.0011100769043,0.019999999552965164
1.7650000000000001,5.0,2.0,1.0,0.08660031855106354,0.01856035552918911,32.00126266479492,0.020009662955999374,5.0,2.0,1.0,0.08660031855106354,0.01856129616498947,32.00126266479492,0.020008668303489685
1.766,5.0,2.0,1.0,0.09460045397281647,0.02061210758984089,32.00141525268555,0.020776640623807907,5.0,2.0,1.0,0.09460045397281647,0.020612169057130814,32.00141525268555,0.020776476711034775
1.7670000000000001,5.0,2.0,1.0,0.1026005893945694,0.02233567275106907,32.00156784057617,0.022149765864014626,5.0,2.0,1.0,0.1026005893945694,0.02233610861003399,32.00156784057617,0.022149186581373215
1.768,5.0,2.0,1.0,0.11060072481632233,0.02436058409512043,32.0017204284668,0.023480303585529327,5.0,2.0,1.0,0.11060072481632233,0.024358995258808136,32.0017204284668,0.023481804877519608
1.7690000000000001,5.0,2.0,1.0,0.11860086023807526,0.026854582130908966,32.00187301635742,0.024570949375629425,5.0,2.0,1.0,0.11860086023807526,0.026853268966078758,32.00187301635742,0.024572215974330902
1.77,5.0,2.0,1.0,0.12660099565982819,0.029748430475592613,32.00202560424805,0.02547154761850834,5.0,2.0,1.0,0.12660099565982819,0.029747633263468742,32.00202560424805,0.02547234110534191
1.7710000000000001,5.0,2.0,1.0,0.13460113108158112,0.03298142924904823,32.00217819213867,0.026230324059724808,5.0,2.0,1.0,0.13460113108158112,0.03298063948750496,32.00217819213867,0.026231106370687485
1.772,5.0,2.0,1.0,0.14260126650333405,0.036496151238679886,32.002445220947266,0.026890456676483154,5.0,2.0,1.0,0.14260126650333405,0.03649270534515381,32.002445220947266,0.026894012466073036
1.7730000000000001,5.0,2.0,1.0,0.15060140192508698,0.04024500772356987,32.002750396728516,0.027490006759762764,5.0,2.0,1.0,0.15060140192508698,0.040245771408081055,32.002750396728516,0.02748936228454113
1.774,5.0,2.0,1.0,0.1586015373468399,0.044195979833602905,32.002960205078125,0.028053635731339455,5.0,2.0,1.0,0.1586015373468399,0.044195305556058884,32.002960205078125,0.028053950518369675
1.7750000000000001,5.0,2.0,1.0,0.16660167276859283,0.048348333686590195,32.003143310546875,0.028574779629707336,5.0,2.0,1.0,0.16660167276859283,0.04834151268005371,32.003143310546875,0.0285816453397274
1.776,5.0,2.0,1.0,0.17460180819034576,0.05268080532550812,32.003448486328125,0.02906378172338009,5.0,2.0,1.0,0.17460180819034576,0.05267784744501114,32.003448486328125,0.029067348688840866
1.7770000000000001,5.0,2.0,1.0,0.1826019436120987,0.057160548865795135,32.003753662109375,0.02954980358481407,5.0,2.0,1.0,0.1826019436120987,0.057161811739206314,32.003753662109375,0.029548970982432365
1.778,5.0,2.0,1.0,0.19060207903385162,0.06187822297215462,32.004058837890625,0.029937580227851868,5.0,2.0,1.0,0.19060207903385162,0.061884891241788864,32.004058837890625,0.029931213706731796
1.7790000000000001,5.0,2.0,1.0,0.19860221445560455,0.0667223334312439,32.004364013671875,0.030319221317768097,5.0,2.0,1.0,0.19860221445560455,0.06672631949186325,32.004364013671875,0.030315250158309937
1.78,5.0,2.0,1.0,0.20660234987735748,0.0715426355600357,32.004669189453125,0.030851585790514946,5.0,2.0,1.0,0.20660234987735748,0.0715441182255745,32.004669189453125,0.030850006267428398
1.7810000000000001,5.0,2.0,1.0,0.2146024852991104,0.07637744396924973,32.004974365234375,0.03149760514497757,5.0,2.0,1.0,0.2146024852991104,0.07637876272201538,32.004974365234375,0.03149619325995445
1.782,5.0,2.0,1.0,0.22260262072086334,0.08124528080224991,32.005279541015625,0.03223666921257973,5.0,2.0,1.0,0.22260262072086334,0.08124654740095139,32.005279541015625,0.03223522752523422
1.7830000000000001,5.0,2.0,1.0,0.23060275614261627,0.08615915477275848,32.005584716796875,0.03305472433567047,5.0,2.0,1.0,0.23060275614261627,0.08615823090076447,32.005584716796875,0.03305553272366524
1.784,5.0,2.0,1.0,0.2386028915643692,0.09112194180488586,32.005889892578125,0.033946018666028976,5.0,2.0,1.0,0.2386028915643692,0.09112108498811722,32.005889892578125,0.03394681587815285
1.7850000000000001,5.0,2.0,1.0,0.24660302698612213,0.09614310413599014,32.006195068359375,0.0348999984562397,5.0,2.0,1.0,0.24660302698612213,0.09614237397909164,32.006195068359375,0.034900691360235214
1.786,5.0,2.0,1.0,0.25460314750671387,0.10123793035745621,32.006500244140625,0.03589832782745361,5.0,2.0,1.0,0.25460314750671387,0.10123711824417114,32.006500244140625,0.0358990840613842
1.7870000000000001,5.0,2.0,1.0,0.2626032829284668,0.10641374439001083,32.006805419921875,0.03693049028515816,5.0,2.0,1.0,0.2626032829284668,0.1064128652215004,32.006805419921875,0.03693131357431412
1.788,5.0,2.0,1.0,0.2706034183502197,0.11169272661209106,32.007110595703125,0.03797172009944916,5.0,2.0,1.0,0.2706034183502197,0.11169183999300003,32.007110595703125,0.03797253221273422
1.7890000000000001,5.0,2.0,1.0,0.27860355377197266,0.1171032041311264,32.007415771484375,0.0389883928000927,5.0,2.0,1.0,0.27860355377197266,0.11710262298583984,32.007415771484375,0.03898894786834717
1.79,5.0,2.0,1.0,0.2866036891937256,0.12267421931028366,32.007720947265625,0.03994609788060188,5.0,2.0,1.0,0.2866036891937256,0.12267407029867172,32.007720947265625,0.039946265518665314
1.7910000000000001,5.0,2.0,1.0,0.2946038246154785,0.1284390538930893,32.008026123046875,0.0408044271171093,5.0,2.0,1.0,0.2946038246154785,0.12843938171863556,32.008026123046875,0.04080410674214363
1.792,5.0,2.0,1.0,0.30260396003723145,0.13440699875354767,32.008426666259766,0.04154524579644203,5.0,2.0,1.0,0.30260396003723145,0.13440780341625214,32.008426666259766,0.041544489562511444
1.793,5.0,2.0,1.0,0.31040409207344055,0.1404050886631012,32.0087776184082,0.04216214641928673,5.0,2.0,1.0,0.31040409207344055,0.14040404558181763,32.0087776184082,0.04216263070702553
1.794,5.0,2.0,1.0,0.3186042308807373,0.14687477052211761,32.009090423583984,0.042718254029750824,5.0,2.0,1.0,0.3186042308807373,0.14687207341194153,32.009090423583984,0.04272105172276497
1.795,5.0,2.0,1.0,0.3264043629169464,0.15318141877651215,32.00947570800781,0.043161556124687195,5.0,2.0,1.0,0.3264043629169464,0.15318362414836884,32.00947952270508,0.043159473687410355
1.796,5.0,2.0,1.0,0.33460450172424316,0.16006611287593842,32.009944915771484,0.043426837772130966,5.0,2.0,1.0,0.33460450172424316,0.16006724536418915,32.00994873046875,0.043425675481557846
1.797,5.0,2.0,1.0,0.34240463376045227,0.1667424887418747,32.01039123535156,0.04360104724764824,5.0,2.0,1.0,0.34240463376045227,0.16674548387527466,32.01039505004883,0.0435979887843132
1.798,5.0,2.0,1.0,0.350604772567749,0.1737818419933319,32.01077651977539,0.04380728676915169,5.0,2.0,1.0,0.350604772567749,0.17377373576164246,32.01077651977539,0.043814726173877716
1.799,5.0,2.0,1.0,0.35840490460395813,0.1805628389120102,32.01122283935547,0.04395158961415291,5.0,2.0,1.0,0.35840490460395813,0.1805536150932312,32.01122283935547,0.043961040675640106
1.8,5.0,2.0,1.0,0.3666050434112549,0.1877904087305069,32.01169204711914,0.04405954107642174,5.0,2.0,1.0,0.3666050434112549,0.18780699372291565,32.01169204711914,0.044042665511369705
1.801,5.0,2.0,1.0,0.374405175447464,0.19458730518817902,32.01213836669922,0.0442739762365818,5.0,2.0,1.0,0.374405175447464,0.19458399713039398,32.01213836669922,0.04427475109696388
1.802,5.0,2.0,1.0,0.38260531425476074,0.2018781155347824,32.01260757446289,0.044385749846696854,5.0,2.0,1.0,0.38260531425476074,0.20186974108219147,32.01260757446289,0.04439365118741989
1.803,5.0,2.0,1.0,0.39040544629096985,0.20863528549671173,32.01305389404297,0.044709380716085434,5.0,2.0,1.0,0.39040544629096985,0.20863141119480133,32.01305389404297,0.04471297189593315
1.804,5.0,2.0,1.0,0.3986055850982666,0.21571457386016846,32.01352310180664,0.04512264207005501,5.0,2.0,1.0,0.3986055850982666,0.21571119129657745,32.01352310180664,0.04512586444616318
1.805,5.0,2.0,1.0,0.4064057171344757,0.22245164215564728,32.01396942138672,0.04555566608905792,5.0,2.0,1.0,0.4064057171344757,0.22245252132415771,32.01396942138672,0.045554883778095245
1.806,5.0,2.0,1.0,0.41460585594177246,0.2295771986246109,32.01439666748047,0.0460125096142292,5.0,2.0,1.0,0.41460585594177246,0.22957859933376312,32.01439666748047,0.04601114243268967
1.807,5.0,2.0,1.0,0.42240598797798157,0.2364201545715332,32.01479721069336,0.04642314091324806,5.0,2.0,1.0,0.42240598797798157,0.2364182472229004,32.01479721069336,0.04642460495233536
1.808,5.0,2.0,1.0,0.4306061267852783,0.24373091757297516,32.01526641845703,0.04677358642220497,5.0,2.0,1.0,0.4306061267852783,0.2437276989221573,32.01526641845703,0.046776995062828064
1.809,5.0,2.0,1.0,0.4384062588214874,0.2507494390010834,32.01571273803711,0.047075092792510986,5.0,2.0,1.0,0.4384062588214874,0.25074732303619385,32.01571273803711,0.04707719758152962
1.81,5.0,2.0,1.0,0.4466063976287842,0.2582153379917145,32.01618194580078,0.04733937978744507,5.0,2.0,1.0,0.4466063976287842,0.2582130432128906,32.01618194580078,0.04734199494123459
1.811,5.0,2.0,1.0,0.4544065296649933,0.26536545157432556,32.01662826538086,0.047565292567014694,5.0,2.0,1.0,0.4544065296649933,0.26536431908607483,32.01662826538086,0.04756680876016617
1.812,5.0,2.0,1.0,0.46260666847229004,0.2729264497756958,32.01709747314453,0.047782186418771744,5.0,2.0,1.0,0.46260666847229004,0.2729252576828003,32.01709747314453,0.04778365045785904
1.813,5.0,2.0,1.0,0.47040680050849915,0.2801801264286041,32.01754379272461,0.04795214906334877,5.0,2.0,1.0,0.47040680050849915,0.28017884492874146,32.01754379272461,0.04795373976230621
1.814,5.0,2.0,1.0,0.4786069393157959,0.28782522678375244,32.01801300048828,0.048137303441762924,5.0,2.0,1.0,0.4786069393157959,0.28783348202705383,32.01801300048828,0.048129044473171234
1.815,5.0,2.0,1.0,0.486407071352005,0.2951197028160095,32.01845932006836,0.04831314831972122,5.0,2.0,1.0,0.486407071352005,0.2951175272464752,32.01845932006836,0.048315200954675674
1.816,5.0,2.0,1.0,0.49460721015930176,0.3027901351451874,32.01892852783203,0.04851564019918442,5.0,2.0,1.0,0.49460721015930176,0.30278825759887695,32.01892852783203,0.04851742461323738
1.817,5.0,2.0,1.0,0.5024069547653198,0.31012099981307983,32.01937484741211,0.04868260771036148,5.0,2.0,1.0,0.5024069547653198,0.3101195991039276,32.01937484741211,0.04868386685848236
1.818,5.0,2.0,1.0,0.5106058716773987,0.31789249181747437,32.01984405517578,0.04882382974028587,5.0,2.0,1.0,0.5106058716773987,0.31789085268974304,32.01984405517578,0.048825304955244064
1.819,5.0,2.0,1.0,0.5184048414230347,0.32525375485420227,32.02029037475586,0.04900742322206497,5.0,2.0,1.0,0.5184048414230347,0.3252631723880768,32.02029037475586,0.04899788647890091
1.82,5.0,2.0,1.0,0.5266037583351135,0.3329927325248718,32.02075958251953,0.04921392351388931,5.0,2.0,1.0,0.5266037583351135,0.3329925835132599,32.02075958251953,0.0492127351462841
1.821,5.0,2.0,1.0,0.5344027280807495,0.34043633937835693,32.02120590209961,0.04933779314160347,5.0,2.0,1.0,0.5344027280807495,0.34043362736701965,32.02120590209961,0.04934000223875046
1.822,5.0,2.0,1.0,0.5426016449928284,0.3482515215873718,32.02167510986328,0.04950364679098129,5.0,2.0,1.0,0.5426016449928284,0.3482489585876465,32.02167510986328,0.04950592294335365
1.823,5.0,2.0,1.0,0.5504006147384644,0.3556469678878784,32.02212142944336,0.049713730812072754,5.0,2.0,1.0,0.5504006147384644,0.3556528091430664,32.02212142944336,0.04970783367753029
1.824,5.0,2.0,1.0,0.5585995316505432,0.3634490668773651,32.02259063720703,0.049921270459890366,5.0,2.0,1.0,0.5585995316505432,0.36344707012176514,32.02259063720703,0.04992244765162468
1.825,5.0,2.0,1.0,0.5663985013961792,0.3709505796432495,32.02303695678711,0.05004611983895302,5.0,2.0,1.0,0.5663985013961792,0.37094646692276,32.02303695678711,0.0500500425696373
1.826,5.0,2.0,1.0,0.5745974183082581,0.37877193093299866,32.02350616455078,0.05026385933160782,5.0,2.0,1.0,0.5745974183082581,0.37877175211906433,32.02350616455078,0.05026360973715782
1.827,5.0,2.0,1.0,0.582396388053894,0.386232852935791,32.02395248413086,0.05046357586979866,5.0,2.0,1.0,0.582396388053894,0.3862541913986206,32.02395248413086,0.05044318735599518
1.828,5.0,2.0,1.0,0.5905953049659729,0.39410707354545593,32.02442169189453,0.05065809562802315,5.0,2.0,1.0,0.5905953049659729,0.39409610629081726,32.02442169189453,0.05066743493080139
1.829,5.0,2.0,1.0,0.5983942747116089,0.40159180760383606,32.02486801147461,0.05086193233728409,5.0,2.0,1.0,0.5983942747116089,0.4015923738479614,32.02486801147461,0.050861045718193054
1.83,5.0,2.0,1.0,0.6065931916236877,0.4096011221408844,32.02533721923828,0.05093420296907425,5.0,2.0,1.0,0.6065931916236877,0.4096035063266754,32.02533721923828,0.05093098431825638
1.831,5.0,2.0,1.0,0.6143921613693237,0.4171522557735443,32.02578353881836,0.051093798130750656,5.0,2.0,1.0,0.6143921613693237,0.4171539545059204,32.02578353881836,0.05109114572405815
1.832,5.0,2.0,1.0,0.6225910782814026,0.4250999391078949,32.02625274658203,0.051244426518678665,5.0,2.0,1.0,0.6225910782814026,0.4251025319099426,32.02625274658203,0.05124076083302498
1.833,5.0,2.0,1.0,0.6303900480270386,0.43275538086891174,32.02669906616211,0.05131715536117554,5.0,2.0,1.0,0.6303900480270386,0.43274396657943726,32.02669906616211,0.05132760480046272
1.834,5.0,2.0,1.0,0.6385889649391174,0.44064247608184814,32.02716827392578,0.051546238362789154,5.0,2.0,1.0,0.6385889649391174,0.4406353533267975,32.02716827392578,0.051554642617702484
1.835,5.0,2.0,1.0,0.6463879346847534,0.4483157992362976,32.02761459350586,0.05161561071872711,5.0,2.0,1.0,0.6463879346847534,0.44832536578178406,32.02761459350586,0.05160539224743843
1.836,5.0,2.0,1.0,0.6545868515968323,0.4562722146511078,32.02808380126953,0.05180635675787926,5.0,2.0,1.0,0.6545868515968323,0.45627620816230774,32.02808380126953,0.05180104076862335
1.837,5.0,2.0,1.0,0.6623858213424683,0.4638853073120117,32.02853012084961,0.05193718522787094,5.0,2.0,1.0,0.6623858213424683,0.4638866186141968,32.02853012084961,0.051934897899627686
1.838,5.0,2.0,1.0,0.6705847382545471,0.4718756079673767,32.02899932861328,0.0521092526614666,5.0,2.0,1.0,0.6705847382545471,0.4718759059906006,32.02899932861328,0.052107635885477066
1.839,5.0,2.0,1.0,0.6783837080001831,0.4794697165489197,32.02944564819336,0.05228753387928009,5.0,2.0,1.0,0.6783837080001831,0.479460746049881,32.02944564819336,0.052295420318841934
1.84,5.0,2.0,1.0,0.686582624912262,0.4874248206615448,32.02991485595703,0.05250473693013191,5.0,2.0,1.0,0.686582624912262,0.48742303252220154,32.02991485595703,0.05250691995024681
1.841,5.0,2.0,1.0,0.694381594657898,0.49512889981269836,32.03036117553711,0.052583321928977966,5.0,2.0,1.0,0.694381594657898,0.49513229727745056,32.03036117553711,0.0525788888335228
1.842,5.0,2.0,1.0,0.7025805115699768,0.5032007098197937,32.03083038330078,0.05270756036043167,5.0,2.0,1.0,0.7025805115699768,0.5031903386116028,32.03083038330078,0.05271683633327484
1.843,5.0,2.0,1.0,0.7103794813156128,0.5108571648597717,32.03127670288086,0.05283556133508682,5.0,2.0,1.0,0.7103794813156128,0.5108771920204163,32.03127670288086,0.052813928574323654
1.844,5.0,2.0,1.0,0.7185783982276917,0.5189266204833984,32.03174591064453,0.052968114614486694,5.0,2.0,1.0,0.7185783982276917,0.5189381837844849,32.03174591064453,0.0529535710811615
1.845,5.0,2.0,1.0,0.7263773679733276,0.5266289710998535,32.03219223022461,0.053066372871398926,5.0,2.0,1.0,0.7263773679733276,0.5266320705413818,32.03219223022461,0.05306117609143257
1.846,5.0,2.0,1.0,0.7345762848854065,0.5347022414207458,32.03266143798828,0.05320524424314499,5.0,2.0,1.0,0.7345762848854065,0.5347022414207458,32.03266143798828,0.053203001618385315
1.847,5.0,2.0,1.0,0.7423752546310425,0.5424731373786926,32.03310775756836,0.05324174091219902,5.0,2.0,1.0,0.7423752546310425,0.5424728989601135,32.03310775756836,0.053240031003952026
1.848,5.0,2.0,1.0,0.7505741715431213,0.5505291819572449,32.03357696533203,0.05341051518917084,5.0,2.0,1.0,0.7505741715431213,0.5505256056785583,32.03357696533203,0.053411684930324554
1.849,5.0,2.0,1.0,0.7583731412887573,0.558298647403717,32.03402328491211,0.053450409322977066,5.0,2.0,1.0,0.7583731412887573,0.558292031288147,32.03402328491211,0.05345502495765686
1.85,5.0,2.0,1.0,0.7665720582008362,0.5662928819656372,32.03446960449219,0.05368135869503021,5.0,2.0,1.0,0.7665720582008362,0.5662984251976013,32.03447341918945,0.053675081580877304
1.851,5.0,2.0,1.0,0.7745710015296936,0.5743003487586975,32.03492736816406,0.053695373237133026,5.0,2.0,1.0,0.7745710015296936,0.5742939114570618,32.03493118286133,0.05370035022497177
1.852,5.0,2.0,1.0,0.782569944858551,0.5821093320846558,32.03538513183594,0.05391779541969299,5.0,2.0,1.0,0.782569944858551,0.5821146965026855,32.0353889465332,0.053911663591861725
1.853,5.0,2.0,1.0,0.7905688881874084,0.5901240706443787,32.03584289550781,0.05393114313483238,5.0,2.0,1.0,0.7905688881874084,0.5901316404342651,32.03584671020508,0.05392169952392578
1.854,5.0,2.0,1.0,0.7985678315162659,0.5979278087615967,32.03630065917969,0.05416698753833771,5.0,2.0,1.0,0.7985678315162659,0.5979240536689758,32.03630447387695,0.05416855216026306
1.855,5.0,2.0,1.0,0.8065667748451233,0.6058347225189209,32.03675842285156,0.05429403856396675,5.0,2.0,1.0,0.8065667748451233,0.6058298945426941,32.03676223754883,0.054297495633363724
1.856,5.0,2.0,1.0,0.8145657181739807,0.6137273907661438,32.03721618652344,0.054450538009405136,5.0,2.0,1.0,0.8145657181739807,0.6137219667434692,32.0372200012207,0.054454755038022995
1.857,5.0,2.0,1.0,0.8225646615028381,0.6215572953224182,32.03767395019531,0.05467275530099869,5.0,2.0,1.0,0.8225646615028381,0.6215607523918152,32.03767776489258,0.05466808006167412
1.858,5.0,2.0,1.0,0.8305636048316956,0.6293740272521973,32.03818130493164,0.05491267517209053,5.0,2.0,1.0,0.8305636048316956,0.6293696165084839,32.03818130493164,0.05491533875465393
1.859,5.0,2.0,1.0,0.838562548160553,0.637141764163971,32.038639068603516,0.05520739033818245,5.0,2.0,1.0,0.838562548160553,0.6371368765830994,32.038639068603516,0.055211059749126434
1.86,5.0,2.0,1.0,0.8465614914894104,0.6447980403900146,32.03909683227539,0.05562382936477661,5.0,2.0,1.0,0.8465614914894104,0.6447972655296326,32.03909683227539,0.05562378466129303
1.861,5.0,2.0,1.0,0.8545604348182678,0.6522129774093628,32.039554595947266,0.05629295855760574,5.0,2.0,1.0,0.8545604348182678,0.6522130966186523,32.039554595947266,0.05629197508096695
1.862,5.0,2.0,1.0,0.8625593781471252,0.6588482856750488,32.039955139160156,0.057750288397073746,5.0,2.0,1.0,0.8625593781471252,0.6588490605354309,32.039955139160156,0.05774848908185959
1.863,5.0,2.0,1.0,0.8705583214759827,0.6639458537101746,32.040260314941406,0.06085930019617081,5.0,2.0,1.0,0.8705583214759827,0.6639439463615417,32.040260314941406,0.06085992604494095
1.864,5.0,2.0,1.0,0.8785572648048401,0.6708914637565613,32.04069519042969,0.06227637454867363,5.0,2.0,1.0,0.8785572648048401,0.6708904504776001,32.04069519042969,0.06227560341358185
1.865,5.0,2.0,1.0,0.8865562081336975,0.6787728667259216,32.04115295410156,0.06272724270820618,5.0,2.0,1.0,0.8865562081336975,0.6787698864936829,32.04115295410156,0.06272885948419571
1.866,5.0,2.0,1.0,0.8945551514625549,0.686768651008606,32.04170227050781,0.06305526196956635,5.0,2.0,1.0,0.8945551514625549,0.6867610216140747,32.04169845581055,0.06306159496307373
1.867,5.0,2.0,1.0,0.9025540947914124,0.6947774291038513,32.04222869873047,0.06337391585111618,5.0,2.0,1.0,0.9025540947914124,0.6947759389877319,32.0422248840332,0.06337423622608185
1.868,5.0,2.0,1.0,0.9105530381202698,0.7027660608291626,32.042686462402344,0.06370769441127777,5.0,2.0,1.0,0.9105530381202698,0.7027651071548462,32.04268264770508,0.06370759755373001
1.869,5.0,2.0,1.0,0.9185519814491272,0.7107072472572327,32.04314422607422,0.06409204006195068,5.0,2.0,1.0,0.9185519814491272,0.7107061743736267,32.04314041137695,0.06409192830324173
1.87,5.0,2.0,1.0,0.9265509247779846,0.7185901403427124,32.043601989746094,0.06453602761030197,5.0,2.0,1.0,0.9265509247779846,0.7185887694358826,32.04359817504883,0.06453629583120346
1.871,5.0,2.0,1.0,0.934549868106842,0.7263875007629395,32.04405975341797,0.06507060676813126,5.0,2.0,1.0,0.934549868106842,0.7263875007629395,32.0440559387207,0.06506983190774918
1.872,5.0,2.0,1.0,0.9425488114356995,0.7340497970581055,32.044517517089844,0.06574893742799759,5.0,2.0,1.0,0.9425488114356995,0.7340488433837891,32.04451370239258,0.06574926525354385
1.873,5.0,2.0,1.0,0.9505477547645569,0.7414678335189819,32.04497528076172,0.06668458133935928,5.0,2.0,1.0,0.9505477547645569,0.7414679527282715,32.04497146606445,0.06668420135974884
1.874,5.0,2.0,1.0,0.9585466980934143,0.7483626008033752,32.045433044433594,0.06816305965185165,5.0,2.0,1.0,0.9585466980934143,0.7483631372451782,32.04542922973633,0.06816206127405167
1.875,5.0,2.0,1.0,0.9665456414222717,0.7538773417472839,32.04581069946289,0.07104995101690292,5.0,2.0,1.0,0.9665456414222717,0.7538809180259705,32.045806884765625,0.0710456371307373
1.8760000000000001,5.0,2.0,1.0,0.9745445847511292,0.7587204575538635,32.0460205078125,0.07486643642187119,5.0,2.0,1.0,0.9745445847511292,0.7587195038795471,32.046016693115234,0.07486647367477417
1.877,5.0,2.0,1.0,0.9825435280799866,0.7666751742362976,32.04645538330078,0.07560433447360992,5.0,2.0,1.0,0.9825435280799866,0.7666732668876648,32.046451568603516,0.07560546696186066
1.8780000000000001,5.0,2.0,1.0,0.990542471408844,0.7750887870788574,32.046913146972656,0.07583390176296234,5.0,2.0,1.0,0.990542471408844,0.7750871777534485,32.04690933227539,0.07583494484424591
1.879,5.0,2.0,1.0,0.9985414147377014,0.783490777015686,32.04737091064453,0.07605476677417755,5.0,2.0,1.0,0.9985414147377014,0.7834894061088562,32.047367095947266,0.07605543732643127
1.8800000000000001,5.0,2.0,1.0,1.0065423250198364,0.7918739318847656,32.047828674316406,0.07627709954977036,5.0,2.0,1.0,1.0065423250198364,0.7918723821640015,32.04782485961914,0.07627775520086288
1.881,5.0,2.0,1.0,1.0145436525344849,0.8002407550811768,32.04828643798828,0.07650090008974075,5.0,2.0,1.0,1.0145436525344849,0.8002393245697021,32.048282623291016,0.07650132477283478
1.8820000000000001,5.0,2.0,1.0,1.0225449800491333,0.8085867762565613,32.04889678955078,0.07673004269599915,5.0,2.0,1.0,1.0225449800491333,0.8085866570472717,32.04888916015625,0.07673059403896332
1.883,5.0,2.0,1.0,1.0305463075637817,0.816910445690155,32.04950714111328,0.07697203010320663,5.0,2.0,1.0,1.0305463075637817,0.8169091939926147,32.04949951171875,0.07697195559740067
1.8840000000000001,5.0,2.0,1.0,1.0385476350784302,0.8252150416374207,32.04998779296875,0.07721918821334839,5.0,2.0,1.0,1.0385476350784302,0.8252142071723938,32.049983978271484,0.0772201344370842
1.885,5.0,2.0,1.0,1.0465489625930786,0.8334986567497253,32.050445556640625,0.07747617363929749,5.0,2.0,1.0,1.0465489625930786,0.8334987759590149,32.05044174194336,0.07747529447078705
1.8860000000000001,5.0,2.0,1.0,1.054550290107727,0.8417545557022095,32.0509033203125,0.07774876058101654,5.0,2.0,1.0,1.054550290107727,0.8417550921440125,32.050899505615234,0.07774755358695984
1.887,5.0,2.0,1.0,1.0625516176223755,0.849982738494873,32.051361083984375,0.07803849875926971,5.0,2.0,1.0,1.0625516176223755,0.8499818444252014,32.05135726928711,0.0780387744307518
1.8880000000000001,5.0,2.0,1.0,1.070552945137024,0.858165442943573,32.05181884765625,0.07836540043354034,5.0,2.0,1.0,1.070552945137024,0.8581629395484924,32.051815032958984,0.07836722582578659
1.889,5.0,2.0,1.0,1.0785542726516724,0.8663392663002014,32.052276611328125,0.07869724929332733,5.0,2.0,1.0,1.0785542726516724,0.8663346767425537,32.05227279663086,0.07870130240917206
1.8900000000000001,5.0,2.0,1.0,1.0865556001663208,0.8744591474533081,32.05281448364258,0.07907291501760483,5.0,2.0,1.0,1.0865556001663208,0.8744539618492126,32.05281066894531,0.07907795906066895
1.891,5.0,2.0,1.0,1.0945569276809692,0.8825507760047913,32.05342102050781,0.07947511970996857,5.0,2.0,1.0,1.0945569276809692,0.8825489282608032,32.05342102050781,0.07947693020105362
1.8920000000000001,5.0,2.0,1.0,1.1025582551956177,0.8905866742134094,32.05387878417969,0.0799293965101242,5.0,2.0,1.0,1.1025582551956177,0.8905871510505676,32.05387878417969,0.07992902398109436
1.893,5.0,2.0,1.0,1.1105595827102661,0.8985583782196045,32.05433654785156,0.08044679462909698,5.0,2.0,1.0,1.1105595827102661,0.8985581994056702,32.05433654785156,0.08044686913490295
1.8940000000000001,5.0,2.0,1.0,1.1185609102249146,0.9064434170722961,32.05479431152344,0.08105312287807465,5.0,2.0,1.0,1.1185609102249146,0.9064422845840454,32.05479431152344,0.0810542106628418
1.895,5.0,2.0,1.0,1.126562237739563,0.9141932129859924,32.05525207519531,0.08179944008588791,5.0,2.0,1.0,1.126562237739563,0.9141905307769775,32.05525207519531,0.08180253952741623
1.8960000000000001,5.0,2.0,1.0,1.1345635652542114,0.9217143058776855,32.05570983886719,0.08278494328260422,5.0,2.0,1.0,1.1345635652542114,0.9217094779014587,32.05570983886719,0.082789845764637
1.897,5.0,2.0,1.0,1.1425648927688599,0.9287790656089783,32.05616760253906,0.08424394577741623,5.0,2.0,1.0,1.1425648927688599,0.9287713766098022,32.05616760253906,0.08425170183181763
1.8980000000000001,5.0,2.0,1.0,1.1505662202835083,0.9348931312561035,32.05662536621094,0.08669640868902206,5.0,2.0,1.0,1.1505662202835083,0.9348849058151245,32.05662536621094,0.08670489490032196
1.899,5.0,2.0,1.0,1.1585675477981567,0.9418666362762451,32.0571174621582,0.088458351790905,5.0,2.0,1.0,1.1585675477981567,0.9418542981147766,32.0571174621582,0.08847140520811081
1.9000000000000001,5.0,2.0,1.0,1.1665688753128052,0.9504453539848328,32.05760192871094,0.08855792135000229,5.0,2.0,1.0,1.1665688753128052,0.9504455327987671,32.05760192871094,0.08855829387903214
1.901,5.0,2.0,1.0,1.1745702028274536,0.9589508771896362,32.05805969238281,0.08870778977870941,5.0,2.0,1.0,1.1745702028274536,0.9589545726776123,32.05805969238281,0.08870110660791397
1.9020000000000001,5.0,2.0,1.0,1.182571530342102,0.9675008058547974,32.05851745605469,0.08877526968717575,5.0,2.0,1.0,1.182571530342102,0.9675149917602539,32.05851745605469,0.08876167982816696
1.903,5.0,2.0,1.0,1.1905728578567505,0.9759378433227539,32.05897521972656,0.08895289897918701,5.0,2.0,1.0,1.1905728578567505,0.9759243130683899,32.05897521972656,0.08896616101264954
1.9040000000000001,5.0,2.0,1.0,1.198574185371399,0.9844576716423035,32.05943298339844,0.08901163935661316,5.0,2.0,1.0,1.198574185371399,0.9844725131988525,32.05943298339844,0.0889967530965805
1.905,5.0,2.0,1.0,1.2065755128860474,0.9928652048110962,32.059932708740234,0.08918177336454391,5.0,2.0,1.0,1.2065755128860474,0.9928512573242188,32.05992889404297,0.08919411152601242
1.9060000000000001,5.0,2.0,1.0,1.2145768404006958,1.0013647079467773,32.06053924560547,0.0892244204878807,5.0,2.0,1.0,1.2145768404006958,1.0013560056686401,32.06053924560547,0.08923222869634628
1.907,5.0,2.0,1.0,1.2225781679153442,1.0096912384033203,32.06112289428711,0.08943643420934677,5.0,2.0,1.0,1.2225781679153442,1.0097031593322754,32.06112289428711,0.08942587673664093
1.9080000000000001,5.0,2.0,1.0,1.2305794954299927,1.018189787864685,32.061580657958984,0.08944997936487198,5.0,2.0,1.0,1.2305794954299927,1.0181918144226074,32.061580657958984,0.08944659680128098
1.909,5.0,2.0,1.0,1.2385808229446411,1.0264713764190674,32.06203842163086,0.08966681361198425,5.0,2.0,1.0,1.2385808229446411,1.0264689922332764,32.06203842163086,0.08966515958309174
1.9100000000000001,5.0,2.0,1.0,1.2465821504592896,1.0349689722061157,32.062496185302734,0.08965864777565002,5.0,2.0,1.0,1.2465821504592896,1.034955382347107,32.062496185302734,0.08967012166976929
1.911,5.0,2.0,1.0,1.254583477973938,1.04326331615448,32.06295394897461,0.08982407301664352,5.0,2.0,1.0,1.254583477973938,1.0432353019714355,32.06295394897461,0.08985085040330887
1.9120000000000001,5.0,2.0,1.0,1.2625848054885864,1.0516351461410522,32.063411712646484,0.08991628140211105,5.0,2.0,1.0,1.2625848054885864,1.051639437675476,32.063411712646484,0.0899132490158081
1.913,5.0,2.0,1.0,1.2705861330032349,1.059938907623291,32.06386947631836,0.09004790335893631,5.0,2.0,1.0,1.2705861330032349,1.0599536895751953,32.06386947631836,0.09003175050020218
1.9140000000000001,5.0,2.0,1.0,1.2785874605178833,1.0682989358901978,32.06444549560547,0.09012787789106369,5.0,2.0,1.0,1.2785874605178833,1.0682897567749023,32.06443786621094,0.09013547748327255
1.915,5.0,2.0,1.0,1.2865887880325317,1.076629877090454,32.065006256103516,0.09020400047302246,5.0,2.0,1.0,1.2865887880325317,1.0766383409500122,32.06500244140625,0.0901947021484375
1.9160000000000001,5.0,2.0,1.0,1.2945901155471802,1.0848979949951172,32.06546401977539,0.09034698456525803,5.0,2.0,1.0,1.2945901155471802,1.0848958492279053,32.065460205078125,0.0903480276465416
1.917,5.0,2.0,1.0,1.3025914430618286,1.0932152271270752,32.065921783447266,0.09041717648506165,5.0,2.0,1.0,1.3025914430618286,1.0932101011276245,32.06591796875,0.0904214009642601
1.9180000000000001,5.0,2.0,1.0,1.310592770576477,1.10142982006073,32.06637954711914,0.09059321135282516,5.0,2.0,1.0,1.310592770576477,1.1014257669448853,32.066375732421875,0.09059696644544601
1.919,5.0,2.0,1.0,1.3185940980911255,1.109737753868103,32.066837310791016,0.09064862132072449,5.0,2.0,1.0,1.3185940980911255,1.1097323894500732,32.06683349609375,0.09065348654985428
1.92,5.0,2.0,1.0,1.3263953924179077,1.1177010536193848,32.06729507446289,0.09084466099739075,5.0,2.0,1.0,1.3263953924179077,1.117701530456543,32.067291259765625,0.09084434807300568
1.921,5.0,2.0,1.0,1.3345967531204224,1.1262491941452026,32.06789016723633,0.09085109084844589,5.0,2.0,1.0,1.3345967531204224,1.1262606382369995,32.06788635253906,0.09083928167819977
1.922,5.0,2.0,1.0,1.3423980474472046,1.1341547966003418,32.068485260009766,0.09107068926095963,5.0,2.0,1.0,1.3423980474472046,1.1341520547866821,32.0684814453125,0.09107201546430588
1.923,5.0,2.0,1.0,1.3505994081497192,1.1426855325698853,32.069000244140625,0.09108943492174149,5.0,2.0,1.0,1.3505994081497192,1.1426842212677002,32.069000244140625,0.09108960628509521
1.924,5.0,2.0,1.0,1.3584007024765015,1.150606393814087,32.0694465637207,0.09127477556467056,5.0,2.0,1.0,1.3584007024765015,1.1506086587905884,32.0694465637207,0.0912715345621109
1.925,5.0,2.0,1.0,1.3666020631790161,1.1590864658355713,32.069915771484375,0.09132729470729828,5.0,2.0,1.0,1.3666020631790161,1.1590819358825684,32.069915771484375,0.09133144468069077
1.926,5.0,2.0,1.0,1.3744033575057983,1.1670008897781372,32.07036209106445,0.09150432795286179,5.0,2.0,1.0,1.3744033575057983,1.1669974327087402,32.07036209106445,0.09150762856006622
1.927,5.0,2.0,1.0,1.382604718208313,1.1754651069641113,32.070831298828125,0.09155761450529099,5.0,2.0,1.0,1.382604718208313,1.1754623651504517,32.070831298828125,0.09156035631895065
1.928,5.0,2.0,1.0,1.3904060125350952,1.1833871603012085,32.0712776184082,0.09171200543642044,5.0,2.0,1.0,1.3904060125350952,1.1833816766738892,32.0712776184082,0.09171827137470245
1.929,5.0,2.0,1.0,1.3986073732376099,1.1918060779571533,32.07185745239258,0.09179374575614929,5.0,2.0,1.0,1.3986073732376099,1.1918110847473145,32.071861267089844,0.09179040789604187
1.93,5.0,2.0,1.0,1.406408667564392,1.1997051239013672,32.072452545166016,0.091959148645401,5.0,2.0,1.0,1.406408667564392,1.1997137069702148,32.07245635986328,0.09195149689912796
1.931,5.0,2.0,1.0,1.4146100282669067,1.2081212997436523,32.07292938232422,0.09203135222196579,5.0,2.0,1.0,1.4146100282669067,1.208127737045288,32.072933197021484,0.0920243188738823
1.932,5.0,2.0,1.0,1.422411322593689,1.2159875631332397,32.0733757019043,0.09221802651882172,5.0,2.0,1.0,1.422411322593689,1.2159950733184814,32.07337951660156,0.09221019595861435
1.933,5.0,2.0,1.0,1.4306126832962036,1.2244071960449219,32.07384490966797,0.09227383881807327,5.0,2.0,1.0,1.4306126832962036,1.2244256734848022,32.073848724365234,0.09225577861070633
1.934,5.0,2.0,1.0,1.4384139776229858,1.2322372198104858,32.07429122924805,0.09248891472816467,5.0,2.0,1.0,1.4384139776229858,1.2322392463684082,32.07429504394531,0.09248407185077667
1.935,5.0,2.0,1.0,1.4466153383255005,1.2406772375106812,32.07476043701172,0.09250964224338531,5.0,2.0,1.0,1.4466153383255005,1.2406697273254395,32.074764251708984,0.09251746535301208
1.936,5.0,2.0,1.0,1.4544166326522827,1.2484898567199707,32.0752067565918,0.09274079650640488,5.0,2.0,1.0,1.4544166326522827,1.2484921216964722,32.07521057128906,0.09273890405893326
1.937,5.0,2.0,1.0,1.4626179933547974,1.2568705081939697,32.075828552246094,0.09280192106962204,5.0,2.0,1.0,1.4626179933547974,1.2568695545196533,32.075828552246094,0.09280350804328918
1.938,5.0,2.0,1.0,1.4704192876815796,1.2647377252578735,32.076393127441406,0.09297307580709457,5.0,2.0,1.0,1.4704192876815796,1.2647383213043213,32.076393127441406,0.09297330677509308
1.939,5.0,2.0,1.0,1.4786206483840942,1.2730059623718262,32.07686233520508,0.0931362509727478,5.0,2.0,1.0,1.4786206483840942,1.2730116844177246,32.07686233520508,0.09313088655471802
1.94,5.0,2.0,1.0,1.4864219427108765,1.2809401750564575,32.077308654785156,0.09323398023843765,5.0,2.0,1.0,1.4864219427108765,1.2809334993362427,32.077308654785156,0.09324070066213608
1.941,5.0,2.0,1.0,1.4946233034133911,1.2891566753387451,32.07777786254883,0.09345439076423645,5.0,2.0,1.0,1.4946233034133911,1.2891638278961182,32.07777786254883,0.09344715625047684
1.942,5.0,2.0,1.0,1.5024245977401733,1.2970573902130127,32.078224182128906,0.09356570243835449,5.0,2.0,1.0,1.5024245977401733,1.2970720529556274,32.078224182128906,0.09355030953884125
1.943,5.0,2.0,1.0,1.510625958442688,1.305344581604004,32.07869338989258,0.09371104836463928,5.0,2.0,1.0,1.510625958442688,1.3053340911865234,32.07869338989258,0.09372134506702423
1.944,5.0,2.0,1.0,1.5184272527694702,1.3131438493728638,32.079139709472656,0.0939280316233635,5.0,2.0,1.0,1.5184272527694702,1.313141942024231,32.079139709472656,0.0939299687743187
1.945,5.0,2.0,1.0,1.5266286134719849,1.3213800191879272,32.07960891723633,0.09410882741212845,5.0,2.0,1.0,1.5266286134719849,1.321384072303772,32.07960891723633,0.0941045880317688
1.946,5.0,2.0,1.0,1.534429907798767,1.3292381763458252,32.080177307128906,0.09426465630531311,5.0,2.0,1.0,1.534429907798767,1.3292485475540161,32.080177307128906,0.0942542552947998
1.947,5.0,2.0,1.0,1.5426312685012817,1.337466835975647,32.08064651489258,0.09445919841527939,5.0,2.0,1.0,1.5426312685012817,1.3374691009521484,32.08064651489258,0.09445666521787643
1.948,5.0,2.0,1.0,1.550432562828064,1.3452668190002441,32.081092834472656,0.09467063099145889,5.0,2.0,1.0,1.550432562828064,1.345270037651062,32.081092834472656,0.09466677159070969
1.949,5.0,2.0,1.0,1.5586339235305786,1.353453516960144,32.08156204223633,0.09490418434143066,5.0,2.0,1.0,1.5586339235305786,1.3534530401229858,32.08156204223633,0.094903364777565
1.95,5.0,2.0,1.0,1.5664352178573608,1.3612257242202759,32.082008361816406,0.09514180570840836,5.0,2.0,1.0,1.5664352178573608,1.3612240552902222,32.082008361816406,0.09514255821704865
1.951,5.0,2.0,1.0,1.5746365785598755,1.3693695068359375,32.08247756958008,0.09541917592287064,5.0,2.0,1.0,1.5746365785598755,1.3693708181381226,32.08247756958008,0.09541770070791245
1.952,5.0,2.0,1.0,1.5824378728866577,1.3770849704742432,32.082923889160156,0.09571687132120132,5.0,2.0,1.0,1.5824378728866577,1.3770838975906372,32.082923889160156,0.09571785479784012
1.953,5.0,2.0,1.0,1.5906392335891724,1.385142207145691,32.08339309692383,0.09608988463878632,5.0,2.0,1.0,1.5906392335891724,1.3851391077041626,32.08339309692383,0.09609284996986389
1.954,5.0,2.0,1.0,1.5984405279159546,1.3927339315414429,32.08393096923828,0.09652122855186462,5.0,2.0,1.0,1.5984405279159546,1.3927319049835205,32.08393478393555,0.09652284532785416
1.955,5.0,2.0,1.0,1.6066418886184692,1.400578498840332,32.08440017700195,0.09712053835391998,5.0,2.0,1.0,1.6066418886184692,1.4005740880966187,32.08440399169922,0.09712393581867218
1.956,5.0,2.0,1.0,1.6144431829452515,1.4078271389007568,32.08484649658203,0.0979192927479744,5.0,2.0,1.0,1.6144431829452515,1.4078227281570435,32.0848503112793,0.0979228988289833
1.957,5.0,2.0,1.0,1.6226445436477661,1.4153966903686523,32.0853157043457,0.09884986281394958,5.0,2.0,1.0,1.6226445436477661,1.4153907299041748,32.08531951904297,0.09885520488023758
1.958,5.0,2.0,1.0,1.6304458379745483,1.423291802406311,32.08576202392578,0.09906663000583649,5.0,2.0,1.0,1.6304458379745483,1.4232877492904663,32.08576583862305,0.09907069802284241
1.959,5.0,2.0,1.0,1.638647198677063,1.4316707849502563,32.08623123168945,0.09917563199996948,5.0,2.0,1.0,1.638647198677063,1.431686282157898,32.08623504638672,0.09916041791439056
1.96,5.0,2.0,1.0,1.6464484930038452,1.4396270513534546,32.08671569824219,0.09930655360221863,5.0,2.0,1.0,1.6464484930038452,1.4396127462387085,32.086708068847656,0.09931620955467224
1.961,5.0,2.0,1.0,1.6546498537063599,1.4480983018875122,32.08731460571289,0.09931442141532898,5.0,2.0,1.0,1.6546498537063599,1.4480957984924316,32.08731460571289,0.09931594878435135
1.962,5.0,2.0,1.0,1.662451148033142,1.4559588432312012,32.087867736816406,0.09950502961874008,5.0,2.0,1.0,1.662451148033142,1.4559476375579834,32.087867736816406,0.0995180532336235
1.963,5.0,2.0,1.0,1.6706525087356567,1.4643763303756714,32.08833694458008,0.09956198930740356,5.0,2.0,1.0,1.6706525087356567,1.464385986328125,32.08833694458008,0.09955848753452301
1.964,5.0,2.0,1.0,1.678453803062439,1.4724650382995605,32.088783264160156,0.09952965378761292,5.0,2.0,1.0,1.678453803062439,1.4724172353744507,32.088783264160156,0.0995725691318512
1.965,5.0,2.0,1.0,1.6866551637649536,1.4807792901992798,32.08925247192383,0.09965658187866211,5.0,2.0,1.0,1.6866551637649536,1.4808036088943481,32.08925247192383,0.09963057935237885
1.966,5.0,2.0,1.0,1.6944564580917358,1.488703966140747,32.089698791503906,0.09977787733078003,5.0,2.0,1.0,1.6944564580917358,1.4886866807937622,32.089698791503906,0.0997791439294815
1.967,5.0,2.0,1.0,1.7026578187942505,1.4971413612365723,32.090171813964844,0.09976498782634735,5.0,2.0,1.0,1.7026578187942505,1.4971307516098022,32.090171813964844,0.0997871458530426
1.968,5.0,2.0,1.0,1.7104591131210327,1.5051475763320923,32.090675354003906,0.09977621585130692,5.0,2.0,1.0,1.7104591131210327,1.5051124095916748,32.09067153930664,0.0998191386461258
1.969,5.0,2.0,1.0,1.7186604738235474,1.5134718418121338,32.091278076171875,0.0998774915933609,5.0,2.0,1.0,1.7186604738235474,1.5134773254394531,32.0912971496582,0.09987068176269531
1.97,5.0,2.0,1.0,1.7264617681503296,1.5213392972946167,32.091796875,0.10001585632562637,5.0,2.0,1.0,1.7264617681503296,1.521356463432312,32.0918083190918,0.10001005232334137
1.971,5.0,2.0,1.0,1.7346631288528442,1.5297937393188477,32.09226608276367,0.09998240321874619,5.0,2.0,1.0,1.7346631288528442,1.5297880172729492,32.09227752685547,0.09998165816068649
1.972,5.0,2.0,1.0,1.7424644231796265,1.53773832321167,32.09271240234375,0.10002298653125763,5.0,2.0,1.0,1.7424644231796265,1.537756085395813,32.09272384643555,0.10000189393758774
1.973,5.0,2.0,1.0,1.7506657838821411,1.5461031198501587,32.09318161010742,0.10006233304738998,5.0,2.0,1.0,1.7506657838821411,1.5461574792861938,32.09319305419922,0.10000596940517426
1.974,5.0,2.0,1.0,1.7584670782089233,1.5539180040359497,32.0936279296875,0.10024256259202957,5.0,2.0,1.0,1.7584670782089233,1.553921103477478,32.0936393737793,0.10021620988845825
1.975,5.0,2.0,1.0,1.766668438911438,1.5623328685760498,32.094120025634766,0.10020846128463745,5.0,2.0,1.0,1.766668438911438,1.5622652769088745,32.09413528442383,0.10026386380195618
1.976,5.0,2.0,1.0,1.7744697332382202,1.5702621936798096,32.094627380371094,0.10023941099643707,5.0,2.0,1.0,1.7744697332382202,1.5702886581420898,32.09465408325195,0.1002301275730133
1.977,5.0,2.0,1.0,1.7826710939407349,1.5786057710647583,32.09520721435547,0.10027191042900085,5.0,2.0,1.0,1.7826710939407349,1.578642725944519,32.095237731933594,0.10023456066846848
1.978,5.0,2.0,1.0,1.790472388267517,1.5865478515625,32.09569549560547,0.1003023162484169,5.0,2.0,1.0,1.790472388267517,1.586537480354309,32.09571075439453,0.10030888766050339
1.979,5.0,2.0,1.0,1.7986737489700317,1.5948065519332886,32.09616470336914,0.10042005777359009,5.0,2.0,1.0,1.7986737489700317,1.5947785377502441,32.0961799621582,0.10043928027153015
1.98,5.0,2.0,1.0,1.806475043296814,1.6027405261993408,32.09661102294922,0.10044458508491516,5.0,2.0,1.0,1.806475043296814,1.6026691198349,32.09662628173828,0.1004972979426384
1.981,5.0,2.0,1.0,1.8146764039993286,1.611056923866272,32.09708023071289,0.10046476125717163,5.0,2.0,1.0,1.8146764039993286,1.6110539436340332,32.09709548950195,0.1004868671298027
1.982,5.0,2.0,1.0,1.822677731513977,1.6191773414611816,32.097537994384766,0.10049241036176682,5.0,2.0,1.0,1.822677731513977,1.6191682815551758,32.09755325317383,0.10051711648702621
1.983,5.0,2.0,1.0,1.8306790590286255,1.6273460388183594,32.09799575805664,0.1004796177148819,5.0,2.0,1.0,1.8306790590286255,1.627291202545166,32.0980110168457,0.10053205490112305
1.984,5.0,2.0,1.0,1.838680386543274,1.6352770328521729,32.098453521728516,0.10067938268184662,5.0,2.0,1.0,1.838680386543274,1.6352429389953613,32.098472595214844,0.10072235763072968
1.985,5.0,2.0,1.0,1.8466817140579224,1.6433759927749634,32.09900665283203,0.10072948038578033,5.0,2.0,1.0,1.8466817140579224,1.6433864831924438,32.099029541015625,0.10072777420282364
1.986,5.0,2.0,1.0,1.8546830415725708,1.6515682935714722,32.0994987487793,0.10068409889936447,5.0,2.0,1.0,1.8546830415725708,1.6515475511550903,32.09951400756836,0.10070668160915375
1.987,5.0,2.0,1.0,1.8626843690872192,1.6596823930740356,32.09995651245117,0.10069482773542404,5.0,2.0,1.0,1.8626843690872192,1.6596698760986328,32.099971771240234,0.10071060061454773
1.988,5.0,2.0,1.0,1.8706856966018677,1.667715072631836,32.10041427612305,0.10077673196792603,5.0,2.0,1.0,1.8706856966018677,1.6677237749099731,32.10042953491211,0.10077200829982758
1.989,5.0,2.0,1.0,1.8786870241165161,1.6757315397262573,32.10087203979492,0.10088273882865906,5.0,2.0,1.0,1.8786870241165161,1.67573881149292,32.100887298583984,0.10087384283542633
1.99,5.0,2.0,1.0,1.8866883516311646,1.683823585510254,32.1013298034668,0.10091238468885422,5.0,2.0,1.0,1.8866883516311646,1.683820128440857,32.10134506225586,0.10091566294431686
1.991,5.0,2.0,1.0,1.894689679145813,1.6918784379959106,32.1018180847168,0.10097268223762512,5.0,2.0,1.0,1.894689679145813,1.6918951272964478,32.10183334350586,0.10096707940101624
1.992,5.0,2.0,1.0,1.9026910066604614,1.6999766826629639,32.10234451293945,0.101002536714077,5.0,2.0,1.0,1.9026910066604614,1.700051188468933,32.10237503051758,0.10092762857675552
1.993,5.0,2.0,1.0,1.9106923341751099,1.7080951929092407,32.10292053222656,0.10098681598901749,5.0,2.0,1.0,1.9106923341751099,1.7081108093261719,32.10293960571289,0.10098178684711456
1.994,5.0,2.0,1.0,1.9186936616897583,1.7162014245986938,32.10340118408203,0.1009894385933876,5.0,2.0,1.0,1.9186936616897583,1.7161729335784912,32.10341262817383,0.10101885348558426
1.995,5.0,2.0,1.0,1.9266949892044067,1.7241703271865845,32.103858947753906,0.10113871097564697,5.0,2.0,1.0,1.9266949892044067,1.7241861820220947,32.1038703918457,0.10111629962921143
1.996,5.0,2.0,1.0,1.9346963167190552,1.7322628498077393,32.10431671142578,0.10114020109176636,5.0,2.0,1.0,1.9346963167190552,1.7322587966918945,32.10432815551758,0.10114511102437973
1.997,5.0,2.0,1.0,1.9426976442337036,1.740290880203247,32.104774475097656,0.10120183974504471,5.0,2.0,1.0,1.9426976442337036,1.7402909994125366,32.10478591918945,0.10120242089033127
1.998,5.0,2.0,1.0,1.950698971748352,1.7483999729156494,32.10523223876953,0.101194366812706,5.0,2.0,1.0,1.950698971748352,1.7484270334243774,32.10524368286133,0.10117446631193161
1.999,5.0,2.0,1.0,1.9587002992630005,1.756481647491455,32.105690002441406,0.10122155398130417,5.0,2.0,1.0,1.9587002992630005,1.7564319372177124,32.1057014465332,0.10126903653144836
2.0,5.0,2.0,1.0,1.966701626777649,1.7644182443618774,32.10614776611328,0.10137096047401428,5.0,2.0,1.0,1.966701626777649,1.7644325494766235,32.10618209838867,0.10137622803449631
