:020000040800F2
:10000000400E0020F101000879800008856F00088B
:10001000D17F0008D50700081D9F000800000000E0
:10002000000000000000000000000000318900080E
:10003000D11600080000000045810008698E000804
:100040000B0200080B0200080B0200080B0200085C
:100050000B0200080B0200080B0200080B0200084C
:100060000B0200080B0200080B020008151500081F
:10007000711500080B0200080B0200080B020008B3
:100080000B0200080B0200080B0200080B0200081C
:100090000B020008191700080B0200080B020008E9
:1000A0000B0200080B0200080B0200080B020008FC
:1000B0000B0200080B0200080B0200080B020008EC
:1000C0000B0200080B0200080B0200080B020008DC
:1000D0000B0200080B0200080B020008BD9E00087E
:1000E0000B0200080B0200080B0200080B020008BC
:1000F0000B0200080B0200080B0200080B020008AC
:100100000B0200080B0200080B0200080B0200089B
:100110000B0200080B0200080B0200080B0200088B
:100120000B0200080B0200080B0200080B0200087B
:100130000B0200080B0200080B0200080B0200086B
:10014000350B00080B0200080B0200080B02000828
:100150000B0200080B0200080B0200080B0200084B
:100160000B0200080B0200080B0200080B0200083B
:100170000B0200080B0200080B0200080B0200082B
:100180000B0200080B0200080B0200080B0200081B
:100190000B020008000000000B0200080B02000820
:1001A0000B0200080B0200080B0200080B020008FB
:1001B0000B0200080B0200080B0200080B020008EB
:1001C0000B0200080B0200080B0200080B020008DB
:1001D0000B0200080B020008DFF810D000F08EF8C8
:1001E0000048004741A20008AFF30080400E002005
:1001F0000648804706480047FEE7FEE7FEE7FEE7C1
:10020000FEE7FEE7FEE7FEE7FEE7FEE7DD8E00081D
:10021000D90100082DE9F05F0546002092469B4673
:1002200088460646814640241BE02846414647460C
:10023000224600F053F853465A46C01A914110D353
:1002400011461846224600F03AF82D1A67EB0108CD
:100250004F4622460120002100F031F817EB00093B
:100260004E41201EA4F10104DFDC484631462A46F7
:100270004346BDE8F09F40EA01039B0703D009E035
:1002800008C9121F08C0042AFAD203E011F8013B82
:1002900000F8013B521EF9D27047D2B201E000F8DB
:1002A000012B491EFBD270470022F6E710B513461A
:1002B0000A4604461946FFF7F0FF204610BD202AE3
:1002C00004DB203A00FA02F1002070479140C2F1AD
:1002D000200320FA03F3194390407047202A04DBDF
:1002E000203A21FA02F00021704721FA02F3D040AF
:1002F000C2F120029140084319467047064C074D51
:1003000006E0E06840F0010394E8070098471034E5
:10031000AC42F6D3FFF764FF1CB500083CB50008FB
:100320002A48008800EE900AF8EE600AB0EE600AF3
:10033000DFED270A60EE200A9FED261AC0EE811A33
:100340002548C0ED001A2148408800EE900AF8EEDA
:10035000600AB0EE600ADFED1E0A60EE200A9FED33
:100360001D1AC0EE811A1C48C0ED011A174880887A
:1003700000EE900AF8EE600AB0EE600ADFED170AB0
:1003800060EE200A9FED131AC0EE811A1248C0EDEC
:10039000031AD0ED040A9FED121A60EE810A90ED67
:1003A000031ADFED101A41EE210AC0ED040AD0ED68
:1003B000020A9FED0B1A60EE810A90ED011ADFED43
:1003C000091A41EE210AC0ED020A7047780900209F
:1003D00099998A4200F07F4520090020000084425C
:1003E00077BE7F3F6F12833A10B52DED028B6949BE
:1003F00008880AF0FFFC00EE100AB8EE400A6648D2
:1004000080ED080A634948880AF0F4FC00EE100AFF
:10041000B8EE400A604880ED090A5E4988880AF013
:10042000E9FC00EE100AB8EE400A5B4880ED0A0ACB
:100430005A4908890AF0DEFC00EE100AB8EE400ABC
:10044000554880ED0B0A5348C08800EE100AB8EEFC
:10045000400ADFED530A20EE200ADFED520A80EE5B
:10046000201A4D4880ED0C1A4A48008900EE100A07
:10047000B8EE400ADFED4A0A20EE200ADFED490A15
:1004800080EE201A444880ED0D1A4248408900EE63
:10049000100AB8EE400ADFED420A20EE200ADFED36
:1004A000410A80EE201A3C4880ED0E1A39488089B6
:1004B00000EE100AB8EE400ADFED390A20EE200AFD
:1004C000DFED380A80EE201A334880ED0F1A3148EC
:1004D000C489B4F5907F02DD012033490880324899
:1004E000008810B1142C00DA00242A48C08900EEDC
:1004F000100AB8EE400ADFED2D0A20EE200ADFEDEB
:10050000290A80EE201A244880ED051AB4F5807F70
:1005100009DD90ED050AF7EE000AB4EEE00AF1EE0F
:1005200010FA00D200242048008850B11A4890EDFB
:10053000050AF7EE000AB4EEE00AF1EE10FA00D276
:100540000024154890ED060ADFED190A20EE200A76
:10055000D0ED050A9FED171A00EE810A80ED060A1C
:100560000E48C08800EE100AB8EE400ADFED120A0D
:1005700020EE208A084890ED070ADFED0D0A20EEF4
:10058000200ADFED0C0A08EE200A80ED070ABDEC18
:10059000028B10BD88090020200900207809002066
:1005A0000000044100F07F4540000020000084422C
:1005B00057EC6F3F499D803DCDCC9C4070B50446C3
:1005C000206806F013FE0646206806F014FE98B375
:1005D00096BB2068806800F00D0001280AD12068D1
:1005E00081681A4A1140891C816000BF032021687C
:1005F000086009E0E06D40F01000E065206E40F01A
:1006000001002066012070BD03F0EEFA054614E0FB
:1006100003F0EAFA401B02280FD92068806800F036
:10062000010050B1E06D40F01000E065206E40F038
:10063000010020660120E6E705E02068806800F000
:1006400001000028E4D10020DDE70000C0FFFF7FAB
:1006500038B5044600200090206806F0CCFD002844
:1006600058D1206880682C49084048B1E06D40F0BE
:100670001000E065206E40F001002066012038BDCA
:10068000206806F093FD2168B1F1A04F03D0234A02
:100690002168914201D1224900E02249084606F032
:1006A0008DFD00F4000080B11F4800681F49B0FBB9
:1006B000F1F0401C00EB40008000009002E0009848
:1006C000401E009000980028F9D103F08DFA0546ED
:1006D0001AE0206806F08FFD10B9206806F066FD6C
:1006E00003F082FA401B02280ED92068006800F04F
:1006F000010048B9E06D40F01000E065206E40F068
:10070000010020660120BAE72068006800F00100BF
:100710000028DED00020B2E73F000080000100503A
:10072000000300500007005010000020400D03009F
:1007300024490978884205D023498969234A1160F0
:100740002049087090B120498969204A1268891AA5
:1007500040F6B83291421FD91B49497D41F0010250
:1007600019494A7500211A4A117015E0164989691C
:10077000164A1268891A40F6B83291420CD91249C9
:10078000497D01F0020210494A7500210E4A11709C
:1007900051705180918091710B49497D01290FD190
:1007A0000949097831B10849097D41F00101064A3A
:1007B000117505E00449097D01F00201024A117535
:1007C000704700004C0000209809002048000020DD
:1007D0004400002000BFFEE710B52DED028B002481
:1007E000C4480078FFF7A4FFC348007807F05CFC1A
:1007F00009F014FCC148007F401CC1B2BF4801771A
:10080000007F642802DABDEC028B10BD0021BB48DA
:1008100001770120BA490870BA4800784870BA4890
:1008200090ED040AF2EE040A20EE200ABCEEC00AA3
:1008300010EE100A4880B44890ED020AF2EE040A65
:1008400020EE200ABCEEC00A10EE100A88800A20B2
:10085000C880E62008819FEDAD0AB0EE408AAA4824
:1008600090ED080AB0EE408A90ED090AB4EEC80A8D
:10087000F1EE10FA03DD90ED090AB0EE408AA248CD
:1008800090ED0A0AB4EEC80AF1EE10FA03DD90ED1D
:100890000A0AB0EE408A9C4890ED0B0AB4EEC80AF2
:1008A000F1EE10FA03DD90ED0B0AB0EE408ABCEEDB
:1008B000C80A10EE100A924988729548007900F033
:1008C0000100C87292480079C0F340000873904854
:1008D0000079C0F3800048738D480079C0F3C000F0
:1008E00088738B480079C0F30010C873884800797A
:1008F000C0F34010087486480079C0F38010487433
:1009000083480079C0F3C010887481488088C0F3A0
:100910000020C8747E488088C0F3402008757C4859
:100920008088C0F38020487579488088C0F3C02053
:10093000887577488088C0F30030C875744880880F
:10094000C0F34030087672488088C0F38030487623
:100950006F488088C0F3C03088766D484068C0F327
:100960000040C8760020087769484068C0F34040DE
:1009700048776248407D08B9012000E000206049C6
:10098000887763484068C0F3C040C87760484068D3
:10099000C0F3005081F82000002081F8210081F888
:1009A000220081F8230081F8240081F8250081F8D5
:1009B000260081F8270081F8280081F8290081F8B5
:1009C0002A00002406E05348015D4D482B300155B4
:1009D000601CC4B2032CF6DB002406E04E48015D27
:1009E00047482E300155601CC4B2032CF6DB0024AE
:1009F00006E04A48015D424831300155601CC4B2EE
:100A0000032CF6DB002406E04548015D3C48343009
:100A10000155601CC4B2082CF6DB002406E04148F6
:100A2000015D37483C300155601CC4B2082CF6DB30
:100A30000020334981F842003B480078401C3A4985
:100A40000870084600780F2801DD0020087036483D
:100A500000782B4981F84300084609F04FFE00203A
:100A60003249086088802748007888712848007AD1
:100A7000C8712F4800780872002048728872C872C6
:100A80002348007A08732248807A48732048407AC5
:100A900088730020C87308744874887488828875C5
:100AA00008834883087748778877C87781F82000DB
:100AB00081F8210081F8220081F8230081F82400C8
:100AC00081F8250081F8260081F82700084690F873
:100AD0002800401C81F82800084690F828000F28BC
:100AE00002DD002081F82800104809F0EDFF00BF6A
:100AF00089E60000440000204500002098090020FD
:100B0000E40900202C0A0020200900200000000039
:100B1000E006002097B0000894B000089AB00008E2
:100B20009DB00008A5B0000846000020B8090020CC
:100B30005408002010B502F001F810BD10B50B48A4
:100B400040780A49097888420FD008480078074958
:100B5000487000F0CFFD07F04FFD002004490870F9
:100B6000B3EE0E0A014880ED040A10BDE006002035
:100B70005408002010B52DED028B9FED280AB0EE31
:100B8000408A274840782649097888423FD025483E
:100B9000008A00EE100AB8EE400ADFED230A20EECC
:100BA000200AB0EE408A214890ED000AF3EE0D0ACB
:100BB000B4EEE00AF1EE10FA21D2B3EE0E0AB4EE72
:100BC000C08AF1EE10FA1ADB00F084FD07F014FD84
:100BD00017480088401C16490880084600880328EA
:100BE00018DB0F4800780E49487000201149487002
:100BF00088710220087000200D4908800AE000205A
:100C00000B49088000F076FD07F0F6FC02E00020BA
:100C100007490880BDEC028B10BD000000000000F9
:100C2000E006002098090020CDCCCC3D2009002012
:100C30001E000020540800207047000018488068FB
:100C400018B105201649087029E015484078022897
:100C500007D113488078012803D103201049087078
:100C60001DE00F484078012813D10D4880780128F5
:100C70000FD10B48C078022803DA03200849087016
:100C80000DE00748C078022809D104200449087003
:100C900005E00348407810B9012001490870704709
:100CA0002C0A00201648407980B91648C08900EE09
:100CB000100AB8EE400AF7EE000AB4EEE00AF1EED0
:100CC00010FA03DB01200E49087117E00C48407947
:100CD000012810D10B48008A00EE100AB8EE400A35
:100CE000F3EE0E0AB4EEE00AF1EE10FA03DB022096
:100CF0000349087102E000200149087170470000B3
:100D00002C0A0020980900202548806818B1052089
:100D1000234908703BE022484078022803D120484C
:100D20008078012833D01E484078022806D11C481C
:100D3000807818B902201A49087028E018484078CD
:100D400001280AD11648807818B11548C0780228C1
:100D500003DD02201249087019E01148407801288B
:100D600007D10F48C078022803D104200C4908702D
:100D70000DE00B48407850B90948008A642803DD2B
:100D800005200749087002E0012005490870044861
:100D90000078032802D00020014908717047000044
:100DA0002C0A002010B502460020002349B142B1B0
:100DB00000BF04E0CC5C0444E0B25C1CE3B29342AC
:100DC000F8DB80F0FF0010BDF0EE400AC0ED040A31
:100DD00090ED030A90ED021AD0ED041A01EE210AFB
:100DE00080ED030A90ED030A90ED011AD0ED041A8C
:100DF00001EE210A80ED070A90ED070A7047000016
:100E00004A48C08900EE100AB8EE400ADFED480AF1
:100E100020EE200A474880ED070A90ED070AF1EE20
:100E2000040AB4EEE00AF1EE10FA03DDB1EE040AB2
:100E300080ED070A3F4890ED060AD0ED070A9FEDC6
:100E40003E1A70EEC10AB4EEE00AF1EE10FA08D2D2
:100E500090ED060ADFED380A30EE200A80ED060A32
:100E600004E0344890ED070A80ED060A314890ED21
:100E7000060A3248D0ED030A30EE600A304880EDB1
:100E8000040A90ED040AD0ED030A30EE600ADFEDAB
:100E90002D0A20EE200AD0ED040A9FED2B1A01EE58
:100EA000200A80ED070A90ED040A80ED030A90ED18
:100EB000070AD0ED080A30EE200A80ED070A90ED0F
:100EC000070ADFED220AB4EEE00AF1EE10FA03DDC4
:100ED0009FED1E0A80ED070A194890ED070ADFED25
:100EE0001C0AB4EEE00AF1EE10FA04D2002019490F
:100EF0000870487003E001201649087048701048D7
:100F000090ED070A80ED080A9FED130A114880ED65
:100F1000040A01200F49487000208870084890EDAD
:100F2000070A084680ED050A70470000980900206E
:100F3000CDCCCC3D5408002017B7513920090020F2
:100F4000C40800200DC78E3C8197993B8FC2F53DA8
:100F50000AD7233CFC06002000401C4710B5B3EE26
:100F60000E0A224880ED040A407820490978884218
:100F700038D01F4890ED000AF2EE040AB4EEE00A01
:100F8000F1EE10FA26D21948007A18BB19480088E9
:100F9000401C1849088008460088032825DB1348B0
:100FA00000781249487000F095FB07F025FB0020FF
:100FB00011494870B3EE0E0A0C4880ED040A242152
:100FC0000E48FFF771F901200B490870002009490C
:100FD00008800AE000200749088000F08BFB07F03A
:100FE0000BFB02E000200349088010BDE006002052
:100FF000200900201C00002054080020A008002028
:1010000010B52DED048B9FEDA80AB0EE409AA748CD
:1010100090ED010AB0EE409A90ED000AF0EE408AA1
:10102000A34890ED000ADFEDA30A20EE200ADFEDD1
:10103000A20A08EEA00A80ED000A9FEDA00AA048CF
:1010400080ED040A9F48008A00EE100AB8EE400ABC
:10105000DFED9D0A20EE200AB0EE408A9B488079A1
:1010600002286FDA00F046FB38EE680A984880EDF7
:10107000040A90ED040ADFED970AB4EEE00AF1EEFF
:1010800010FA04DD9FED930A80ED040A0DE090480C
:1010900090ED040ADFED900AB4EEE00AF1EE10FAEA
:1010A00003D29FED8D0A80ED040A894890ED040A71
:1010B000D0ED030A30EE600ADFED880A20EE200A48
:1010C000D0ED040A9FED861A01EE200A80ED070A92
:1010D00090ED040A80ED030A90ED070AD0ED080AAE
:1010E00030EE200A80ED070A90ED070ADFED7D0A59
:1010F000B4EEE00AF1EE10FA0FDD9FED7A0A80ED12
:10110000070A79480088401C77490880084600880B
:10111000642805DD6420088002E000207249088010
:101120000120674908704870694890ED070ADFEDB3
:101130006F0AB4EEE00AF1EE10FA04D20020087053
:1011400048700EE018E0624890ED070ADFED650A8E
:10115000B4EEE00AF1EE10FA03DB9FED620A80EDD7
:10116000070A5B4890ED070A80ED080A90ED070A30
:10117000534880ED050A03E000205149087048708B
:1011800052488079F0BB51484078012812D1584824
:101190000088401C5649088008460088B0F57A7FD0
:1011A00077DD0220494948700120887100205049AC
:1011B00008806EE09FED440A38EE000A3C48D0ED0E
:1011C000000AB4EEE00AF1EE10FA1FDD9FED3E0AD0
:1011D00038EE400AD0ED000AB4EEE00AF1EE10FA63
:1011E00014D243480088401C4149088008460088C2
:1011F000B0F57A7F4DDD01203449487007F00AFAD6
:10120000002000E008E03A49088042E00020384928
:1012100008802E4948703CE02C48807901280DD187
:1012200034480079012834D10220284988710020EF
:101230002349087048702E4908802AE023488079A5
:10124000022826D12A480088401C294908800846DF
:101250000088B0F5FA7F1CDD00201C4988709FEDE6
:10126000260AB4EEC09AF1EE10FA0DD29FED0E0AE6
:10127000224880ED030A9FED0C0A80ED080A002049
:10128000C8700420087004E0052010490870002090
:1012900088701848007918B900200949087048700A
:1012A000BDEC048B10BD00000000000020090020F0
:1012B0003C00002016FB7B3F499D803C00401C47C2
:1012C000FC06002098090020CDCCCC3D540800201D
:1012D000A00800206666663F666666BF0AD7233DA3
:1012E0006F12833A8FC2F53D380000200AD7233CA5
:1012F000360000202C0A002000001C42C4080020F8
:1013000010B52DED028B9FED690AB0EE408AB3EE69
:101310000E0A674880ED050A664890ED000AB0EEB7
:10132000408A654890ED000ADFED640A20EE200A4D
:10133000DFED630A08EE200A80ED000A5C4890EDBC
:10134000050A30EE480A5F4880ED040A90ED040A71
:10135000D0ED030A30EE600ADFED5B0A20EE200AD2
:10136000D0ED040A9FED591A01EE200A80ED070A1C
:1013700090ED040A80ED030A90ED070AD0ED080A0B
:1013800030EE200A80ED070A90ED070ADFED500AE3
:10139000B4EEE00AF1EE10FA03DD9FED4D0A80EDA8
:1013A000070A484890ED070ADFED4A0AB4EEE00A62
:1013B000F1EE10FA03D200204749087002E0012044
:1013C000454908703F4890ED070A80ED080A9FEDF7
:1013D000430A414880ED040A00F08CF901203E499F
:1013E000487000208870374890ED070A084680ED65
:1013F000050A9FED3B0A2E4880ED080AB0EE000A70
:1014000080ED090A3748007A78BB294890ED050A33
:10141000DFED350A30EE200A2748D0ED000AB4EEA1
:10142000E00AF1EE10FA21DD214890ED050ADFED2A
:101430002E0A30EE600A2048D0ED000AB4EEE00A31
:10144000F1EE10FA12D229480088401C2749088082
:1014500008460088642825DD01201549487007F0FA
:10146000D9F80020214908801CE003E000201F4932
:10147000088017E00E484078012810D11B480088EA
:10148000401C1A49088008460088B0F5C87F09DD6D
:1014900002200749487000201449088002E000201B
:1014A00012490880BDEC028B10BD00000000000056
:1014B00054080020200900203000002016FB7B3F4C
:1014C000499D803CA0080020F4FD543DA69BC43AF1
:1014D0008FC2F53D0AD7233CFC06002000401C4784
:1014E00000000042E0060020CDCCCC3D2E000020C4
:1014F000704700000648806818B10520044908704C
:1015000005E00348407810B1022001490870704797
:101510002C0A002010B51548006C0468134890F898
:10152000440000F01F01022088402040E8B10F482D
:101530000068006800F0200058B90C480068006896
:1015400020F00A000949096808600120074981F86C
:101550002500064890F8440000F01F010220884052
:101560000249096C486008F09DFD10BD3001002063
:1015700010B51548006C0468134890F8440000F05A
:101580001F01022088402040E8B10F480068006831
:1015900000F0200058B90C480068006820F00A00EC
:1015A0000949096808600120074981F825000648B3
:1015B00090F8440000F01F01022088400249096CA5
:1015C000486008F075FD10BD9001002030B5114D48
:1015D0000468AC4206D210490478083C1425B4FBD8
:1015E000F5F208E00C4920310478083C1425B4FBDE
:1015F000F5F404F108020B46446CA40803EB8404E0
:101600008464054C8034C46402F01F050124AC409E
:10161000046530BD0804024000080240027902F06F
:101620007F014A1E064B03EB82024265044A4032A8
:1016300082654A1E02F01F0301229A40C26570476C
:101640000009024030B5D0E913546C60446D14B108
:10165000D0E916546C6090F8444004F01F05012452
:10166000AC40056C6C60046863608468102C04D125
:101670000468A2600468E16003E00468A160046893
:10168000E26030BD024641EA0220704770B505466F
:101690000E461446A5F2892020B151280AD06E28A2
:1016A0000FD100E00EE0E0B2314608F069FF0649D4
:1016B000087007E0E0B2314608F098FF034908706F
:1016C00000E000BF00BF70BD4400002045000020C6
:1016D0007047000010B500224FF40051034802F09B
:1016E0007DFA00200249487210BD00000008004841
:1016F000E006002010B501225103034802F06EFA03
:1017000001200249487210BD00080048E006002090
:1017100072B600BFFEE7000010B5024801F003FFFB
:1017200010BD00008402002010B51D4A1D4C036846
:10173000A34201D102F554721B4C0368A34201D1AC
:1017400002F5D46202640368D3F8803023F4F814FD
:10175000838E44EA03430468C4F8803002F17003C6
:1017600043640368D3F8803023F0706490F8383015
:1017700044EA03630468C4F8803002F1B003836470
:10178000D833C364D833036518334365114602E088
:1017900000230B60091D02F554739942F8D310BD64
:1017A00000A4004000680040006C00402DE9F041BA
:1017B000054614461E46D1F804C0BCF1000F0AD1FC
:1017C000D1F810C0D1F808804CEA080CB1F80080BC
:1017D0004CEA88430BE0D1F810C04CF0804CD1F8B3
:1017E00008804CEA080CD1F800804CEA080391F814
:1017F0002080D1F81CC04CEA086CD1F818804CEA63
:10180000080CD1F814804CEA080CB1F80C804CEAB2
:10181000084706EBC608D5F854C00CEBC8021360A5
:10182000121D1760121D002019E000F1030C14F8BE
:101830000CC04FEA0C6800F1020C14F80CC048EA26
:101840000C4800F1010C14F80CC048EA0C2C14F8F8
:1018500000804CEA080CC2F800C0121D001DDFF821
:101860001480D1F80CC018F80CC08445DDD8BDE850
:10187000F08100009CAE0008704700000A484078E4
:1018800030B90948806818B901200749087009E093
:1018900005484078012805D10348806810B9022026
:1018A00001490870704700002C0A002070470000B2
:1018B0000848806818B105200649087009E0054805
:1018C000407818B10348C078022802D002200149AC
:1018D000087070472C0A0020F8B504460D46002019
:1018E000009000BF94F85800012801D10220F8BDF3
:1018F000012084F8580000BF2046FEF75FFE064630
:101900008EBBE06D20F4885040F00200E065206856
:1019100081681B4A114005F0804242F000421143A9
:10192000816000BF13E00098401C009015490098AA
:1019300088420CD3E06D20F0020040F01000E0651A
:1019400000BF002084F8580000BF0120CFE72068C6
:101950008168C90F0029E6D1E06D20F0020040F057
:101960000100E06504E0FFE7E06D40F01000E06595
:1019700000BF002084F8580000BF3046B7E70000E1
:10198000C0FFFF3F02DE04002DE9F0439BB0044698
:101990000E464FF00008306800B100BF00BF94F859
:1019A0005800012803D102201BB0BDE8F0830120BC
:1019B00084F8580000BF0020179018902068B0F1FC
:1019C000A04F02D15848009008E05849206888424A
:1019D00002D15748009001E000200090009850B9D3
:1019E000E06D40F02000E06500BF002084F8580062
:1019F00000BF0120D8E7009805F011FC07462068D9
:101A000005F00DFC00287DD1002F7FD12068B0F1BA
:101A1000A04F03D044492068884201D1454800E0E6
:101A2000454805463068D8B394F83800716841EAF3
:101A30004030A96821F460410843A8602068B0F1F3
:101A4000A04F03D038492068884201D1394800E0CE
:101A50003948384988420AD14FF0A04005F0D0FB00
:101A60008146314805F0CCFB49EA00000DE02F48E3
:101A700005F0C6FB81462E4805F0C2FB49EA000985
:101A80002E4805F0BDFB49EA0000E0BBB1683068B4
:101A90000843A96840F61F7291430843A8603BE0E1
:101AA000FFE7A86820F46040A8602068B0F1A04F6C
:101AB00003D01D492068884201D11E4800E01E481D
:101AC0001C4988420AD14FF0A04005F099FB81469D
:101AD000154805F095FB49EA00000DE0134805F0B4
:101AE0008FFB8146124805F08BFB49EA0009134839
:101AF00005F086FB49EA000028B9A86840F61F7186
:101B0000884301E002E007E0A86005E0E06D40F0F6
:101B10002000E0654FF0010800BF002084F8580065
:101B200000BF404640E700000001005000040050A4
:101B30000005005000030050000700500006005050
:101B40002DE9F84F05460C464FF0000A00200090A2
:101B5000FE49E068884200D000E000BF00BF95F871
:101B60005800012802D10220BDE8F88F012085F835
:101B7000580000BF286805F04DFB00287DD129687A
:101B8000D4E9002001F1300CC0F3012B0CEB8B03E6
:101B9000D3F800C000F01F0E4FF01F0B0BFA0EFB26
:101BA0002CEA0B0C00F01F0BC2F3846E0EFA0BFE36
:101BB0004CEA0E0CC3F800C000BF286805F02AFBF1
:101BC0008146286805F00DFB8046B9F1000F64D10D
:101BD000B8F1000FFBD1A068B0F1004F0AD1216825
:101BE0000022286805F028FB4FF00041286805F026
:101BF00048FB08E0A2682168286805F01DFB002169
:101C0000286805F03EFB60692968C968C1F3C10115
:101C1000490000FA01F7206904283FD028682268AB
:101C2000216900F1600C0CEB8103D3F800C0DFF8F0
:101C300020B30CEA0B0C02F0F84B4BF0004B4BEAD4
:101C4000070B4CEA0B0CC3F800C000BF2868A26960
:101C5000216900F1600C0CEB8103D3F800C02CF07B
:101C6000807C4CEA020CC3F800C000BF2868227FC9
:101C70002169012A02D1520601E0F6E10022134651
:101C800000F1600C0CEB8102D2F800C02CF0007C5B
:101C90004CEA030CC2F800C000BFA7E0002128688E
:101CA00005F096FAC0F3120030B90021286805F05B
:101CB0008FFAC0F3846007E00021286805F088FAF5
:101CC00090FAA0F0B0FA80F02168C1F3120119B9BE
:101CD0002168C1F3846104E0216891FAA1F1B1FAAD
:101CE00081F1884204D100221146286805F0BEFA2D
:101CF0000121286805F06CFAC0F3120030B9012107
:101D0000286805F065FAC0F3846007E001212868BF
:101D100005F05EFA90FAA0F0B0FA80F02168C1F305
:101D2000120119B92168C1F3846104E0216891FAB4
:101D3000A1F1B1FA81F1884204D100220121286881
:101D400005F094FA0221286805F042FAC0F3120067
:101D500030B90221286805F03BFAC0F3846007E03F
:101D60000221286805F034FA90FAA0F0B0FA80F069
:101D70002168C1F3120119B92168C1F3846104E03B
:101D8000216891FAA1F1B1FA81F1884204D10022CF
:101D90000221286805F06AFA0321286805F018FA7C
:101DA000C0F3120030B90321286805F011FAC0F31E
:101DB000846007E00321286805F00AFA90FAA0F091
:101DC000B0FA80F02168C1F3120119B92168C1F39A
:101DD000846104E0216891FAA1F1B1FA81F18842AD
:101DE00004D100220321286805F040FA286805F094
:101DF00002FA002870D12868E2682168D0F8B0C0E3
:101E0000C1F312032CEA030C02F0180B514B23FA16
:101E10000BF30B404CEA030CC0F8B0C000BF4B49B9
:101E2000E068884258D12368C3F312031BB92368C2
:101E3000C3F3846304E0236893FAA3F3B3FA83F350
:101E40005B1C03F01F03092B3ED82368C3F3120366
:101E50001BB92368C3F3846304E0236893FAA3F3F4
:101E6000B3FA83F35B1C03F01F034FF0010C0CFA71
:101E700003FC2368C3F312031BB92368C3F3846311
:101E800004E0236893FAA3F3B3FA83F35B1C03F033
:101E90001F034CEA836C2368C3F312031BB9236846
:101EA000C3F3846304E0236893FAA3F3B3FA83F3E0
:101EB0005B1C03F01F0303EB43034FF0000B4BEAE3
:101EC00003534CEA03033FE02368C3F3120323B92F
:101ED0002368C3F3846305E042E0236893FAA3F325
:101EE000B3FA83F35B1C03F01F034FF0010C0CFAF1
:101EF00003FC2368C3F312031BB92368C3F3846391
:101F000004E0236893FAA3F3B3FA83F35B1C03F0B2
:101F10001F034CEA836C2368C3F312031BB92368C5
:101F2000C3F3846304E0236893FAA3F3B3FA83F35F
:101F30005B1C03F01F030A3B03EB43034FF0007BE2
:101F40004BEA03534CEA0303194605E000007F40C7
:101F500000F0FF03FFFF0700A268286805F06CF996
:101F6000484920680840002842D02968B1F1A04FB4
:101F700003D0454A2968914201D1444900E04449CF
:101F8000084605F01BF9064642492068884203D0FE
:101F90004149206888422CD106F4000048BB2868DB
:101FA000B0F1A04F03D03D492868884263D12A6828
:101FB000B2F1A04F03D0344B2A689A4201D1334A80
:101FC00000E0334A104646F4000105F049F9344870
:101FD00000683449B0FBF1F0401C00EB4000800089
:101FE000009002E00098401E009000980028F9D16F
:101FF00041E02D49206888421BD106F08070C0B9AD
:1020000021492868884236D028492868884232D039
:102010002A68B2F1A04F03D01B4B2A689A4201D123
:102020001A4A00E01A4A104646F0807105F018F985
:1020300021E01F49206888421DD106F48000D0B9F4
:1020400011492868884216D02A68B2F1A04F03D0FF
:102050000B462A689A4201D10C4A00E00C4A10460D
:1020600046F4800105F0FCF805E0E86D40F0200042
:10207000E8654FF0010A00BF002085F8580000BF56
:10208000504671E500000880000100500003005038
:1020900000070050000021C31000C090000600504F
:1020A00010000020400D0300000052C70005005042
:1020B000000084CB2DE9F84304464FF000080020CF
:1020C000009014B90120BDE8F883606920B194F84C
:1020D0002400012800D100BFE06D30B9204600F097
:1020E00045F90020206684F8580020688168C1F313
:1020F000407131B120688168914A1140816000BF10
:1021000000BF206805F081F8B0B9206881688D4A69
:10211000114041F08051816000BF8B4800688B49BD
:10212000B0FBF1F0401C4000009002E00098401E1F
:10213000009000980028F9D1206805F066F848B9A9
:10214000E06D40F01000E065206E40F00100206678
:102150004FF00108206805F05DF80646E06D00F0DC
:10216000100000287ED1002EFCD1E06D20F480709C
:1021700040F00200E065206805F03DF888BB20686B
:10218000B0F1A04F03D072492068884201D1714854
:1021900000E071486F4988420AD14FF0A04005F035
:1021A0002AF881466A4805F026F849EA00000DE061
:1021B0006A4805F020F88146694805F01CF849EAAC
:1021C0000009684805F017F849EA000048B9226894
:1021D000B2F1A04F03D05E4B22689A4202D15D4A11
:1021E00001E009E05C4A10466168826822F47C12D2
:1021F0000A43826000BF00BF607FE16B41EA40306C
:10220000E1680843A168084394F8241040EA0145B6
:1022100094F82400012803D1208D401E45EA404552
:10222000E06A28B1A08D00F47870216B0843054363
:102230002068C0684C49084028432168C86020686D
:10224000006920F04060616B0843216808612068E4
:1022500004F0C7FF0746EEBBE7BB207F002141EA41
:10226000803100E064E094F8380041EA40052068DD
:10227000C06844F20201884328432168C86020698D
:1022800080B12068006940F48030216808612068CE
:10229000D0F8C0006FF30D00216908432168C1F830
:1022A000C0000DE02068006920F4803021680861DA
:1022B0002068D0F8C0006FF30D002168C1F8C0009D
:1022C00094F84000012813D1606C40F00101A06C2B
:1022D000084300E012E0E16C0843216D08432168E7
:1022E000096940F2FC72914308432168086105E0E6
:1022F0002068006920F001002168086160690128F8
:1023000009D12068006B20F00F00216A491E0843A4
:102310002168086305E02068006B20F00F00216849
:102320000863E06D20F0020040F00100E06505E088
:10233000E06D40F01000E0654FF001084046C2E655
:10234000C0FFFF5FC0FFFF7F10000020400D0300B3
:10235000000100500003005000070050000400502E
:1023600000050050000600500740F0FF10B59CB07B
:102370000446142117A8FDF797FF542102A8FDF782
:1023800093FF2068B0F1A04F7DD14FF40040029040
:102390008003139002A802F007FC08B1FFF7B8F918
:1023A00085480068401C8449086008460068012888
:1023B0000DD100BF8148C06C40F400507F49C86413
:1023C0000846C06C00F40050019000BF00BF00BF81
:1023D0007A48C06C40F004007849C8640846C06C74
:1023E00000F00400019000BF00BF00BF0846C06CB1
:1023F00040F00100C8640846C06C00F00100019084
:1024000000BF00BF00BF0846C06C40F00200C864B7
:102410000846C06C00F00200019000BF00BF0C2015
:102420001790032018900020199017A9644801F014
:10243000DFFA05201790032018900020199017A9A3
:102440004FF0904001F0D4FA02201790032018902A
:102450000020199017A95B4801F0CAFA5A485B4955
:10246000086005204860002158488160C1608021D3
:10247000016149004161890081612021C1614FF4FE
:102480004051016200E009E000F0A2FD08B1FFF751
:102490003FF900BF4D48606584628AE04C4920687E
:1024A0008842FAD1C00102908003139002A802F082
:1024B0007BFB08B1FFF72CF93F480068401C3E4900
:1024C00008600846006801280DD100BF3B48C06C79
:1024D00040F400503949C8640846C06C00F400500C
:1024E000019000BF00BF00BF3448C06C40F0040042
:1024F0003249C8640846C06C00F00400019000BF77
:1025000000BF00BF0846C06C40F00100C864084628
:10251000C06C00F00100019000BF00BF00BF084682
:10252000C06C40F00200C8640846C06C00F00200B5
:10253000019000BF00BF31201790032018900020A9
:10254000199017A91E4801F053FAF02017900320A4
:1025500018900020199017A94FF0904001F048FA08
:102560004FF400601790032018900020199017A9CD
:10257000144801F03DFA144814301649086024202C
:102580004860002113488160C160802101614900D9
:102590004161890081612021C1610021016200F057
:1025A00017FD08B1FFF7B4F800BF0A486065846200
:1025B00000BF1CB010BD0000000000200010024051
:1025C00000080048000400480800024030010020D4
:1025D00000010050900100202DE9F04104460F4613
:1025E00090462168B1F1A04F03D0404A2168914242
:1025F00001D13F4900E03F49084604F0E4FD0646AA
:10260000206804F007FE00286CD100BF94F8580041
:10261000012802D10220BDE8F081012084F8580091
:1026200000BF35492068884201D1012000E0002028
:1026300020B91EB1052E01D0092E4DD12046FEF73E
:1026400007F80546002D42D1E06D40F60161884350
:1026500040F48070E06525492068884202D14FF03F
:10266000A04006E025492068884201D1244800E0C6
:1026700020682168884200D01EB9E06D20F48010E7
:10268000E065E06D00F4805020B1206E20F006007F
:10269000206601E0002020661C202168086000BF41
:1026A000002084F8580000BF2068C06840F0010096
:1026B0002168C860226802F1400143463A46606DD5
:1026C00000F0F0FC0546206804F0AEFD0BE000BF12
:1026D000002084F8580006E0012500BF002084F89F
:1026E000580000E00225284695E700000001005050
:1026F0000003005000070050000600500005005085
:10270000000400502DE9F843044600200090804664
:1027100014B94FF0010881E12068006800F0004022
:10272000B0F1004F02D14FF0010877E1607F28B986
:10273000002020772062204600F07EF920680068A3
:1027400000F40007D4E90110084361690843E16817
:102750000843216940EA010620680068B149084041
:102760003043216808602068006800F4000088B1E8
:1027700087B9AD480068AD49B0FBF1F0401C00EBF3
:1027800080008000009002E00098401E00900098B9
:102790000028F9D1A6492068884202D14FF40010E0
:1027A00025E0A349091D2068884202D14FF480002A
:1027B0001DE09F4908312068884201D1800616E05B
:1027C0009B490C312068884202D14FF080400EE0D6
:1027D000974910312068884201D1C00607E094492A
:1027E00014312068884201D1012000E00220054612
:1027F000207E00F0030000287ED0207E00F0100034
:10280000D0B18B4914312068884203D0091D20685B
:10281000884207D100BF874800682843854908607F
:1028200000BF24E000BF8348203800682843814966
:102830002039086000BF1AE07D49143120688842C1
:1028400003D0091D2068884207D100BF794800687D
:10285000A8437849086000BF09E000BF75482038E8
:102860000068A84373492039086000BF00BF207E7C
:1028700000F02000E0B16E4914312068884203D096
:10288000091D2068884209D100BF6A48001D006800
:1028900028436849091D086000BF26E000BF65485D
:1028A0001C380068284363491C39086000BF1CE0DD
:1028B0005F4914312068884203D0091D206888428E
:1028C00009D100BF5B48001D0068A8435949091D94
:1028D000086000BF09E000BF56481C380068A843E4
:1028E00054491C39086000BF00BF514914312068A9
:1028F000884205D0091D00E06CE02068884203D1C1
:10290000284604F0D1FC02E0284604F0C1FC207EF9
:1029100000F00200E0B1464914312068884203D03B
:10292000091D2068884209D100BF4248001F006885
:1029300028434049091F086000BF19E000BF3D4817
:102940002438006828433B492439086000BF0FE061
:10295000374914312068884203D0091D2068884215
:1029600003D1284604F0AEFC02E0284604F0A2FCA5
:10297000207E00F00100E0B12D491431206888422A
:1029800003D0091D2068884209D100BF29480838B2
:102990000068284327490839086000BF3AE000BFB3
:1029A000244828380068284322492839086000BF95
:1029B00030E01F4914312068884203D0091D206887
:1029C000884203D1284604F08DFC23E0284604F019
:1029D00081FC1FE0164914312068884203D0091D8C
:1029E0002068884203D1284604F06CFC02E02846A7
:1029F00004F060FC0E4914312068884203D0091DA0
:102A00002068884203D1284604F06CFC02E0284686
:102A100004F060FC607F08B9012060774046BDE8A3
:102A2000F88300000F7E00FF10000020400D03001F
:102A3000000201402804014010B586B0044614216C
:102A400001A8FDF731FC3A492068884221D100BF36
:102A50003848C06C40F001003649C8640846C06C74
:102A600000F00100009000BF00BF02200190032091
:102A700002900020039001A94FF0904000F0B8FFB1
:102A800000221146402001F0A7FF402001F090FFF6
:102A90004BE02749091D2068884221D100BF254805
:102AA000C06C40F001002349C8640846C06C00F0C7
:102AB0000100009000BF00BF082001900320029099
:102AC0000020039001A94FF0904000F091FF0022F8
:102AD0001146402001F080FF402001F069FF24E012
:102AE00013490831206888421FD100BF1148C06CCB
:102AF00040F004000F49C8640846C06C00F00400B0
:102B0000009000BF00BF022001900320029000202F
:102B1000039001A9084800F06BFF002211464020F5
:102B200001F05AFF402001F043FF06B010BD000045
:102B300000020140001002400008004810B54FF4A8
:102B4000800004F0D7FB18B14FF4800004F0A6FB1E
:102B50004FF4001004F0CEFB18B14FF4001004F055
:102B60009DFB4FF0005004F0C5FB18B14FF0005032
:102B700004F094FB10BD00002DE9F84F04460D460B
:102B800016460020009004B115B90120BDE8F88F69
:102B9000E869012800D100BFA868042800D103E03B
:102BA0006869022800D100BF00BF6079012801D107
:102BB0000220EBE70120607100BF02202071A868AD
:102BC000042859D101F010F88246E6B911E001F06D
:102BD0000BF8A0EB0A0001280BD92068406B00F429
:102BE000004030B1206940F00800206103202071CE
:102BF000CCE72068406B00F400400028E7D1686A09
:102C0000216808641BE011E000F0EEFFA0EB0A0071
:102C100001280BD92068406B00F0004030B12069DA
:102C200040F00800206103202071AFE72068406B6E
:102C300000F000400028E7D1686A216848642068F5
:102C4000806C06F0100240F2FF319140884306F09C
:102C50001002A96A91400843216888642068C06C0A
:102C600006F01002FF219140884306F01002E96A45
:102C7000914008432168C864E86901280FD12068A1
:102C8000876B06F010011F2088408743D5F820800D
:102C900006F0100008FA00F00743206887632068F8
:102CA000C76B06F01001072088408743A8690128F8
:102CB00002D14FF000090CE0A869022802D14FF0C0
:102CC000010906E0686910B94FF0010901E04FF011
:102CD00000096969A868084340EA090806F010017C
:102CE0004FF48070884087432879012801D1000281
:102CF00000E0002040EA080806F010014FF40070E0
:102D0000884087436879012801D1400200E0002013
:102D100040EA080827F44047286802280FD102F04B
:102D200061FA83462C498B4502D947F4004708E0F5
:102D30002A48834502D947F4804702E001E0286829
:102D4000074306F0100108FA01F007432068C76343
:102D50002068006806F010024FF4804191408843DB
:102D6000216808602068076806F0100140F6FE70D0
:102D700088408743D5F80C8006F0100108FA01F06E
:102D80000743206807602068006806F01002C02131
:102D90009140884321680860287BC0F38308287C21
:102DA000C0F3830048EA00282068006E06F0100295
:102DB00040F60F719140884306F0100108FA01F1C6
:102DC0000843216808660120207100BF002060715F
:102DD00000BF0098DAE600000068890900B4C40466
:102DE00010B504460CB9012010BD207920B900208F
:102DF0006071204600F008F8022020710020206158
:102E0000012020710020EFE708B5124A01689142C5
:102E10000DD100BF1049C96C41F480310E4AD16414
:102E20001146C96C01F48031009100BF11E00B4ADA
:102E3000016891420DD100BF0749C96C41F480215E
:102E4000054AD1641146C96C01F48021009100BF8C
:102E500000BF08BD000800500010024000100050E4
:102E600078B50446002000900CB9012078BD206898
:102E7000C06B01F010064FF48075B540284000B9D2
:102E800000BF2068009029B902F10800009D284485
:102E9000009004E002F11400009D28440090009886
:102EA00003600020E2E7000018B502460AB90120DD
:102EB00018BD00BF5079012801D10220F8E7012098
:102EC000507100BF022010711068006801F01004FA
:102ED0000123A3401843136818601A4800681A4B6E
:102EE000B0FBF3F0401C009002E00098401E009000
:102EF00000980028F9D161B91068006800F03E0020
:102F0000022816D11068406840F00100136858602C
:102F10000FE01068006800F4781301F0100402203C
:102F2000A040834205D11068406840F00200136859
:102F300058600120107100BF0020507100BF00BF19
:102F4000B6E7000010000020400D030001460022FB
:102F500009B90120704791F82500022803D0042008
:102F6000C863012227E00868006820F001000B68B0
:102F700018600868006820F00E000B681860886C04
:102F8000006820F480708B6C186091F8440000F0A9
:102F90001F03012098400B6C5860D1E91330586032
:102FA000486D40B1486D006820F480704B6D18602A
:102FB000D1E916305860012081F8250000BF0020BB
:102FC00081F8240000BF1046C4E70146C86B704773
:102FD00070B504460CB9012070BD304920688842A4
:102FE0000BD22F492068401A1421B0FBF1F0800069
:102FF00060642B48083820640AE028492068401A99
:103000001421B0FBF1F0800060642448083820648B
:10301000022084F825002068056847F6F070854393
:10302000D4E9020108432169084361690843A169A1
:103030000843E1690843216A0843054320680560A5
:103040002046FEF7C3FAA068B0F5804F01D10020FA
:103050006060207900F07F00A16C0860D4E9131053
:103060004860606860B16068042809D82046FEF7AF
:10307000D5FA0020616D0860D4E91610486003E0BD
:1030800000206065A065E0650020E063012084F811
:103090002500002084F8240000BF9DE708040240BA
:1030A000080002402DE9F04104460D4616461F4631
:1030B0004FF0000800BF94F82400012802D102203C
:1030C000BDE8F081012084F8240000BF94F82500B9
:1030D00001283FD1022084F825000020E063206809
:1030E000006820F00100216808603B46324629460E
:1030F0002046FEF7A7FA206B30B12068006840F048
:103100000E00216808600BE02068006820F00400D1
:10311000216808602068006840F00A0021680860A3
:10312000A06C006800F4803028B1A06C006840F406
:103130008070A16C0860606D28B1606D006840F41B
:103140008070616D08602068006840F001002168AF
:10315000086006E000BF002084F8240000BF4FF0A4
:1031600002084046ACE770B50346144693F85C503D
:1031700001F4C07000B100BF012D01D0022D7DD13E
:103180001868826D01F0070010B102F0010018B359
:1031900001F0380010B102F00200E8B101F4E07073
:1031A00010B102F00400B8B101F4F05010B102F017
:1031B000080088B101F4604010B102F0100058B16D
:1031C00001F4403010B102F0200028B101F47C007D
:1031D00040B102F0400028B91868C06D40F001000D
:1031E0001E68F06501F0070010B102F0010018BB85
:1031F00001F0380010B102F00200E8B901F4E0700B
:1032000010B102F00400B8B901F4F05010B102F0AE
:10321000080088B901F4604010B102F0100058B9FC
:1032200001F4403010B102F0200028B901F47C0014
:1032300040B102F0400028B11868C06D40F00200B3
:103240001E68F06501F0800030B11868D0F8DC002D
:1032500020431E68C6F8DC0001F4807030B11868A5
:10326000D0F8E00020431E68C6F8E0001868406D02
:1032700008431E687065002070BDFFE7186E40F0BF
:10328000020018660120F7E72DE9F04104460E46DA
:103290001746706800B900E000BF94F85C0002288F
:1032A00021D12068D0F8C40000F4001030B1206EA5
:1032B00040F4007020660120BDE8F0812068D0F85D
:1032C000C400C0F301452B463A4631462046FEF77E
:1032D0006DFA0120A8402168C1F8CC000120A84067
:1032E000A0650020E8E7206E40F00800206601207D
:1032F000E2E7F0B5024692F85C60012E01D0022EA2
:1033000023D1086880B9087A80070F7B40EAC7603C
:103310000F8A40EA07404F6940EA0704176C486883
:1033200007EB80031C600EE00F7B086940EA4774DE
:103330000F7A486940EA8775576C486807EBC00305
:103340001C601B1D1D600020F0BD106E40F00200CF
:1033500010660120F8E770B50446049D94F85C00FF
:10336000012810D1080140EA820040EA43002843C6
:103370002668D6F8806026F03F0630432668C6F8F7
:103380008000002070BD206E40F004002066012007
:10339000F8E730B5034693F85C40012C01D0022CCD
:1033A0000ED1012A05D11868806D88431D68A86573
:1033B00004E01868806D08431D68A865002030BDD2
:1033C000186E40F0020018660120F8E77047704759
:1033D0002DE9F04304460E469C4694F85C80B8F113
:1033E000020F7DD1402E26D12068D0F8900000F049
:1033F0000F0030B9206E40F4807020660120BDE8D7
:10340000F0832068D0F89000C0F301232068D0F842
:103410009000C0F3006040B12068D0F88000C0F395
:10342000402010B1581C00F0030303EBC309A06C4B
:1034300000EBC90124E02068D0F8980000F00F00EC
:1034400028B9206E40F4807020660120D7E72068FC
:10345000D0F89800C0F301232068D0F89800C0F39A
:10346000006040B12068D0F88000C0F3002010B1A7
:10347000581C00F0030303EBC309E06C00EBC90127
:10348000086800F080405060506820B90868C0F3B8
:103490008A40106003E0086820F06040106008680F
:1034A00000F000509060086800F000401061091DB5
:1034B000088880B2D0610868C0F30340D060086813
:1034C00000F480105061086800F4001090610868F2
:1034D000C0F3066010620868C00F5062091D00E06A
:1034E00018E00F46002503E0785D0CF805006D1C20
:1034F000DFF82C90D06819F80000A842F4D8402ECC
:1035000003D12068C0F8943002E02068C0F89C30F5
:10351000002074E7206E40F00800206601206EE76E
:103520009CAE000870472DE9FC5F04462068006DE2
:1035300000F4E0572068406D07402068006D00F0FF
:1035400007082068406D00EA08082068006D00F058
:1035500038092068406D00EA09092068006D00F410
:10356000710A2068406D00EA0A0A2068006D00F4C4
:10357000602B2068406D00EA0B0B2068456D2068C9
:10358000066DC6F3801040B1C5F3801028B140200D
:10359000216808652046FFF7C5FFC6F30020A0B1EB
:1035A000C5F3002088B12068D0F8D80000902068CA
:1035B000D0F8E0000099084000904FF48070216836
:1035C00008652046009900F00EFA2FB120680765C3
:1035D0003946204600F009FAB8F1000F06D02068FD
:1035E000C0F850804146204600F0CEF9B9F1000FF6
:1035F00006D02068C0F850904946204600F0D9F91E
:10360000C6F3402048B1C5F3402030B14FF40070FC
:1036100021680865204600F0E9F9C6F3C01098B1AA
:10362000C5F3C01080B12068D0F8D40001902068A4
:10363000D0F8DC00019908400190802021680865DD
:103640002046019900F0D0F9C6F3403048B1C5F3E7
:10365000403030B14FF4005021680865204600F03A
:10366000C1F9C6F3C03048B1C5F3C03030B14FF432
:10367000004021680865204600F0B3F9C6F38030A9
:1036800050B1C5F3803038B14FF4804021680865EF
:10369000206E40F080002066BBF1000F06D020684D
:1036A000C0F850B059462046FFF791FEBAF1000F1E
:1036B00006D02068C0F850A0206E40EA0A002066BC
:1036C000206E10B12046FFF781FEBDE8FC9F000090
:1036D00070B504460CB9012070BD8149206888424C
:1036E00000D100BFA068B0F5407F00D100BF94F8C2
:1036F0005C0028B9002084F85D00204600F0F4F852
:103700002068806920F010002168886100F06CFA60
:1037100005460DE000F068FA401B0A2808D9206E23
:1037200040F001002066032084F85C000120D3E70C
:103730002068806900F008000828EBD020688069C4
:1037400040F001002168886100F04EFA05460DE066
:1037500000F04AFA401B0A2808D9206E40F0010008
:103760002066032084F85C000120B5E720688069AA
:1037700000F001000028EBD02068806940F00200D2
:103780002168886156492068884202D1554960689D
:103790000860207C012806D12068806920F0400064
:1037A0002168886105E02068806940F04000216858
:1037B0008861607C012806D12068806940F48040DF
:1037C0002168886105E02068806920F480402168D4
:1037D0008861A07C012806D12068806920F480508F
:1037E0002168886105E02068806940F48050216884
:1037F00088612068806920F44070A16808432168CE
:1038000088612068806920F0A400216888612068B0
:10381000006920F0100021680861E068012806D1E5
:103820002068806940F004002168886120E0E06839
:10383000F0B1E068022815D02068806940F080006F
:10384000216888612068006940F0100021680861E3
:10385000E06803280CD12068806940F020002168CE
:10386000886105E02068806940F020002168886157
:10387000207E401E4106E069401E41EA0020216A88
:10388000491E0843A18A491E40EA01402168C861D7
:10389000A068B0F5407F0FD1A06A401EE16A491EC2
:1038A00040EA0121206B401E41EA0011A08C401E1D
:1038B00041EA00402168C8602068D0F8C000E16B90
:1038C00008432168C1F8C0002046FDF72DFF002005
:1038D000A0652066012084F85C000020FCE6000062
:1038E000006400400065004010B59CB004461421FF
:1038F00017A8FCF7D9FC542102A8FCF7D5FC2049F5
:10390000206888423AD1801402904003109002A8A7
:1039100001F04AF908B1FDF7FBFE00BF1948806DC0
:1039200040F00070174988650846806D00F000700F
:10393000019000BF00BF00BF0846C06C40F001000E
:10394000C8640846C06C00F00100019000BF00BFD1
:103950004FF4C050179002201890002019901A9030
:1039600009201B9017A9C00600F042F8002205218B
:10397000152001F031F8152001F01AF81CB010BD27
:10398000006400400010024030B59BB004460D4674
:10399000402101A8FCF788FC01AB11AA4021204678
:1039A000FFF716FD01A9149A1198FDF76FFE1BB0E1
:1039B00030BD7047014691F85C0001280BD1022010
:1039C00081F85C000868806920F001000A68906155
:1039D000002008667047086E40F004000866012069
:1039E000F8E77047704770477047704770470000AE
:1039F00078B503460022D2E0012696400D6805EA1C
:103A00000604002C7BD00D7905F00305012D04D0B0
:103A10000D7905F00305022D13D198685600032592
:103A2000B540A8435600CD68B54028439860586813
:103A300001259540A8430D79C5F30015954028430D
:103A400058600D7905F00305032D07D10D7905F0B8
:103A50000305032D0CD18D68012D09D0D8685600BF
:103A60000325B540A84356008D68B5402843D8606B
:103A70000D7905F00305022D13D1D60803F12005B9
:103A800055F826005507EE0E0F25B540A8435607FA
:103A9000F60E0D69B5402843D60803F1200545F818
:103AA0002600186856000325B540A8430D7905F097
:103AB00003055600B540284318604D6805F44035AD
:103AC000002D6BD000BF394D2D6E45F00105374EEE
:103AD000356635462D6E05F00105009500BF00BF27
:103AE0004FEAB635960855F8260095072E0F0F2594
:103AF000B540A843B3F1904F02D100251AE04DE044
:103B00002B4DAB4201D1012514E02A4DAB4201D12E
:103B100002250FE0284DAB4201D103250AE0274DD5
:103B2000AB4201D1042505E0254DAB4201D105256D
:103B300000E006259607360FB5402843214D96082C
:103B400045F82600204D2868A0434D6805F48015EF
:103B500005B120431C4D28602D1D2868A0434D68E9
:103B600005F4001505B12043174D2D1D2860164D95
:103B70002D1F2868A0434D6805F4003505B120438A
:103B8000114D2D1F28602D1F2868A0434D6805F496
:103B9000803505B120430C4D083D2860521C0D684E
:103BA000D540002D7FF428AF78BD00000010024002
:103BB0000004004800080048000C004800100048BD
:103BC000001400480800014008040140024613693F
:103BD0000B400BB1012000E0002070470AB1816169
:103BE00000E08162704700000148006870470000F3
:103BF00004000020024600BF92F8DC00012801D139
:103C000002207047012082F8DC0000BF022082F809
:103C1000DD00481C80B91068D0F8CC0320F0020306
:103C20001068C0F8CC331068D0F8CC0340F0010322
:103C30001068C0F8CC3318E01068D0F8CC0340F01E
:103C400002031068C0F8CC331068D0F8CC0320F021
:103C50000C0008431368C3F8CC031068D0F8CC03F9
:103C600040F001031068C0F8CC33012082F8DD0079
:103C70000020C6E770B504460D46164694F8DD00F0
:103C8000022800D170BD00BF94F8DC00012801D1EA
:103C90000220F7E7012084F8DC0000BF022084F84E
:103CA000DD0032462946204602F0C2FC012084F89D
:103CB000DD0000BF002084F8DC0000BF00BFE1E7AA
:103CC000024692F8DD00022800D1704700BF92F84A
:103CD000DC00012801D10220F7E7012082F8DC0096
:103CE00000BF022082F8DD001068D0F8B833084623
:103CF00063F31D001368C3F8B803012082F8DD00E8
:103D000000BF002082F8DC0000BF00BFDDE730B557
:103D1000034693F8DD00022800D130BD00BF93F8C0
:103D2000DC00012801D10220F7E7012083F8DC0044
:103D300000BF022083F8DD00082938D006DC012905
:103D400009D0022915D004295DD121E010293DD0E8
:103D5000202958D148E01868D0F8080420F0030062
:103D60000125946805EB440420431C68C4F808044A
:103D700052E01868D0F8080420F440704FF48075C1
:103D8000946845EA442420431C68C4F8080443E0CE
:103D90001868D0F8080420F4403014894FF48035B6
:103DA00045EA444420431C68C4F8080434E0186819
:103DB000D0F8080420F04070147A4FF0807545EA7E
:103DC000446420431C68C4F8080425E01868D0F84F
:103DD0000C0420F003000125946805EB4404204303
:103DE0001C68C4F80C0417E01868D0F80C0420F420
:103DF00040704FF48075946845EA442420431C6861
:103E0000C4F80C0408E0072083F8DD0000BF0020A0
:103E100083F8DC0000BF00BF00BF93F8DD00072877
:103E200001D1012079E7012083F8DD0000BF0020E7
:103E300083F8DC0000BF00BF6FE7F0B504460F4613
:103E4000134694F8DD00022800D1F0BD00BF94F8BD
:103E5000DC00012801D10220F7E7012084F8DC0012
:103E600000BF022084F8DD002068D0F8D02320684D
:103E7000D0F8D413187800F001051878C0F3400684
:103E8000082F57D006DC012F09D0022F1CD0042F99
:103E90007DD134E0102F68D0202FF9D17CE022F0C2
:103EA000FE02187900F00200024342EA850221F482
:103EB000803141EA0641187A00F078000243187B0D
:103EC00000F0800002438BE022F47E424FF4007C3D
:103ED00058680CEA0020024342EA852221F40031AE
:103EE00041EA46414FF4F04C98680CEA0020024346
:103EF0004FF4004CD8680CEA0020024370E022F432
:103F00007E0298884FF4003C0CEA0040024342EAEB
:103F1000854221F4802141EA864118894FF4F00C52
:103F20000CEA0040024398894FF4000C0CEA004070
:103F3000024355E022F07E4218794FF0007C0CEAF3
:103F40000060024342EA856221F4002141EAC64151
:103F5000187A4FF0F04C0CEA00600243187B4FF0E7
:103F6000004C0CEA006002433AE021F0FE011879AF
:103F700000F00200014341EA850121F4801141EA89
:103F80000651187A00F078000143187B00E01EE02B
:103F900000F08000014323E021F47E414FF4007CD7
:103FA00058680CEA0020014341EA852121F4001100
:103FB00041EA46514FF4F04C98680CEA0020014366
:103FC0004FF4004CD8680CEA0020014308E00720B9
:103FD00084F8DD0000BF002084F8DC0000BF00BFD3
:103FE00000BF94F8DD00072801D101202DE702F081
:103FF0007F3C2068C0F8D0C348F2800021EA00006E
:10400000D4F800C0CCF8D4032068D0F8D00302F074
:10401000803C40EA0C00D4F800C0CCF8D003206803
:10402000D0F8D40348F2800C01EA0C0C40EA0C00F2
:10403000D4F800C0CCF8D403012084F8DD0000BF20
:10404000002084F8DC0000BF00BFFEE610B5034688
:1040500093F8DD00022800D110BD00BF93F8DC000A
:10406000012801D10220F7E7012083F8DC0000BF1E
:10407000022083F8DD00082939D006DC012909D0A7
:10408000022916D004295FD122E010293ED0202930
:104090005AD14AE010688000546840EAC4101C6895
:1040A000D4F8084424F0BC0420431C68C4F8080475
:1040B00053E010688002546840EAC4301C68D4F8A9
:1040C000084424F43C4420431C68C4F8080444E039
:1040D00010888004948840EAC4501C68D4F80844CE
:1040E00024F43C0420431C68C4F8080435E010782C
:1040F0008006147940EAC4701C68D4F8084424F09F
:104100003C4420431C68C4F8080426E01068800082
:10411000546840EAC4101C68D4F80C4424F0BC0471
:1041200020431C68C4F80C0417E01068800254682F
:1041300040EAC4301C68D4F80C4424F43C442043C6
:104140001C68C4F80C0408E0072083F8DD0000BFF9
:10415000002083F8DC0000BF00BF00BF93F8DD0043
:10416000072801D1012077E7012083F8DD0000BF97
:10417000002083F8DC0000BF00BF6DE710B501F040
:1041800001033BB10368D3F8D03362F30003046842
:10419000C4F8D03301F002033BB10368D3F8D03345
:1041A00062F308230468C4F8D03301F004033BB180
:1041B0000368D3F8D03362F310430468C4F8D033F3
:1041C00001F008033BB10368D3F8D03362F31863FE
:1041D0000468C4F8D03301F010033BB10368D3F88E
:1041E000D43362F300030468C4F8D43301F020032D
:1041F0003BB10368D3F8D43362F308230468C4F8EE
:10420000D43310BD024692F8DD00022800D1704779
:1042100000BF92F8DC00012801D10220F7E701205D
:1042200082F8DC0000BF022082F8DD001068D0F8C0
:10423000D40320F0407001F0407318431368C3F8B2
:10424000D403012082F8DD0000BF002082F8DC00EA
:1042500000BF00BFDBE70000F8B504460CB9012041
:10426000F8BD0220E03404F8030C002020606060F8
:10427000A060E06020616061A061E03C207A00F015
:10428000010008B33549206888420DD100BF344889
:10429000006E40F08060324908660846006E00F00B
:1042A0008060009000BF00BF2068066826F440468A
:1042B000208A00F44040064326F44056A08A00F4C9
:1042C0004050064320680660204600F04BF8207AF4
:1042D00000F0020048B12068066826F44076A08904
:1042E00000F44070064320680660012084F8DD0079
:1042F00000BF002084F8DC0000BF002529E0002179
:10430000C5EBC50204F1180040F82210C5EBC50248
:1043100000EB82004160C5EBC50204F1180000EB20
:1043200082008160C5EBC50204F1180000EB820039
:10433000C160C5EBC50204F1180000EB8200016109
:10434000C5EBC50204F1180000EB82008161681C16
:10435000C5B2062DD3D9002082E7000000680140D5
:104360000010024008B5094A016891420DD100BF12
:104370000749096E41F08061054A11661146096ED0
:1043800001F08061009100BF00BF08BD00680140DE
:104390000010024010B586B00446142101A8FBF7B6
:1043A00083FF1149206888421CD100BF0F48C06CB0
:1043B00040F002000D49C8640846C06C00F00200DD
:1043C000009000BF00BF4FF47040019002200290A7
:1043D00000200390032004900D20059001A90448BB
:1043E000FFF706FB06B010BD006801400010024058
:1043F0000004004870B504460D46FFF7F5FB06467D
:104400000CE0681C50B1FFF7EFFB801BA84200D8FE
:1044100025B9072084F8DD00032070BD2068D0F89E
:104420008803C0F300400028EBD0012084F8DD00B1
:1044300000BF002084F8DC0000BF00BFEDE770B5CE
:1044400004460D46164694F8DD00022800D170BDE2
:10445000022084F8DD00062D04D13146204602F00A
:104460009CFA04E032462946204602F07CFB0120FB
:1044700084F8DD000020EAE730B5044694F8DD005A
:10448000022800D130BD00BF94F8DC00012801D122
:104490000220F7E7012084F8DC0000BF022084F846
:1044A000DD00062928D1012A06D0022A08D0042AD4
:1044B0000AD0082A10D10BE018682568E86114E0DA
:1044C00018682568686210E018682568A8620CE022
:1044D00018682568E86208E0072084F8DD0000BF5E
:1044E000002084F8DC0000BF00BF00BF94F8DD00AE
:1044F00007287DD10120C5E7012A06D0022A0BD06A
:10450000042A4CD0082A74D150E01D6820688030FD
:1045100000EBC110C5619AE01D682068803000EB97
:10452000C1104562586868B32068803000EBC11044
:10453000006820F440552068803000EBC110056011
:104540002068803000EBC11000685D682843256852
:10455000803505EBC11528605868B0F5005F06D1BD
:104560009D682068803000EBC110C56116E0586876
:10457000B0F5405F12D19D682068803000EBC1101B
:1045800085620BE02068803000EBC110006820F4E9
:1045900040502568803505EBC115286057E01D683F
:1045A0002068803000EBC110856250E01D682068F3
:1045B000803000EBC110C562586888B32068803035
:1045C00000EBC110006820F440452068803000EB0B
:1045D000C11005602068803000EBC11000685D6884
:1045E00040EA85052068803000EBC110056001E0DD
:1045F00034E023E05868B0F5005F06D19D6820687C
:10460000803000EBC110C56117E05868B0F5405F1D
:1046100013D19D682068803000EBC11085620CE0EA
:10462000FFE72068803000EBC110006820F44040B4
:104630002568803505EBC115286008E0072084F85F
:10464000DD0000BF002084F8DC0000BF00BF00BF19
:1046500094F8DD00072801D1012013E7012084F838
:10466000DD0000BF002084F8DC0000BF00BF09E7C8
:10467000024600BF92F8DC00012801D102207047F9
:10468000012082F8DC0000BF022082F8DD00106803
:104690000068084313681860012082F8DD0000BF3D
:1046A000002082F8DC0000BF00BFE8E72DE9F04100
:1046B00004460D4616461F4694F8DD00022801D137
:1046C000BDE8F08100BF94F8DC00012801D1022090
:1046D000F6E7012084F8DC0000BF022084F8DD004A
:1046E0003B4632462946204602F0BAF9012084F8BA
:1046F000DD0000BF002084F8DC0000BF00BFDFE762
:10470000024600BF92F8DC00012801D10220704768
:10471000012082F8DC0000BF022082F8DD00106872
:10472000D0F8940308431368C3F89403012082F877
:10473000DD0000BF002082F8DC0000BF00BFE6E71C
:1047400070B504460D46164694F8DD00022800D1E7
:1047500070BD00BF94F8DC00012801D10220F7E70A
:10476000012084F8DC0000BF022084F8DD00062D63
:1047700004D13146204602F024F904E032462946AD
:10478000204602F011FAC5EBC50204F1180000EB57
:10479000820031688160C5EBC50204F1180000EBAE
:1047A00082007168C160C5EBC50204F1180000EB1E
:1047B0008200B1680161C5EBC50204F1180000EB8D
:1047C0008200F1684161C5EBC50204F1180000EBFD
:1047D0008200316981612946204602F094F8062D55
:1047E00010D0F06A70B92068803000EBC510006806
:1047F00020F40070F16D40EA41212068803000EB28
:10480000C5100160012084F8DD0000BF002084F89D
:10481000DC0000BF00BF9BE770B504460D4616469E
:1048200094F8DD00022800D170BD00BF94F8DC00D0
:10483000012801D10220F7E7012084F8DC0000BF45
:10484000022084F8DD0032462946204602F0D6FADE
:10485000012084F8DD0000BF002084F8DC0000BFE8
:1048600000BFE1E710B521484068401C1F4948607F
:1048700008460069401C086108460069B0F5FA6FF7
:1048800002D34FF4FA60086118484068052807D33E
:1048900000201649486005F0E3FE04F05BFA1DE0D5
:1048A00012484068012819D010484068022815D0E5
:1048B0000E48406803280BD10D480088401C0C4965
:1048C000088008460088142808DB0020088005E0DE
:1048D00006484068042801D102F070FB0348806854
:1048E000401C02498860FBF777FF10BDCC06002012
:1048F0001400002010B50024032000F0ABF80F20B6
:1049000000F008F808B1012401E000F02FF820467B
:1049100010BD000070B50446002511480068D8B1EC
:104920000F4800684FF47A71B1FBF0F00D49096847
:10493000B1FBF0F6304601F033F858B9102C07D22D
:1049400000222146501E00F047F80748046004E0AA
:10495000012502E0012500E00125284670BD000088
:104960000C000020100000200800002008B500BF47
:104970000E48006E40F001000C4908660846006EC3
:1049800000F00100009000BF00BF00BF0846806D2E
:1049900040F0805088650846806D00F0805000909F
:1049A00000BF00BF00F0F6F808BD00000010024094
:1049B0000146084600280DDB00BF00BF00F01F03C2
:1049C00001229A4043099B0003F1E023C3F8002130
:1049D00000BF00BF00BF70472DE9F05F80460D4665
:1049E000164605F09DFA074639462A46334601F039
:1049F0000700C0F1070ABAF1040F02D94FF0040A08
:104A000001E0C0F1070AD14600F1040ABAF1070F2C
:104A100002D24FF0000A01E0A0F1030AD4464FF0A1
:104A2000010A0AFA09FAAAF1010A0AEA020A0AFACA
:104A30000CFA4FF0010B0BFA0CFBABF1010B0BEA7C
:104A4000030B4AEA0B042146404605F071FABDE823
:104A5000F09F000000BF00F00702064B19684FF6F8
:104A6000FF031940044B0B4343EA0221014B196039
:104A700000BF70470CED00E00000FA0502468ABB5B
:104A80004148006800F4C060B0F5806F2BD13E480B
:104A90008030006820F480703B4BC3F880001846DB
:104AA000006820F4C06040F4007018603748006867
:104AB00032235843364BB0FBF3F0411C00E0491E53
:104AC0003148406900F48060B0F5806F01D1002961
:104AD000F5D12D48406900F48060B0F5806F51D168
:104AE0000320704708E028488030006820F4807078
:104AF000254BC3F8800045E0B2F5007F3AD122484B
:104B0000006800F4C060B0F5806F2AD11E48803084
:104B1000006840F480701C4BC3F8800018460068A1
:104B200020F4C06040F40070186018480068322318
:104B30005843174BB0FBF3F0411C00E0491E1248EC
:104B4000406900F48060B0F5806F01D10029F5D193
:104B50000D48406900F48060B0F5806F12D10320E9
:104B6000BFE709488030006840F48070064BC3F806
:104B7000800007E00448006820F4C06040F48060D2
:104B8000014B18600020ACE70070004010000020CE
:104B900040420F000348806840F48040014988602B
:104BA00070470000007000402DE9F84304460027DC
:104BB000B846206800F40020B0F5002F73D1B94644
:104BC000FD48806D00F0805078B900BFFA48806DD4
:104BD00040F08050F84988650846806D00F08050AC
:104BE000009000BF00BF4FF00109F448006840F496
:104BF0008070F2490860FEF7F7FF064606E0FEF710
:104C0000F3FF801B022801D9032705E0EB48006869
:104C100000F480700028F2D000BF002F46D1E64893
:104C20009030006800F44075CDB1206DA84216D0D8
:104C3000E1489030006820F44075DF48D0F89000DB
:104C400040F48030DC49C1F890000846D0F890006C
:104C500020F48030C1F890000846C0F8905005F06C
:104C60000100A0B1FEF7C0FF064608E0FEF7BCFF5A
:104C7000801B41F28831884201D9032706E0CE48E3
:104C80009030006800F002000028EFD000BF5FB94C
:104C9000C9489030006820F44070216D0843C6492F
:104CA000C1F8900003E00CE0B84600E0B846B9F166
:104CB000010F05D1C048806D20F08050BE49886545
:104CC00000BF207800F0010048B1BB488830006880
:104CD00020F0030061680843B749C1F888002078D4
:104CE00000F00200022809D1B3488830006820F0A3
:104CF0000C00A1680843B049C1F88800207800F092
:104D00000400042809D1AC488830006820F0300045
:104D1000E1680843A849C1F88800207800F008003D
:104D2000082809D1A4488830006820F0C000216913
:104D30000843A149C1F88800207800F0100010282D
:104D400009D19D488830006820F4407061690843AB
:104D50009949C1F88800207800F02000202809D166
:104D600095488830006820F44060A1690843924962
:104D7000C1F88800207800F04000402809D18E4812
:104D80008830006820F44050E16908438A49C1F83E
:104D90008800207800F08000802809D1864888307B
:104DA000006820F44040216A08438349C1F8880024
:104DB000208800F48070B0F5807F09D17E4888306B
:104DC000006820F44030616A08437B49C1F88800DC
:104DD000206800F40030B0F5003F09D176489C30DF
:104DE000006820F00300A16A08437349C1F89C00E1
:104DF000208800F40070B0F5007F09D16E4888303B
:104E0000006820F44020E16A08436B49C1F888003B
:104E1000208800F48060B0F5806F13D16648883038
:104E2000006820F44010216B084363498831086012
:104E3000206BB0F5801F05D15F48C06840F480103A
:104E40005D49C860208800F40060B0F5006F13D1A0
:104E500059488830006820F44000616B0843564987
:104E600088310860606BB0F5800F05D15248C0688A
:104E700040F480105049C860208800F48050B0F59C
:104E8000805F13D14C488830006820F04070A16BDF
:104E90000843494988310860A06BB0F1807F05D193
:104EA0004548C06840F480104349C860208800F439
:104EB0000050B0F5005F13D13F488830006820F003
:104EC0004060E16B08433C4988310860E06BB0F119
:104ED000006F05D13848C06840F480103649C8607A
:104EE000208800F48040B0F5804F13D132488830DC
:104EF000006820F04060216C08432F498831086029
:104F0000206CB0F1006F05D12B48C06840F48010D0
:104F10002949C860208800F40040B0F5004F13D143
:104F200025488830006820F04050616C08432249D1
:104F300088310860606CB0F1805F05D11E48C068A0
:104F400040F480301C49C860206800F48030B0F51F
:104F5000803F13D118488830006820F04040A16C91
:104F60000843154988310860A06CB0F1804F05D125
:104F70001148C06840F480300F49C860206800F4D0
:104F80008020B0F5802F13D10B489C30006820F4AE
:104F90004010E16C084308499C310860E06CB0F5B2
:104FA000001F05D10448C06840F480100249C86061
:104FB0004046BDE8F8830000001002400070004049
:104FC0002DE9F04104460D464FF0000814B90120C8
:104FD000BDE8F0817D48006800F00F00A8420ED2C5
:104FE0007A48006820F00F00284378490860084696
:104FF000006800F00F00A84201D00120E8E7207807
:1050000000F00100002864D06068032823D17048B4
:10501000006800F0007008B90120D9E703F0B8FA81
:1050200006466C48864237D96948806800F0F0002F
:1050300030B1207800F0020002282DD1A06858BBC2
:105040006348806820F0F00040F08000604988608C
:105050004FF0800820E06068022806D15C480068B4
:1050600000F4003040B90120B2E75948006800F46C
:10507000806008B90120ABE700F0DEF8064655482D
:10508000864209D95248806820F0F00040F0800044
:105090004F4988604FF080084D48806820F0030039
:1050A000616808434A498860FEF79EFD074608E0AC
:1050B000FEF79AFDC01B41F28831884201D90320D6
:1050C00086E74348806800F00C006168B0EB810F10
:1050D000EED1207800F00200022820D1207800F0E4
:1050E0000400042805D13A48806840F4E06038495B
:1050F0008860207800F00800082807D134488068CC
:1051000020F4605040F4E0603149886030488068A5
:1051100020F0F000A16808432D49886008E0B8F14C
:10512000800F05D12A48806820F0F0002849886067
:105130002648006800F00F00A84219D923480068EB
:1051400020F00F00284321490860FEF74DFD074677
:1051500008E0FEF749FDC01B41F28831884201D9C1
:10516000032035E71948006800F00F00A842F0D18D
:10517000207800F00400042807D11548806820F446
:10518000E060E168084312498860207800F0080078
:10519000082808D10E48806820F46050216940EA50
:1051A000C1000B49886000F047F809498968C1F3DC
:1051B0000311094A515C01F01F01C840074908600A
:1051C00007480068FFF7A6FB02E700000020024046
:1051D0000010024000B4C404D4AE00081000002047
:1051E00008000020014800687047000010000020FF
:1051F00000B5FFF7F7FF05498968C1F30221044AAA
:10520000515C01F01F01C84000BD000000100240C9
:10521000E4AE000800B5FFF7E5FF05498968C1F372
:10522000C221044A515C01F01F01C84000BD0000CA
:1052300000100240E4AE000870B5224DAD6805F0E4
:105240000C05042D01D120483AE01E4DAD6805F053
:105250000C05082D01D11D4832E01A4DAD6805F04E
:105260000C050C2D2BD1174DED6805F00304154DE1
:10527000ED68C5F303156A1C022C0CD0032C09D170
:10528000124DB5FBF2F50F4EF668C6F3062605FB88
:1052900006F10AE000BF0C4DB5FBF2F5094EF668C9
:1052A000C6F3062605FB06F100BF00BF054DED68FD
:1052B000C5F341656D1C6B00B1FBF3F000E000200D
:1052C00070BD0000001002400024F40000127A00BB
:1052D0002DE9F843044614B90120BDE8F88320788D
:1052E00000F00100002865D0FC48806800F00C0741
:1052F000FA48C06800F003060C2F01D1032E01D03C
:10530000082F0AD1F548006800F40030002851D079
:10531000606800284ED10120DFE700BF6068B0F56B
:10532000803F06D1ED48006840F48030EB490860CA
:105330001AE06068B0F5A02F0BD1E848006840F48F
:105340008020E64908600846006840F48030086024
:105350000AE0E248006820F48030E049086008462E
:10536000006820F48020086000BF606888B1FEF704
:105370003BFC054606E0FEF737FC401BC82801D978
:105380000320AAE7D548006800F400300028F2D0D6
:1053900010E0FEF729FC054606E0FEF725FC401B61
:1053A000C82801D9032098E7CC48006800F40030F1
:1053B0000028F2D1207800F00200022860D1C7480E
:1053C000806800F00C07C548C06800F003060C2F89
:1053D00001D1022E01D0042F18D1C048006800F47A
:1053E000806018B1E06808B9012076E7BB484068E2
:1053F00020F0FE40217C40EA0160B8494860B8488E
:105400000068FFF787FA18B3012066E7E06800B389
:10541000B248006840F48070B0490860FEF7E4FBD1
:10542000054606E0FEF7E0FB401B022801D90320F9
:1054300053E7AA48006800F480600028F2D0A7482B
:10544000406820F0FE40217C40EA0160A3494860AA
:1054500016E0A248006820F48070A0490860FEF7BA
:10546000C3FB054606E0FEF7BFFB401B022801D93F
:10547000032032E79948006800F480600028F2D1E8
:10548000207800F00800082836D16069D0B1934830
:105490009430006840F001009049C1F89400FEF794
:1054A000A3FB054606E0FEF79FFB401B022801D93F
:1054B000032012E789489430006800F002000028B9
:1054C000F1D019E085489430006820F0010083494C
:1054D000C1F89400FEF788FB054606E0FEF784FB62
:1054E000401B022801D90320F7E67C48943000686D
:1054F00000F002000028F1D1207800F00400042818
:1055000072D14FF000087548806D012121EA1070BA
:1055100078B100BF7148806D40F080506F49886558
:105520000846806D00F08050009000BF00BF4FF033
:1055300001086C48006800F48070B0B969480068E0
:1055400040F4807067490860FEF74EFB054606E0B0
:10555000FEF74AFB401B022801D90320BDE6614843
:10556000006800F480700028F2D000BFA068012815
:1055700008D15A489030006840F001005749C1F8FE
:10558000900021E0A06805280FD1544890300068B1
:1055900040F004005149C1F890000846D0F890004E
:1055A00040F00100C1F890000EE04C4890300068D7
:1055B00020F001004949C1F890000846D0F8900059
:1055C00020F00400C1F8900000BFA068A8B1FEF769
:1055D0000BFB054609E0FEF707FB401B41F2883153
:1055E000884202D9032078E625E03C4890300068E4
:1055F00000F002000028EED013E0FEF7F5FA0546B1
:1056000008E0FEF7F1FA401B41F28831884201D9E7
:10561000032062E631489030006800F00200002864
:10562000EFD1B8F1010F05D12C48806D20F08050EA
:105630002A49886500BF207800F02000202836D154
:10564000A069D0B125489830006840F00100234996
:10565000C1F89800FEF7C8FA054606E0FEF7C4FA5E
:10566000401B022801D9032037E61C489830006807
:1056700000F002000028F1D019E0184898300068C6
:1056800020F001001549C1F89800FEF7ADFA054673
:1056900006E0FEF7A9FA401B022801D903201CE608
:1056A0000E489830006800F002000028F1D1E0694F
:1056B000002860D00948806800F00C000C287AD0DF
:1056C000E069022858D10548006820F0807003493D
:1056D0000860FEF789FA05460DE000000010024060
:1056E0000800002000700040FEF77EFA401B0228F0
:1056F00001D90320F1E54A48006800F00070002855
:10570000F2D1D4E90810401E41EA0011A06A41EA32
:105710000021208E0122C2EB500041EA405134208A
:10572000005DC2EB500041EA40612C20005D41EA7F
:10573000C0603B49C9683B4A114008433849C860CA
:105740000846006840F0807008600846C06840F075
:105750008070C860FEF748FA054606E0FEF744FA96
:10576000401B022801D90320B7E52D48006800F04E
:1057700000700028F2D051E02948006820F08070C5
:1057800027490860FEF730FA054606E0FEF72CFAD6
:10579000401B022801D903209FE52148006800F042
:1057A00000700028F2D11E48C0681F4908401C49FB
:1057B000C86033E0FFE7E069012800D18DE51848B3
:1057C000C66806F00301206A814225D106F0F00187
:1057D000606A401EB1EB001F1ED106F4FE41A06AB4
:1057E000B1EB002F18D106F078412C20005DB1EB11
:1057F000C06F11D106F4C001208E0122C2EB50000F
:10580000B1EB405F08D106F0C0613420005DC2EB0F
:105810005000B1EB406F01D001205EE500205CE557
:10582000001002400C809F01FCFFEEFE70B50446A4
:105830000CB9012070BD606A38B96068B0F5827F2C
:1058400000D105E00021E16102E0002121616161F8
:105850000021A16294F85D0028B9002084F85C0062
:10586000204600F061F8022084F85D00206800689E
:1058700020F0400021680860E068B0F5E06F01D9D1
:10588000002501E04FF48055E068B0F5706F05D059
:10589000E068B0F5E06F01D00021A162A08800F4BB
:1058A0008270218901F404410843217C01F0020146
:1058B0000843217D01F001010843218B01F40071AF
:1058C0000843217F01F0380108432021095D01F0E0
:1058D00080010843218D01F40051084321680860CC
:1058E0000421A06901EA104094F8241001F010018D
:1058F000084394F8341001F008010843A18901F429
:105900007061084305F480510843216848602068AD
:10591000C06920F400602168C86100202066012071
:1059200084F85D00002085E710B586B00446142198
:1059300001A8FAF7B9FC17492068884227D100BFAF
:105940001548006E40F48050134908660846006E02
:1059500000F48050009000BF00BF00BF0846C06C3C
:1059600040F00200C8640846C06C00F002000090DD
:1059700000BF00BF38200190022002900020039059
:1059800004900520059001A90448FEF731F806B0FF
:1059900010BD00000030014000100240000400482B
:1059A00070B504462546681EB0F1807F01D3012002
:1059B0000FE0681E4FF0E02148610F214FF0FF30EB
:1059C00004F0B6FA00204FF0E0218861072008615A
:1059D000002070BD10B50346002200BF93F83C00C4
:1059E000012801D1022010BD012083F83C0000BF36
:1059F00022F0FF00CC6840EA040222F440708C6878
:105A000040EA040222F480604C6840EA040222F476
:105A100000600C6840EA040222F480500C6940EAFD
:105A2000040222F400504C6940EA040222F480404F
:105A30000C6B40EA040222F470200C8B40EA044212
:105A400022F08050CC6940EA0402144C1868A0424D
:105A500007D0134C1868A04203D0124C1868A0421B
:105A600013D122F470000C8D40EA045222F08070B1
:105A70000C6A40EA040222F000704C6A40EA040218
:105A800022F00050CC6A40EA04021868426400BF69
:105A9000002083F83C0000BF00BFA4E7002C0140B9
:105AA000003401400050014030B502460B4600BFB3
:105AB00092F83C00012801D1022030BD012082F87B
:105AC0003C0000BF022082F83D0010684168106869
:105AD0008468234D1068A84207D0224D1068A84260
:105AE00003D0214D1068A84203D121F470015868F9
:105AF00001431E4801401868014310684160184D79
:105B00001068A8421BD01068B0F1804F17D0184D14
:105B10001068A84213D0174D1068A8420FD0164D38
:105B20001068A8420BD00F4D1068A84207D0134D43
:105B30001068A84203D00C4D1068A84205D124F08B
:105B400080049868044310688460012082F83D0056
:105B500000BF002082F83C0000BF00BFADE700009E
:105B6000002C014000340140005001408FFFFFFD38
:105B70000004004000080040000C004000400140CC
:105B800010B504460CB9012010BD94F83D0028B9A9
:105B9000002084F83C00204600F02AF8022084F817
:105BA0003D00211D206803F0A3F9012084F848007E
:105BB00000BF84F83E0001213F20015540200155DF
:105BC00041200155422001554320015500BF00BF2F
:105BD000012084F844004520015546200155472006
:105BE000015500BF012084F83D000020CCE70000F3
:105BF00008B5244A016891420DD100BF2249096EBF
:105C000041F40061204A11661146096E01F40061F9
:105C1000009100BF35E01D4A016891420DD100BFDF
:105C20001949896D41F00201174A91651146896D44
:105C300001F00201009100BF23E0154A0168914282
:105C40000DD100BF1049896D41F004010E4A9165E4
:105C50001146896D01F00401009100BF11E00D4A69
:105C6000016891420DD100BF0749096E41F48031AE
:105C7000054A11661146096E01F48031009100BF9A
:105C800000BF08BD002C014000100240000400408D
:105C90000008004000400140014691F83D00012805
:105CA00001D001207047022081F83D001C4B08689C
:105CB00098421BD00868B0F1804F17D0194B086884
:105CC000984213D0184B086898420FD0174B0868B9
:105CD00098420BD0164B0868984207D0154B0868BD
:105CE000984203D0144B0868984210D10868806825
:105CF000124B00EA0302062A0FD0B2F5803F0CD007
:105D00000868006840F001000B68186005E008684A
:105D1000006840F001000B6818600020C2E7000036
:105D2000002C01400004004000080040000C00402E
:105D300000340140004001400050014007000100D4
:105D40002DE9F04104460D46002700BF94F83C00C1
:105D5000012802D10220BDE8F081012084F83C0036
:105D600000BF022084F83D00206886684248064053
:105D700026F47F46206886602868B0F5005F33D03F
:105D800015DC402851D008DC002858D0102857D006
:105D9000202856D0302862D154E0502831D06028D5
:105DA00039D0702813D0B0F5805F58D10EE000F0E4
:105DB0000F01002953D10011A0F5803008284ED2E0
:105DC000DFE800F0414243444546474849E0D5E911
:105DD00002136A68206803F010F92068866846F0AC
:105DE0007706206886603CE0D5E902136A6820687F
:105DF00003F003F92068806840F4804021688860DF
:105E00002FE0EA686968206803F018FB50212068D9
:105E100003F0FEF825E0EA686968206803F04AFBB1
:105E20006021206803F0F4F81BE0EA6869682068E4
:105E300003F004FB4021206803F0EAF811E000BF02
:105E400000BF00BF00BF00BF00BF00BF00BF00BF5A
:105E500000BF00BF2968206803F0DAF801E00127DD
:105E600000BF00BF012084F83D0000BF002084F87F
:105E70003C0000BF38466EE788FFCEFF10B586B005
:105E80000446142101A8FAF70FFA21492068884234
:105E90001CD100BF1F48C06C40F001001D49C86400
:105EA0000846C06C00F00100009000BF00BF8815DC
:105EB000019002200290002003900490062005909B
:105EC00001A94FF09040FDF793FD1FE012492068B3
:105ED00088421BD100BF0F48C06C40F002000D4942
:105EE000C8640846C06C00F00200009000BF00BF0C
:105EF0004FF4607001900220029000200390049003
:105F00000220059001A90548FDF772FD06B010BDFD
:105F1000002C01400010024000080040000400482E
:105F200070B504460D4615B994F83E0015E0042DF1
:105F300002D13F20005D10E0082D02D14020005D1D
:105F40000BE00C2D02D14120005D06E0102D02D1A6
:105F50004220005D01E04320005D012801D00120C6
:105F600070BD1DB9022084F83E001AE0042D03D153
:105F700002213F20015514E0082D03D102214020C9
:105F800001550EE00C2D03D102214120015508E0FE
:105F9000102D03D102214220015502E002214320AD
:105FA000015501222946206803F016F82D49206882
:105FB000884213D02C49206888420FD02B49206892
:105FC00088420BD02A492068884207D02949206896
:105FD000884203D028492068884201D1012000E08E
:105FE000002028B12068406C40F4004021684864DB
:105FF0001C49206888421BD02068B0F1804F17D020
:106000001E492068884213D01D49206888420FD05D
:106010001C49206888420BD013492068884207D069
:1060200012492068884203D013492068884210D161
:1060300020688068144900EA0106062E0FD0B6F5E4
:10604000803F0CD02068006840F0010021680860A3
:1060500005E02068006840F0010021680860002029
:106060007EE70000002C0140003401400040014068
:10607000004401400048014000500140000400403D
:1060800000080040000C0040070001002DE9F0412D
:1060900004460D461646002700BF94F83C00012830
:1060A00002D10220BDE8F081012084F83C0000BF4D
:1060B0000C2E51D005DC4EB1042E1ED0082E7AD104
:1060C00033E0102E60D0142EF9D175E029462068F7
:1060D00002F0AAFF2068806940F00800216888610A
:1060E0002068806920F00400216888612068806948
:1060F000296908432168886178E02946206802F010
:10610000F3FF2068806940F400602168886120689E
:10611000806920F48060216888612068806929692D
:1061200040EA01202168886160E02946206803F088
:1061300041F82068C06940F008002168C861206803
:10614000C06920F004002168C8612068C06929691D
:1061500008432168C86149E02946206803F08EF8A9
:106160002068C06940F400602168C8612068C06987
:1061700020F480602168C8612068C069296940EA0C
:1061800001202168C86131E02946206803F0DCF86D
:106190002068006D40F00800216808652068006DE7
:1061A00020F00400216808652068006D2969084313
:1061B000216808651AE017E02946206803F000F915
:1061C0002068006D40F40060216808652068006D5B
:1061D00020F48060216808652068006D296940EA24
:1061E00001202168086501E0012700BF00BF00BF52
:1061F000002084F83C0000BF384653E710B5044641
:106200000CB9012010BD94F83D0028B9002084F895
:106210003C00204600F029F8022084F83D00211DB2
:10622000206802F065FE012084F8480000BF84F871
:106230003E0001213F2001554020015541200155DC
:10624000422001554320015500BF00BF012084F8C2
:10625000440045200155462001554720015500BF07
:10626000012084F83D000020CCE77047014600BFC4
:1062700091F88400012801D102207047012081F8A3
:10628000840000BF2420C1F88800086802680868FC
:10629000006820F001000B68186022F00052002016
:1062A0004866086802602020C1F8880000BF00200E
:1062B00081F8840000BF00BFDFE7704770B5044677
:1062C0000D4600BF94F88400012801D1022070BD62
:1062D000012084F8840000BF2420C4F888002068CE
:1062E00006682068006820F00100216808602068C6
:1062F000806820F06060284321688860204603F0B1
:1063000015F9206806602020C4F8880000BF00202E
:1063100084F8840000BF00BFD9E770B504460D467D
:1063200000BF94F88400012801D1022070BD012033
:1063300084F8840000BF2420C4F888002068066820
:106340002068006820F001002168086020688068EB
:1063500020F06040284321688860204603F0E6F87A
:10636000206806602020C4F8880000BF002084F860
:10637000840000BF00BFD9E770B50446D4F8885048
:10638000D4F88C602068806800F08000802823D1D9
:10639000212D21D100BF00BF2168083151E8001F25
:1063A00021F080002168083141E80002002AF3D181
:1063B00000BFE06F68B1E06FFCF7C8FD48B1E06F67
:1063C000FCF703FE202804D11020C4F8900003201D
:1063D00070BD204603F0B4FA2068806800F04000E9
:1063E000402826D1222E24D100BF00BF21680831C9
:1063F00051E8001F21F040002168083141E8000207
:10640000002AF3D100BFD4F8800078B1D4F880001E
:10641000FCF79CFD50B1D4F88000FCF7D6FD202895
:1064200004D11020C4F890000320D1E7204603F0E7
:1064300051FA0020CCE7704710B504460CB9012092
:1064400010BDA06900B100E000BFD4F8880028B9F1
:10645000002084F88400204600F02AF82420C4F8A4
:1064600088002068006820F0010021680860A06AA8
:1064700010B1204603F086F8204603F081FA012887
:1064800000D1DDE72068406820F490402168486032
:106490002068806820F02A002168886020680068F1
:1064A00040F0010021680860204603F0E7F8C7E7E4
:1064B00010B59CB00446142117A8F9F7F5FE542135
:1064C00002A8F9F7F1FE3C492068884271D1042006
:1064D00002900020059002A8FEF766FB08B1FBF7CA
:1064E00017F900BF3548806D40F480203349886536
:1064F0000846806D00F48020019000BF00BF00BFFF
:106500000846C06C40F00400C8640846C06C00F047
:106510000400019000BF00BF4FF4406017900220BC
:106520001890002019901A9007201B9017A9244852
:10653000FDF75EFA2348244908601C2048600021CA
:1065400021488160C1608021016100214161816138
:10655000C1610162FCF73CFD08B1FBF7D9F800BF4F
:106560001948C4F88000846200BF164814301749E7
:1065700008601D2048601021144881600021C1601E
:1065800080210161002141618161C1610162FCF7EB
:106590001FFD08B1FBF7BCF800BF0C48E067846240
:1065A00000BF002204212720FEF716FA2720FEF75D
:1065B000FFF91CB010BD0000004800400010024070
:1065C00000080048300002400C0600206C06002045
:1065D00070B504460D461646D4F88C00202821D10B
:1065E00005B10EB9012070BD0020E0660E4920689B
:1065F000884211D02068406800F4000060B100BFFC
:1066000000BF216851E8001F41F08060226842E825
:1066100000010029F5D100BF32462946204603F08B
:1066200093FBE0E70220DEE7008000407047704700
:10663000F0B503460D461E68D6F8B0031E68D6F8BE
:10664000B4131E68D6F8B8430B2D7CD2DFE805F0F2
:1066500006112A4A6B8EAFCAECFCFB0000271E68AD
:10666000C6F8B0731E68C6F8B4731E68C6F8B8736F
:1066700047E120F03F00167806F003063043167914
:1066800006F004063043167A06F0180630431E68FA
:10669000C6F8B003167C06F0200630431E68C6F824
:1066A000B0032EE120F47C60C027166807EA861646
:1066B00030434FF48077566807EA861630434FF42C
:1066C000C067966807EA861630431E68C6F8B003AE
:1066D0004FF40067166907EA861630431E68C6F84D
:1066E000B0030EE120F47C304FF44057166807EAFF
:1066F000063630434FF48047566807EA0636304383
:106700004FF4C037966807EA063630431E68C6F86D
:10671000B0034FF40037166907EA063630431E68A7
:10672000C6F8B003EDE020F47C0016884FF4402753
:1067300007EA8646304396884FF4801707EA864674
:106740003043168900E0DBE04FF4C00707EA8646D5
:1067500030431E68C6F8B003168A4FF4000707EAF4
:10676000864630431E68C6F8B003CAE020F07C506D
:1067700016784FF0407707EA0666304316794FF0F7
:10678000806707EA06663043167A4FF0C05707EA7B
:10679000066630431E68C6F8B003167C4FF00057FB
:1067A00007EA066630431E68C6F8B003A9E021F088
:1067B0001F01167806F003063143167906F0040629
:1067C0003143167A06F01806314324F00F04167B85
:1067D00006F00F0634431E68C6F8B4131E68C6F8E8
:1067E000B8438EE021F4F861C027166807EA8616E0
:1067F00031434FF48077566807EA861631434FF4E9
:10680000C067966807EA8616314324F470744FF423
:106810007077D66807EA861634431E68C6F8B41344
:106820001E68C6F8B8436CE021F4F8314FF44057C5
:10683000166807EA063631434FF48047566807EA80
:106840000636314301E038E014E04FF4C037966873
:1068500007EA0636314324F470444FF47047D66893
:1068600007EA063634431E68C6F8B4131E68C6F835
:10687000B84346E021F4F80116884FF4402707EAB0
:106880008646314396884FF4801707EA864631439F
:1068900016894FF4C00707EA8646314324F4701482
:1068A00096894FF4701707EA864634431E68C6F887
:1068B000B4131E68C6F8B84323E021F0F8511678E7
:1068C0004FF0407707EA0666314316794FF080674C
:1068D00007EA06663143167A4FF0C05707EA0666A4
:1068E000314324F07064167B4FF0706707EA066648
:1068F00034431E68C6F8B4131E68C6F8B84300E0F7
:1069000000BF00BFF0BD072944D2DFE801F00D163B
:106910001F28313A04000268D2F8842342F00103B0
:106920000268C2F8843336E00268D2F8842342F069
:1069300002030268C2F884332DE00268D2F884238F
:1069400042F004030268C2F8843324E00268D2F8FB
:10695000842342F008030268C2F884331BE0026813
:10696000D2F8842342F010030268C2F8843312E0A4
:106970000268D2F8842342F020030268C2F884330C
:1069800009E00268D2F8842342F040030268C2F8AA
:10699000843300E000BF00BF704710B503681A6879
:1069A00022F007028B681A4322F01802CB681A43C0
:1069B00003681A600B68046863614B680468A3612C
:1069C00010BD10B50246146820681468D4F8A033CE
:1069D00020F020004C69204320F0C0004C69202C9E
:1069E00002D08C69022C04D120F0C00040F02000BD
:1069F00013E08C69032C04D140F0400020F08000AB
:106A00000BE08C69042C04D140F0800020F04000A1
:106A100003E020F0200020F0C00020F40060CC69EA
:106A2000204320F480600C6A204320F0C0604C6A50
:106A3000204320F000608C6A204320F04040CC6A64
:106A400040EA840020F000504C6B204323F4803354
:106A50000C6B2343146820601468C4F8A03310BD85
:106A6000F0B5154600240768803707EBC1177A6E2A
:106A70000768803707EBC117BE6B402D23D00EDCB3
:106A8000082D34D006DC012D1AD0022D2ED0042D75
:106A900043D116E0102D15D0202D3ED128E0B5F5BC
:106AA000007F27D005DC802D23D0B5F5807F34D141
:106AB0000AE0B5F5806F08D0B5F5006F2DD11AE06A
:106AC00000BF00BF00BF00BF00BFD3F804C007680D
:106AD000803707EBC117C7F83CC0D3F808C0076878
:106AE000803707EBC117C7F840C017E000BF00BFF1
:106AF00000BF00BF00BFD3F804C00768803707EBB2
:106B0000C117C7F844C0D3F808C00768803707EB3F
:106B1000C117C7F848C0102400E000BF00BFFE271F
:106B2000A740BA431F68A7403A43DF68A7403A43EB
:106B30001F69A7403A435F69A7403A439F69A7404E
:106B40003A431F69082F08D106F400772FB906F0E1
:106B5000007717B9DF69A7403A430768803707EB2A
:106B6000C1177A66F0BD30B50468803404EBC114F7
:106B7000236823F007039468234323F01803D468A1
:106B800023430468803404EBC1142360156804684F
:106B9000803404EBC114656155680468803404EBEB
:106BA000C114A56130BD00002DE9F04103460C463B
:106BB000D3F800C00CF1800C0CEBC41CDCF800C056
:106BC0002CF07048D3F800C00CF1800C0CEBC41C06
:106BD000CCF80080D3F800C00CF1800C0CEBC41C86
:106BE000DCF80000D3F800C00CF1800C0CEBC41CE6
:106BF000DCF86860D3F800C00CF1800C0CEBC41C0E
:106C0000DCF86450D3F800C0DCF8A01320F02000BA
:106C1000D2F814C04CEA0000D2F814C0BCF1200F26
:106C200004D0D2F818C0BCF1020F04D120F4C07017
:106C300040F0200017E0D2F818C0BCF1030F04D1D7
:106C400040F0800020F480700DE0D2F818C0BCF154
:106C5000040F04D140F4807020F0800003E020F0A5
:106C6000200020F4C07020F40060D2F81CC04CEA70
:106C7000000020F48060D2F820C04CEA000020F030
:106C8000C060D2F824C04CEA000020F00060D2F8C6
:106C900028C04CEA000020F07040D2F82CC04CEA2A
:106CA000000020F40030D2F834C0BCF1005F01D104
:106CB00040F4003020F04000D2F838C04CEA000028
:106CC00020F48020D2F858C04CEA0000DFF828C138
:106CD00000EA0C00D2F850C04CEA000026F03F0653
:106CE00092F83CC00CF03F0C4CEA060626F0004639
:106CF000D2F840C04CEA0606D2F838C0BCF1000F0A
:106D000005D125F48075D2F844C04CEA0505D2F8C7
:106D100048C0BCF5606F04D0D2F848C0BCF5F05F45
:106D200004D1D2F838C0BCF1400F05D125F4F0559C
:106D3000D2F848C04CEA050525F48045D2F84CC08D
:106D40004CEA0505576D062C2ED2DFE804F0030A45
:106D500011181F2621F40031D2F830C041EA4C014D
:106D600023E021F48021D2F830C041EA8C011CE0FC
:106D700021F40021D2F830C041EACC0115E021F421
:106D80008011D2F830C041EA0C110EE021F400115C
:106D9000D2F830C041EA4C1107E021F48001D2F86A
:106DA00030C041EA8C1100E000BF00BFD3F800C042
:106DB0000CF1800C0CEBC41CCCF80000D3F800C024
:106DC0000CF1800C0CEBC41CCCF86860D3F800C04C
:106DD0000CF1800C0CEBC41CCCF86450D3F800C050
:106DE0000CF1800C0CEBC41CCCF85470D3F800C030
:106DF000CCF8A013BDE8F081FFFF06FE10B50346F6
:106E00001C68803404EBC114E06E20F0100014689C
:106E100040EA041020F480105468204320F48030AD
:106E2000D468204320F40030946820439469012CF6
:106E30000BD120F004001469204320F002005469B3
:106E4000204320F00100946920431C68803404EB47
:106E5000C114E06610BD000010B54FF480514148E8
:106E6000FCF7B4FE18B101203F49887202E000200F
:106E70003D4988723D4890ED010ADFED3D0AB4EED0
:106E8000E00AF1EE10FA10DD01F07AFB002036493D
:106E900008700846406820F080008030486000207C
:106EA000344908703449086142E02F48406898B17D
:106EB000FAF720FC00F05EF901F062FB01F09CFBA8
:106EC00005202949087000202B4908619FED2B0AF5
:106ED0002B4880ED040A2BE02348807A70B9FAF73A
:106EE00009FC00F055F901F04BFB9FED240A244802
:106EF00080ED040A00202049086119E000F048F9FB
:106F00001948807A01280CD11B480069B0F5C87F68
:106F100002D301F019F90BE0FAF7ECFB01F030FBBA
:106F200006E0FAF7E7FB01F02BFB002012490861AD
:106F300001F07EFB0D4890ED010ADFED0D0AB4EE85
:106F4000E00AF1EE10FA01DD01F01AFB0648807A42
:106F500008B901F015FB0448406808B101F010FBC6
:106F600010BD000000080048E006002020090020B5
:106F70000000784254080020CC0600200024744809
:106F8000FC06002000BFFEE7704700000A4880684A
:106F900018B10520084908700CE00748407818B976
:106FA00001200549087005E00348407810B102202F
:106FB00001490870704700002C0A002010B568488D
:106FC0000088401C6649088008460088B0F5A07F0C
:106FD00001DB0020088063480088401C614908806C
:106FE00008460088782801DB002008805E48007889
:106FF0005E490978884215D05B4800785B49087083
:10700000002240215A48FCF7E9FD0022802158481F
:10701000FCF7E4FD00224FF400414FF09040FCF7F4
:10702000DDFD10BD5048007806286FD2DFE800F083
:10703000031F405C6F814A480088A02805DB0122BD
:1070400040214B48FCF7CAFD04E00022402148489B
:10705000FCF7C4FD002280214548FCF7BFFD00225B
:107060004FF400414FF09040FCF7B8FD74E03C480D
:107070000088A0280ADB012240213D48FCF7AEFD34
:10708000012280213A48FCF7A9FD09E000224021B5
:107090003748FCF7A3FD002280213548FCF79EFD10
:1070A00000224FF400414FF09040FCF797FD53E071
:1070B0002C4800883C2805DB012240212C48FCF7A5
:1070C0008DFD04E0002240212948FCF787FD0022C5
:1070D00080212748FCF782FD00224FF400414FF049
:1070E0009040FCF77BFD37E0012240212048FCF76F
:1070F00075FD012280211E48FCF770FD00224FF42F
:1071000000414FF09040FCF769FD25E023E00122AB
:1071100040211748FCF762FD002280211448FCF74B
:107120005DFD00224FF400414FF09040FCF756FD0A
:1071300012E0002240210E48FCF750FD0122802180
:107140000B48FCF74BFD00224FF400414FF09040FC
:10715000FCF744FD00E000BF00BF00BF61E7000096
:1071600018000020160000202C0A00201A00002021
:107170000008004810B5002204210348FCF72EFD4A
:1071800000200249C87210BD000C0048E006002033
:1071900010B5012204210348FCF720FD012002491B
:1071A000C87210BD000C0048E00600208168024A49
:1071B0001140491C81607047C0FFFF7F014688680D
:1071C00000F0E07070470146886800F01F007047CB
:1071D000024602F1600000EB8103186800F0F840FD
:1071E000704701468868C0F3C00070470146886850
:1071F000C0F3400070470146886800F00100704706
:107200000146886800F00100704701468868C0F3B5
:107210000070704701468868C0F3800070470146DF
:107220008868C0F3800070478168024A1140091DD8
:1072300081607047C0FFFF7F70B500F11404C1F397
:10724000406504EB85031C68C1F304560725B5406F
:10725000AC43C1F3045502FA05F52C431C6070BD24
:10726000826822F0E0720A438260704710B500F134
:10727000600404EB81031C6824F0004414431C6088
:1072800010BD426922F000420A434261704700008B
:10729000014908607047000014040140014908607A
:1072A0007047000014040140014908607047000065
:1072B00034040140024909688143014A1160704762
:1072C00004040140024909688143014A1160704782
:1072D00024040140024909688143014A1160704752
:1072E00000040140024909688143014A1160704766
:1072F000200401400146044800680840884201D14A
:10730000012070470020FCE71404014000B58BB059
:107310000020089009900A9020216846F8F7C4FFE1
:107320004FF0A040394908604FF4801048600021B8
:1073300036488160C16001610121416104218161A0
:1073400000210177417705210162002180F8241096
:107350004FF49061C1624FF480610163012180F8B4
:1073600038100021C16380F84010FAF7A3FE08B17D
:10737000FAF7CEF90020089008A92448FAF704FB90
:1073800008B1FAF7C5F922480090062001900320C1
:1073900002907F200390042004900020059069460D
:1073A0001A48FAF7CDFB08B1FAF7B2F9194800907C
:1073B0000C20019069461548FAF7C2FB08B1FAF7AC
:1073C000A7F9154800901220019069460F48FAF776
:1073D000B7FB08B1FAF79CF910480090182001900B
:1073E00069460A48FAF7ACFB08B1FAF791F90C487C
:1073F00000904FF48070019069460448FAF7A0FBB2
:1074000008B1FAF785F90BB000BD00005800002064
:10741000000180210002B025020030040800900C19
:107420000010603200B589B0202101A8F8F73CFFB8
:10743000464847490860000348600021444881608D
:10744000C160016101214161042181610021017755
:10745000417708210162002180F824104FF4B861BF
:10746000C1624FF480610163012180F8381000216E
:10747000C16380F84010FAF71DFE08B1FAF748F929
:107480003448019006200290032003907F2004904E
:10749000042005900020069001A92D48FAF750FB22
:1074A00008B1FAF735F92C4801900C20029001A997
:1074B0002748FAF745FB08B1FAF72AF9274801905F
:1074C0001220029001A92248FAF73AFB08B1FAF714
:1074D0001FF9234801901820029001A91C48FAF7CF
:1074E0002FFB08B1FAF714F91E4801904FF4807091
:1074F000029001A91648FAF723FB08B1FAF708F938
:10750000194801904FF48370029001A91048FAF7CE
:1075100017FB08B1FAF7FCF8144801904FF4867095
:10752000029001A90A48FAF70BFB08B1FAF7F0F844
:107530000F4801904FF48970029001A90448FAF7AE
:10754000FFFA08B1FAF7E4F809B000BD00010050F5
:10755000C400002000005247002090360800900C24
:10756000400020190040C03A0008302E2000F014DE
:107570001000C01010B50B480B490860002048608F
:10758000502109488160002101614FF4A021C160B0
:107590000021416111218161FBF7B4F808B1FAF7CC
:1075A000B7F810BD00020140F001002010B50B48F3
:1075B0000B4908608015486050210948816000210E
:1075C00001614FF4A021C16000214161112181615D
:1075D000FBF798F808B1FAF79BF810BD04020140D8
:1075E0001402002010B50B480B4908608015486054
:1075F000402109488160002101614FF4A021C16050
:107600000021416111218161FBF77CF808B1FAF793
:107610007FF810BD080201403802002000B58DB08F
:10762000302101A8F8F740FE1448154908600846C3
:10763000FBF7D6FB08B1FAF76BF8022001900020A7
:107640008DF808008DF80900039004900590022041
:107650000690079000200890002201A90848FBF737
:107660008BFA08B1FAF754F8102201A90448FBF785
:1076700083FA08B1FAF74CF80DB000BD00080050CD
:107680005C02002000B58DB0302101A8F8F70CFE97
:107690001048114908600846FBF7A2FB08B1FAF749
:1076A00037F80220019000208DF808008DF80900BD
:1076B0000390049005900220069007900020089007
:1076C000002201A90448FBF757FA08B1FAF720F89D
:1076D0000DB000BD001000507002002008B500BFC2
:1076E0001548806C40F00400134988640846806C9B
:1076F00000F00400009000BF00BF00BF0846806C8F
:1077000040F0010088640846806C00F001000090A1
:1077100000BF00BF002201210B20FDF75DF90B2007
:10772000FDF746F9002202210C20FDF755F90C2047
:10773000FDF73EF908BD00000010024010B51548E5
:1077400015490860002048604FF44071124881607C
:107750000021C16001210174417400218174142150
:107760004161012181610C21C1610421016211216A
:107770004162012181620321C162012101634163F0
:1077800000218163C163FBF7A3FF08B1F9F7C0FFD4
:1077900010BD0000006400408402002000B587B0E6
:1077A000142102A8F8F780FD00BF4948C06C40F0E2
:1077B00004004749C8640846C06C00F0040001900A
:1077C00000BF00BF00BF0846C06C40F02000C86486
:1077D0000846C06C00F02000019000BF00BF00BF51
:1077E0000846C06C40F00100C8640846C06C00F058
:1077F0000100019000BF00BF00BF0846C06C40F010
:107800000200C8640846C06C00F00200019000BF8E
:1078100000BF00BF0846C06C40F00800C8640846BE
:10782000C06C00F00800019000BF00BF00224FF4C0
:1078300003512848FCF7D2F9002244212648FCF7DE
:10784000CDF900224FF400414FF09040FCF7C6F90B
:10785000002204212148FCF7C1F94FF403500290A3
:107860000120039000200490059002A91948FCF71C
:10787000BFF844200290012003900020049005905E
:1078800002A91548FCF7B4F84FF40040029001201B
:10789000039000200490059002A94FF09040FCF75F
:1078A000A7F84FF48050029000200390049002A9A2
:1078B0000848FCF79DF80420029001200390002066
:1078C0000490059002A90548FCF792F807B000BDA6
:1078D000001002400008004800040048000C004866
:1078E00000B5BBB0142136A8F8F7DEFC00203390B9
:1078F000349035902F903090319032902B902C9086
:107900002D902E90602113A8F8F7CEFC0020109047
:10791000119012901C2109A8F8F7C6FC202101A89B
:10792000F8F7C2FCD048D149086000204860002127
:10793000CE488160FCF790FC08B1F9F7E9FE0C2114
:10794000CA48FCF757F908B1F9F7E2FE0A21C7481F
:10795000FCF750FD08B1F9F7DBFE0021C348FCF746
:10796000AFF908B1F9F7D4FE012036900020379026
:1079700038903A9036AA0421BC48FCF77BF908B14C
:10798000F9F7C6FE0120369036AA0521B748FCF764
:1079900071F908B1F9F7BCFE0021B448FCF732FCDC
:1079A00008B1F9F7B5FE002033903490359033AA32
:1079B0000821AE48FCF74AFB08B1F9F7A9FE33AA43
:1079C0000821AA48FCF7A3F908B1F9F7A1FE0220A3
:1079D0002F9030900020319032902FAA0821A34898
:1079E000FCF72BFA08B1F9F793FE012208219F4812
:1079F000FCF7C4FB33AA10219C48FCF727FB08B115
:107A0000F9F786FE33AA10219848FCF780F908B1EF
:107A1000F9F77EFE2FAA10219448FCF70EFA08B160
:107A2000F9F776FE012210219048FCF7A7FB44F2FB
:107A300068202B9000202C9003202D9008202E9061
:107A40002BAA06218948FCF7FAFC08B1F9F760FE79
:107A5000002013901490159016900120179000208C
:107A6000189019901A901B901C904FF000601D9078
:107A700000201E901F904FF00050209000202A9070
:107A800013AA06217948FCF75BFE08B1F9F740FE1E
:107A900044F2DF00109010AB012206217348FCF77E
:107AA000EBFC08B1F9F734FE2BAA02216F48FCF772
:107AB000C6FC08B1F9F72CFE002009900A900B9043
:107AC0000C900F9009AA02216848FCF7A5FE08B1A6
:107AD000F9F71EFE0020139014902190229023901D
:107AE000249025904FF0807027901020289000203F
:107AF000299013AA02215D48FCF722FE08B1F9F78C
:107B000007FE00202590202028904003299013AAEA
:107B100003215648FCF714FE08B1F9F7F9FD64207B
:107B2000109010AB012202215048FCF7A5FC08B1CF
:107B3000F9F7EEFD4FF47A7010900020119012903A
:107B400010AB022211464948FCF796FC08B1F9F740
:107B5000DFFD6420109010AB042202214348FCF7A3
:107B60008BFC08B1F9F7D4FD4FF47A70109010AB8C
:107B7000082202213D48FCF77FFC08B1F9F7C8FD57
:107B800010AB082203213948FCF776FC08B1F9F75D
:107B9000BFFD0020019008200290102003900020DB
:107BA0000490059006900790089001AB10220221E6
:107BB0002E48FCF77BFD08B1F9F7AAFD01AB402286
:107BC00003212A48FCF772FD08B1F9F7A1FD202036
:107BD00002904020039001AB202202212348FCF7B1
:107BE00065FD08B1F9F794FD01AB802203211F4820
:107BF000FCF75CFD08B1F9F78BFD2BAA03211B48AC
:107C0000FCF71DFC08B1F9F783FD09AA0321174809
:107C1000FCF702FE08B1F9F77BFD6420109010AB71
:107C2000012203211148FCF727FC08B1F9F770FD88
:107C30004FF47A70109010AB022203210B48FCF72E
:107C40001BFC08B1F9F764FD6420109010AB04220E
:107C500003210648FCF710FC08B1F9F759FD034869
:107C6000FCF798FB3BB000BD00680140E802002033
:107C700010B51248124908604FF482704860002124
:107C80000F4881604FF4E061C160002101614161F2
:107C90004FF4007181611021C161002101624162D4
:107CA00081620721C1620021016308214163FDF760
:107CB000BDFD08B1F9F72CFD10BD000000300140FA
:107CC000E403002000B587B00020039004900590E5
:107CD0000690009001900290154816490860A9206E
:107CE000486000211348816040F2E731C160002103
:107CF000016141618161FDF743FF08B1F9F708FDBA
:107D00004FF48050039003A90A48FEF719F808B110
:107D1000F9F7FEFC2020009080200290694605487B
:107D2000FDF7C2FE08B1F9F7F3FC07B000BD000093
:107D3000004001402C05002000B59BB000201790AA
:107D4000189019901A901490159016901C210DA857
:107D5000F8F7AAFA34216846F8F7A6FA314832490A
:107D600008601020486000212F48816040F2F31124
:107D7000C1600021016141618161FDF701FF08B12E
:107D8000F9F7C6FC4FF48050179017A92648FDF765
:107D9000D7FF08B1F9F7BCFC2348FEF72FFA08B16A
:107DA000F9F7B6FC002014901590169014A91E48FF
:107DB000FDF77AFE08B1F9F7ABFC60200D9040F2B8
:107DC000F3100E9000200F901090119012901390CD
:107DD00000220DA91448FEF759F908B1F9F798FCEB
:107DE0000020009001900290322003900020049027
:107DF0004FF40050059000200690079008904FF037
:107E00000070099000200A900B900C90694606487B
:107E1000FDF7E0FD08B1F9F77BFC0348FEF72EF80B
:107E20001BB000BD002C01404804002000B587B005
:107E3000002003900490059006900090019002901D
:107E400014481549086010204860002112488160DC
:107E5000F921C160002101618161FDF791FE08B146
:107E6000F9F756FC4FF48050039003A90A48FDF738
:107E700067FF08B1F9F74CFC2020009080200290A9
:107E800069460548FDF710FE08B1F9F741FC07B057
:107E900000BD0000000400409404002000B58FB035
:107EA00000200B900C900D900E90089009900A9075
:107EB0001C2101A8F8F7F8F9284829490860102082
:107EC000486000212648816040F2F311C160002122
:107ED00001618161FDF754FE08B1F9F719FC4FF417
:107EE00080500B900BA91E48FDF72AFF08B1F9F747
:107EF0000FFC1B48FEF782F908B1F9F709FC0020D6
:107F000008900A9008A91648FDF7CEFD08B1F9F7C8
:107F1000FFFB6020019040F2F310029000200390DC
:107F20000590042201A90E48FEF7B0F808B1F9F750
:107F3000EFFB082201A90A48FEF7A8F808B1F9F7F3
:107F4000E7FB0C2201A90648FEF7A0F808B1F9F7F3
:107F5000DFFB0348FDF792FF0FB000BD00080040B3
:107F6000E004002010B51848184908604FF4165076
:107F70004860002115488160C16001610C214161A8
:107F800000218161C1610162416200200F49886264
:107F90000846FEF751FA08B1F9F7BAFB00210B4881
:107FA000FEF7BBF908B1F9F7B3FB00210748FEF76C
:107FB00085F908B1F9F7ACFB0448FEF757F908B1A9
:107FC000F9F7A6FB10BD000000480040780500202E
:107FD00000BFFEE730B502460B464FF6FF700021AA
:107FE00012E0555C684000240AE000F0010525B16C
:107FF00040104AF20105684000E04010651CACB238
:10800000082CF2DB4D1CA9B29942EADB30BD00001E
:1080100030B504460D4620781649087060784870DF
:108020008D70AA1EA15C6A1EA05CF9F72BFB11499A
:108030008880A81E81B22046FFF7CCFF0D498988B1
:10804000884215D10B480078012811D109484078A1
:10805000032804D0102807D0152807D105E02946A9
:10806000204601F089FF02E001E000E000BF00BF10
:1080700030BD00002200002000BFFEE7F0EE400A05
:1080800090ED051AD0ED001A00EEA11AB0EE410AEB
:1080900090ED011A21EE201AD0ED031A00EE611ABC
:1080A00080ED051A7047000022490978884205D002
:1080B00021498969214A11601E49087048B11E4949
:1080C000497D41F002021C494A7500211C4A117089
:1080D00017E019498969194A1268891A40F6B832B5
:1080E00091420ED91449497D01F0010212494A75A5
:1080F0000021114A917200220F49CA72CA810A8274
:108100000A730D49497D02290FD10B49897A31B192
:108110000949097D41F00201074A117505E0064948
:10812000097D01F00101044A11750021044A117012
:1081300070470000540000209809002050000020E3
:10814000450000207047000010B52DED028B9FED1B
:10815000E70AB0EE408AE648007806287ED2DFE8DB
:1081600000F0031F22282BA3F9F7B4FA00F044FA19
:1081700000F0ECF90020DE4948709FEDDE0ADE4891
:1081800080ED040A0020DC490870487088709FED7B
:10819000DB0A084680ED050A0020D9490880A1E1E4
:1081A00000F0C8FB9EE1F8F72BFF0020D4490880BF
:1081B00098E1F9F7A5F895E1CD48C07802281ED1DD
:1081C0009FEDCC0ACA4880ED040A0020C849887097
:1081D000CB490880C64890ED040AC74880ED040AE0
:1081E0000120C549087048709FEDC60A084680ED19
:1081F000050A002088700520BD49087053E0BC487E
:10820000C07801282BD19FEDC00ABB4880ED040A3D
:108210000020B9490870012048709FEDBC0A08464B
:1082200080ED050A00208870B94890ED040ADFED62
:10823000B90AB4EEE00AF1EE10FA34D2B048008880
:10824000401CAF4908800846008828282BDB022004
:10825000A749C8700020AA49088024E041E1AC4841
:1082600090ED010ADFEDAC0AB4EEE00AF1EE10FA8F
:1082700017DB01209E49C8700020A14908809FEDAE
:10828000A20A9D4880ED040A00209B490870012045
:1082900048709FED9A0A084680ED050A0020887014
:1082A00001E0F8F7ADFD1DE1994890ED010AF3EE0C
:1082B0000A0AB4EEE00AF1EE10FA05D200208C4969
:1082C0000870964908700BE18948807858BB8C4843
:1082D0000088401C8A49088008460088282813DB4B
:1082E0009FED840A824880ED040AB1EE040A8C48AE
:1082F00080ED030A9FED7D0A80ED050A01207C498F
:10830000887000207E4908809FED7A0A7A4880EDC7
:10831000040A01207849087048709FED820A0846D7
:1083200080ED050ADCE07A4890ED030ADFED7E0A75
:10833000B4EEE00AF1EE10FA0EDB78488088400ACD
:108340004FF0FF317548406861F349207349486038
:10835000002069498870C3E07448C08900EE100AA3
:10836000B8EE400ADFED720A20EE200A6B4880ED7D
:10837000060A90ED060AF3EE000AB4EEE00AF1EE0A
:1083800010FA04DDB3EE000A594880ED070A604890
:1083900090ED020ADFED670A80EE801AB0EE418AA6
:1083A0005E4890ED060AB4EEC80AF1EE10FA02DD5E
:1083B0004F4880ED078A594890ED060A4C4880EDF9
:1083C000070A90ED070AF3EE000AB4EEE00AF1EEB8
:1083D00010FA03DDB3EE000A80ED070A444890ED81
:1083E000060AD0ED070A9FED541A70EEC10AB4EEEA
:1083F000E00AF1EE10FA08D290ED060ADFED4E0A1F
:1084000030EE200A80ED060A04E0394890ED070AB4
:1084100080ED060A01F050FE3D4890ED030A344815
:10842000D0ED060A70EE608A4448B0EE680AFFF7A5
:1084300025FE3B4880ED060AD0ED060AB0EE600A44
:10844000F8F7C2FCB0EE408A9FED3D0A28EE000A24
:10845000274880ED040A90ED040ADFED260AB4EE09
:10846000E00AF1EE10FA08DD9FED220A80ED040A21
:10847000B1EE040A2A4880ED030A1D4890ED040A73
:10848000DFED300AB4EEE00AF1EE10FA08D29FED0B
:108490002D0A80ED040A9FED2C0A214880ED030A85
:1084A000134890ED040A144880ED040A01F0F2FF2D
:1084B00068B91A484068400D40F00101174840680B
:1084C00061F35E501549486000200B498870012017
:1084D000094908704870B6EE000A084680ED050AA2
:1084E00000E000BF00BFBDEC028B10BD000000002B
:1084F0005408002000247448FC0600200AD7A33C3E
:108500002C000020CDCC4C3D00401C470AD7233D19
:1085100020090020CDCC4C3E00001C42E00600208B
:108520007C080020CDCCCC3C0000344298090020CF
:10853000CDCCCC3D0000C84417B75139E808002025
:108540000050434700606A479999993F10B524212C
:108550000648F7F7A9FE1C2205490648F7F78BFEE7
:108560001C2205490548F7F786FE10BD7C0800204F
:1085700008AF000804090020ECAE0008E80800205D
:10858000002002490870487088707047FC0600207F
:1085900070B5164DED6805F00304144DED68C5F394
:1085A00003156B1C022C0CD0032C09D1104DB5FB0C
:1085B000F3F50E4EF668C6F3062605FB06F10AE053
:1085C00000BF0C4DB5FBF3F5084EF668C6F3062662
:1085D00005FB06F100BF00BF044DED68C5F3416522
:1085E0006D1C6A00B1FBF2F070BD0000001002408B
:1085F00000127A000024F40010B500220421034880
:10860000FBF7ECFA00200249087210BD0004004894
:10861000E006002010B5012204210348FBF7DEFA32
:1086200001200249087210BD00040048E006002045
:10863000F0B5B64FD7ED040A9FEDB51AC1EE201A7A
:10864000FCEEE10A10EE907ABEB24FF6FC7706EA35
:108650000700411000EE901AF8EE600A9FEDAD1A87
:1086600030EEC11AA94FBF8800EE907AF8EE600A8A
:1086700031EE601AA54FFF8800EE907AF8EE600A9E
:1086800071EE600AB0EE600AA04FD7ED030A9FEDCD
:10869000A21A60EE810A9FEDA11A40EE010AC7ED11
:1086A000030AD7ED030AF4EEC00AF1EE10FA01DD79
:1086B00087ED030A954FD7ED030AFCEEE00A10EEB2
:1086C000907ADFF848C2ACF808706746BF88783700
:1086D000BAB26746B7F808C002F178076744BBB280
:1086E0008F4F3F683F69BDB203E08D4F3F683F69E0
:1086F000BDB205F1C807B842F7DB844F3F7877B1C8
:10870000884F3F6827F04067DFF818C2CCF8007048
:1087100067463F6847F00067CCF8007015E0814F6E
:108720003F6827F04067DFF8FCC1CCF8007067466F
:108730003F6847F08067CCF800704FF40057DFF8CF
:10874000E4C10CF1280CCCF80070704F7F7877B141
:10875000744F3F6827F04077DFF8C8C1CCF800704D
:1087600067463F6847F00077CCF8007015E06D4F22
:108770003F6827F04077DFF8ACC1CCF8007067465F
:108780003F6847F08077CCF800704FF48057DFF8EF
:1087900094C10CF1280CCCF800705C4FBF78D7B1B5
:1087A000604F3F6827F04057DFF878C1CCF8007081
:1087B00067463F6847F00057CCF8007067463F684F
:1087C00027F04047CCF8007067463F6847F0004705
:1087D000CCF8007030E0534F3F6827F04057DFF887
:1087E00044C1CCF8007067463F6847F08057CCF82A
:1087F00000704FF48047DFF82CC10CF1280CCCF846
:108800000070484F3F6827F04047DFF818C1CCF8A8
:10881000007067463F6847F08047CCF800704FF41F
:108820000047DFF800C10CF1280CCCF80070DFED38
:108830003E0A364FC7ED030A394F3F68C7F8940127
:10884000374F3F68C7F81402354F3F687861344F9F
:108850003F68F861354F3F78052F2CD14FF0780CE9
:108860002F4F3F68C7F89CC1A1F1780C2C4F3F688F
:10887000C7F8A4C101F1780C294F3F68C7F8A8C117
:10888000A0F1780C264F3F68C7F8ACC101EB020C91
:10889000234F3F68C7F81CC201EB030C204F3F6811
:1088A000C7F824C21E4F3F68C7F828221C4F3F68F4
:1088B000C7F82C3228E08210871ABBB2134F97ED0D
:1088C000051A00EE901AF8EE600A61EE200AFCEE3E
:1088D000E00A10EE907ABCB2A2EB040C104F3F6895
:1088E000C7F89CC102EB040C0D4F3F68C7F8A4C148
:1088F000A3EB040C0A4F3F68C7F8A8C103EB040CB4
:10890000074F3F68C7F8ACC1F0BD0000FC0600206F
:10891000E81F224E0000704377BE7F3F6F12833AFC
:10892000E802002000040048000000005408002075
:108930007047000010B52DED028B2C4890ED000A19
:10894000B0EE408AB3EE0E0A294880ED050A90ED9C
:10895000050AF0EE080A30EE600AB4EEC80AF1EE3D
:1089600010FA26DDF8F7B6FE0020214948709FED89
:10897000210A214880ED040A01201F49087048702F
:10898000002088709FED1D0A084680ED050AB2EEB2
:10899000040AB4EEC08AF1EE10FA04D29FED170A71
:1089A00080ED050A1EE09FED160A134880ED050ACA
:1089B00018E003200E490870012048709FED110A4D
:1089C0000D4880ED040A00200B490870487088703B
:1089D0009FED0A0A084680ED050A9FED080A0A483D
:1089E00080ED080ABDEC028B10BD000020090020BC
:1089F0005408002000401C47FC0600200AD7233CF6
:108A00000AD7A33C00247448A008002030B59FED8D
:108A1000B90AF0EE402AB84C94ED030AB0EE402AB1
:108A200094ED040AF0EE402A94ED040AB1EE083AFF
:108A3000B4EEC30AF1EE10FA03DB0124AF4DAC70C3
:108A40000CE0AD4C94ED030AB1EE003AB4EEC30A6B
:108A5000F1EE10FA02D20024A84DAC70A84CD4ED6F
:108A6000040A9FEDA80AF4EEC00AF1EE10FA73D2E0
:108A7000002014E0A44C04EB800494ED000AB4EE52
:108A8000E00AF1EE10FA03D8082806D1082108E020
:108A900008B1014605E0002103E0441CE0B20928CA
:108AA000E8DB00BFF0EE620A002014E0974C04EB14
:108AB000800494ED000AB4EEE00AF1EE10FA03D857
:108AC000072806D1072208E008B1024605E0002287
:108AD00003E0441CE0B20828E8DB00BFF0EE420AE5
:108AE000002014E0894C04EB800494ED000AB4EEFD
:108AF000E00AF1EE10FA03D8072806D1072308E0B0
:108B000008B1034605E0002303E0441CE0B2082856
:108B1000E8DB00BF7E4C04EB411404EB820494EDCF
:108B2000001A7B4C04EB411404EB8304D4ED001ACF
:108B3000B2EE040AB4EEC01AF1EE10FA02D29FEDC2
:108B40006D0A30BDB2EE040AF4EEC01AF1EE10FA6E
:108B500003D29FED680AF4E779E0002A10DD6C4C3F
:108B600004EB4115541E05EB840494ED000AF0EE6D
:108B7000400AF4EEC10AF1EE10FA01DDB0EE601A1F
:108B8000002910DD4C1E624D05EB441404EB8204F9
:108B900094ED000AF0EE400AF4EEC10AF1EE10FA8C
:108BA00001DDB0EE601A072910DA594D4C1C05EBB7
:108BB000441404EB820494ED000AF0EE400AF4EE53
:108BC000C10AF1EE10FA01DDB0EE601A002B10DDE3
:108BD0004F4C04EB41155C1E05EB840494ED000A38
:108BE000F0EE400AF4EEE10AF1EE10FA01DDF0EEEB
:108BF000601A002910DD4C1E454D05EB441404EBB2
:108C0000830494ED000AF0EE400AF4EEE10AF1EE7E
:108C100010FA01DDF0EE601A072910DA3C4D4C1C09
:108C200005EB441404EB830494ED000AF0EE400AD3
:108C3000F4EEE10AF1EE10FA01DDF0EE601AF4EE66
:108C4000C11AF1EE10FA51DDB0EE611A4EE00020CB
:108C500014E0304C04EB800494ED000AB4EEE00A1A
:108C6000F1EE10FA03D80E2806D10E2108E008B163
:108C7000014605E0002103E0441CE0B20F28E8DBD8
:108C800000BFB4EEE22AF1EE10FA02DDF0EE420A85
:108C900001E0F0EE620AB0EE080A30EE800AF0EE73
:108CA000400A072901DA4C1CE1B2002014E0174CFD
:108CB00004EB800494ED000AB4EEE00AF1EE10FA41
:108CC00003D8072806D1072208E008B1024605E0CC
:108CD000002203E0441CE0B20828E8DB00BF0E4C91
:108CE00004EB411404EB820494ED001AB0EE410A47
:108CF00027E700000000000020090020FC060020FB
:108D0000540800200038C74730B4000854B40008A5
:108D1000D4B20008F4B30008F4B0000810B50B4852
:108D200040780A49097888420FD0084800780749F6
:108D30004870F8F7DFFCFFF75FFCB3EE0E0A03485C
:108D400080ED040A00200249087010BDE0060020F2
:108D50005408002010B50F480078062816D2DFE826
:108D600000F00306090C0F1200F03EF80FE0F8F7D0
:108D7000F5F80CE0FFF7D2FF09E0F7F7FBFE06E09D
:108D8000F7F7DCFE03E000F007F800E000BF00BFEB
:108D900010BD0000E006002010B5FFF7F1FBF8F76A
:108DA000A9FCFEF7E7F9FFF727FC00200B49087044
:108DB0000B48406870B90B480088401C094908807E
:108DC00008460088C82808DB0020054908700549C6
:108DD000088002E000200349088010BD54080020EC
:108DE000E00600202000002010B501F0EDFF4FF458
:108DF00080511548FAF7EAFE18B10120134988722C
:108E000002E0002011498872002011490870FFF724
:108E10009DFB0E4800780D494870F8F76BFC0B4835
:108E2000807A60B10B488068401C0A498860084617
:108E30008068B0F57A7F05D30020886002E00020CA
:108E40000449886010BD000000080048E0060020CA
:108E500054080020CC06002010B514210148F7F773
:108E600023FA10BD2C0A002010B5FBF7FBFC10BD47
:108E700000B593B0382105A8F7F716FA1421684613
:108E8000F7F712FA0020FBF7F9FD01200590000426
:108E9000069002200C9003210D9102210E91552184
:108EA0000F91022110911191129105A8FCF710FA6F
:108EB00008B1F8F72DFC0F2000900320019000204E
:108EC000029003904FF48060049004216846FCF700
:108ED00077F808B1F8F71CFC13B000BD0348006830
:108EE00040F47000014908607047000088ED00E020
:108EF00010B502682F4B984211D0B0F1804F0ED0C0
:108F00002D4B98420BD02D4B984208D02C4B9842B9
:108F100005D02C4B984202D02B4B984203D122F023
:108F200070024B681A43234B98421AD0B0F1804F1D
:108F300017D0214B984214D0204B984211D0204B8F
:108F400098420ED01F4B98420BD0204B984208D02D
:108F50001F4B984205D01F4B984202D01A4B9842A3
:108F600003D122F44072CB681A4322F080034C698B
:108F700043EA04028B68C3620B6883620D4B98421C
:108F80000ED0104B98420BD0104B984208D0104B8B
:108F9000984205D00F4B984202D00B4B984201D11A
:108FA0000B690363036843F0040303600123436117
:108FB000026010BD002C0140000400400008004089
:108FC000000C0040003401400050014000400140CE
:108FD000004401400048014030B501F01F05012464
:108FE00004FA05F3046A9C430462046A01F01F0555
:108FF00002FA05F52C43046230BD30B50C46816899
:1090000021F47F4142EA032525432943816030BD95
:109010000A468168034B194042F0070319438160F7
:10902000704700008FFFCFFF30B5026A056A25F058
:109030000105056243688469244D2C4024F0030433
:109040000D682C4322F002028D682A43204DA8426D
:1090500000D113E01F4DA84200D10FE01E4DA842E1
:1090600000D10BE01D4DA84200D107E01C4DA842E5
:1090700000D103E01B4DA84208D100BF056A25F0CE
:109080000405056222F00802CD682A43104DA8426B
:109090000ED0104DA8420BD00F4DA84208D00F4D56
:1090A000A84205D00E4DA84202D00E4DA84207D1CD
:1090B00023F4807323F400734D692B438D692B4394
:1090C000436084614D684563026230BD8FFFFEFFDF
:1090D000002C0140003401400040014000440140A8
:1090E000004801400050014030B5026A056A25F091
:1090F0001005056243688469274D2C4024F44074B0
:109100000D6844EA052422F020028D6842EA051227
:10911000224DA84200D113E0214DA84200D10FE01A
:10912000204DA84200D100BF1F4DA84200D100BF72
:109130001E4DA84200D100BF1D4DA84209D100BF5D
:10914000056A25F04005056222F08002CD6842EAFA
:109150000512124DA8420ED0114DA8420BD0114D50
:10916000A84208D0104DA84205D0104DA84202D008
:109170000F4DA84209D123F4806323F400634D69A5
:1091800043EA85038D6943EA8503436084614D6842
:109190008563026230BD0000FF8FFFFE002C01409E
:1091A00000340140004001400044014000480140BB
:1091B0000050014030B5026A056A25F480750562E9
:1091C0004368C469264D2C4024F003040D682C43E9
:1091D00022F400728D6842EA0522224DA84200D195
:1091E00013E0214DA84200D10FE0204DA84200D14C
:1091F00000BF1F4DA84200D100BF1E4DA84200D1A4
:1092000000BF1D4DA84209D100BF056A25F4806545
:10921000056222F40062CD6842EA0522114DA8429F
:109220000ED0114DA8420BD0104DA84208D0104DC1
:10923000A84205D00F4DA84202D00F4DA84209D137
:1092400023F4805323F400534D6943EA05138D69D9
:1092500043EA05134360C4614D68C563026230BDD3
:109260008FFFFEFF002C0140003401400040014010
:1092700000440140004801400050014030B5026AFE
:10928000056A25F4805505624368C469274D2C4062
:1092900024F440740D6844EA052422F400528D68D9
:1092A00042EA0532224DA84200D113E0214DA842E6
:1092B00000D10FE0204DA84200D100BF1F4DA842B1
:1092C00000D100BF1E4DA84200D100BF1D4DA842D5
:1092D00009D100BF056A25F48045056222F40042E9
:1092E000CD6842EA0532124DA8420ED0114DA84277
:1092F0000BD0114DA84208D0104DA84205D0104DFA
:10930000A84202D00F4DA84209D123F4804323F490
:1093100000434D6943EA85138D6943EA8513436031
:10932000C4614D680564026230BD0000FF8FFFFE1E
:10933000002C014000340140004001400044014045
:10934000004801400050014030B5026A056A25F42A
:10935000803505624368046D124D2C400D682C4326
:1093600022F400320D8942EA05420F4DA8420ED088
:109370000E4DA8420BD00E4DA84208D00D4DA8426C
:1093800005D00D4DA84202D00C4DA84204D123F4C3
:1093900080334D6943EA0523436004654D68856465
:1093A000026230BD8FFFFEFF002C014000340140FF
:1093B000004001400044014000480140005001408D
:1093C00030B5026A056A25F4801505624368046DAC
:1093D000134D2C400D6844EA052422F400120D8937
:1093E00042EA05520F4DA8420ED00F4DA8420BD0B5
:1093F0000E4DA84208D00E4DA84205D00D4DA842F2
:1094000002D00D4DA84204D123F480234D6943EAD4
:109410008523436004654D68C564026230BD000069
:10942000FF8FFFFE002C014000340140004001404E
:1094300000440140004801400050014030B50B4657
:109440001446026A056A25F001050562134DA8421B
:1094500000D113E0124DA84200D10FE0114DA842F7
:1094600000D10BE0104DA84200D107E00F4DA842FB
:1094700000D103E00E4DA84204D100BF056A25F0DB
:1094800004050562816921F0F00141EA041122F02E
:109490000A021A438161026230BD0000002C0140C3
:1094A00000340140004001400044014000480140B8
:1094B0000050014030B50B461446026A056A25F09B
:1094C00010050562134DA84200D113E0124DA842C9
:1094D00000D10FE0114DA84200D100BF104DA842AD
:1094E00000D100BF0F4DA84200D100BF0E4DA842D1
:1094F00004D100BF056A25F040050562816921F4A9
:10950000704141EA043122F0A00242EA0312816173
:10951000026230BD002C0140003401400040014097
:1095200000440140004801400050014070B5456EC4
:109530002DB90125A0F86A50A0F868501CE0082356
:1095400008240568AD68C5F342610568AD686A0F17
:109550000A4DAD5C15FB04F5094EB65C95FBF6F5BE
:10956000A0F86A50054D6D5C15FB03F5044E765C62
:1095700095FBF6F5A0F8685070BD0000C4AE000879
:10958000CCAE000890F8281001F00801082907D196
:109590000168496821F40041826B114302685160FF
:1095A00090F8281001F0010139B10168496821F4EF
:1095B0000031C26A11430268516090F8281001F02E
:1095C0000201022907D10168496821F48031026B48
:1095D00011430268516090F8281001F00401042939
:1095E00007D10168496821F48021426B1143026868
:1095F000516090F8281001F01001102907D101687E
:10960000896821F48051C26B11430268916090F81F
:10961000281001F02001202907D10168896821F470
:109620000051026C11430268916090F8281001F01B
:109630004001402913D10168496821F48011426C2E
:10964000114302685160416CB1F5801F07D1016878
:10965000496821F4C001826C11430268516090F89E
:10966000281001F08001802907D10168496821F4A0
:109670000021C26C114302685160704738B504463E
:109680000020C4F89000FAF7AFFA05462068006899
:1096900000F00800082821D16FF07E402B46002200
:1096A0004FF400110090204600F0B2FBB0B100BFB3
:1096B00000BF216851E8001F21F08000226842E8C5
:1096C00000010029F5D100BF2020C4F8880000BFA8
:1096D000002084F8840000BF032038BD20680068A3
:1096E00000F00400042830D16FF07E402B460022A9
:1096F0004FF480010090204600F08AFB28B300BFA1
:1097000000BF216851E8001F21F49070226842E8F0
:1097100000010029F5D100BF00BF00BF216808315A
:1097200051E8001F21F001002168083141E80002E2
:10973000002AF3D100BF2020C4F88C0000BF002015
:1097400084F8840000BF0320C7E72020C4F8880005
:10975000C4F88C000020E066206700BF84F8840015
:1097600000BF00BFB9E72DE9F0410546AC6AD4F867
:109770008860D4F88C702068806800F080008028B1
:1097800004D1212E02D1204600F0DAF8206880684A
:1097900000F04000402804D1222F02D1204600F0E2
:1097A00099F8D4F8900040F01000C4F890002046DA
:1097B000FCF741FEBDE8F08170B50546AC6A28684B
:1097C000006800F02000E0BB0020A4F85E0000BFAD
:1097D00000BF216851E8001F21F48070226842E830
:1097E00000010029F5D100BF00BF00BF216808318A
:1097F00051E8001F21F001002168083141E8000212
:10980000002AF3D100BF00BF00BF2168083151E832
:10981000001F21F040002168083141E80002002AC1
:10982000F3D100BF2020C4F88C00E06E01280ED1D7
:1098300000BF00BF216851E8001F21F0100022681E
:1098400000E004E042E800010029F3D100BF00205D
:109850002067E06E012815D10020A4F85E0028687A
:10986000406886B2B4F85C00B04201DDA4F85E60E6
:10987000B4F85C00B4F85E20801A81B22046FCF790
:109880001CFD02E02046FCF7D1FE70BD70B5054618
:10989000AC6A01202067E06E012816D134F85C0F15
:1098A000400860802868406886B234F85C09B0429D
:1098B00001DBA4F85E60B4F85C00B4F85E20801AA6
:1098C00081B22046FCF7F9FC02E02046FCF7AFFE2F
:1098D00070BD000000BF00BF026852E8002F22F4F4
:1098E0009071036843E80012002AF5D100BF00BF61
:1098F00000BF0268083252E8002F104B02EA030151
:109900000268083242E80013002BF2D100BFC16E9A
:1099100001290CD100BF00BF026852E8002F22F0DD
:109920001001036843E80012002AF5D100BF20218E
:10993000C0F88C100021C16641677047FEFFFFEF41
:1099400000BF00BF026852E8002F22F0C001036888
:1099500043E80012002AF5D100BF00BF00BF026833
:10996000083252E8002F22F400010268083242E86F
:109970000013002BF3D100BF2021C0F888107047DE
:109980002DE9FE4F044600200290E44920688842F9
:1099900000D100E000BF2169A06808436169084365
:1099A000E16940EA010820680068DD49084040EAB2
:1099B0000800216808602068406820F44050E16891
:1099C000084321684860D4F81880D4492068884248
:1099D00002D0206A40EA080820688068D14908401F
:1099E00040EA0800216888602068C06A20F00F0003
:1099F000616A08432168C86200BFCB492068884279
:109A000016D1CA48006800F0030030B1012808D020
:109A1000022804D0032808D105E0012507E002252B
:109A200005E0042503E0082501E0102500BF8DE0D6
:109A3000BF492068884216D1BC48006800F00C007D
:109A400030B1042808D0082804D00C2808D105E03B
:109A5000002507E0022505E0042503E0082501E0D4
:109A6000102500BF72E0B3492068884216D1AF4884
:109A7000006800F0300030B1102808D0202804D051
:109A8000302808D105E0002507E0022505E004257F
:109A900003E0082501E0102500BF57E0A649206833
:109AA000884216D1A148006800F0C00030B14028BB
:109AB00008D0802804D0C02808D105E0002507E0A0
:109AC000022505E0042503E0082501E0102500BF7C
:109AD0003CE09A492068884219D19448006800F413
:109AE000407048B1B0F5807F0AD0B0F5007F05D056
:109AF000B0F5407F08D105E0002507E0022505E02C
:109B0000042503E0082501E0102500BF1EE083497D
:109B10002068884219D18548006800F4406048B147
:109B2000B0F5806F0AD0B0F5006F05D0B0F5406F8A
:109B300008D105E0002507E0022505E0042503E043
:109B4000082501E0102500BF00E0102500BF734983
:109B5000206888425BD135B1022D08D0042D08D091
:109B6000082D0DD109E0FBF743FB06460CE0744ECF
:109B70000AE0FBF761FB064606E04FF4004603E00F
:109B800000260120029000BF00BF002E10D06D49BA
:109B9000606A31F81000B6FBF0F9606800EB400035
:109BA000484503D860680003484502D2012002906E
:109BB000A8E06449606A31F810C06246002330466C
:109BC0001946F6F727FB4FF4807C0022A0FB0C3BE4
:109BD00001FB0CB100FB02106168490859185041A3
:109BE000CDE90010D4F804C062460023084601996C
:109BF000F6F710FB0746B7F5407F05D3B7F5801F92
:109C000002D22068C7607DE0012002907AE0E0691E
:109C1000B0F5004F3FD1092D17D2DFE805F0050957
:109C20000D160F1616161300FBF7E2FA064610E0A3
:109C3000FBF7F0FA06460CE0414E0AE0FBF7FCFAAF
:109C4000064606E04FF4004603E00026012002909D
:109C500000BF00BF86B33B49606A31F81000B6FB15
:109C6000F0F04000616800EB5100B0FBF1F7102FFD
:109C70000ED3B7F5803F0BD24FF6F07007EA000A1B
:109C8000C7F342004AEA000A2068C0F80CA039E095
:109C90000120029036E0092D18D2DFE805F0050911
:109CA0000E17101717171400FBF7A2FA064611E05B
:109CB000FBF7B0FA06460DE024E0214E0AE0FBF780
:109CC000BBFA064606E04FF4004603E000260120FA
:109CD000029000BF00BFAEB11A49606A31F81000AF
:109CE000B6FBF0F0616800EB5100B0FBF1F7102F0C
:109CF00006D3B7F5803F03D2B8B22168C86001E04F
:109D0000012002900120A4F86A00A4F86800002055
:109D10006067A0670298BDE8FE8F000000800040E9
:109D2000F369FFCFFFF4FF110038014088100240B3
:109D30000044004000480040004C004000500040FB
:109D40000024F400ACAE000870B504460E4615467B
:109D500044F8586FA5800020A06322206063A06AA9
:109D6000583CF8B12748241DE16FC8622648E16FCE
:109D700008632648E16F48630020E16F886354F868
:109D8000043C03F12401626DE06F241F2B46F9F7B8
:109D900089F938B11020C4F890002020C4F88C0054
:109DA000012070BD206960B100BF00BF216851E88B
:109DB000001F41F48070226842E800010029F5D1BB
:109DC00000BF00BF00BF2168083151E8001F41F00B
:109DD00001002168083141E80002002AF3D100BFE8
:109DE00000BF00BF2168083151E8001F41F040006A
:109DF0002168083141E80002002AF3D100BF0020A9
:109E0000CFE70000B99700088D9800086797000811
:109E10002DE9F04104460D4617469846069E41E05E
:109E2000701C00283ED0F9F7DFFEA0EB0800B0421E
:109E300000D816B90320BDE8F0812068006800F062
:109E4000040070B3802D2DD0402D2BD02068C06928
:109E5000C0F3C00078B10820216808622046FFF7EF
:109E600039FD0820C4F8900000BF002084F8840069
:109E700000BF0120DFE72068C069C0F3C02080B1C7
:109E80004FF40060216808622046FFF723FD202080
:109E9000C4F8900000BF002084F8840000BF0320B5
:109EA000C9E7FFE72068C0692840A84201D1012026
:109EB00000E00020B842B3D00020BCE770B5002518
:109EC00013480068C069C0F30015B5B110201049EF
:109ED000096808620E48FCF74FFA0E4800684668A9
:109EE000C6F580741CB1A1B20B48FEF791F84FF48F
:109EF000807209490648FCF76BFB05480068C06999
:109F0000C0F380151DB1402001490968086270BD89
:109F1000780500200C0600205407002000BFFEE753
:109F200002480068C0F30220704700000CED00E01A
:109F300010B5002804DB0A07130E054A135406E087
:109F40000A07140E034A00F00F031B1FD45410BD60
:109F500000E400E018ED00E002E008C8121F08C1AC
:109F6000002AFAD170477047002001E001C1121F9A
:109F7000002AFBD17047000070B50D460024831CF9
:109F800006491824002205E013F8016B01F8016B63
:109F9000561CB2B2A242F7DB70BD000020070020C1
:109FA00000B587B00020019002900120039004903A
:109FB00040F2F720059040F2DA20069001A91648F9
:109FC000F9F797F908B1F7F7A3FB01200346002240
:109FD000114600901048F9F7BEF908B1F7F798FB61
:109FE000012211460C48F9F7D4F908B1F7F790FBB4
:109FF000002201210848F9F7B6F808B1F7F788FB05
:10A000000548F9F7D7FC08B1F7F782FB1520FAF7F6
:10A01000CFFC07B000BD0000840200200248806928
:10A02000401C014988617047980900200F48007D55
:10A030000F4948700D48C07A012803D00B4840787A
:10A04000012803D101200A49887002E00020084954
:10A050008870064880790649C8700448007B4871BA
:10A0600004484068886000200882704798090020F2
:10A070002C0A0020E006002010B5FFF791FF2021F8
:10A080000548F6F711F92C210448F6F70DF9462199
:10A090000348F6F709F910BD98090020B809002017
:10A0A000E409002010B5F6F73BF9FCF7D5FE10BD2A
:10A0B00010B5F6F799F910BD594B93ED043AF0EE4F
:10A0C000431A002218E0574B03EB820393ED003A4A
:10A0D000B4EEE13AF1EE10FA04D80C2A0AD10C20C1
:10A0E00001460BE01AB1531ED8B2114606E000201B
:10A0F000002103E0531CDAB20D2AE4DB00BF8842E2
:10A100000AD1494B03EB800393ED000A474B03EB65
:10A110008003D3ED000A3CE0434B03EB800393ED57
:10A12000003AB0EE430A414B03EB800393ED003A53
:10A13000F0EE430A3C4B03EB810393ED002A3B4BCB
:10A1400003EB8103D3ED002A364B03EB810393ED40
:10A15000003A344B03EB8003D3ED003A33EE633A1D
:10A16000304B03EB8003D3ED003A71EEE33A83EE1C
:10A17000831A72EE403AB0EE403A03EE813AB0EE06
:10A18000430A72EEE03AB0EE603A03EE813AF0EE46
:10A19000430A274B93ED003AB5EEC03AF1EE10FAC0
:10A1A00003D1B7EE003A83ED003A214B93ED003A2C
:10A1B000DFED203AB4EEE33AF1EE10FA0FD21E4B87
:10A1C00093ED033AF3EE023AB4EEE33AF1EE10FA0D
:10A1D00014D2B7EE003A164B83ED003A0EE0164B60
:10A1E00093ED033AF3EE063AB4EEE33AF1EE10FAE9
:10A1F00004DDB6EE003A0E4B83ED003A0C4B93EDC6
:10A20000003A23EE003A83ED013A93ED003A23EE53
:10A21000203ADFED0A3A23EE233A83ED023A704703
:10A22000FC06002074B40008ACB40008E4B40008D4
:10A230007C080020CDCC4C3F2009002017B7D13737
:10A24000FAF758FBFEF714FEFDF7A8FAFDF746FAF9
:10A25000FDF75CF87F218348F7F73EFB08B1F7F77D
:10A2600057FAFDF7DFF87F217F48F7F735FB08B194
:10A27000F7F74EFAFDF734FBFDF77CF9FDF796F999
:10A28000FDF7B0F9FDF7CAF9FDF7FCF9FDF756FA4D
:10A29000FDF7EEFCFDF750FDFDF7C8FDFDF7FEFDF7
:10A2A000FDF710FDFDF75EFE7048006820F040608D
:10A2B0006E4908600846006840F0806008604FF40E
:10A2C00000506A49283108606848006820F04070F2
:10A2D000664908600846006840F0807008604FF4E6
:10A2E00080506249283108606048006820F0405082
:10A2F0005E4908600846006840F0805008604FF4EE
:10A3000080405A49283108605848006820F0404091
:10A31000564908600846006840F0804008604801DF
:10A3200052492831086001015148FAF7A1F94FF468
:10A3300080114F48FAF79CF94FF480314C48FAF7F6
:10A3400097F9F0214A48FAF7DBF94848006820F00D
:10A350004060464908600846006840F08060086038
:10A360004FF400504149283108604048006820F00F
:10A3700040703E4908600846006840F08070086000
:10A380004FF480503949283108603848006820F07F
:10A390004050364908600846006840F08050086028
:10A3A0004FF480403149283108603048006820F07F
:10A3B00040402E4908600846006840F08040086030
:10A3C00048012A492831086005222A492548F8F71A
:10A3D00003F92948FBF760FC082228492248F8F7CE
:10A3E000FBF82748FBF758FC40F632630022114681
:10A3F0002448F8F735FD00212248F8F755FD4FF4C1
:10A400007A63002210211F48F8F72AFD10211D4809
:10A41000F8F74AFD40F6B213002211461A48F8F741
:10A420001FFD00211848F8F73FFD1848FBF734FCE2
:10A4300000211648FBF774FD1548FBF72DFC04219D
:10A440001348FBF76DFD08211148FBF769FD0C214E
:10A450000F48FBF765FDFFF70FFEFEF7FDFC00BFA1
:10A46000FEE7000058000020C4000020000400485F
:10A47000E8020020780900209404002088090020C8
:10A480002C0500205C0200207002002048040020FF
:10A49000E004002010B5012432488078B0B1324881
:10A4A000D0ED040AB1EE001AF4EEC10AF1EE10FA92
:10A4B00008D3D0ED030AB1EE001AF4EEC10AF1EEB2
:10A4C00010FA15D200202749887011E0DFED270A25
:10A4D0002448C0ED030A2448D0ED040AB1EE081A5E
:10A4E000F4EEC10AF1EE10FA02DD01201D49887078
:10A4F0001C48807800B3FEF789FAB5EEC00AF1EE89
:10A5000010FA2BDD1A48D0ED043ADFED1A0AF4EE0A
:10A51000E03AF1EE10FA10DBDFED170A70EE200AD8
:10A520009FED161A60EE810AFCEEE00A10EE900A2A
:10A530000C4988808820C88011E0882009498880DB
:10A54000DFED0D0A70EE200A9FED0C1A60EE810A15
:10A55000FCEEE00A10EE900AC88000E000242046DD
:10A5600010BD0000FC0600202009002000000000B3
:10A57000540800200038C747000048437B142E3F92
:10A58000F0B505460C4600260127691EC8B22146D3
:10A59000F6F708FC0646681E205CB04221D1207800
:10A5A0008009114908702078C0F3011048702078A4
:10A5B0000007800D617840EA91000B49488060787F
:10A5C00000F00301A07861F31F2007498880E0783C
:10A5D00000098871A07900F00F00C871E079087255
:10A5E00000E000273846F0BD98090020F0B5054688
:10A5F0000C4600260127691EC8B22146F6F7D2FB99
:10A600000646681E205CB04224D120788009134998
:10A6100088722078C0F301111048C17220780007B9
:10A62000800D617840EA91010C48C181607800F0AA
:10A630000301A07861F31F2008490882E078C1096E
:10A6400006480173A07900F00F0104488174E17994
:10A65000C17400E000273846F0BD000098090020D2
:10A6600010B5FFF7E3FC1448007800EB40001349F5
:10A6700001EB8000406840B10F49097801EB4101CE
:10A680000E4A02EB8101486880470B48007800EBD6
:10A6900040000A4901EB8000806840B10649097812
:10A6A00001EB4101054A02EB8101886880470248BD
:10A6B00000780349087010BD2C0A0020ACB00008D7
:10A6C000E006002070B58AB006460C461546019695
:10A6D000002002900390049505904FF4801006909E
:10A6E00040000790002008900990224601A90248E6
:10A6F000F8F7CAFD0AB070BD8402002010B58CB016
:10A70000044630216846F5F7CFFD20788007000E1B
:10A710008DF800009DF80000E17A01F0010140EAA7
:10A7200041108DF800009DF80000217B01F001012F
:10A7300040EA01108DF800009DF80000617B01F0F7
:10A74000010140EAC1008DF800009DF80000A17BE6
:10A7500001F0010140EA81008DF800009DF8000041
:10A760006188C1F3012108438DF80000A0788DF8BD
:10A770000100A088C0F387008DF8020020798007CF
:10A78000000E8DF803009DF80300E188C1F3051168
:10A7900008438DF80300A0790007000E8DF804002F
:10A7A0009DF804002189C1F3831108438DF804004A
:10A7B000207A8006000E8DF805009DF8050061786E
:10A7C000C1F3410108438DF805006078C007000E11
:10A7D0008DF806009DF80600A17A40EA51008DF838
:10A7E0000600A07AC007000E8DF807009DF807004C
:10A7F000E17B01F0010140EA81108DF807009DF82E
:10A80000070094F8241001F0010140EA41108DF88E
:10A8100007009DF80700217C01F0010140EA0110CA
:10A820008DF807009DF80700617C01F0010140EA06
:10A83000C1008DF807009DF80700A17C01F001011F
:10A8400040EA81008DF807009DF80700E17C01F0E7
:10A85000010140EA41008DF807009DF80700217DC5
:10A8600001F0010108438DF80700607DC007000E6C
:10A870008DF808009DF80800A17D01F0010140EA73
:10A8800081108DF808009DF80800E17D01F00101BC
:10A8900040EA41108DF808009DF80800217E01F083
:10A8A000010140EA01108DF808009DF80800617E62
:10A8B00001F0010140EAC1008DF808009DF8080090
:10A8C000A17E01F0010140EA81008DF808009DF8A9
:10A8D0000800E17E01F0010140EA41008DF8080026
:10A8E0009DF80800217F01F0010108438DF8080060
:10A8F000607FC007000E8DF809009DF80900A17F58
:10A9000001F0010140EA81108DF809009DF809006D
:10A91000E17F01F0010140EA41108DF809009DF846
:10A92000090094F8201001F0010140EA01108DF8AF
:10A9300009009DF8090094F8211001F0010140EA96
:10A94000C1008DF809009DF8090094F8221001F06B
:10A95000010140EA81008DF809009DF8090094F892
:10A96000231001F0010140EA41008DF809009DF833
:10A97000090094F8251001F0010108438DF8090041
:10A9800094F82600C007000E8DF80A009DF80A0012
:10A9900094F8271001F0010140EA81108DF80A00B7
:10A9A0009DF80A0094F8281001F0010140EA4110D6
:10A9B0008DF80A009DF80A0094F8421001F0070192
:10A9C00008438DF80A002D20005D8DF80B002C2027
:10A9D000005D8DF80C0094F82B008DF80D003020F0
:10A9E000005D8DF80E002F20005D8DF80F0094F8AB
:10A9F0002E008DF810003320005D8DF811003220FC
:10AA0000005D8DF8120094F831008DF813003B20A2
:10AA1000005D8DF814003A20005D8DF81500392096
:10AA2000005D8DF816003820005D8DF81700372086
:10AA3000005D8DF818003620005D8DF81900352076
:10AA4000005D8DF81A0094F834008DF81B00412049
:10AA5000005D8DF81C004020005D8DF81D003F203A
:10AA6000005D8DF81E003E20005D8DF81F003D202A
:10AA7000005D8DF820002934E07C8DF8210060789D
:10AA800000F0F0008DF822009DF8220014F829193A
:10AA900001F00F0108438DF8220014F8430F00F075
:10AAA0000F008DF82E0069462F20F6F77BF96070B5
:10AAB0006078433C8DF82F000E22694640F2D52085
:10AAC000FFF700FE0CB010BD10B588B00446202181
:10AAD0006846F5F7E9FB0A3454F80A0C000E8DF8C5
:10AAE000000054F80A0C000C8DF8010034F80A0C30
:10AAF000000A8DF8020014F80A0C8DF8030034F8EF
:10AB0000060CC0F387008DF8040014F8060C8007CB
:10AB1000000E8DF805009DF8050014F8041C01F0E6
:10AB2000070140EAC1008DF805009DF8050014F802
:10AB3000031C01F0070108438DF8050014F8020C0E
:10AB40004007000E8DF806009DF8060014F8011C61
:10AB500001F0010140EA01108DF806009DF80600A1
:10AB6000217801F0010140EAC1008DF806009DF84E
:10AB70000600617801F0010140EA81008DF80600CD
:10AB80009DF80600A17801F0010140EA41008DF82E
:10AB900006009DF80600E17801F0010108438DF8F8
:10ABA00006002079C007000E8DF807009DF8070009
:10ABB000617901F0010140EA81108DF807009DF8EC
:10ABC0000700A17940EA91008DF80700A07980077D
:10ABD000000E8DF808009DF80800E179C1F34501E9
:10ABE00008438DF80800E079C007000E8DF80900D1
:10ABF0009DF80900217A40EA51008DF80900207A79
:10AC0000C007000E8DF80A009DF80A006189C1F3A3
:10AC1000C60108438DF80A00A07A4007000E8DF89F
:10AC20000B009DF80B00217B40EAD1008DF80B0052
:10AC3000207B4007000E8DF80C009DF80C00E18988
:10AC4000C1F3441108438DF80C00A07BC006000E30
:10AC50008DF80D009DF80D00218AC1F302310843E3
:10AC60008DF80D00208AC0F307108DF80E00207CAF
:10AC70000007000E8DF80F009DF80F00A17CC1F3B6
:10AC8000C30108438DF80F00A07C4007000E8DF82B
:10AC900010009DF81000E17C40EAD1008DF8100012
:10ACA000E07C4007000E8DF811009DF81100217D19
:10ACB00040EAD1008DF81100207D4007000E8DF88C
:10ACC00012009DF81200617D40EAD1008DF812005B
:10ACD000607D4007000E8DF813009DF81300A17DE4
:10ACE00040EAD1008DF81300A07D4007000E8DF8DA
:10ACF00014009DF81400E17D40EAD1008DF81400A5
:10AD0000E07D4007000E8DF815009DF81500217EAE
:10AD100040EAD1008DF81500207E4007000E8DF826
:10AD200016009DF81600617E40EAD1008DF81600ED
:10AD3000607E4007000E8DF817009DF81700A17E79
:10AD400040EAD1008DF81700A07E4007000E8DF874
:10AD500018009DF81800E17E40EAD1008DF8180037
:10AD6000E07E4007000E8DF819009DF81900217F44
:10AD700040EAD1008DF81900207F4007000E8DF8C1
:10AD80001A009DF81A00617F40EAD1008DF81A0080
:10AD9000607F4007000E8DF81B00A07F00F00F00C1
:10ADA0008DF81E0069461F20F5F7FCFFE077E07F75
:10ADB0000A3C8DF81F000D22694640F25B60FFF7E8
:10ADC00081FC08B010BD000010B51C210648F5F745
:10ADD0006BFA18210548F5F767FA58210448F5F78A
:10ADE00063FAFDF7CDFB10BDE0060020FC06002055
:10ADF00020090020F0B502460023A52400210025EB
:10AE00002548B0F84A01904201DBA52541E02248DF
:10AE10000088904201DC00253BE022E01819411037
:10AE20001D4830F81100904200D11CE01A4830F85B
:10AE30001100904206DD184E481C36F81000904272
:10AE400000DA10E0144830F81100904202DD481C8E
:10AE500083B206E0104830F81100904201DA481E33
:10AE600084B2A342DADD00BF0B4830F81100801A2B
:10AE700083B2094830F811600746481C37F81000C3
:10AE8000301AC0F34F04A34202DB481C85B200E035
:10AE90000D46E8B2F0BD000048AF00080001020313
:10AEA00004050607080C10141820304001000200A9
:10AEB0000400060008000A000C00100020004000FA
:10AEC00080000001010101030701000008040204E1
:10AED000080101010000000000000000010203045D
:10AEE000060708090000000001020304A1D6743E11
:10AEF000A1D6743E000000003D9B05BF000000008D
:10AF000000000000000000009565EE40787A13C153
:10AF1000C9763640EA04343E5BD3BCBD0000000075
:10AF20000000000000000000000000000000000021
:10AF30000000000000000000000000000000000011
:10AF40000000000000000000800F770F6F0F650FFA
:10AF50005C0F520F470F3C0F300F240F170F0A0FD3
:10AF6000FC0EED0EDD0ECD0EBC0EAB0E980E850E5A
:10AF7000710E5C0E460E2F0E170EFF0DE60DCC0D5A
:10AF8000B10D950D780D5B0D3C0D1D0DFD0CDD0C0F
:10AF9000BB0C990C760C520C2D0C080CE20BBB0B65
:10AFA000940B6C0B430B1A0BF10AC60A9C0A710A2C
:10AFB000450A190AED09C109940967093A090D09F9
:10AFC000E008B308860859082C080008D307A7072B
:10AFD0007B0750072507FA06D006A7067E0655060A
:10AFE0002D060606DF05B90594056F054B052705F7
:10AFF0000405E204C104A00481046104430425049F
:10B000000804EB03D003B5039A03800367034F03DF
:10B01000370320030903F302DE02C902B502A102CD
:10B020008E027C026902580247023602260217028B
:10B030000702F901EA01DC01CF01C201B501A90152
:10B040009D01910186017B01710166015C01530143
:10B050004901400138012F0127011F0117010F018C
:10B0600008010101FA00F300ED00E700E000DA005A
:10B07000D500CF00CA00C400BF00BA00B600B100BE
:10B08000AC00A800A4009F009B00980094009000D2
:10B090008C008900313033422E30482E3150373009
:10B0A0003130303252423130313030000000000057
:10B0B000896F00088D6F000801000000F11400087E
:10B0C000F514000802000000390C00083D0C0008CF
:10B0D00003000000A50C0008090D00080400000092
:10B0E000AD180008B1180008050000007918000824
:10B0F0007D18000800004842000048420000484215
:10B10000000048420000484200009C420000E24229
:10B110000000264300004842000048420000484228
:10B12000000048420000484200009C420000E24209
:10B130000000264300004842000048420000484208
:10B14000000048420000AE4200000C4300004143B2
:10B1500000007C4300004842000048420000484292
:10B16000000070420000004300002F43008089432C
:10B170000000E1430000484200004842000048420D
:10B1800000008C420000184300006A4300809B438B
:10B190000000484200004842000048420000484287
:10B1A0000000AE4200003543008086430000B943F2
:10B1B0000000484200004842000048420000484267
:10B1C0000000024300005B430080A2430080D7439D
:10B1D0000000FA4300004842000048420000484294
:10B1E0000000F442000076430000AD430000FA4343
:10B1F00000002F440000484200004842000048423E
:10B2000000000E4300006C430000B1430000024404
:10B2100000002F44000048420000484200009E42C7
:10B220000000324300008E430000C8430000164473
:10B230000000484400004842000048420000A64286
:10B240000000434300809F430000FA4300002F4466
:10B250000000614400004842000084420000A64211
:10B2600000004F430080A5430000164400004844FE
:10B270000000614400004842000040420000BE421D
:10B2800000006C430000C0430080094400002F44CC
:10B2900000006144000048420000A0420000F0426B
:10B2A000000066430000C8430080094400002F44AA
:10B2B00000006144000048420000C84200007A4398
:10B2C0000000FA4300002F4400004844000061449D
:10B2D00000007A440080094500600B4500B023451A
:10B2E0000030304500903745009037450090374595
:10B2F0000000484500C0A9440080D4440060F644E2
:10B300000010014500500E450040114500401C450D
:10B3100000002F45008099440040A54400C0C5446A
:10B3200000A0CB440000D0440060D7440000E144BA
:10B330000080ED440040894400209544002095445D
:10B340000000964400009644000096440000964495
:10B350000080A24400C04B4400C04B4400C04B449A
:10B3600000C04B440000614400006144000061449F
:10B370000000614400805D4400C0484400802544D2
:10B3800000802544008028440080284400002F4489
:10B3900000002F440000464400C0194400808E4342
:10B3A0000000A04300009A430080B74300006243BE
:10B3B0000000664300809B430000484300001D439B
:10B3C0000000C4420000AE420000A04200008C42D7
:10B3D00000008C420080B1430000794300003E43EE
:10B3E0000000C0420000B4420000B4420000B44279
:10B3F0000000B44200D8D6470060EA4700E8FD47A5
:10B4000000B80848007C124800401C480004264848
:10B4100000C82F48008C39480050434800144D485C
:10B4200000D85648009C604800606A480024744870
:10B4300000606A4700E87D4700B88847007C924773
:10B4400000409C470004A64700C8AF47008CB9479E
:10B450000050C3470000A0400000204100007041A0
:10B460000000A0410000C8410000F04100000C4273
:10B470000000204200606A4700B8884700409C47AF
:10B4800000C8AF470038C74700D8D6470060EA4732
:10B4900000E8FD4700B8084800401C4800C82F4895
:10B4A0000050434800247448007C9248DB05773BF9
:10B4B000A7246B3BAAF3283B5F90F73AB121EE3A01
:10B4C00052491D3B8577B93B293F293C3108AC3CAB
:10B4D00068916D3DC520B03DF65FE73D0AD7233E3C
:10B4E0008FC2753E48E198414BEAF741856B0D42AA
:10B4F000B0B23B428F428F424676B0428195E442E1
:10B500003F751C43770E9643668631446646714408
:10B51000000097440080BB440000FA443CB500089A
:10B520000000002058000000589F000894B5000853
:10B5300058000020E80D0000689F0008000000008F
:10B540000000000010000000010000000024F400D2
:10B5500000000000000000000000000000000000EB
:10B5600000000000000000000000000000000000DB
:10B5700000000000000000000000000000000000CB
:10B5800000000000000000000100000000000000BA
:04B5900000000000B7
:04000005080001D915
:00000001FF
