:020000040800F2
:10000000400E0020F101000849800008556F0008EB
:10001000A17F0008D5070008E19E0008000000004D
:10002000000000000000000000000000F58800084B
:10003000A116000800000000158100082D8E0008A0
:100040000B0200080B0200080B0200080B0200085C
:100050000B0200080B0200080B0200080B0200084C
:100060000B0200080B0200080B020008E514000850
:10007000411500080B0200080B0200080B020008E3
:100080000B0200080B0200080B0200080B0200081C
:100090000B020008E91600080B0200080B0200081A
:1000A0000B0200080B0200080B0200080B020008FC
:1000B0000B0200080B0200080B0200080B020008EC
:1000C0000B0200080B0200080B0200080B020008DC
:1000D0000B0200080B0200080B020008819E0008BA
:1000E0000B0200080B0200080B0200080B020008BC
:1000F0000B0200080B0200080B0200080B020008AC
:100100000B0200080B0200080B0200080B0200089B
:100110000B0200080B0200080B0200080B0200088B
:100120000B0200080B0200080B0200080B0200087B
:100130000B0200080B0200080B0200080B0200086B
:10014000350B00080B0200080B0200080B02000828
:100150000B0200080B0200080B0200080B0200084B
:100160000B0200080B0200080B0200080B0200083B
:100170000B0200080B0200080B0200080B0200082B
:100180000B0200080B0200080B0200080B0200081B
:100190000B020008000000000B0200080B02000820
:1001A0000B0200080B0200080B0200080B020008FB
:1001B0000B0200080B0200080B0200080B020008EB
:1001C0000B0200080B0200080B0200080B020008DB
:1001D0000B0200080B020008DFF810D000F08EF8C8
:1001E0000048004705A20008AFF30080400E002041
:1001F0000648804706480047FEE7FEE7FEE7FEE7C1
:10020000FEE7FEE7FEE7FEE7FEE7FEE7A18E000859
:10021000D90100082DE9F05F0546002092469B4673
:1002200088460646814640241BE02846414647460C
:10023000224600F053F853465A46C01A914110D353
:1002400011461846224600F03AF82D1A67EB0108CD
:100250004F4622460120002100F031F817EB00093B
:100260004E41201EA4F10104DFDC484631462A46F7
:100270004346BDE8F09F40EA01039B0703D009E035
:1002800008C9121F08C0042AFAD203E011F8013B82
:1002900000F8013B521EF9D27047D2B201E000F8DB
:1002A000012B491EFBD270470022F6E710B513461A
:1002B0000A4604461946FFF7F0FF204610BD202AE3
:1002C00004DB203A00FA02F1002070479140C2F1AD
:1002D000200320FA03F3194390407047202A04DBDF
:1002E000203A21FA02F00021704721FA02F3D040AF
:1002F000C2F120029140084319467047064C074D51
:1003000006E0E06840F0010394E8070098471034E5
:10031000AC42F6D3FFF764FFE0B4000800B5000874
:100320002A48008800EE900AF8EE600AB0EE600AF3
:10033000DFED270A60EE200A9FED261AC0EE811A33
:100340002548C0ED001A2148408800EE900AF8EEDA
:10035000600AB0EE600ADFED1E0A60EE200A9FED33
:100360001D1AC0EE811A1C48C0ED011A174880887A
:1003700000EE900AF8EE600AB0EE600ADFED170AB0
:1003800060EE200A9FED131AC0EE811A1248C0EDEC
:10039000031AD0ED040A9FED121A60EE810A90ED67
:1003A000031ADFED101A41EE210AC0ED040AD0ED68
:1003B000020A9FED0B1A60EE810A90ED011ADFED43
:1003C000091A41EE210AC0ED020A7047780900209F
:1003D00099998A4200F07F4520090020000084425C
:1003E00077BE7F3F6F12833A10B52DED028B6949BE
:1003F00008880AF0E1FC00EE100AB8EE400A6648F0
:1004000080ED080A634948880AF0D6FC00EE100A1D
:10041000B8EE400A604880ED090A5E4988880AF013
:10042000CBFC00EE100AB8EE400A5B4880ED0A0AE9
:100430005A4908890AF0C0FC00EE100AB8EE400ADA
:10044000554880ED0B0A5348C08800EE100AB8EEFC
:10045000400ADFED530A20EE200ADFED520A80EE5B
:10046000201A4D4880ED0C1A4A48008900EE100A07
:10047000B8EE400ADFED4A0A20EE200ADFED490A15
:1004800080EE201A444880ED0D1A4248408900EE63
:10049000100AB8EE400ADFED420A20EE200ADFED36
:1004A000410A80EE201A3C4880ED0E1A39488089B6
:1004B00000EE100AB8EE400ADFED390A20EE200AFD
:1004C000DFED380A80EE201A334880ED0F1A3148EC
:1004D000C489B4F5907F02DD012033490880324899
:1004E000008810B1142C00DA00242A48C08900EEDC
:1004F000100AB8EE400ADFED2D0A20EE200ADFEDEB
:10050000290A80EE201A244880ED051AB4F5807F70
:1005100009DD90ED050AF7EE000AB4EEE00AF1EE0F
:1005200010FA00D200242048008850B11A4890EDFB
:10053000050AF7EE000AB4EEE00AF1EE10FA00D276
:100540000024154890ED060ADFED190A20EE200A76
:10055000D0ED050A9FED171A00EE810A80ED060A1C
:100560000E48C08800EE100AB8EE400ADFED120A0D
:1005700020EE208A084890ED070ADFED0D0A20EEF4
:10058000200ADFED0C0A08EE200A80ED070ABDEC18
:10059000028B10BD88090020200900207809002066
:1005A0000000044100F07F4540000020000084422C
:1005B00057EC6F3F499D803DCDCC9C4070B50446C3
:1005C000206806F0FBFD0646206806F0FCFD98B3A7
:1005D00096BB2068806800F00D0001280AD12068D1
:1005E00081681A4A1140891C816000BF032021687C
:1005F000086009E0E06D40F01000E065206E40F01A
:1006000001002066012070BD03F0D6FA054614E013
:1006100003F0D2FA401B02280FD92068806800F04E
:10062000010050B1E06D40F01000E065206E40F038
:10063000010020660120E6E705E02068806800F000
:1006400001000028E4D10020DDE70000C0FFFF7FAB
:1006500038B5044600200090206806F0B4FD00285C
:1006600058D1206880682C49084048B1E06D40F0BE
:100670001000E065206E40F001002066012038BDCA
:10068000206806F07BFD2168B1F1A04F03D0234A1A
:100690002168914201D1224900E02249084606F032
:1006A00075FD00F4000080B11F4800681F49B0FBD1
:1006B000F1F0401C00EB40008000009002E0009848
:1006C000401E009000980028F9D103F075FA054605
:1006D0001AE0206806F077FD10B9206806F04EFD9C
:1006E00003F06AFA401B02280ED92068006800F067
:1006F000010048B9E06D40F01000E065206E40F068
:10070000010020660120BAE72068006800F00100BF
:100710000028DED00020B2E73F000080000100503A
:10072000000300500007005010000020400D03009F
:1007300024490978884205D023498969234A1160F0
:100740002049087090B120498969204A1268891AA5
:1007500040F6B83291421FD91B49497D41F0010250
:1007600019494A7500211A4A117015E0164989691C
:10077000164A1268891A40F6B83291420CD91249C9
:10078000497D01F0020210494A7500210E4A11709C
:1007900051705180918091710B49497D01290FD190
:1007A0000949097831B10849097D41F00101064A3A
:1007B000117505E00449097D01F00201024A117535
:1007C000704700004C0000209809002048000020DD
:1007D0004400002000BFFEE710B52DED028B002481
:1007E000C4480078FFF7A4FFC348007807F044FC32
:1007F00009F0F6FBC148007F401CC1B2BF48017739
:10080000007F642802DABDEC028B10BD0021BB48DA
:1008100001770120BA490870BA4800784870BA4890
:1008200090ED040AF2EE040A20EE200ABCEEC00AA3
:1008300010EE100A4880B44890ED020AF2EE040A65
:1008400020EE200ABCEEC00A10EE100A88800A20B2
:10085000C880E62008819FEDAD0AB0EE408AAA4824
:1008600090ED080AB0EE408A90ED090AB4EEC80A8D
:10087000F1EE10FA03DD90ED090AB0EE408AA248CD
:1008800090ED0A0AB4EEC80AF1EE10FA03DD90ED1D
:100890000A0AB0EE408A9C4890ED0B0AB4EEC80AF2
:1008A000F1EE10FA03DD90ED0B0AB0EE408ABCEEDB
:1008B000C80A10EE100A924988729548007900F033
:1008C0000100C87292480079C0F340000873904854
:1008D0000079C0F3800048738D480079C0F3C000F0
:1008E00088738B480079C0F30010C873884800797A
:1008F000C0F34010087486480079C0F38010487433
:1009000083480079C0F3C010887481488088C0F3A0
:100910000020C8747E488088C0F3402008757C4859
:100920008088C0F38020487579488088C0F3C02053
:10093000887577488088C0F30030C875744880880F
:10094000C0F34030087672488088C0F38030487623
:100950006F488088C0F3C03088766D484068C0F327
:100960000040C8760020087769484068C0F34040DE
:1009700048776248407D08B9012000E000206049C6
:10098000887763484068C0F3C040C87760484068D3
:10099000C0F3005081F82000002081F8210081F888
:1009A000220081F8230081F8240081F8250081F8D5
:1009B000260081F8270081F8280081F8290081F8B5
:1009C0002A00002406E05348015D4D482B300155B4
:1009D000601CC4B2032CF6DB002406E04E48015D27
:1009E00047482E300155601CC4B2032CF6DB0024AE
:1009F00006E04A48015D424831300155601CC4B2EE
:100A0000032CF6DB002406E04548015D3C48343009
:100A10000155601CC4B2082CF6DB002406E04148F6
:100A2000015D37483C300155601CC4B2082CF6DB30
:100A30000020334981F842003B480078401C3A4985
:100A40000870084600780F2801DD0020087036483D
:100A500000782B4981F84300084609F031FE002058
:100A60003249086088802748007888712848007AD1
:100A7000C8712F4800780872002048728872C872C6
:100A80002348007A08732248807A48732048407AC5
:100A900088730020C87308744874887488828875C5
:100AA00008834883087748778877C87781F82000DB
:100AB00081F8210081F8220081F8230081F82400C8
:100AC00081F8250081F8260081F82700084690F873
:100AD0002800401C81F82800084690F828000F28BC
:100AE00002DD002081F82800104809F0CFFF00BF88
:100AF00089E60000440000204500002098090020FD
:100B0000E40900202C0A0020200900200000000039
:100B1000E00600205BB0000858B000085EB0000896
:100B200061B0000869B0000846000020B809002044
:100B30005408002010B501F0E9FF10BD10B50B48B6
:100B400040780A49097888420FD008480078074958
:100B5000487000F0B7FD07F039FD00200449087027
:100B6000B3EE0E0A014880ED040A10BDE006002035
:100B70005408002010B52DED028B9FED280AB0EE31
:100B8000408A274840782649097888423FD025483E
:100B9000008A00EE100AB8EE400ADFED230A20EECC
:100BA000200AB0EE408A214890ED000AF3EE0D0ACB
:100BB000B4EEE00AF1EE10FA21D2B3EE0E0AB4EE72
:100BC000C08AF1EE10FA1ADB00F06CFD07F0FEFCB3
:100BD00017480088401C16490880084600880328EA
:100BE00018DB0F4800780E49487000201149487002
:100BF00088710220087000200D4908800AE000205A
:100C00000B49088000F05EFD07F0E0FC02E00020E8
:100C100007490880BDEC028B10BD000000000000F9
:100C2000E006002098090020CDCCCC3D2009002012
:100C30001E000020540800207047000018488068FB
:100C400018B105201649087029E015484078022897
:100C500007D113488078012803D103201049087078
:100C60001DE00F484078012813D10D4880780128F5
:100C70000FD10B48C078022803DA03200849087016
:100C80000DE00748C078022809D104200449087003
:100C900005E00348407810B9012001490870704709
:100CA0002C0A00200C48008A30B90B48C08918B9BA
:100CB00000200A4908710DE00848407918B9012060
:100CC0000649087106E005484079012802D1022052
:100CD0000249087170470000980900202C0A002082
:100CE0002548806818B10520234908703BE0224858
:100CF0004078022803D120488078012833D01E484C
:100D00004078022806D11C48807818B902201A4978
:100D1000087028E01848407801280AD116488078E1
:100D200018B11548C078022803DD02201249087066
:100D300019E011484078012807D10F48C0780228EF
:100D400003D104200C4908700DE00B48407850B9DD
:100D50000948008A642803DD05200749087002E07D
:100D600001200549087004480078032802D00020BB
:100D700001490871704700002C0A002010B5024696
:100D80000020002341B13AB100BF03E0CC5C6040D9
:100D90005C1CE3B29342F9DB10BDF0EE400AC0EDFB
:100DA000040A90ED030A90ED021AD0ED041A01EE48
:100DB000210A80ED030A90ED030A90ED011AD0EDAF
:100DC000041A01EE210A80ED070A90ED070A704728
:100DD0004A48C08900EE100AB8EE400ADFED480A22
:100DE00020EE200A474880ED070A90ED070AF1EE51
:100DF000040AB4EEE00AF1EE10FA03DDB1EE040AE3
:100E000080ED070A3F4890ED060AD0ED070A9FEDF6
:100E10003E1A70EEC10AB4EEE00AF1EE10FA08D202
:100E200090ED060ADFED380A30EE200A80ED060A62
:100E300004E0344890ED070A80ED060A314890ED51
:100E4000060A3248D0ED030A30EE600A304880EDE1
:100E5000040A90ED040AD0ED030A30EE600ADFEDDB
:100E60002D0A20EE200AD0ED040A9FED2B1A01EE88
:100E7000200A80ED070A90ED040A80ED030A90ED48
:100E8000070AD0ED080A30EE200A80ED070A90ED3F
:100E9000070ADFED220AB4EEE00AF1EE10FA03DDF4
:100EA0009FED1E0A80ED070A194890ED070ADFED55
:100EB0001C0AB4EEE00AF1EE10FA04D2002019493F
:100EC0000870487003E00120164908704870104807
:100ED00090ED070A80ED080A9FED130A114880ED96
:100EE000040A01200F49487000208870084890EDDE
:100EF000070A084680ED050A70470000980900209F
:100F0000CDCCCC3D5408002017B751392009002022
:100F1000C40800200DC78E3C8197993B8FC2F53DD8
:100F20000AD7233CFC06002000401C4710B5B3EE56
:100F30000E0A224880ED040A407820490978884248
:100F400038D01F4890ED000AF2EE040AB4EEE00A31
:100F5000F1EE10FA26D21948007A18BB1948008819
:100F6000401C1849088008460088032825DB1348E0
:100F700000781249487000F095FB07F027FB00202D
:100F800011494870B3EE0E0A0C4880ED040A242182
:100F90000E48FFF789F901200B4908700020094924
:100FA00008800AE000200749088000F08BFB07F06A
:100FB0000DFB02E000200349088010BDE006002080
:100FC000200900201C00002054080020A008002058
:100FD00010B52DED048B9FEDA80AB0EE409AA748FE
:100FE00090ED010AB0EE409A90ED000AF0EE408AD2
:100FF000A34890ED000ADFEDA30A20EE200ADFED02
:10100000A20A08EEA00A80ED000A9FEDA00AA048FF
:1010100080ED040A9F48008A00EE100AB8EE400AEC
:10102000DFED9D0A20EE200AB0EE408A9B488079D1
:1010300002286FDA00F046FB38EE680A984880ED27
:10104000040A90ED040ADFED970AB4EEE00AF1EE2F
:1010500010FA04DD9FED930A80ED040A0DE090483C
:1010600090ED040ADFED900AB4EEE00AF1EE10FA1A
:1010700003D29FED8D0A80ED040A894890ED040AA1
:10108000D0ED030A30EE600ADFED880A20EE200A78
:10109000D0ED040A9FED861A01EE200A80ED070AC2
:1010A00090ED040A80ED030A90ED070AD0ED080ADE
:1010B00030EE200A80ED070A90ED070ADFED7D0A89
:1010C000B4EEE00AF1EE10FA0FDD9FED7A0A80ED42
:1010D000070A79480088401C77490880084600883C
:1010E000642805DD6420088002E000207249088041
:1010F0000120674908704870694890ED070ADFEDE4
:101100006F0AB4EEE00AF1EE10FA04D20020087083
:1011100048700EE018E0624890ED070ADFED650ABE
:10112000B4EEE00AF1EE10FA03DB9FED620A80ED07
:10113000070A5B4890ED070A80ED080A90ED070A60
:10114000534880ED050A03E00020514908704870BB
:1011500052488079F0BB51484078012812D1584854
:101160000088401C5649088008460088B0F57A7F00
:1011700077DD0220494948700120887100205049DC
:1011800008806EE09FED440A38EE000A3C48D0ED3E
:10119000000AB4EEE00AF1EE10FA1FDD9FED3E0A00
:1011A00038EE400AD0ED000AB4EEE00AF1EE10FA93
:1011B00014D243480088401C4149088008460088F2
:1011C000B0F57A7F4DDD01203449487007F00CFA04
:1011D000002000E008E03A49088042E00020384959
:1011E00008802E4948703CE02C48807901280DD1B8
:1011F00034480079012834D1022028498871002020
:101200002349087048702E4908802AE023488079D5
:10121000022826D12A480088401C2949088008460F
:101220000088B0F5FA7F1CDD00201C4988709FED16
:10123000260AB4EEC09AF1EE10FA0DD29FED0E0A16
:10124000224880ED030A9FED0C0A80ED080A002079
:10125000C8700420087004E00520104908700020C0
:1012600088701848007918B900200949087048703A
:10127000BDEC048B10BD0000000000002009002020
:101280003C00002016FB7B3F499D803C00401C47F2
:10129000FC06002098090020CDCCCC3D540800204D
:1012A000A00800206666663F666666BF0AD7233DD3
:1012B0006F12833A8FC2F53D380000200AD7233CD5
:1012C000360000202C0A002000001C42C408002028
:1012D00010B52DED028B9FED690AB0EE408AB3EE9A
:1012E0000E0A674880ED050A664890ED000AB0EEE8
:1012F000408A654890ED000ADFED640A20EE200A7E
:10130000DFED630A08EE200A80ED000A5C4890EDEC
:10131000050A30EE480A5F4880ED040A90ED040AA1
:10132000D0ED030A30EE600ADFED5B0A20EE200A02
:10133000D0ED040A9FED591A01EE200A80ED070A4C
:1013400090ED040A80ED030A90ED070AD0ED080A3B
:1013500030EE200A80ED070A90ED070ADFED500A13
:10136000B4EEE00AF1EE10FA03DD9FED4D0A80EDD8
:10137000070A484890ED070ADFED4A0AB4EEE00A92
:10138000F1EE10FA03D200204749087002E0012074
:10139000454908703F4890ED070A80ED080A9FED27
:1013A000430A414880ED040A00F08CF901203E49CF
:1013B000487000208870374890ED070A084680ED95
:1013C000050A9FED3B0A2E4880ED080AB0EE000AA0
:1013D00080ED090A3748007A78BB294890ED050A64
:1013E000DFED350A30EE200A2748D0ED000AB4EED2
:1013F000E00AF1EE10FA21DD214890ED050ADFED5B
:101400002E0A30EE600A2048D0ED000AB4EEE00A61
:10141000F1EE10FA12D229480088401C27490880B2
:1014200008460088642825DD01201549487007F02A
:10143000DBF80020214908801CE003E000201F4960
:10144000088017E00E484078012810D11B4800881A
:10145000401C1A49088008460088B0F5C87F09DD9D
:1014600002200749487000201449088002E000204B
:1014700012490880BDEC028B10BD00000000000086
:1014800054080020200900203000002016FB7B3F7C
:10149000499D803CA0080020F4FD543DA69BC43A21
:1014A0008FC2F53D0AD7233CFC06002000401C47B4
:1014B00000000042E0060020CDCCCC3D2E000020F4
:1014C000704700000648806818B10520044908707C
:1014D00005E00348407810B10220014908707047C8
:1014E0002C0A002010B51548006C0468134890F8C9
:1014F000440000F01F01022088402040E8B10F485E
:101500000068006800F0200058B90C4800680068C6
:1015100020F00A000949096808600120074981F89C
:101520002500064890F8440000F01F010220884082
:101530000249096C486008F097FD10BD3001002099
:1015400010B51548006C0468134890F8440000F08A
:101550001F01022088402040E8B10F480068006861
:1015600000F0200058B90C480068006820F00A001C
:101570000949096808600120074981F825000648E3
:1015800090F8440000F01F01022088400249096CD5
:10159000486008F06FFD10BD9001002030B5114D7E
:1015A0000468AC4206D210490478083C1425B4FB08
:1015B000F5F208E00C4920310478083C1425B4FB0E
:1015C000F5F404F108020B46446CA40803EB840410
:1015D0008464054C8034C46402F01F050124AC40CF
:1015E000046530BD0804024000080240027902F0A0
:1015F0007F014A1E064B03EB82024265044A4032D9
:1016000082654A1E02F01F0301229A40C26570479C
:101610000009024030B5D0E913546C60446D14B138
:10162000D0E916546C6090F8444004F01F05012482
:10163000AC40056C6C60046863608468102C04D155
:101640000468A2600468E16003E00468A1600468C3
:10165000E26030BD024641EA0220704770B505469F
:101660000E461446A5F2892020B151280AD06E28D2
:101670000FD100E00EE0E0B2314608F063FF06490A
:10168000087007E0E0B2314608F092FF03490870A5
:1016900000E000BF00BF70BD4400002045000020F6
:1016A0007047000010B500224FF40051034802F0CB
:1016B0007DFA00200249487210BD00000008004871
:1016C000E006002010B501225103034802F06EFA33
:1016D00001200249487210BD00080048E0060020C1
:1016E00072B600BFFEE7000010B5024801F003FF2C
:1016F00010BD00008402002010B51D4A1D4C036877
:10170000A34201D102F554721B4C0368A34201D1DC
:1017100002F5D46202640368D3F8803023F4F8142D
:10172000838E44EA03430468C4F8803002F17003F6
:1017300043640368D3F8803023F0706490F8383045
:1017400044EA03630468C4F8803002F1B0038364A0
:10175000D833C364D833036518334365114602E0B8
:1017600000230B60091D02F554739942F8D310BD94
:1017700000A4004000680040006C00402DE9F041EA
:10178000054614461E46D1F804C0BCF1000F0AD12C
:10179000D1F810C0D1F808804CEA080CB1F80080EC
:1017A0004CEA88430BE0D1F810C04CF0804CD1F8E3
:1017B00008804CEA080CD1F800804CEA080391F844
:1017C0002080D1F81CC04CEA086CD1F818804CEA93
:1017D000080CD1F814804CEA080CB1F80C804CEAE3
:1017E000084706EBC608D5F854C00CEBC8021360D6
:1017F000121D1760121D002019E000F1030C14F8EF
:101800000CC04FEA0C6800F1020C14F80CC048EA56
:101810000C4800F1010C14F80CC048EA0C2C14F828
:1018200000804CEA080CC2F800C0121D001DDFF851
:101830001480D1F80CC018F80CC08445DDD8BDE880
:10184000F081000060AE0008704700000A48407850
:1018500030B90948806818B901200749087009E0C3
:1018600005484078012805D10348806810B9022056
:1018700001490870704700002C0A002070470000E2
:101880000848806818B105200649087009E0054835
:10189000407818B10348C078022802D002200149DC
:1018A000087070472C0A0020F8B504460D46002049
:1018B000009000BF94F85800012801D10220F8BD23
:1018C000012084F8580000BF2046FEF777FE064648
:1018D0008EBBE06D20F4885040F00200E065206887
:1018E00081681B4A114005F0804242F000421143DA
:1018F000816000BF13E00098401C009015490098DB
:1019000088420CD3E06D20F0020040F01000E0654A
:1019100000BF002084F8580000BF0120CFE72068F6
:101920008168C90F0029E6D1E06D20F0020040F087
:101930000100E06504E0FFE7E06D40F01000E065C5
:1019400000BF002084F8580000BF3046B7E7000011
:10195000C0FFFF3F02DE04002DE9F0439BB00446C8
:101960000E464FF00008306800B100BF00BF94F889
:101970005800012803D102201BB0BDE8F0830120EC
:1019800084F8580000BF0020179018902068B0F12C
:10199000A04F02D15848009008E05849206888427A
:1019A00002D15748009001E000200090009850B903
:1019B000E06D40F02000E06500BF002084F8580092
:1019C00000BF0120D8E7009805F011FC0746206809
:1019D00005F00DFC00287DD1002F7FD12068B0F1EB
:1019E000A04F03D044492068884201D1454800E017
:1019F000454805463068D8B394F83800716841EA24
:101A00004030A96821F460410843A8602068B0F123
:101A1000A04F03D038492068884201D1394800E0FE
:101A20003948384988420AD14FF0A04005F0D0FB30
:101A30008146314805F0CCFB49EA00000DE02F4813
:101A400005F0C6FB81462E4805F0C2FB49EA0009B5
:101A50002E4805F0BDFB49EA0000E0BBB1683068E4
:101A60000843A96840F61F7291430843A8603BE011
:101A7000FFE7A86820F46040A8602068B0F1A04F9C
:101A800003D01D492068884201D11E4800E01E484D
:101A90001C4988420AD14FF0A04005F099FB8146CD
:101AA000154805F095FB49EA00000DE0134805F0E4
:101AB0008FFB8146124805F08BFB49EA0009134869
:101AC00005F086FB49EA000028B9A86840F61F71B6
:101AD000884301E002E007E0A86005E0E06D40F027
:101AE0002000E0654FF0010800BF002084F8580096
:101AF00000BF404640E700000001005000040050D5
:101B00000005005000030050000700500006005080
:101B10002DE9F84F05460C464FF0000A00200090D2
:101B2000FE49E068884200D000E000BF00BF95F8A1
:101B30005800012802D10220BDE8F88F012085F865
:101B4000580000BF286805F04DFB00287DD12968AA
:101B5000D4E9002001F1300CC0F3012B0CEB8B0316
:101B6000D3F800C000F01F0E4FF01F0B0BFA0EFB56
:101B70002CEA0B0C00F01F0BC2F3846E0EFA0BFE66
:101B80004CEA0E0CC3F800C000BF286805F02AFB21
:101B90008146286805F00DFB8046B9F1000F64D13D
:101BA000B8F1000FFBD1A068B0F1004F0AD1216855
:101BB0000022286805F028FB4FF00041286805F056
:101BC00048FB08E0A2682168286805F01DFB002199
:101BD000286805F03EFB60692968C968C1F3C10146
:101BE000490000FA01F7206904283FD028682268DC
:101BF000216900F1600C0CEB8103D3F800C0DFF821
:101C000020B30CEA0B0C02F0F84B4BF0004B4BEA04
:101C1000070B4CEA0B0CC3F800C000BF2868A26990
:101C2000216900F1600C0CEB8103D3F800C02CF0AB
:101C3000807C4CEA020CC3F800C000BF2868227FF9
:101C40002169012A02D1520601E0F6E10022134681
:101C500000F1600C0CEB8102D2F800C02CF0007C8B
:101C60004CEA030CC2F800C000BFA7E000212868BE
:101C700005F096FAC0F3120030B90021286805F08B
:101C80008FFAC0F3846007E00021286805F088FA25
:101C900090FAA0F0B0FA80F02168C1F3120119B9EE
:101CA0002168C1F3846104E0216891FAA1F1B1FADD
:101CB00081F1884204D100221146286805F0BEFA5D
:101CC0000121286805F06CFAC0F3120030B9012137
:101CD000286805F065FAC0F3846007E001212868F0
:101CE00005F05EFA90FAA0F0B0FA80F02168C1F336
:101CF000120119B92168C1F3846104E0216891FAE5
:101D0000A1F1B1FA81F1884204D1002201212868B1
:101D100005F094FA0221286805F042FAC0F3120097
:101D200030B90221286805F03BFAC0F3846007E06F
:101D30000221286805F034FA90FAA0F0B0FA80F099
:101D40002168C1F3120119B92168C1F3846104E06B
:101D5000216891FAA1F1B1FA81F1884204D10022FF
:101D60000221286805F06AFA0321286805F018FAAC
:101D7000C0F3120030B90321286805F011FAC0F34E
:101D8000846007E00321286805F00AFA90FAA0F0C1
:101D9000B0FA80F02168C1F3120119B92168C1F3CA
:101DA000846104E0216891FAA1F1B1FA81F18842DD
:101DB00004D100220321286805F040FA286805F0C4
:101DC00002FA002870D12868E2682168D0F8B0C013
:101DD000C1F312032CEA030C02F0180B514B23FA47
:101DE0000BF30B404CEA030CC0F8B0C000BF4B49EA
:101DF000E068884258D12368C3F312031BB92368F3
:101E0000C3F3846304E0236893FAA3F3B3FA83F380
:101E10005B1C03F01F03092B3ED82368C3F3120396
:101E20001BB92368C3F3846304E0236893FAA3F324
:101E3000B3FA83F35B1C03F01F034FF0010C0CFAA1
:101E400003FC2368C3F312031BB92368C3F3846341
:101E500004E0236893FAA3F3B3FA83F35B1C03F063
:101E60001F034CEA836C2368C3F312031BB9236876
:101E7000C3F3846304E0236893FAA3F3B3FA83F310
:101E80005B1C03F01F0303EB43034FF0000B4BEA13
:101E900003534CEA03033FE02368C3F3120323B95F
:101EA0002368C3F3846305E042E0236893FAA3F355
:101EB000B3FA83F35B1C03F01F034FF0010C0CFA21
:101EC00003FC2368C3F312031BB92368C3F38463C1
:101ED00004E0236893FAA3F3B3FA83F35B1C03F0E3
:101EE0001F034CEA836C2368C3F312031BB92368F6
:101EF000C3F3846304E0236893FAA3F3B3FA83F390
:101F00005B1C03F01F030A3B03EB43034FF0007B12
:101F10004BEA03534CEA0303194605E000007F40F7
:101F200000F0FF03FFFF0700A268286805F06CF9C6
:101F3000484920680840002842D02968B1F1A04FE4
:101F400003D0454A2968914201D1444900E04449FF
:101F5000084605F01BF9064642492068884203D02E
:101F60004149206888422CD106F4000048BB28680B
:101F7000B0F1A04F03D03D492868884263D12A6858
:101F8000B2F1A04F03D0344B2A689A4201D1334AB0
:101F900000E0334A104646F4000105F049F93448A0
:101FA00000683449B0FBF1F0401C00EB40008000B9
:101FB000009002E00098401E009000980028F9D19F
:101FC00041E02D49206888421BD106F08070C0B9DD
:101FD00021492868884236D028492868884232D06A
:101FE0002A68B2F1A04F03D01B4B2A689A4201D154
:101FF0001A4A00E01A4A104646F0807105F018F9B6
:1020000021E01F49206888421DD106F48000D0B924
:1020100011492868884216D02A68B2F1A04F03D02F
:102020000B462A689A4201D10C4A00E00C4A10463D
:1020300046F4800105F0FCF805E0E86D40F0200072
:10204000E8654FF0010A00BF002085F8580000BF86
:10205000504671E500000880000100500003005068
:1020600000070050000021C31000C090000600507F
:1020700010000020400D0300000052C70005005072
:10208000000084CB2DE9F84304464FF000080020FF
:10209000009014B90120BDE8F883606920B194F87C
:1020A0002400012800D100BFE06D30B9204600F0C7
:1020B00045F90020206684F8580020688168C1F343
:1020C000407131B120688168914A1140816000BF40
:1020D00000BF206805F081F8B0B9206881688D4A9A
:1020E000114041F08051816000BF8B4800688B49EE
:1020F000B0FBF1F0401C4000009002E00098401E50
:10210000009000980028F9D1206805F066F848B9D9
:10211000E06D40F01000E065206E40F001002066A8
:102120004FF00108206805F05DF80646E06D00F00C
:10213000100000287ED1002EFCD1E06D20F48070CC
:1021400040F00200E065206805F03DF888BB20689B
:10215000B0F1A04F03D072492068884201D1714884
:1021600000E071486F4988420AD14FF0A04005F065
:102170002AF881466A4805F026F849EA00000DE091
:102180006A4805F020F88146694805F01CF849EADC
:102190000009684805F017F849EA000048B92268C4
:1021A000B2F1A04F03D05E4B22689A4202D15D4A41
:1021B00001E009E05C4A10466168826822F47C1202
:1021C0000A43826000BF00BF607FE16B41EA40309C
:1021D000E1680843A168084394F8241040EA0145E7
:1021E00094F82400012803D1208D401E45EA404583
:1021F000E06A28B1A08D00F47870216B0843054394
:102200002068C0684C49084028432168C86020689D
:10221000006920F04060616B084321680861206814
:1022200004F0C7FF0746EEBBE7BB207F002141EA71
:10223000803100E064E094F8380041EA400520680D
:10224000C06844F20201884328432168C8602069BD
:1022500080B12068006940F48030216808612068FE
:10226000D0F8C0006FF30D00216908432168C1F860
:10227000C0000DE02068006920F48030216808610A
:102280002068D0F8C0006FF30D002168C1F8C000CD
:1022900094F84000012813D1606C40F00101A06C5B
:1022A000084300E012E0E16C0843216D0843216817
:1022B000096940F2FC72914308432168086105E016
:1022C0002068006920F00100216808616069012828
:1022D00009D12068006B20F00F00216A491E0843D5
:1022E0002168086305E02068006B20F00F0021687A
:1022F0000863E06D20F0020040F00100E06505E0B9
:10230000E06D40F01000E0654FF001084046C2E685
:10231000C0FFFF5FC0FFFF7F10000020400D0300E3
:10232000000100500003005000070050000400505E
:1023300000050050000600500740F0FF10B59CB0AB
:102340000446142117A8FDF7AFFF542102A8FDF79A
:10235000ABFF2068B0F1A04F7DD14FF40040029058
:102360008003139002A802F007FC08B1FFF7B8F948
:1023700085480068401C84490860084600680128B8
:102380000DD100BF8148C06C40F400507F49C86443
:102390000846C06C00F40050019000BF00BF00BFB1
:1023A0007A48C06C40F004007849C8640846C06CA4
:1023B00000F00400019000BF00BF00BF0846C06CE1
:1023C00040F00100C8640846C06C00F001000190B4
:1023D00000BF00BF00BF0846C06C40F00200C864E8
:1023E0000846C06C00F00200019000BF00BF0C2046
:1023F0001790032018900020199017A9644801F045
:10240000DFFA05201790032018900020199017A9D3
:102410004FF0904001F0D4FA02201790032018905A
:102420000020199017A95B4801F0CAFA5A485B4985
:10243000086005204860002158488160C160802103
:10244000016149004161890081612021C1614FF42E
:102450004051016200E009E000F0A2FD08B1FFF781
:102460003FF900BF4D48606584628AE04C492068AE
:102470008842FAD1C00102908003139002A802F0B2
:102480007BFB08B1FFF72CF93F480068401C3E4930
:1024900008600846006801280DD100BF3B48C06CA9
:1024A00040F400503949C8640846C06C00F400503C
:1024B000019000BF00BF00BF3448C06C40F0040072
:1024C0003249C8640846C06C00F00400019000BFA7
:1024D00000BF00BF0846C06C40F00100C864084659
:1024E000C06C00F00100019000BF00BF00BF0846B3
:1024F000C06C40F00200C8640846C06C00F00200E6
:10250000019000BF00BF31201790032018900020D9
:10251000199017A91E4801F053FAF02017900320D4
:1025200018900020199017A94FF0904001F048FA38
:102530004FF400601790032018900020199017A9FD
:10254000144801F03DFA144814301649086024205C
:102550004860002113488160C16080210161490009
:102560004161890081612021C1610021016200F087
:1025700017FD08B1FFF7B4F800BF0A486065846230
:1025800000BF1CB010BD0000000000200010024081
:102590000008004800040048080002403001002004
:1025A00000010050900100202DE9F04104460F4643
:1025B00090462168B1F1A04F03D0404A2168914272
:1025C00001D13F4900E03F49084604F0E4FD0646DA
:1025D000206804F007FE00286CD100BF94F8580072
:1025E000012802D10220BDE8F081012084F85800C2
:1025F00000BF35492068884201D1012000E0002059
:1026000020B91EB1052E01D0092E4DD12046FEF76E
:102610001FF80546002D42D1E06D40F60161884368
:1026200040F48070E06525492068884202D14FF06F
:10263000A04006E025492068884201D1244800E0F6
:1026400020682168884200D01EB9E06D20F4801017
:10265000E065E06D00F4805020B1206E20F00600AF
:10266000206601E0002020661C202168086000BF71
:10267000002084F8580000BF2068C06840F00100C6
:102680002168C860226802F1400143463A46606D05
:1026900000F0F0FC0546206804F0AEFD0BE000BF42
:1026A000002084F8580006E0012500BF002084F8CF
:1026B000580000E00225284695E700000001005080
:1026C00000030050000700500006005000050050B5
:1026D000000400502DE9F843044600200090804695
:1026E00014B94FF0010881E12068006800F0004053
:1026F000B0F1004F02D14FF0010877E1607F28B9B7
:10270000002020772062204600F07EF920680068D3
:1027100000F40007D4E90110084361690843E16847
:102720000843216940EA010620680068B149084071
:102730003043216808602068006800F4000088B118
:1027400087B9AD480068AD49B0FBF1F0401C00EB23
:1027500080008000009002E00098401E00900098E9
:102760000028F9D1A6492068884202D14FF4001010
:1027700025E0A349091D2068884202D14FF480005A
:102780001DE09F4908312068884201D1800616E08B
:102790009B490C312068884202D14FF080400EE006
:1027A000974910312068884201D1C00607E094495A
:1027B00014312068884201D1012000E00220054642
:1027C000207E00F0030000287ED0207E00F0100064
:1027D000D0B18B4914312068884203D0091D20688C
:1027E000884207D100BF87480068284385490860B0
:1027F00000BF24E000BF8348203800682843814997
:102800002039086000BF1AE07D49143120688842F1
:1028100003D0091D2068884207D100BF79480068AD
:10282000A8437849086000BF09E000BF7548203818
:102830000068A84373492039086000BF00BF207EAC
:1028400000F02000E0B16E4914312068884203D0C6
:10285000091D2068884209D100BF6A48001D006830
:1028600028436849091D086000BF26E000BF65488D
:102870001C380068284363491C39086000BF1CE00D
:102880005F4914312068884203D0091D20688842BE
:1028900009D100BF5B48001D0068A8435949091DC4
:1028A000086000BF09E000BF56481C380068A84314
:1028B00054491C39086000BF00BF514914312068D9
:1028C000884205D0091D00E06CE02068884203D1F1
:1028D000284604F0D1FC02E0284604F0C1FC207E2A
:1028E00000F00200E0B1464914312068884203D06C
:1028F000091D2068884209D100BF4248001F0068B6
:1029000028434049091F086000BF19E000BF3D4847
:102910002438006828433B492439086000BF0FE091
:10292000374914312068884203D0091D2068884245
:1029300003D1284604F0AEFC02E0284604F0A2FCD5
:10294000207E00F00100E0B12D491431206888425A
:1029500003D0091D2068884209D100BF29480838E2
:102960000068284327490839086000BF3AE000BFE3
:10297000244828380068284322492839086000BFC5
:1029800030E01F4914312068884203D0091D2068B7
:10299000884203D1284604F08DFC23E0284604F049
:1029A00081FC1FE0164914312068884203D0091DBC
:1029B0002068884203D1284604F06CFC02E02846D7
:1029C00004F060FC0E4914312068884203D0091DD0
:1029D0002068884203D1284604F06CFC02E02846B7
:1029E00004F060FC607F08B9012060774046BDE8D4
:1029F000F88300000F7E00FF10000020400D030050
:102A0000000201402804014010B586B0044614219C
:102A100001A8FDF749FC3A492068884221D100BF4E
:102A20003848C06C40F001003649C8640846C06CA4
:102A300000F00100009000BF00BF022001900320C1
:102A400002900020039001A94FF0904000F0B8FFE1
:102A500000221146402001F0A7FF402001F090FF26
:102A60004BE02749091D2068884221D100BF254835
:102A7000C06C40F001002349C8640846C06C00F0F7
:102A80000100009000BF00BF0820019003200290C9
:102A90000020039001A94FF0904000F091FF002228
:102AA0001146402001F080FF402001F069FF24E042
:102AB00013490831206888421FD100BF1148C06CFB
:102AC00040F004000F49C8640846C06C00F00400E0
:102AD000009000BF00BF0220019003200290002060
:102AE000039001A9084800F06BFF00221146402026
:102AF00001F05AFF402001F043FF06B010BD000076
:102B000000020140001002400008004810B54FF4D8
:102B1000800004F0D7FB18B14FF4800004F0A6FB4E
:102B20004FF4001004F0CEFB18B14FF4001004F085
:102B30009DFB4FF0005004F0C5FB18B14FF0005062
:102B400004F094FB10BD00002DE9F84F04460D463B
:102B500016460020009004B115B90120BDE8F88F99
:102B6000E869012800D100BFA868042800D103E06B
:102B70006869022800D100BF00BF6079012801D137
:102B80000220EBE70120607100BF02202071A868DD
:102B9000042859D101F010F88246E6B911E001F09D
:102BA0000BF8A0EB0A0001280BD92068406B00F459
:102BB000004030B1206940F00800206103202071FE
:102BC000CCE72068406B00F400400028E7D1686A39
:102BD000216808641BE011E000F0EEFFA0EB0A00A2
:102BE00001280BD92068406B00F0004030B120690B
:102BF00040F00800206103202071AFE72068406B9F
:102C000000F000400028E7D1686A21684864206825
:102C1000806C06F0100240F2FF319140884306F0CC
:102C20001002A96A91400843216888642068C06C3A
:102C300006F01002FF219140884306F01002E96A75
:102C4000914008432168C864E86901280FD12068D1
:102C5000876B06F010011F2088408743D5F820803D
:102C600006F0100008FA00F0074320688763206828
:102C7000C76B06F01001072088408743A869012828
:102C800002D14FF000090CE0A869022802D14FF0F0
:102C9000010906E0686910B94FF0010901E04FF041
:102CA00000096969A868084340EA090806F01001AC
:102CB0004FF48070884087432879012801D10002B1
:102CC00000E0002040EA080806F010014FF4007010
:102CD000884087436879012801D1400200E0002044
:102CE00040EA080827F44047286802280FD102F07C
:102CF00061FA83462C498B4502D947F4004708E026
:102D00002A48834502D947F4804702E001E0286859
:102D1000074306F0100108FA01F007432068C76373
:102D20002068006806F010024FF48041914088430B
:102D3000216808602068076806F0100140F6FE7000
:102D400088408743D5F80C8006F0100108FA01F09E
:102D50000743206807602068006806F01002C02161
:102D60009140884321680860287BC0F38308287C51
:102D7000C0F3830048EA00282068006E06F01002C5
:102D800040F60F719140884306F0100108FA01F1F6
:102D90000843216808660120207100BF002060718F
:102DA00000BF0098DAE600000068890900B4C40496
:102DB00010B504460CB9012010BD207920B90020BF
:102DC0006071204600F008F8022020710020206188
:102DD000012020710020EFE708B5124A01689142F6
:102DE0000DD100BF1049C96C41F480310E4AD16445
:102DF0001146C96C01F48031009100BF11E00B4A0B
:102E0000016891420DD100BF0749C96C41F480218E
:102E1000054AD1641146C96C01F48021009100BFBC
:102E200000BF08BD00080050001002400010005014
:102E300078B50446002000900CB9012078BD2068C8
:102E4000C06B01F010064FF48075B540284000B902
:102E500000BF2068009029B902F10800009D2844B5
:102E6000009004E002F11400009D284400900098B6
:102E700003600020E2E7000018B502460AB901200D
:102E800018BD00BF5079012801D10220F8E70120C8
:102E9000507100BF022010711068006801F010042A
:102EA0000123A3401843136818601A4800681A4B9E
:102EB000B0FBF3F0401C009002E00098401E009030
:102EC00000980028F9D161B91068006800F03E0050
:102ED000022816D11068406840F00100136858605D
:102EE0000FE01068006800F4781301F0100402206D
:102EF000A040834205D11068406840F0020013688A
:102F000058600120107100BF0020507100BF00BF49
:102F1000B6E7000010000020400D0300014600222B
:102F200009B90120704791F82500022803D0042038
:102F3000C863012227E00868006820F001000B68E0
:102F400018600868006820F00E000B681860886C34
:102F5000006820F480708B6C186091F8440000F0D9
:102F60001F03012098400B6C5860D1E91330586062
:102F7000486D40B1486D006820F480704B6D18605A
:102F8000D1E916305860012081F8250000BF0020EB
:102F900081F8240000BF1046C4E70146C86B7047A3
:102FA00070B504460CB9012070BD304920688842D4
:102FB0000BD22F492068401A1421B0FBF1F0800099
:102FC00060642B48083820640AE028492068401AC9
:102FD0001421B0FBF1F080006064244808382064BC
:102FE000022084F825002068056847F6F0708543C4
:102FF000D4E9020108432169084361690843A169D2
:103000000843E1690843216A0843054320680560D5
:103010002046FEF7C3FAA068B0F5804F01D100202A
:103020006060207900F07F00A16C0860D4E9131083
:103030004860606860B16068042809D82046FEF7DF
:10304000D5FA0020616D0860D4E91610486003E0ED
:1030500000206065A065E0650020E063012084F841
:103060002500002084F8240000BF9DE708040240EA
:10307000080002402DE9F04104460D4616461F4661
:103080004FF0000800BF94F82400012802D102206C
:10309000BDE8F081012084F8240000BF94F82500E9
:1030A00001283FD1022084F825000020E063206839
:1030B000006820F00100216808603B46324629463E
:1030C0002046FEF7A7FA206B30B12068006840F078
:1030D0000E00216808600BE02068006820F0040002
:1030E000216808602068006840F00A0021680860D4
:1030F000A06C006800F4803028B1A06C006840F437
:103100008070A16C0860606D28B1606D006840F44B
:103110008070616D08602068006840F001002168DF
:10312000086006E000BF002084F8240000BF4FF0D4
:1031300002084046ACE770B50346144693F85C506D
:1031400001F4C07000B100BF012D01D0022D7DD16E
:103150001868826D01F0070010B102F0010018B389
:1031600001F0380010B102F00200E8B101F4E070A3
:1031700010B102F00400B8B101F4F05010B102F047
:10318000080088B101F4604010B102F0100058B19D
:1031900001F4403010B102F0200028B101F47C00AD
:1031A00040B102F0400028B91868C06D40F001003D
:1031B0001E68F06501F0070010B102F0010018BBB5
:1031C00001F0380010B102F00200E8B901F4E0703B
:1031D00010B102F00400B8B901F4F05010B102F0DF
:1031E000080088B901F4604010B102F0100058B92D
:1031F00001F4403010B102F0200028B901F47C0045
:1032000040B102F0400028B11868C06D40F00200E3
:103210001E68F06501F0800030B11868D0F8DC005D
:1032200020431E68C6F8DC0001F4807030B11868D5
:10323000D0F8E00020431E68C6F8E0001868406D32
:1032400008431E687065002070BDFFE7186E40F0EF
:10325000020018660120F7E72DE9F04104460E460A
:103260001746706800B900E000BF94F85C000228BF
:1032700021D12068D0F8C40000F4001030B1206ED5
:1032800040F4007020660120BDE8F0812068D0F88D
:10329000C400C0F301452B463A4631462046FEF7AE
:1032A0006DFA0120A8402168C1F8CC000120A84097
:1032B000A0650020E8E7206E40F0080020660120AD
:1032C000E2E7F0B5024692F85C60012E01D0022ED2
:1032D00023D1086880B9087A80070F7B40EAC7606D
:1032E0000F8A40EA07404F6940EA0704176C4868B4
:1032F00007EB80031C600EE00F7B086940EA47740F
:103300000F7A486940EA8775576C486807EBC00335
:103310001C601B1D1D600020F0BD106E40F00200FF
:1033200010660120F8E770B50446049D94F85C002F
:10333000012810D1080140EA820040EA43002843F6
:103340002668D6F8806026F03F0630432668C6F827
:103350008000002070BD206E40F004002066012037
:10336000F8E730B5034693F85C40012C01D0022CFD
:103370000ED1012A05D11868806D88431D68A865A3
:1033800004E01868806D08431D68A865002030BD02
:10339000186E40F0020018660120F8E77047704789
:1033A0002DE9F04304460E469C4694F85C80B8F143
:1033B000020F7DD1402E26D12068D0F8900000F079
:1033C0000F0030B9206E40F4807020660120BDE807
:1033D000F0832068D0F89000C0F301232068D0F873
:1033E0009000C0F3006040B12068D0F88000C0F3C6
:1033F000402010B1581C00F0030303EBC309A06C7C
:1034000000EBC90124E02068D0F8980000F00F001C
:1034100028B9206E40F4807020660120D7E720682C
:10342000D0F89800C0F301232068D0F89800C0F3CA
:10343000006040B12068D0F88000C0F3002010B1D7
:10344000581C00F0030303EBC309E06C00EBC90157
:10345000086800F080405060506820B90868C0F3E8
:103460008A40106003E0086820F06040106008683F
:1034700000F000509060086800F000401061091DE5
:10348000088880B2D0610868C0F30340D060086843
:1034900000F480105061086800F400109061086822
:1034A000C0F3066010620868C00F5062091D00E09A
:1034B00018E00F46002503E0785D0CF805006D1C50
:1034C000DFF82C90D06819F80000A842F4D8402EFC
:1034D00003D12068C0F8943002E02068C0F89C3026
:1034E000002074E7206E40F00800206601206EE79F
:1034F00060AE000870472DE9FC5F04462068006D4F
:1035000000F4E0572068406D07402068006D00F02F
:1035100007082068406D00EA08082068006D00F088
:1035200038092068406D00EA09092068006D00F440
:10353000710A2068406D00EA0A0A2068006D00F4F4
:10354000602B2068406D00EA0B0B2068456D2068F9
:10355000066DC6F3801040B1C5F3801028B140203D
:10356000216808652046FFF7C5FFC6F30020A0B11B
:10357000C5F3002088B12068D0F8D80000902068FA
:10358000D0F8E0000099084000904FF48070216866
:1035900008652046009900F00EFA2FB120680765F3
:1035A0003946204600F009FAB8F1000F06D020682D
:1035B000C0F850804146204600F0CEF9B9F1000F26
:1035C00006D02068C0F850904946204600F0D9F94E
:1035D000C6F3402048B1C5F3402030B14FF400702D
:1035E00021680865204600F0E9F9C6F3C01098B1DB
:1035F000C5F3C01080B12068D0F8D40001902068D5
:10360000D0F8DC000199084001908020216808650D
:103610002046019900F0D0F9C6F3403048B1C5F317
:10362000403030B14FF4005021680865204600F06A
:10363000C1F9C6F3C03048B1C5F3C03030B14FF462
:10364000004021680865204600F0B3F9C6F38030D9
:1036500050B1C5F3803038B14FF48040216808651F
:10366000206E40F080002066BBF1000F06D020687D
:10367000C0F850B059462046FFF791FEBAF1000F4E
:1036800006D02068C0F850A0206E40EA0A002066EC
:10369000206E10B12046FFF781FEBDE8FC9F0000C0
:1036A00070B504460CB9012070BD8149206888427C
:1036B00000D100BFA068B0F5407F00D100BF94F8F2
:1036C0005C0028B9002084F85D00204600F0F4F882
:1036D0002068806920F010002168886100F06CFA91
:1036E00005460DE000F068FA401B0A2808D9206E54
:1036F00040F001002066032084F85C000120D3E73D
:103700002068806900F008000828EBD020688069F4
:1037100040F001002168886100F04EFA05460DE096
:1037200000F04AFA401B0A2808D9206E40F0010038
:103730002066032084F85C000120B5E720688069DA
:1037400000F001000028EBD02068806940F0020002
:103750002168886156492068884202D155496068CD
:103760000860207C012806D12068806920F0400094
:103770002168886105E02068806940F04000216888
:103780008861607C012806D12068806940F480400F
:103790002168886105E02068806920F48040216804
:1037A0008861A07C012806D12068806920F48050BF
:1037B0002168886105E02068806940F480502168B4
:1037C00088612068806920F44070A16808432168FE
:1037D00088612068806920F0A400216888612068E1
:1037E000006920F0100021680861E068012806D116
:1037F0002068806940F004002168886120E0E0686A
:10380000F0B1E068022815D02068806940F080009F
:10381000216888612068006940F010002168086113
:10382000E06803280CD12068806940F020002168FE
:10383000886105E02068806940F020002168886187
:10384000207E401E4106E069401E41EA0020216AB8
:10385000491E0843A18A491E40EA01402168C86107
:10386000A068B0F5407F0FD1A06A401EE16A491EF2
:1038700040EA0121206B401E41EA0011A08C401E4D
:1038800041EA00402168C8602068D0F8C000E16BC0
:1038900008432168C1F8C0002046FDF72DFF002035
:1038A000A0652066012084F85C000020FCE6000092
:1038B000006400400065004010B59CB0044614212F
:1038C00017A8FCF7F1FC542102A8FCF7EDFC2049F5
:1038D000206888423AD1801402904003109002A8D8
:1038E00001F04AF908B1FDF7FBFE00BF1948806DF1
:1038F00040F00070174988650846806D00F0007040
:10390000019000BF00BF00BF0846C06C40F001003E
:10391000C8640846C06C00F00100019000BF00BF01
:103920004FF4C050179002201890002019901A9060
:1039300009201B9017A9C00600F042F800220521BB
:10394000152001F031F8152001F01AF81CB010BD57
:10395000006400400010024030B59BB004460D46A4
:10396000402101A8FCF7A0FC01AB11AA4021204690
:10397000FFF716FD01A9149A1198FDF76FFE1BB011
:1039800030BD7047014691F85C0001280BD1022040
:1039900081F85C000868806920F001000A68906185
:1039A000002008667047086E40F004000866012099
:1039B000F8E77047704770477047704770470000DE
:1039C00078B503460022D2E0012696400D6805EA4C
:1039D0000604002C7BD00D7905F00305012D04D0E1
:1039E0000D7905F00305022D13D1986856000325C3
:1039F000B540A8435600CD68B54028439860586844
:103A000001259540A8430D79C5F30015954028433D
:103A100058600D7905F00305032D07D10D7905F0E8
:103A20000305032D0CD18D68012D09D0D8685600EF
:103A30000325B540A84356008D68B5402843D8609B
:103A40000D7905F00305022D13D1D60803F12005E9
:103A500055F826005507EE0E0F25B540A84356072A
:103A6000F60E0D69B5402843D60803F1200545F848
:103A70002600186856000325B540A8430D7905F0C7
:103A800003055600B540284318604D6805F44035DD
:103A9000002D6BD000BF394D2D6E45F00105374E1E
:103AA000356635462D6E05F00105009500BF00BF57
:103AB0004FEAB635960855F8260095072E0F0F25C4
:103AC000B540A843B3F1904F02D100251AE04DE074
:103AD0002B4DAB4201D1012514E02A4DAB4201D15F
:103AE00002250FE0284DAB4201D103250AE0274D06
:103AF000AB4201D1042505E0254DAB4201D105259E
:103B000000E006259607360FB5402843214D96085C
:103B100045F82600204D2868A0434D6805F480151F
:103B200005B120431C4D28602D1D2868A0434D6819
:103B300005F4001505B12043174D2D1D2860164DC5
:103B40002D1F2868A0434D6805F4003505B12043BA
:103B5000114D2D1F28602D1F2868A0434D6805F4C6
:103B6000803505B120430C4D083D2860521C0D687E
:103B7000D540002D7FF428AF78BD00000010024032
:103B80000004004800080048000C004800100048ED
:103B9000001400480800014008040140024613696F
:103BA0000B400BB1012000E0002070470AB1816199
:103BB00000E0816270470000014800687047000023
:103BC00004000020024600BF92F8DC00012801D169
:103BD00002207047012082F8DC0000BF022082F83A
:103BE000DD00481C80B91068D0F8CC0320F0020337
:103BF0001068C0F8CC331068D0F8CC0340F0010353
:103C00001068C0F8CC3318E01068D0F8CC0340F04E
:103C100002031068C0F8CC331068D0F8CC0320F051
:103C20000C0008431368C3F8CC031068D0F8CC0329
:103C300040F001031068C0F8CC33012082F8DD00A9
:103C40000020C6E770B504460D46164694F8DD0020
:103C5000022800D170BD00BF94F8DC00012801D11A
:103C60000220F7E7012084F8DC0000BF022084F87E
:103C7000DD0032462946204602F0C2FC012084F8CD
:103C8000DD0000BF002084F8DC0000BF00BFE1E7DA
:103C9000024692F8DD00022800D1704700BF92F87A
:103CA000DC00012801D10220F7E7012082F8DC00C6
:103CB00000BF022082F8DD001068D0F8B833084653
:103CC00063F31D001368C3F8B803012082F8DD0018
:103CD00000BF002082F8DC0000BF00BFDDE730B588
:103CE000034693F8DD00022800D130BD00BF93F8F1
:103CF000DC00012801D10220F7E7012083F8DC0075
:103D000000BF022083F8DD00082938D006DC012935
:103D100009D0022915D004295DD121E010293DD018
:103D2000202958D148E01868D0F8080420F0030092
:103D30000125946805EB440420431C68C4F808047A
:103D400052E01868D0F8080420F440704FF48075F1
:103D5000946845EA442420431C68C4F8080443E0FE
:103D60001868D0F8080420F4403014894FF48035E6
:103D700045EA444420431C68C4F8080434E0186849
:103D8000D0F8080420F04070147A4FF0807545EAAE
:103D9000446420431C68C4F8080425E01868D0F87F
:103DA0000C0420F003000125946805EB4404204333
:103DB0001C68C4F80C0417E01868D0F80C0420F450
:103DC00040704FF48075946845EA442420431C6891
:103DD000C4F80C0408E0072083F8DD0000BF0020D1
:103DE00083F8DC0000BF00BF00BF93F8DD000728A8
:103DF00001D1012079E7012083F8DD0000BF002018
:103E000083F8DC0000BF00BF6FE7F0B504460F4643
:103E1000134694F8DD00022800D1F0BD00BF94F8ED
:103E2000DC00012801D10220F7E7012084F8DC0042
:103E300000BF022084F8DD002068D0F8D02320687D
:103E4000D0F8D413187800F001051878C0F34006B4
:103E5000082F57D006DC012F09D0022F1CD0042FC9
:103E60007DD134E0102F68D0202FF9D17CE022F0F2
:103E7000FE02187900F00200024342EA850221F4B2
:103E8000803141EA0641187A00F078000243187B3D
:103E900000F0800002438BE022F47E424FF4007C6D
:103EA00058680CEA0020024342EA852221F40031DE
:103EB00041EA46414FF4F04C98680CEA0020024376
:103EC0004FF4004CD8680CEA0020024370E022F462
:103ED0007E0298884FF4003C0CEA0040024342EA1C
:103EE000854221F4802141EA864118894FF4F00C83
:103EF0000CEA0040024398894FF4000C0CEA0040A1
:103F0000024355E022F07E4218794FF0007C0CEA23
:103F10000060024342EA856221F4002141EAC64181
:103F2000187A4FF0F04C0CEA00600243187B4FF017
:103F3000004C0CEA006002433AE021F0FE011879DF
:103F400000F00200014341EA850121F4801141EAB9
:103F50000651187A00F078000143187B00E01EE05B
:103F600000F08000014323E021F47E414FF4007C07
:103F700058680CEA0020014341EA852121F4001130
:103F800041EA46514FF4F04C98680CEA0020014396
:103F90004FF4004CD8680CEA0020014308E00720E9
:103FA00084F8DD0000BF002084F8DC0000BF00BF03
:103FB00000BF94F8DD00072801D101202DE702F0B1
:103FC0007F3C2068C0F8D0C348F2800021EA00009E
:103FD000D4F800C0CCF8D4032068D0F8D00302F0A5
:103FE000803C40EA0C00D4F800C0CCF8D003206834
:103FF000D0F8D40348F2800C01EA0C0C40EA0C0023
:10400000D4F800C0CCF8D403012084F8DD0000BF50
:10401000002084F8DC0000BF00BFFEE610B50346B8
:1040200093F8DD00022800D110BD00BF93F8DC003A
:10403000012801D10220F7E7012083F8DC0000BF4E
:10404000022083F8DD00082939D006DC012909D0D7
:10405000022916D004295FD122E010293ED0202960
:104060005AD14AE010688000546840EAC4101C68C5
:10407000D4F8084424F0BC0420431C68C4F80804A5
:1040800053E010688002546840EAC4301C68D4F8D9
:10409000084424F43C4420431C68C4F8080444E069
:1040A00010888004948840EAC4501C68D4F80844FE
:1040B00024F43C0420431C68C4F8080435E010785C
:1040C0008006147940EAC4701C68D4F8084424F0CF
:1040D0003C4420431C68C4F8080426E010688000B3
:1040E000546840EAC4101C68D4F80C4424F0BC04A2
:1040F00020431C68C4F80C0417E010688002546860
:1041000040EAC4301C68D4F80C4424F43C442043F6
:104110001C68C4F80C0408E0072083F8DD0000BF29
:10412000002083F8DC0000BF00BF00BF93F8DD0073
:10413000072801D1012077E7012083F8DD0000BFC7
:10414000002083F8DC0000BF00BF6DE710B501F070
:1041500001033BB10368D3F8D03362F30003046872
:10416000C4F8D03301F002033BB10368D3F8D03375
:1041700062F308230468C4F8D03301F004033BB1B0
:104180000368D3F8D03362F310430468C4F8D03323
:1041900001F008033BB10368D3F8D03362F318632E
:1041A0000468C4F8D03301F010033BB10368D3F8BE
:1041B000D43362F300030468C4F8D43301F020035D
:1041C0003BB10368D3F8D43362F308230468C4F81E
:1041D000D43310BD024692F8DD00022800D17047AA
:1041E00000BF92F8DC00012801D10220F7E701208E
:1041F00082F8DC0000BF022082F8DD001068D0F8F1
:10420000D40320F0407001F0407318431368C3F8E2
:10421000D403012082F8DD0000BF002082F8DC001A
:1042200000BF00BFDBE70000F8B504460CB9012071
:10423000F8BD0220E03404F8030C00202060606028
:10424000A060E06020616061A061E03C207A00F045
:10425000010008B33549206888420DD100BF3448B9
:10426000006E40F08060324908660846006E00F03B
:104270008060009000BF00BF2068066826F44046BA
:10428000208A00F44040064326F44056A08A00F4F9
:104290004050064320680660204600F04BF8207A24
:1042A00000F0020048B12068066826F44076A08934
:1042B00000F44070064320680660012084F8DD00A9
:1042C00000BF002084F8DC0000BF002529E00021A9
:1042D000C5EBC50204F1180040F82210C5EBC50279
:1042E00000EB82004160C5EBC50204F1180000EB51
:1042F00082008160C5EBC50204F1180000EB82006A
:10430000C160C5EBC50204F1180000EB8200016139
:10431000C5EBC50204F1180000EB82008161681C46
:10432000C5B2062DD3D9002082E700000068014005
:104330000010024008B5094A016891420DD100BF42
:104340000749096E41F08061054A11661146096E00
:1043500001F08061009100BF00BF08BD006801400E
:104360000010024010B586B00446142101A8FBF7E6
:104370009BFF1149206888421CD100BF0F48C06CC8
:1043800040F002000D49C8640846C06C00F002000D
:10439000009000BF00BF4FF47040019002200290D7
:1043A00000200390032004900D20059001A90448EB
:1043B000FFF706FB06B010BD006801400010024088
:1043C0000004004870B504460D46FFF7F5FB0646AD
:1043D0000CE0681C50B1FFF7EFFB801BA84200D82F
:1043E00025B9072084F8DD00032070BD2068D0F8CF
:1043F0008803C0F300400028EBD0012084F8DD00E2
:1044000000BF002084F8DC0000BF00BFEDE770B5FE
:1044100004460D46164694F8DD00022800D170BD12
:10442000022084F8DD00062D04D13146204602F03A
:104430009CFA04E032462946204602F07CFB01202B
:1044400084F8DD000020EAE730B5044694F8DD008A
:10445000022800D130BD00BF94F8DC00012801D152
:104460000220F7E7012084F8DC0000BF022084F876
:10447000DD00062928D1012A06D0022A08D0042A04
:104480000AD0082A10D10BE018682568E86114E00A
:1044900018682568686210E018682568A8620CE052
:1044A00018682568E86208E0072084F8DD0000BF8E
:1044B000002084F8DC0000BF00BF00BF94F8DD00DE
:1044C00007287DD10120C5E7012A06D0022A0BD09A
:1044D000042A4CD0082A74D150E01D68206880302E
:1044E00000EBC110C5619AE01D682068803000EBC8
:1044F000C1104562586868B32068803000EBC11075
:10450000006820F440552068803000EBC110056041
:104510002068803000EBC11000685D682843256882
:10452000803505EBC11528605868B0F5005F06D1ED
:104530009D682068803000EBC110C56116E05868A6
:10454000B0F5405F12D19D682068803000EBC1104B
:1045500085620BE02068803000EBC110006820F419
:1045600040502568803505EBC115286057E01D686F
:104570002068803000EBC110856250E01D68206823
:10458000803000EBC110C562586888B32068803065
:1045900000EBC110006820F440452068803000EB3B
:1045A000C11005602068803000EBC11000685D68B4
:1045B00040EA85052068803000EBC110056001E00D
:1045C00034E023E05868B0F5005F06D19D682068AC
:1045D000803000EBC110C56117E05868B0F5405F4E
:1045E00013D19D682068803000EBC11085620CE01B
:1045F000FFE72068803000EBC110006820F44040E5
:104600002568803505EBC115286008E0072084F88F
:10461000DD0000BF002084F8DC0000BF00BF00BF49
:1046200094F8DD00072801D1012013E7012084F868
:10463000DD0000BF002084F8DC0000BF00BF09E7F8
:10464000024600BF92F8DC00012801D10220704729
:10465000012082F8DC0000BF022082F8DD00106833
:104660000068084313681860012082F8DD0000BF6D
:10467000002082F8DC0000BF00BFE8E72DE9F04130
:1046800004460D4616461F4694F8DD00022801D167
:10469000BDE8F08100BF94F8DC00012801D10220C0
:1046A000F6E7012084F8DC0000BF022084F8DD007A
:1046B0003B4632462946204602F0BAF9012084F8EA
:1046C000DD0000BF002084F8DC0000BF00BFDFE792
:1046D000024600BF92F8DC00012801D10220704799
:1046E000012082F8DC0000BF022082F8DD001068A3
:1046F000D0F8940308431368C3F89403012082F8A8
:10470000DD0000BF002082F8DC0000BF00BFE6E74C
:1047100070B504460D46164694F8DD00022800D117
:1047200070BD00BF94F8DC00012801D10220F7E73A
:10473000012084F8DC0000BF022084F8DD00062D93
:1047400004D13146204602F024F904E032462946DD
:10475000204602F011FAC5EBC50204F1180000EB87
:10476000820031688160C5EBC50204F1180000EBDE
:1047700082007168C160C5EBC50204F1180000EB4E
:104780008200B1680161C5EBC50204F1180000EBBD
:104790008200F1684161C5EBC50204F1180000EB2D
:1047A0008200316981612946204602F094F8062D85
:1047B00010D0F06A70B92068803000EBC510006836
:1047C00020F40070F16D40EA41212068803000EB58
:1047D000C5100160012084F8DD0000BF002084F8CE
:1047E000DC0000BF00BF9BE770B504460D461646CF
:1047F00094F8DD00022800D170BD00BF94F8DC0001
:10480000012801D10220F7E7012084F8DC0000BF75
:10481000022084F8DD0032462946204602F0D6FA0E
:10482000012084F8DD0000BF002084F8DC0000BF18
:1048300000BFE1E710B521484068401C1F494860AF
:1048400008460069401C086108460069B0F5FA6F27
:1048500002D34FF4FA60086118484068052807D36E
:1048600000201649486005F0DDFE04F055FA1DE011
:1048700012484068012819D010484068022815D015
:104880000E48406803280BD10D480088401C0C4995
:10489000088008460088142808DB0020088005E00E
:1048A00006484068042801D102F070FB0348806884
:1048B000401C02498860FBF78FFF10BDCC0600202A
:1048C0001400002010B50024032000F0ABF80F20E6
:1048D00000F008F808B1012401E000F02FF82046AC
:1048E00010BD000070B50446002511480068D8B11D
:1048F0000F4800684FF47A71B1FBF0F00D49096878
:10490000B1FBF0F6304601F033F858B9102C07D25D
:1049100000222146501E00F047F80748046004E0DA
:10492000012502E0012500E00125284670BD0000B8
:104930000C000020100000200800002008B500BF77
:104940000E48006E40F001000C4908660846006EF3
:1049500000F00100009000BF00BF00BF0846806D5E
:1049600040F0805088650846806D00F080500090CF
:1049700000BF00BF00F0F6F808BD000000100240C4
:104980000146084600280DDB00BF00BF00F01F03F2
:1049900001229A4043099B0003F1E023C3F8002160
:1049A00000BF00BF00BF70472DE9F05F80460D4695
:1049B000164605F097FA074639462A46334601F06F
:1049C0000700C0F1070ABAF1040F02D94FF0040A38
:1049D00001E0C0F1070AD14600F1040ABAF1070F5D
:1049E00002D24FF0000A01E0A0F1030AD4464FF0D2
:1049F000010A0AFA09FAAAF1010A0AEA020A0AFAFB
:104A00000CFA4FF0010B0BFA0CFBABF1010B0BEAAC
:104A1000030B4AEA0B042146404605F06BFABDE859
:104A2000F09F000000BF00F00702064B19684FF628
:104A3000FF031940044B0B4343EA0221014B196069
:104A400000BF70470CED00E00000FA0502468ABB8B
:104A50004148006800F4C060B0F5806F2BD13E483B
:104A60008030006820F480703B4BC3F8800018460B
:104A7000006820F4C06040F4007018603748006897
:104A800032235843364BB0FBF3F0411C00E0491E83
:104A90003148406900F48060B0F5806F01D1002991
:104AA000F5D12D48406900F48060B0F5806F51D198
:104AB0000320704708E028488030006820F48070A8
:104AC000254BC3F8800045E0B2F5007F3AD122487B
:104AD000006800F4C060B0F5806F2AD11E488030B5
:104AE000006840F480701C4BC3F8800018460068D2
:104AF00020F4C06040F40070186018480068322349
:104B00005843174BB0FBF3F0411C00E0491E12481C
:104B1000406900F48060B0F5806F01D10029F5D1C3
:104B20000D48406900F48060B0F5806F12D1032019
:104B3000BFE709488030006840F48070064BC3F836
:104B4000800007E00448006820F4C06040F4806002
:104B5000014B18600020ACE70070004010000020FE
:104B600040420F000348806840F48040014988605B
:104B700070470000007000402DE9F843044600270C
:104B8000B846206800F40020B0F5002F73D1B94674
:104B9000FD48806D00F0805078B900BFFA48806D04
:104BA00040F08050F84988650846806D00F08050DC
:104BB000009000BF00BF4FF00109F448006840F4C6
:104BC0008070F2490860FEF7F7FF064606E0FEF740
:104BD000F3FF801B022801D9032705E0EB4800689A
:104BE00000F480700028F2D000BF002F46D1E648C4
:104BF0009030006800F44075CDB1206DA84216D009
:104C0000E1489030006820F44075DF48D0F890000B
:104C100040F48030DC49C1F890000846D0F890009C
:104C200020F48030C1F890000846C0F8905005F09C
:104C30000100A0B1FEF7C0FF064608E0FEF7BCFF8A
:104C4000801B41F28831884201D9032706E0CE4813
:104C50009030006800F002000028EFD000BF5FB97C
:104C6000C9489030006820F44070216D0843C6495F
:104C7000C1F8900003E00CE0B84600E0B846B9F196
:104C8000010F05D1C048806D20F08050BE49886575
:104C900000BF207800F0010048B1BB4888300068B0
:104CA00020F0030061680843B749C1F88800207804
:104CB00000F00200022809D1B3488830006820F0D3
:104CC0000C00A1680843B049C1F88800207800F0C2
:104CD0000400042809D1AC488830006820F0300076
:104CE000E1680843A849C1F88800207800F008006E
:104CF000082809D1A4488830006820F0C000216944
:104D00000843A149C1F88800207800F0100010285D
:104D100009D19D488830006820F4407061690843DB
:104D20009949C1F88800207800F02000202809D196
:104D300095488830006820F44060A1690843924992
:104D4000C1F88800207800F04000402809D18E4842
:104D50008830006820F44050E16908438A49C1F86E
:104D60008800207800F08000802809D186488830AB
:104D7000006820F44040216A08438349C1F8880054
:104D8000208800F48070B0F5807F09D17E4888309B
:104D9000006820F44030616A08437B49C1F888000C
:104DA000206800F40030B0F5003F09D176489C300F
:104DB000006820F00300A16A08437349C1F89C0011
:104DC000208800F40070B0F5007F09D16E4888306B
:104DD000006820F44020E16A08436B49C1F888006C
:104DE000208800F48060B0F5806F13D16648883069
:104DF000006820F44010216B084363498831086043
:104E0000206BB0F5801F05D15F48C06840F480106A
:104E10005D49C860208800F40060B0F5006F13D1D0
:104E200059488830006820F44000616B08435649B7
:104E300088310860606BB0F5800F05D15248C068BA
:104E400040F480105049C860208800F48050B0F5CC
:104E5000805F13D14C488830006820F04070A16B0F
:104E60000843494988310860A06BB0F1807F05D1C3
:104E70004548C06840F480104349C860208800F469
:104E80000050B0F5005F13D13F488830006820F033
:104E90004060E16B08433C4988310860E06BB0F149
:104EA000006F05D13848C06840F480103649C860AA
:104EB000208800F48040B0F5804F13D1324888300C
:104EC000006820F04060216C08432F498831086059
:104ED000206CB0F1006F05D12B48C06840F4801001
:104EE0002949C860208800F40040B0F5004F13D174
:104EF00025488830006820F04050616C0843224902
:104F000088310860606CB0F1805F05D11E48C068D0
:104F100040F480301C49C860206800F48030B0F54F
:104F2000803F13D118488830006820F04040A16CC1
:104F30000843154988310860A06CB0F1804F05D155
:104F40001148C06840F480300F49C860206800F400
:104F50008020B0F5802F13D10B489C30006820F4DE
:104F60004010E16C084308499C310860E06CB0F5E2
:104F7000001F05D10448C06840F480100249C86091
:104F80004046BDE8F8830000001002400070004079
:104F90002DE9F04104460D464FF0000814B90120F8
:104FA000BDE8F0817D48006800F00F00A8420ED2F5
:104FB0007A48006820F00F002843784908600846C6
:104FC000006800F00F00A84201D00120E8E7207837
:104FD00000F00100002864D06068032823D17048E5
:104FE000006800F0007008B90120D9E703F0BAFAB0
:104FF00006466C48864237D96948806800F0F00060
:1050000030B1207800F0020002282DD1A06858BBF2
:105010006348806820F0F00040F0800060498860BC
:105020004FF0800820E06068022806D15C480068E4
:1050300000F4003040B90120B2E75948006800F49C
:10504000806008B90120ABE700F0DEF8064655485D
:10505000864209D95248806820F0F00040F0800074
:105060004F4988604FF080084D48806820F0030069
:10507000616808434A498860FEF79EFD074608E0DC
:10508000FEF79AFDC01B41F28831884201D9032006
:1050900086E74348806800F00C006168B0EB810F40
:1050A000EED1207800F00200022820D1207800F014
:1050B0000400042805D13A48806840F4E06038498B
:1050C0008860207800F00800082807D134488068FC
:1050D00020F4605040F4E0603149886030488068D6
:1050E00020F0F000A16808432D49886008E0B8F17D
:1050F000800F05D12A48806820F0F0002849886098
:105100002648006800F00F00A84219D9234800681B
:1051100020F00F00284321490860FEF74DFD0746A7
:1051200008E0FEF749FDC01B41F28831884201D9F1
:10513000032035E71948006800F00F00A842F0D1BD
:10514000207800F00400042807D11548806820F476
:10515000E060E168084312498860207800F00800A8
:10516000082808D10E48806820F46050216940EA80
:10517000C1000B49886000F047F809498968C1F30C
:105180000311094A515C01F01F01C840074908603A
:1051900007480068FFF7A6FB02E700000020024076
:1051A0000010024000B4C40498AE000810000020B3
:1051B000080000200148006870470000100000202F
:1051C00000B5FFF7F7FF05498968C1F30221044ADA
:1051D000515C01F01F01C84000BD000000100240FA
:1051E000A8AE000800B5FFF7E5FF05498968C1F3DF
:1051F000C221044A515C01F01F01C84000BD0000FB
:1052000000100240A8AE000870B5224DAD6805F050
:105210000C05042D01D120483AE01E4DAD6805F083
:105220000C05082D01D11D4832E01A4DAD6805F07E
:105230000C050C2D2BD1174DED6805F00304154D11
:10524000ED68C5F303156A1C022C0CD0032C09D1A0
:10525000124DB5FBF2F50F4EF668C6F3062605FBB8
:1052600006F10AE000BF0C4DB5FBF2F5094EF668F9
:10527000C6F3062605FB06F100BF00BF054DED682D
:10528000C5F341656D1C6B00B1FBF3F000E000203D
:1052900070BD0000001002400024F40000127A00EB
:1052A0002DE9F843044614B90120BDE8F8832078BD
:1052B00000F00100002865D0FC48806800F00C0771
:1052C000FA48C06800F003060C2F01D1032E01D06C
:1052D000082F0AD1F548006800F40030002851D0AA
:1052E000606800284ED10120DFE700BF6068B0F59C
:1052F000803F06D1ED48006840F48030EB490860FB
:105300001AE06068B0F5A02F0BD1E848006840F4BF
:105310008020E64908600846006840F48030086054
:105320000AE0E248006820F48030E049086008465E
:10533000006820F48020086000BF606888B1FEF734
:105340003BFC054606E0FEF737FC401BC82801D9A8
:105350000320AAE7D548006800F400300028F2D006
:1053600010E0FEF729FC054606E0FEF725FC401B91
:10537000C82801D9032098E7CC48006800F4003021
:105380000028F2D1207800F00200022860D1C7483E
:10539000806800F00C07C548C06800F003060C2FB9
:1053A00001D1022E01D0042F18D1C048006800F4AA
:1053B000806018B1E06808B9012076E7BB48406812
:1053C00020F0FE40217C40EA0160B8494860B848BE
:1053D0000068FFF787FA18B3012066E7E06800B3BA
:1053E000B248006840F48070B0490860FEF7E4FB02
:1053F000054606E0FEF7E0FB401B022801D903202A
:1054000053E7AA48006800F480600028F2D0A7485B
:10541000406820F0FE40217C40EA0160A3494860DA
:1054200016E0A248006820F48070A0490860FEF7EA
:10543000C3FB054606E0FEF7BFFB401B022801D96F
:10544000032032E79948006800F480600028F2D118
:10545000207800F00800082836D16069D0B1934860
:105460009430006840F001009049C1F89400FEF7C4
:10547000A3FB054606E0FEF79FFB401B022801D96F
:10548000032012E789489430006800F002000028E9
:10549000F1D019E085489430006820F0010083497C
:1054A000C1F89400FEF788FB054606E0FEF784FB92
:1054B000401B022801D90320F7E67C48943000689D
:1054C00000F002000028F1D1207800F00400042848
:1054D00072D14FF000087548806D012121EA1070EB
:1054E00078B100BF7148806D40F080506F49886589
:1054F0000846806D00F08050009000BF00BF4FF064
:1055000001086C48006800F48070B0B96948006810
:1055100040F4807067490860FEF74EFB054606E0E0
:10552000FEF74AFB401B022801D90320BDE6614873
:10553000006800F480700028F2D000BFA068012845
:1055400008D15A489030006840F001005749C1F82E
:10555000900021E0A06805280FD1544890300068E1
:1055600040F004005149C1F890000846D0F890007E
:1055700040F00100C1F890000EE04C489030006807
:1055800020F001004949C1F890000846D0F8900089
:1055900020F00400C1F8900000BFA068A8B1FEF799
:1055A0000BFB054609E0FEF707FB401B41F2883183
:1055B000884202D9032078E625E03C489030006814
:1055C00000F002000028EED013E0FEF7F5FA0546E1
:1055D00008E0FEF7F1FA401B41F28831884201D918
:1055E000032062E631489030006800F00200002895
:1055F000EFD1B8F1010F05D12C48806D20F080501B
:105600002A49886500BF207800F02000202836D184
:10561000A069D0B125489830006840F001002349C6
:10562000C1F89800FEF7C8FA054606E0FEF7C4FA8E
:10563000401B022801D9032037E61C489830006837
:1056400000F002000028F1D019E0184898300068F6
:1056500020F001001549C1F89800FEF7ADFA0546A3
:1056600006E0FEF7A9FA401B022801D903201CE638
:105670000E489830006800F002000028F1D1E0697F
:10568000002860D00948806800F00C000C287AD00F
:10569000E069022858D10548006820F0807003496D
:1056A0000860FEF789FA05460DE000000010024090
:1056B0000800002000700040FEF77EFA401B022820
:1056C00001D90320F1E54A48006800F00070002885
:1056D000F2D1D4E90810401E41EA0011A06A41EA63
:1056E0000021208E0122C2EB500041EA40513420BB
:1056F000005DC2EB500041EA40612C20005D41EAB0
:10570000C0603B49C9683B4A114008433849C860FA
:105710000846006840F0807008600846C06840F0A5
:105720008070C860FEF748FA054606E0FEF744FAC6
:10573000401B022801D90320B7E52D48006800F07E
:1057400000700028F2D051E02948006820F08070F5
:1057500027490860FEF730FA054606E0FEF72CFA06
:10576000401B022801D903209FE52148006800F072
:1057700000700028F2D11E48C0681F4908401C492B
:10578000C86033E0FFE7E069012800D18DE51848E3
:10579000C66806F00301206A814225D106F0F001B7
:1057A000606A401EB1EB001F1ED106F4FE41A06AE4
:1057B000B1EB002F18D106F078412C20005DB1EB41
:1057C000C06F11D106F4C001208E0122C2EB50003F
:1057D000B1EB405F08D106F0C0613420005DC2EB40
:1057E0005000B1EB406F01D001205EE500205CE588
:1057F000001002400C809F01FCFFEEFE70B50446D5
:105800000CB9012070BD606A38B96068B0F5827F5C
:1058100000D105E00021E16102E000212161616128
:105820000021A16294F85D0028B9002084F85C0092
:10583000204600F061F8022084F85D0020680068CE
:1058400020F0400021680860E068B0F5E06F01D901
:10585000002501E04FF48055E068B0F5706F05D089
:10586000E068B0F5E06F01D00021A162A08800F4EB
:105870008270218901F404410843217C01F0020176
:105880000843217D01F001010843218B01F40071DF
:105890000843217F01F0380108432021095D01F010
:1058A00080010843218D01F40051084321680860FC
:1058B0000421A06901EA104094F8241001F01001BD
:1058C000084394F8341001F008010843A18901F459
:1058D0007061084305F480510843216848602068DE
:1058E000C06920F400602168C861002020660120A2
:1058F00084F85D00002085E710B586B004461421C9
:1059000001A8FAF7D1FC17492068884227D100BFC7
:105910001548006E40F48050134908660846006E32
:1059200000F48050009000BF00BF00BF0846C06C6C
:1059300040F00200C8640846C06C00F0020000900D
:1059400000BF00BF38200190022002900020039089
:1059500004900520059001A90448FEF731F806B02F
:1059600010BD00000030014000100240000400485B
:1059700070B504462546681EB0F1807F01D3012032
:105980000FE0681E4FF0E02148610F214FF0FF301B
:1059900004F0B0FA00204FF0E02188610720086190
:1059A000002070BD10B50346002200BF93F83C00F4
:1059B000012801D1022010BD012083F83C0000BF66
:1059C00022F0FF00CC6840EA040222F440708C68A8
:1059D00040EA040222F480604C6840EA040222F4A7
:1059E00000600C6840EA040222F480500C6940EA2E
:1059F000040222F400504C6940EA040222F4804080
:105A00000C6B40EA040222F470200C8B40EA044242
:105A100022F08050CC6940EA0402144C1868A0427D
:105A200007D0134C1868A04203D0124C1868A0424B
:105A300013D122F470000C8D40EA045222F08070E1
:105A40000C6A40EA040222F000704C6A40EA040248
:105A500022F00050CC6A40EA04021868426400BF99
:105A6000002083F83C0000BF00BFA4E7002C0140E9
:105A7000003401400050014030B502460B4600BFE3
:105A800092F83C00012801D1022030BD012082F8AB
:105A90003C0000BF022082F83D0010684168106899
:105AA0008468234D1068A84207D0224D1068A84290
:105AB00003D0214D1068A84203D121F47001586829
:105AC00001431E4801401868014310684160184DA9
:105AD0001068A8421BD01068B0F1804F17D0184D45
:105AE0001068A84213D0174D1068A8420FD0164D69
:105AF0001068A8420BD00F4D1068A84207D0134D74
:105B00001068A84203D00C4D1068A84205D124F0BB
:105B100080049868044310688460012082F83D0086
:105B200000BF002082F83C0000BF00BFADE70000CE
:105B3000002C014000340140005001408FFFFFFD68
:105B40000004004000080040000C004000400140FC
:105B500010B504460CB9012010BD94F83D0028B9D9
:105B6000002084F83C00204600F02AF8022084F847
:105B70003D00211D206803F09DF9012084F84800B4
:105B800000BF84F83E0001213F200155402001550F
:105B900041200155422001554320015500BF00BF5F
:105BA000012084F844004520015546200155472036
:105BB000015500BF012084F83D000020CCE7000023
:105BC00008B5244A016891420DD100BF2249096EEF
:105BD00041F40061204A11661146096E01F400612A
:105BE000009100BF35E01D4A016891420DD100BF10
:105BF0001949896D41F00201174A91651146896D75
:105C000001F00201009100BF23E0154A01689142B2
:105C10000DD100BF1049896D41F004010E4A916514
:105C20001146896D01F00401009100BF11E00D4A99
:105C3000016891420DD100BF0749096E41F48031DE
:105C4000054A11661146096E01F48031009100BFCA
:105C500000BF08BD002C01400010024000040040BD
:105C60000008004000400140014691F83D00012835
:105C700001D001207047022081F83D001C4B0868CC
:105C800098421BD00868B0F1804F17D0194B0868B4
:105C9000984213D0184B086898420FD0174B0868E9
:105CA00098420BD0164B0868984207D0154B0868ED
:105CB000984203D0144B0868984210D10868806855
:105CC000124B00EA0302062A0FD0B2F5803F0CD037
:105CD0000868006840F001000B68186005E008687B
:105CE000006840F001000B6818600020C2E7000067
:105CF000002C01400004004000080040000C00405F
:105D00000034014000400140005001400700010004
:105D10002DE9F04104460D46002700BF94F83C00F1
:105D2000012802D10220BDE8F081012084F83C0066
:105D300000BF022084F83D00206886684248064083
:105D400026F47F46206886602868B0F5005F33D06F
:105D500015DC402851D008DC002858D0102857D036
:105D6000202856D0302862D154E0502831D0602805
:105D700039D0702813D0B0F5805F58D10EE000F014
:105D80000F01002953D10011A0F5803008284ED210
:105D9000DFE800F0414243444546474849E0D5E941
:105DA00002136A68206803F00AF92068866846F0E2
:105DB0007706206886603CE0D5E902136A682068AF
:105DC00003F0FDF82068806840F480402168886016
:105DD0002FE0EA686968206803F012FB5021206810
:105DE00003F0F8F825E0EA686968206803F044FBEE
:105DF0006021206803F0EEF81BE0EA68696820681B
:105E000003F0FEFA4021206803F0E4F811E000BF3F
:105E100000BF00BF00BF00BF00BF00BF00BF00BF8A
:105E200000BF00BF2968206803F0D4F801E0012713
:105E300000BF00BF012084F83D0000BF002084F8AF
:105E40003C0000BF38466EE788FFCEFF10B586B035
:105E50000446142101A8FAF727FA2149206888424C
:105E60001CD100BF1F48C06C40F001001D49C86430
:105E70000846C06C00F00100009000BF00BF88150C
:105E800001900220029000200390049006200590CB
:105E900001A94FF09040FDF793FD1FE012492068E3
:105EA00088421BD100BF0F48C06C40F002000D4972
:105EB000C8640846C06C00F00200009000BF00BF3C
:105EC0004FF4607001900220029000200390049033
:105ED0000220059001A90548FDF772FD06B010BD2E
:105EE000002C01400010024000080040000400485F
:105EF00070B504460D4615B994F83E0015E0042D22
:105F000002D13F20005D10E0082D02D14020005D4D
:105F10000BE00C2D02D14120005D06E0102D02D1D6
:105F20004220005D01E04320005D012801D00120F6
:105F300070BD1DB9022084F83E001AE0042D03D183
:105F400002213F20015514E0082D03D102214020F9
:105F500001550EE00C2D03D102214120015508E02E
:105F6000102D03D102214220015502E002214320DD
:105F7000015501222946206803F010F82D492068B8
:105F8000884213D02C49206888420FD02B492068C2
:105F900088420BD02A492068884207D029492068C6
:105FA000884203D028492068884201D1012000E0BE
:105FB000002028B12068406C40F40040216848640B
:105FC0001C49206888421BD02068B0F1804F17D050
:105FD0001E492068884213D01D49206888420FD08E
:105FE0001C49206888420BD013492068884207D09A
:105FF00012492068884203D013492068884210D192
:1060000020688068144900EA0106062E0FD0B6F514
:10601000803F0CD02068006840F0010021680860D3
:1060200005E02068006840F0010021680860002059
:106030007EE70000002C0140003401400040014098
:10604000004401400048014000500140000400406D
:1060500000080040000C0040070001002DE9F0415D
:1060600004460D461646002700BF94F83C00012860
:1060700002D10220BDE8F081012084F83C0000BF7D
:106080000C2E51D005DC4EB1042E1ED0082E7AD134
:1060900033E0102E60D0142EF9D175E02946206827
:1060A00002F0A4FF2068806940F008002168886140
:1060B0002068806920F00400216888612068806978
:1060C000296908432168886178E02946206802F040
:1060D000EDFF2068806940F40060216888612068D5
:1060E000806920F48060216888612068806929695E
:1060F00040EA01202168886160E02946206803F0B9
:106100003BF82068C06940F008002168C861206839
:10611000C06920F004002168C8612068C06929694D
:1061200008432168C86149E02946206803F088F8DF
:106130002068C06940F400602168C8612068C069B7
:1061400020F480602168C8612068C069296940EA3C
:1061500001202168C86131E02946206803F0D6F8A3
:106160002068006D40F00800216808652068006D17
:1061700020F00400216808652068006D2969084343
:10618000216808651AE017E02946206803F0FAF84C
:106190002068006D40F40060216808652068006D8B
:1061A00020F48060216808652068006D296940EA54
:1061B00001202168086501E0012700BF00BF00BF82
:1061C000002084F83C0000BF384653E710B5044671
:1061D0000CB9012010BD94F83D0028B9002084F8C6
:1061E0003C00204600F029F8022084F83D00211DE3
:1061F000206802F05FFE012084F8480000BF84F8A8
:106200003E0001213F20015540200155412001550C
:10621000422001554320015500BF00BF012084F8F2
:10622000440045200155462001554720015500BF37
:10623000012084F83D000020CCE77047014600BFF4
:1062400091F88400012801D102207047012081F8D3
:10625000840000BF2420C1F888000868026808682C
:10626000006820F001000B68186022F00052002046
:106270004866086802602020C1F8880000BF00203E
:1062800081F8840000BF00BFDFE7704770B50446A7
:106290000D4600BF94F88400012801D1022070BD92
:1062A000012084F8840000BF2420C4F888002068FE
:1062B00006682068006820F00100216808602068F6
:1062C000806820F06060284321688860204603F0E1
:1062D0000FF9206806602020C4F8880000BF002065
:1062E00084F8840000BF00BFD9E770B504460D46AE
:1062F00000BF94F88400012801D1022070BD012064
:1063000084F8840000BF2420C4F888002068066850
:106310002068006820F0010021680860206880681B
:1063200020F06040284321688860204603F0E0F8B0
:10633000206806602020C4F8880000BF002084F890
:10634000840000BF00BFD9E770B50446D4F8885078
:10635000D4F88C602068806800F08000802823D109
:10636000212D21D100BF00BF2168083151E8001F55
:1063700021F080002168083141E80002002AF3D1B1
:1063800000BFE06F68B1E06FFCF7C8FD48B1E06F97
:10639000FCF703FE202804D11020C4F8900003204D
:1063A00070BD204603F0AEFA2068806800F040001F
:1063B000402826D1222E24D100BF00BF21680831F9
:1063C00051E8001F21F040002168083141E8000237
:1063D000002AF3D100BFD4F8800078B1D4F880004F
:1063E000FCF79CFD50B1D4F88000FCF7D6FD2028C6
:1063F00004D11020C4F890000320D1E7204603F018
:106400004BFA0020CCE7704710B504460CB90120C8
:1064100010BDA06900B100E000BFD4F8880028B921
:10642000002084F88400204600F02AF82420C4F8D4
:1064300088002068006820F0010021680860A06AD8
:1064400010B1204603F080F8204603F07BFA0128C3
:1064500000D1DDE72068406820F490402168486062
:106460002068806820F02A00216888602068006821
:1064700040F0010021680860204603F0E1F8C7E71A
:1064800010B59CB00446142117A8F9F70DFF54214C
:1064900002A8F9F709FF3C492068884271D104201D
:1064A00002900020059002A8FEF766FB08B1FBF7FA
:1064B00017F900BF3548806D40F480203349886566
:1064C0000846806D00F48020019000BF00BF00BF2F
:1064D0000846C06C40F00400C8640846C06C00F078
:1064E0000400019000BF00BF4FF4406017900220ED
:1064F0001890002019901A9007201B9017A9244883
:10650000FDF75EFA2348244908601C2048600021FA
:1065100021488160C1608021016100214161816168
:10652000C1610162FCF73CFD08B1FBF7D9F800BF7F
:106530001948C4F88000846200BF16481430174917
:1065400008601D2048601021144881600021C1604E
:1065500080210161002141618161C1610162FCF71B
:106560001FFD08B1FBF7BCF800BF0C48E067846270
:1065700000BF002204212720FEF716FA2720FEF78D
:10658000FFF91CB010BD00000048004000100240A0
:1065900000080048300002400C0600206C06002075
:1065A00070B504460D461646D4F88C00202821D13B
:1065B00005B10EB9012070BD0020E0660E492068CB
:1065C000884211D02068406800F4000060B100BF2C
:1065D00000BF216851E8001F41F08060226842E856
:1065E00000010029F5D100BF32462946204603F0BC
:1065F0008DFBE0E70220DEE7008000407047704737
:10660000F0B503460D461E68D6F8B0031E68D6F8EE
:10661000B4131E68D6F8B8430B2D7CD2DFE805F022
:1066200006112A4A6B8EAFCAECFCFB0000271E68DD
:10663000C6F8B0731E68C6F8B4731E68C6F8B8739F
:1066400047E120F03F00167806F003063043167944
:1066500006F004063043167A06F0180630431E682A
:10666000C6F8B003167C06F0200630431E68C6F854
:10667000B0032EE120F47C60C027166807EA861676
:1066800030434FF48077566807EA861630434FF45C
:10669000C067966807EA861630431E68C6F8B003DE
:1066A0004FF40067166907EA861630431E68C6F87D
:1066B000B0030EE120F47C304FF44057166807EA2F
:1066C000063630434FF48047566807EA06363043B3
:1066D0004FF4C037966807EA063630431E68C6F89E
:1066E000B0034FF40037166907EA063630431E68D8
:1066F000C6F8B003EDE020F47C0016884FF4402784
:1067000007EA8646304396884FF4801707EA8646A4
:106710003043168900E0DBE04FF4C00707EA864605
:1067200030431E68C6F8B003168A4FF4000707EA24
:10673000864630431E68C6F8B003CAE020F07C509D
:1067400016784FF0407707EA0666304316794FF027
:10675000806707EA06663043167A4FF0C05707EAAB
:10676000066630431E68C6F8B003167C4FF000572B
:1067700007EA066630431E68C6F8B003A9E021F0B8
:106780001F01167806F003063143167906F0040659
:106790003143167A06F01806314324F00F04167BB5
:1067A00006F00F0634431E68C6F8B4131E68C6F818
:1067B000B8438EE021F4F861C027166807EA861610
:1067C00031434FF48077566807EA861631434FF419
:1067D000C067966807EA8616314324F470744FF454
:1067E0007077D66807EA861634431E68C6F8B41375
:1067F0001E68C6F8B8436CE021F4F8314FF44057F6
:10680000166807EA063631434FF48047566807EAB0
:106810000636314301E038E014E04FF4C0379668A3
:1068200007EA0636314324F470444FF47047D668C3
:1068300007EA063634431E68C6F8B4131E68C6F865
:10684000B84346E021F4F80116884FF4402707EAE0
:106850008646314396884FF4801707EA86463143CF
:1068600016894FF4C00707EA8646314324F47014B2
:1068700096894FF4701707EA864634431E68C6F8B7
:10688000B4131E68C6F8B84323E021F0F851167817
:106890004FF0407707EA0666314316794FF080677C
:1068A00007EA06663143167A4FF0C05707EA0666D4
:1068B000314324F07064167B4FF0706707EA066678
:1068C00034431E68C6F8B4131E68C6F8B84300E027
:1068D00000BF00BFF0BD072944D2DFE801F00D166C
:1068E0001F28313A04000268D2F8842342F00103E1
:1068F0000268C2F8843336E00268D2F8842342F09A
:1069000002030268C2F884332DE00268D2F88423BF
:1069100042F004030268C2F8843324E00268D2F82B
:10692000842342F008030268C2F884331BE0026843
:10693000D2F8842342F010030268C2F8843312E0D4
:106940000268D2F8842342F020030268C2F884333C
:1069500009E00268D2F8842342F040030268C2F8DA
:10696000843300E000BF00BF704710B503681A68A9
:1069700022F007028B681A4322F01802CB681A43F0
:1069800003681A600B68046863614B680468A3615C
:1069900010BD10B50246146820681468D4F8A033FE
:1069A00020F020004C69204320F0C0004C69202CCE
:1069B00002D08C69022C04D120F0C00040F02000ED
:1069C00013E08C69032C04D140F0400020F08000DB
:1069D0000BE08C69042C04D140F0800020F04000D2
:1069E00003E020F0200020F0C00020F40060CC691B
:1069F000204320F480600C6A204320F0C0604C6A81
:106A0000204320F000608C6A204320F04040CC6A94
:106A100040EA840020F000504C6B204323F4803384
:106A20000C6B2343146820601468C4F8A03310BDB5
:106A3000F0B5154600240768803707EBC1177A6E5A
:106A40000768803707EBC117BE6B402D23D00EDCE3
:106A5000082D34D006DC012D1AD0022D2ED0042DA5
:106A600043D116E0102D15D0202D3ED128E0B5F5EC
:106A7000007F27D005DC802D23D0B5F5807F34D171
:106A80000AE0B5F5806F08D0B5F5006F2DD11AE09A
:106A900000BF00BF00BF00BF00BFD3F804C007683D
:106AA000803707EBC117C7F83CC0D3F808C00768A8
:106AB000803707EBC117C7F840C017E000BF00BF21
:106AC00000BF00BF00BFD3F804C00768803707EBE2
:106AD000C117C7F844C0D3F808C00768803707EB70
:106AE000C117C7F848C0102400E000BF00BFFE2750
:106AF000A740BA431F68A7403A43DF68A7403A431C
:106B00001F69A7403A435F69A7403A439F69A7407E
:106B10003A431F69082F08D106F400772FB906F011
:106B2000007717B9DF69A7403A430768803707EB5A
:106B3000C1177A66F0BD30B50468803404EBC11427
:106B4000236823F007039468234323F01803D468D1
:106B500023430468803404EBC1142360156804687F
:106B6000803404EBC114656155680468803404EB1B
:106B7000C114A56130BD00002DE9F04103460C466B
:106B8000D3F800C00CF1800C0CEBC41CDCF800C086
:106B90002CF07048D3F800C00CF1800C0CEBC41C36
:106BA000CCF80080D3F800C00CF1800C0CEBC41CB6
:106BB000DCF80000D3F800C00CF1800C0CEBC41C16
:106BC000DCF86860D3F800C00CF1800C0CEBC41C3E
:106BD000DCF86450D3F800C0DCF8A01320F02000EB
:106BE000D2F814C04CEA0000D2F814C0BCF1200F57
:106BF00004D0D2F818C0BCF1020F04D120F4C07048
:106C000040F0200017E0D2F818C0BCF1030F04D107
:106C100040F0800020F480700DE0D2F818C0BCF184
:106C2000040F04D140F4807020F0800003E020F0D5
:106C3000200020F4C07020F40060D2F81CC04CEAA0
:106C4000000020F48060D2F820C04CEA000020F060
:106C5000C060D2F824C04CEA000020F00060D2F8F6
:106C600028C04CEA000020F07040D2F82CC04CEA5A
:106C7000000020F40030D2F834C0BCF1005F01D134
:106C800040F4003020F04000D2F838C04CEA000058
:106C900020F48020D2F858C04CEA0000DFF828C168
:106CA00000EA0C00D2F850C04CEA000026F03F0683
:106CB00092F83CC00CF03F0C4CEA060626F0004669
:106CC000D2F840C04CEA0606D2F838C0BCF1000F3A
:106CD00005D125F48075D2F844C04CEA0505D2F8F8
:106CE00048C0BCF5606F04D0D2F848C0BCF5F05F76
:106CF00004D1D2F838C0BCF1400F05D125F4F055CD
:106D0000D2F848C04CEA050525F48045D2F84CC0BD
:106D10004CEA0505576D062C2ED2DFE804F0030A75
:106D200011181F2621F40031D2F830C041EA4C017D
:106D300023E021F48021D2F830C041EA8C011CE02C
:106D400021F40021D2F830C041EACC0115E021F451
:106D50008011D2F830C041EA0C110EE021F400118C
:106D6000D2F830C041EA4C1107E021F48001D2F89A
:106D700030C041EA8C1100E000BF00BFD3F800C072
:106D80000CF1800C0CEBC41CCCF80000D3F800C054
:106D90000CF1800C0CEBC41CCCF86860D3F800C07C
:106DA0000CF1800C0CEBC41CCCF86450D3F800C080
:106DB0000CF1800C0CEBC41CCCF85470D3F800C060
:106DC000CCF8A013BDE8F081FFFF06FE10B5034626
:106DD0001C68803404EBC114E06E20F010001468CD
:106DE00040EA041020F480105468204320F48030DE
:106DF000D468204320F40030946820439469012C27
:106E00000BD120F004001469204320F002005469E3
:106E1000204320F00100946920431C68803404EB77
:106E2000C114E06610BD000010B54FF48051414818
:106E3000FCF7B4FE18B101203F49887202E000203F
:106E40003D4988723D4890ED010ADFED3D0AB4EE00
:106E5000E00AF1EE10FA10DD01F07CFB002036496B
:106E600008700846406820F08000803048600020AC
:106E7000344908703449086142E02F48406898B1AD
:106E8000FAF720FC00F05EF901F064FB01F09EFBD4
:106E900005202949087000202B4908619FED2B0A25
:106EA0002B4880ED040A2BE02348807A70B9FAF76A
:106EB00009FC00F055F901F04DFB9FED240A244830
:106EC00080ED040A00202049086119E000F048F92B
:106ED0001948807A01280CD11B480069B0F5C87F99
:106EE00002D301F019F90BE0FAF7ECFB01F032FBE9
:106EF00006E0FAF7E7FB01F02DFB002012490861DC
:106F000001F080FB0D4890ED010ADFED0D0AB4EEB3
:106F1000E00AF1EE10FA01DD01F01CFB0648807A70
:106F200008B901F017FB0448406808B101F012FBF2
:106F300010BD000000080048E006002020090020E5
:106F40000000784254080020CC0600200024744839
:106F5000FC06002000BFFEE7704700000A4880687A
:106F600018B10520084908700CE00748407818B9A6
:106F700001200549087005E00348407810B102205F
:106F800001490870704700002C0A002010B56848BD
:106F90000088401C6649088008460088B0F5A07F3C
:106FA00001DB0020088063480088401C614908809C
:106FB00008460088782801DB002008805E480078B9
:106FC0005E490978884215D05B4800785B490870B3
:106FD000002240215A48FCF7E9FD00228021584850
:106FE000FCF7E4FD00224FF400414FF09040FCF725
:106FF000DDFD10BD5048007806286FD2DFE800F0B4
:10700000031F405C6F814A480088A02805DB0122ED
:1070100040214B48FCF7CAFD04E0002240214848CB
:10702000FCF7C4FD002280214548FCF7BFFD00228B
:107030004FF400414FF09040FCF7B8FD74E03C483D
:107040000088A0280ADB012240213D48FCF7AEFD64
:10705000012280213A48FCF7A9FD09E000224021E5
:107060003748FCF7A3FD002280213548FCF79EFD40
:1070700000224FF400414FF09040FCF797FD53E0A1
:107080002C4800883C2805DB012240212C48FCF7D5
:107090008DFD04E0002240212948FCF787FD0022F5
:1070A00080212748FCF782FD00224FF400414FF079
:1070B0009040FCF77BFD37E0012240212048FCF79F
:1070C00075FD012280211E48FCF770FD00224FF45F
:1070D00000414FF09040FCF769FD25E023E00122DC
:1070E00040211748FCF762FD002280211448FCF77C
:1070F0005DFD00224FF400414FF09040FCF756FD3B
:1071000012E0002240210E48FCF750FD01228021B0
:107110000B48FCF74BFD00224FF400414FF090402C
:10712000FCF744FD00E000BF00BF00BF61E70000C6
:1071300018000020160000202C0A00201A00002051
:107140000008004810B5002204210348FCF72EFD7A
:1071500000200249C87210BD000C0048E006002063
:1071600010B5012204210348FCF720FD012002494B
:10717000C87210BD000C0048E00600208168024A79
:107180001140491C81607047C0FFFF7F014688683D
:1071900000F0E07070470146886800F01F007047FB
:1071A000024602F1600000EB8103186800F0F8402D
:1071B000704701468868C0F3C00070470146886880
:1071C000C0F3400070470146886800F00100704736
:1071D0000146886800F00100704701468868C0F3E6
:1071E0000070704701468868C0F380007047014610
:1071F0008868C0F3800070478168024A1140091D09
:1072000081607047C0FFFF7F70B500F11404C1F3C7
:10721000406504EB85031C68C1F304560725B5409F
:10722000AC43C1F3045502FA05F52C431C6070BD54
:10723000826822F0E0720A438260704710B500F164
:10724000600404EB81031C6824F0004414431C60B8
:1072500010BD426922F000420A43426170470000BB
:1072600001490860704700001404014001490860AA
:107270007047000014040140014908607047000095
:1072800034040140024909688143014A1160704792
:1072900004040140024909688143014A11607047B2
:1072A00024040140024909688143014A1160704782
:1072B00000040140024909688143014A1160704796
:1072C000200401400146044800680840884201D17A
:1072D000012070470020FCE71404014000B58BB08A
:1072E0000020089009900A9020216846F8F7DCFFFA
:1072F0004FF0A040394908604FF4801048600021E9
:1073000036488160C16001610121416104218161D0
:1073100000210177417705210162002180F82410C6
:107320004FF49061C1624FF480610163012180F8E4
:1073300038100021C16380F84010FAF7A3FE08B1AD
:10734000FAF7CEF90020089008A92448FAF704FBC0
:1073500008B1FAF7C5F922480090062001900320F1
:1073600002907F200390042004900020059069463D
:107370001A48FAF7CDFB08B1FAF7B2F919480090AC
:107380000C20019069461548FAF7C2FB08B1FAF7DC
:10739000A7F9154800901220019069460F48FAF7A6
:1073A000B7FB08B1FAF79CF910480090182001903B
:1073B00069460A48FAF7ACFB08B1FAF791F90C48AC
:1073C00000904FF48070019069460448FAF7A0FBE2
:1073D00008B1FAF785F90BB000BD00005800002095
:1073E000000180210002B025020030040800900C4A
:1073F0000010603200B589B0202101A8F8F754FFD1
:1074000046484749086000034860002144488160BD
:10741000C160016101214161042181610021017785
:10742000417708210162002180F824104FF4B861EF
:10743000C1624FF480610163012180F8381000219E
:10744000C16380F84010FAF71DFE08B1FAF748F959
:107450003448019006200290032003907F2004907E
:10746000042005900020069001A92D48FAF750FB52
:1074700008B1FAF735F92C4801900C20029001A9C7
:107480002748FAF745FB08B1FAF72AF9274801908F
:107490001220029001A92248FAF73AFB08B1FAF744
:1074A0001FF9234801901820029001A91C48FAF7FF
:1074B0002FFB08B1FAF714F91E4801904FF48070C1
:1074C000029001A91648FAF723FB08B1FAF708F968
:1074D000194801904FF48370029001A91048FAF7FF
:1074E00017FB08B1FAF7FCF8144801904FF48670C6
:1074F000029001A90A48FAF70BFB08B1FAF7F0F875
:107500000F4801904FF48970029001A90448FAF7DE
:10751000FFFA08B1FAF7E4F809B000BD0001005025
:10752000C400002000005247002090360800900C54
:10753000400020190040C03A0008302E2000F0140E
:107540001000C01010B50B480B49086000204860BF
:10755000502109488160002101614FF4A021C160E0
:107560000021416111218161FBF7B4F808B1FAF7FC
:10757000B7F810BD00020140F001002010B50B4823
:107580000B4908608015486050210948816000213E
:1075900001614FF4A021C16000214161112181618D
:1075A000FBF798F808B1FAF79BF810BD0402014008
:1075B0001402002010B50B480B4908608015486084
:1075C000402109488160002101614FF4A021C16080
:1075D0000021416111218161FBF77CF808B1FAF7C4
:1075E0007FF810BD080201403802002000B58DB0C0
:1075F000302101A8F8F758FE1448154908600846DC
:10760000FBF7D6FB08B1FAF76BF8022001900020D7
:107610008DF808008DF80900039004900590022071
:107620000690079000200890002201A90848FBF767
:107630008BFA08B1FAF754F8102201A90448FBF7B5
:1076400083FA08B1FAF74CF80DB000BD00080050FD
:107650005C02002000B58DB0302101A8F8F724FEAF
:107660001048114908600846FBF7A2FB08B1FAF779
:1076700037F80220019000208DF808008DF80900ED
:107680000390049005900220069007900020089037
:10769000002201A90448FBF757FA08B1FAF720F8CD
:1076A0000DB000BD001000507002002008B500BFF2
:1076B0001548806C40F00400134988640846806CCB
:1076C00000F00400009000BF00BF00BF0846806CBF
:1076D00040F0010088640846806C00F001000090D2
:1076E00000BF00BF002201210B20FDF75DF90B2038
:1076F000FDF746F9002202210C20FDF755F90C2078
:10770000FDF73EF908BD00000010024010B5154815
:1077100015490860002048604FF4407112488160AC
:107720000021C16001210174417400218174142180
:107730004161012181610C21C1610421016211219A
:107740004162012181620321C16201210163416320
:1077500000218163C163FBF7A3FF08B1F9F7C0FF04
:1077600010BD0000006400408402002000B587B016
:10777000142102A8F8F798FD00BF4948C06C40F0FA
:1077800004004749C8640846C06C00F0040001903A
:1077900000BF00BF00BF0846C06C40F02000C864B6
:1077A0000846C06C00F02000019000BF00BF00BF81
:1077B0000846C06C40F00100C8640846C06C00F088
:1077C0000100019000BF00BF00BF0846C06C40F040
:1077D0000200C8640846C06C00F00200019000BFBF
:1077E00000BF00BF0846C06C40F00800C8640846EF
:1077F000C06C00F00800019000BF00BF00224FF4F1
:1078000003512848FCF7D2F9002244212648FCF70E
:10781000CDF900224FF400414FF09040FCF7C6F93B
:10782000002204212148FCF7C1F94FF403500290D3
:107830000120039000200490059002A91948FCF74C
:10784000BFF844200290012003900020049005908E
:1078500002A91548FCF7B4F84FF40040029001204B
:10786000039000200490059002A94FF09040FCF78F
:10787000A7F84FF48050029000200390049002A9D2
:107880000848FCF79DF80420029001200390002096
:107890000490059002A90548FCF792F807B000BDD6
:1078A000001002400008004800040048000C004896
:1078B00000B5BBB0142136A8F8F7F6FC00203390D1
:1078C000349035902F903090319032902B902C90B6
:1078D0002D902E90602113A8F8F7E6FC0020109060
:1078E000119012901C2109A8F8F7DEFC202101A8B4
:1078F000F8F7DAFCD048D149086000204860002140
:10790000CE488160FCF790FC08B1F9F7E9FE0C2144
:10791000CA48FCF757F908B1F9F7E2FE0A21C7484F
:10792000FCF750FD08B1F9F7DBFE0021C348FCF776
:10793000AFF908B1F9F7D4FE012036900020379056
:1079400038903A9036AA0421BC48FCF77BF908B17C
:10795000F9F7C6FE0120369036AA0521B748FCF794
:1079600071F908B1F9F7BCFE0021B448FCF732FC0C
:1079700008B1F9F7B5FE002033903490359033AA62
:107980000821AE48FCF74AFB08B1F9F7A9FE33AA73
:107990000821AA48FCF7A3F908B1F9F7A1FE0220D3
:1079A0002F9030900020319032902FAA0821A348C8
:1079B000FCF72BFA08B1F9F793FE012208219F4842
:1079C000FCF7C4FB33AA10219C48FCF727FB08B145
:1079D000F9F786FE33AA10219848FCF780F908B120
:1079E000F9F77EFE2FAA10219448FCF70EFA08B191
:1079F000F9F776FE012210219048FCF7A7FB44F22C
:107A000068202B9000202C9003202D9008202E9091
:107A10002BAA06218948FCF7FAFC08B1F9F760FEA9
:107A200000201390149015901690012017900020BC
:107A3000189019901A901B901C904FF000601D90A8
:107A400000201E901F904FF00050209000202A90A0
:107A500013AA06217948FCF75BFE08B1F9F740FE4E
:107A600044F2DF00109010AB012206217348FCF7AE
:107A7000EBFC08B1F9F734FE2BAA02216F48FCF7A2
:107A8000C6FC08B1F9F72CFE002009900A900B9073
:107A90000C900F9009AA02216848FCF7A5FE08B1D6
:107AA000F9F71EFE0020139014902190229023904D
:107AB000249025904FF0807027901020289000206F
:107AC000299013AA02215D48FCF722FE08B1F9F7BC
:107AD00007FE00202590202028904003299013AA1B
:107AE00003215648FCF714FE08B1F9F7F9FD6420AC
:107AF000109010AB012202215048FCF7A5FC08B100
:107B0000F9F7EEFD4FF47A7010900020119012906A
:107B100010AB022211464948FCF796FC08B1F9F770
:107B2000DFFD6420109010AB042202214348FCF7D3
:107B30008BFC08B1F9F7D4FD4FF47A70109010ABBC
:107B4000082202213D48FCF77FFC08B1F9F7C8FD87
:107B500010AB082203213948FCF776FC08B1F9F78D
:107B6000BFFD00200190082002901020039000200B
:107B70000490059006900790089001AB1022022116
:107B80002E48FCF77BFD08B1F9F7AAFD01AB4022B6
:107B900003212A48FCF772FD08B1F9F7A1FD202066
:107BA00002904020039001AB202202212348FCF7E1
:107BB00065FD08B1F9F794FD01AB802203211F4850
:107BC000FCF75CFD08B1F9F78BFD2BAA03211B48DC
:107BD000FCF71DFC08B1F9F783FD09AA032117483A
:107BE000FCF702FE08B1F9F77BFD6420109010ABA2
:107BF000012203211148FCF727FC08B1F9F770FDB9
:107C00004FF47A70109010AB022203210B48FCF75E
:107C10001BFC08B1F9F764FD6420109010AB04223E
:107C200003210648FCF710FC08B1F9F759FD034899
:107C3000FCF798FB3BB000BD00680140E802002063
:107C400010B51248124908604FF482704860002154
:107C50000F4881604FF4E061C16000210161416122
:107C60004FF4007181611021C16100210162416204
:107C700081620721C1620021016308214163FDF790
:107C8000BDFD08B1F9F72CFD10BD0000003001402A
:107C9000E403002000B587B0002003900490059015
:107CA0000690009001900290154816490860A9209E
:107CB000486000211348816040F2E731C160002133
:107CC000016141618161FDF743FF08B1F9F708FDEA
:107CD0004FF48050039003A90A48FEF719F808B141
:107CE000F9F7FEFC202000908020029069460548AC
:107CF000FDF7C2FE08B1F9F7F3FC07B000BD0000C4
:107D0000004001402C05002000B59BB000201790DA
:107D1000189019901A901490159016901C210DA887
:107D2000F8F7C2FA34216846F8F7BEFA314832490A
:107D300008601020486000212F48816040F2F31154
:107D4000C1600021016141618161FDF701FF08B15E
:107D5000F9F7C6FC4FF48050179017A92648FDF795
:107D6000D7FF08B1F9F7BCFC2348FEF72FFA08B19A
:107D7000F9F7B6FC002014901590169014A91E482F
:107D8000FDF77AFE08B1F9F7ABFC60200D9040F2E8
:107D9000F3100E9000200F901090119012901390FD
:107DA00000220DA91448FEF759F908B1F9F798FC1B
:107DB0000020009001900290322003900020049057
:107DC0004FF40050059000200690079008904FF067
:107DD0000070099000200A900B900C9069460648AC
:107DE000FDF7E0FD08B1F9F77BFC0348FEF72EF83C
:107DF0001BB000BD002C01404804002000B587B036
:107E0000002003900490059006900090019002904D
:107E1000144815490860102048600021124881600C
:107E2000F921C160002101618161FDF791FE08B176
:107E3000F9F756FC4FF48050039003A90A48FDF768
:107E400067FF08B1F9F74CFC2020009080200290D9
:107E500069460548FDF710FE08B1F9F741FC07B087
:107E600000BD0000000400409404002000B58FB065
:107E700000200B900C900D900E90089009900A90A5
:107E80001C2101A8F8F710FA284829490860102099
:107E9000486000212648816040F2F311C160002152
:107EA00001618161FDF754FE08B1F9F719FC4FF447
:107EB00080500B900BA91E48FDF72AFF08B1F9F777
:107EC0000FFC1B48FEF782F908B1F9F709FC002006
:107ED00008900A9008A91648FDF7CEFD08B1F9F7F9
:107EE000FFFB6020019040F2F3100290002003900D
:107EF0000590042201A90E48FEF7B0F808B1F9F781
:107F0000EFFB082201A90A48FEF7A8F808B1F9F723
:107F1000E7FB0C2201A90648FEF7A0F808B1F9F723
:107F2000DFFB0348FDF792FF0FB000BD00080040E3
:107F3000E004002010B51848184908604FF41650A6
:107F40004860002115488160C16001610C214161D8
:107F500000218161C1610162416200200F49886294
:107F60000846FEF751FA08B1F9F7BAFB00210B48B1
:107F7000FEF7BBF908B1F9F7B3FB00210748FEF79C
:107F800085F908B1F9F7ACFB0448FEF757F908B1D9
:107F9000F9F7A6FB10BD000000480040780500205E
:107FA00000BFFEE730B502460B464FF6FF700021DA
:107FB00012E0555C684000240AE000F0010525B19C
:107FC00040104AF20105684000E04010651CACB268
:107FD000082CF2DB4D1CA9B29942EADB30BD00004F
:107FE00030B504460D462078164908706078487010
:107FF0008D70AA1EA15C6A1EA05CF9F72BFB1149CB
:108000008880A81E81B22046FFF7CCFF0D498988E1
:10801000884215D10B480078012811D109484078D1
:10802000032804D0102807D0152807D105E02946D9
:10803000204601F083FF02E001E000E000BF00BF46
:1080400030BD00002200002000BFFEE7F0EE400A35
:1080500090ED051AD0ED001A00EEA11AB0EE410A1B
:1080600090ED011A21EE201AD0ED031A00EE611AEC
:1080700080ED051A7047000022490978884205D032
:1080800021498969214A11601E49087048B11E4979
:10809000497D41F002021C494A7500211C4A1170B9
:1080A00017E019498969194A1268891A40F6B832E5
:1080B00091420ED91449497D01F0010212494A75D5
:1080C0000021114A917200220F49CA72CA810A82A4
:1080D0000A730D49497D02290FD10B49897A31B1C3
:1080E0000949097D41F00201074A117505E0064979
:1080F000097D01F00101044A11750021044A117043
:108100007047000054000020980900205000002013
:10811000450000207047000010B52DED028B9FED4B
:10812000E70AB0EE408AE648007806287ED2DFE80B
:1081300000F0031F22282BA3F9F7B4FA00F046FA47
:1081400000F0EEF90020DE4948709FEDDE0ADE48BF
:1081500080ED040A0020DC490870487088709FEDAB
:10816000DB0A084680ED050A0020D9490880A1E114
:1081700000F0C2FB9EE1F8F72BFF0020D4490880F5
:1081800098E1F9F7A5F895E1CD48C07802281ED10D
:108190009FEDCC0ACA4880ED040A0020C8498870C7
:1081A000CB490880C64890ED040AC74880ED040A10
:1081B0000120C549087048709FEDC60A084680ED49
:1081C000050A002088700520BD49087053E0BC48AE
:1081D000C07801282BD19FEDC00ABB4880ED040A6E
:1081E0000020B9490870012048709FEDBC0A08467C
:1081F00080ED050A00208870B94890ED040ADFED93
:10820000B90AB4EEE00AF1EE10FA34D2B0480088B0
:10821000401CAF4908800846008828282BDB022034
:10822000A749C8700020AA49088024E041E1AC4871
:1082300090ED010ADFEDAC0AB4EEE00AF1EE10FABF
:1082400017DB01209E49C8700020A14908809FEDDE
:10825000A20A9D4880ED040A00209B490870012075
:1082600048709FED9A0A084680ED050A0020887044
:1082700001E0F8F7ADFD1DE1994890ED010AF3EE3C
:108280000A0AB4EEE00AF1EE10FA05D200208C4999
:108290000870964908700BE18948807858BB8C4873
:1082A0000088401C8A49088008460088282813DB7B
:1082B0009FED840A824880ED040AB1EE040A8C48DE
:1082C00080ED030A9FED7D0A80ED050A01207C49BF
:1082D000887000207E4908809FED7A0A7A4880EDF8
:1082E000040A01207849087048709FED820A084608
:1082F00080ED050ADCE07A4890ED030ADFED7E0AA6
:10830000B4EEE00AF1EE10FA0EDB78488088400AFD
:108310004FF0FF317548406861F349207349486068
:10832000002069498870C3E07448C08900EE100AD3
:10833000B8EE400ADFED720A20EE200A6B4880EDAD
:10834000060A90ED060ADFED6F0AB4EEE00AF1EEE0
:1083500010FA04DD9FED6B0A594880ED070A60486A
:1083600090ED020ADFED680A80EE801AB0EE418AD5
:108370005E4890ED060AB4EEC80AF1EE10FA02DD8E
:108380004F4880ED078A594890ED060A4C4880ED29
:10839000070A90ED070ADFED5B0AB4EEE00AF1EEA2
:1083A00010FA03DD9FED570A80ED070A444890ED6F
:1083B000060AD0ED070A9FED551A70EEC10AB4EE19
:1083C000E00AF1EE10FA08D290ED060ADFED4F0A4E
:1083D00030EE200A80ED060A04E0394890ED070AE5
:1083E00080ED060A01F04AFE3D4890ED030A34484C
:1083F000D0ED060A70EE608A4548B0EE680AFFF7D5
:1084000025FE3B4880ED060AD0ED060AB0EE600A74
:10841000F8F7C3FCB0EE408A9FED3E0A28EE000A52
:10842000274880ED040A90ED040ADFED260AB4EE39
:10843000E00AF1EE10FA08DD9FED220A80ED040A51
:10844000B1EE040A2A4880ED030A1D4890ED040AA3
:10845000DFED310AB4EEE00AF1EE10FA08D29FED3A
:108460002E0A80ED040A9FED2D0A214880ED030AB3
:10847000134890ED040A144880ED040A01F0ECFF63
:1084800068B91A484068400D40F00101174840683B
:1084900061F35E501549486000200B498870012047
:1084A000094908704870B6EE000A084680ED050AD2
:1084B00000E000BF00BFBDEC028B10BD000000005B
:1084C0005408002000247448FC0600200AD7A33C6E
:1084D0002C000020CDCC4C3D00401C470AD7233D4A
:1084E00020090020CDCC4C3E00001C42E0060020BC
:1084F0007C080020CDCCCC3C000034429809002000
:10850000CDCCCC3D00000C420000C84417B7513917
:10851000E80800200050434700606A479999993F56
:1085200010B524210648F7F7BFFE1C22054906486E
:10853000F7F7A1FE1C2205490548F7F79CFE10BD80
:108540007C080020CCAE000804090020B0AE000872
:10855000E8080020002002490870487088707047C1
:10856000FC06002070B5164DED6805F00304144DAF
:10857000ED68C5F303156B1C022C0CD0032C09D13C
:10858000104DB5FBF3F50E4EF668C6F3062605FB57
:1085900006F10AE000BF0C4DB5FBF3F5084EF66896
:1085A000C6F3062605FB06F100BF00BF044DED68CB
:1085B000C5F341656D1C6A00B1FBF2F070BD0000AF
:1085C0000010024000127A000024F40010B50022CE
:1085D00004210348FBF7EAFA00200249087210BDA3
:1085E00000040048E006002010B5012204210348E1
:1085F000FBF7DCFA01200249087210BD00040048B4
:10860000E0060020F0B5B34FD7ED040A9FEDB21A93
:10861000C1EE201AFCEEE10A10EE907ABEB24FF6DF
:10862000FC7706EA0700411000EE901AF8EE600AA7
:108630009FEDAA1A30EEC11AA64FBF8800EE907ABD
:10864000F8EE600A31EE601AA24FFF8800EE907AD1
:10865000F8EE600A71EE600AB0EE600A9D4FD7ED49
:10866000030A9FED9F1A60EE810A9FED9E1A40EE6D
:10867000010AC7ED030AD7ED030AF4EEC00AF1EED2
:1086800010FA01DD87ED030A924FD7ED030AFCEEE5
:10869000E00A10EE907ADFF83CC2ACF8087067464A
:1086A000BF887837BAB26746B7F808C002F17807D2
:1086B0006744BBB28C4F3F683F69BDB203E08A4F4D
:1086C0003F683F69BDB205F1C807B842F7DB814F8B
:1086D0003F7877B1854F3F6827F04067DFF80CC2DD
:1086E000CCF8007067463F6847F00067CCF8007030
:1086F00015E07E4F3F6827F04067DFF8F0C1CCF807
:10870000007067463F6847F08067CCF800704FF410
:108710000057DFF8D8C10CF1280CCCF800706D4F71
:108720007F7877B1714F3F6827F04077DFF8BCC1A1
:10873000CCF8007067463F6847F00077CCF80070CF
:1087400015E06A4F3F6827F04077DFF8A0C1CCF80A
:10875000007067463F6847F08077CCF800704FF4B0
:108760008057DFF888C10CF1280CCCF80070594F05
:10877000BF78D7B15D4F3F6827F04057DFF86CC135
:10878000CCF8007067463F6847F00057CCF800709F
:1087900067463F6827F04047CCF8007067463F685F
:1087A00047F00047CCF800702BE0504F3F6827F0AF
:1087B0004057DFF838C1CCF8007067463F6847F093
:1087C0008057CCF800704FF48047DFF820C10CF1DF
:1087D000280CCCF80070454F3F6827F04047DFF881
:1087E0000CC1CCF8007067463F6847F08047CCF872
:1087F00000704FF40047DFF8F4C00CF1280CCCF8FF
:108800000070394F3F68C7F89401374F3F68C7F889
:108810001402354F3F687861334F3F68F861344F39
:108820003F78052F2CD14FF0780C2F4F3F68C7F8B9
:108830009CC1A1F1780C2C4F3F68C7F8A4C101F18D
:10884000780C294F3F68C7F8A8C1A0F1780C264FD3
:108850003F68C7F8ACC101EB020C234F3F68C7F873
:108860001CC201EB030C204F3F68C7F824C21E4F07
:108870003F68C7F828221C4F3F68C7F82C3228E011
:108880008210871ABBB2134F97ED051A00EE901AAB
:10889000F8EE600A61EE200AFCEEE00A10EE907A33
:1088A000BCB2A2EB040C104F3F68C7F89CC102EBAE
:1088B000040C0D4F3F68C7F8A4C1A3EB040C0A4F8A
:1088C0003F68C7F8A8C103EB040C074F3F68C7F81F
:1088D000ACC1F0BDFC060020E81F224E0000704332
:1088E00077BE7F3F6F12833AE80200200004004801
:1088F000540800207047000010B52DED028B2C4865
:1089000090ED000AB0EE408AB3EE0E0A294880EDE1
:10891000050A90ED050AF0EE080A30EE600AB4EEA2
:10892000C80AF1EE10FA26DDF8F7BCFE0020214956
:1089300048709FED210A214880ED040A01201F495B
:1089400008704870002088709FED1D0A084680ED71
:10895000050AB2EE040AB4EEC08AF1EE10FA04D2AF
:108960009FED170A80ED050A1EE09FED160A1348D9
:1089700080ED050A18E003200E49087001204870B8
:108980009FED110A0D4880ED040A00200B49087084
:10899000487088709FED0A0A084680ED050A9FED31
:1089A000080A0A4880ED080ABDEC028B10BD0000E1
:1089B000200900205408002000401C47FC0600202D
:1089C0000AD7233C0AD7A33C00247448A0080020FF
:1089D00030B59FEDB90AF0EE402AB84C94ED030A89
:1089E000B0EE402A94ED040AF0EE402A94ED040A19
:1089F000B1EE083AB4EEC30AF1EE10FA03DB01243B
:108A0000AF4DAC700CE0AD4C94ED030AB1EE003A02
:108A1000B4EEC30AF1EE10FA02D20024A84DAC70F5
:108A2000A84CD4ED040A9FEDA80AF4EEC00AF1EEBA
:108A300010FA73D2002014E0A44C04EB800494EDEF
:108A4000000AB4EEE00AF1EE10FA03D8082806D1C5
:108A5000082108E008B1014605E0002103E0441CBC
:108A6000E0B20928E8DB00BFF0EE620A002014E063
:108A7000974C04EB800494ED000AB4EEE00AF1EEAA
:108A800010FA03D8072806D1072208E008B10246E9
:108A900005E0002203E0441CE0B20828E8DB00BF48
:108AA000F0EE420A002014E0894C04EB800494EDBF
:108AB000000AB4EEE00AF1EE10FA03D8072806D156
:108AC000072308E008B1034605E0002303E0441C47
:108AD000E0B20828E8DB00BF7E4C04EB411404EB55
:108AE000820494ED001A7B4C04EB411404EB8304E4
:108AF000D4ED001AB2EE040AB4EEC01AF1EE10FA88
:108B000002D29FED6D0A30BDB2EE040AF4EEC01A37
:108B1000F1EE10FA03D29FED680AF4E779E0002A3B
:108B200010DD6C4C04EB4115541E05EB840494EDF0
:108B3000000AF0EE400AF4EEC10AF1EE10FA01DD8F
:108B4000B0EE601A002910DD4C1E624D05EB441496
:108B500004EB820494ED000AF0EE400AF4EEC10A40
:108B6000F1EE10FA01DDB0EE601A072910DA594D66
:108B70004C1C05EB441404EB820494ED000AF0EE67
:108B8000400AF4EEC10AF1EE10FA01DDB0EE601A0F
:108B9000002B10DD4F4C04EB41155C1E05EB8404EB
:108BA00094ED000AF0EE400AF4EEE10AF1EE10FA5C
:108BB00001DDF0EE601A002910DD4C1E454D05EB7D
:108BC000441404EB830494ED000AF0EE400AF4EE42
:108BD000E10AF1EE10FA01DDF0EE601A072910DA71
:108BE0003C4D4C1C05EB441404EB830494ED000A4B
:108BF000F0EE400AF4EEE10AF1EE10FA01DDF0EEDB
:108C0000601AF4EEC11AF1EE10FA51DDB0EE611AFD
:108C10004EE0002014E0304C04EB800494ED000A98
:108C2000B4EEE00AF1EE10FA03D80E2806D10E21B8
:108C300008E008B1014605E0002103E0441CE0B271
:108C40000F28E8DB00BFB4EEE22AF1EE10FA02DDF5
:108C5000F0EE420A01E0F0EE620AB0EE080A30EEF1
:108C6000800AF0EE400A072901DA4C1CE1B200202C
:108C700014E0174C04EB800494ED000AB4EEE00A13
:108C8000F1EE10FA03D8072806D1072208E008B150
:108C9000024605E0002203E0441CE0B20828E8DBBD
:108CA00000BF0E4C04EB411404EB820494ED001A57
:108CB000B0EE410A27E70000000000002009002074
:108CC000FC060020540800200038C747F4B3000811
:108CD00018B4000898B20008B8B30008B8B000088B
:108CE00010B50B4840780A49097888420FD00848E7
:108CF000007807494870F8F7E5FCFFF767FCB3EE2A
:108D00000E0A034880ED040A00200249087010BDD5
:108D1000E00600205408002010B50F48007806280F
:108D200016D2DFE800F00306090C0F1200F03EF83F
:108D30000FE0F8F7FBF80CE0FFF7D2FF09E0F7F7D8
:108D400019FF06E0F7F7FAFE03E000F007F800E08D
:108D500000BF00BF10BD0000E006002010B5FFF707
:108D6000F9FBF8F7AFFCFEF7EDF9FFF72FFC002059
:108D70000B4908700B48406870B90B480088401CCC
:108D80000949088008460088C82808DB00200549F2
:108D900008700549088002E000200349088010BDE2
:108DA00054080020E00600202000002010B501F04B
:108DB000EDFF4FF480511548FAF7F0FE18B101208D
:108DC0001349887202E0002011498872002011497D
:108DD0000870FFF7A5FB0E4800780D494870F8F7BA
:108DE00071FC0B48807A60B10B488068401C0A49CE
:108DF000886008468068B0F57A7F05D300208860D7
:108E000002E000200449886010BD0000000800480E
:108E1000E006002054080020CC06002010B51421E4
:108E20000148F7F741FA10BD2C0A002010B5FBF7F6
:108E300001FD10BD00B593B0382105A8F7F734FA4D
:108E400014216846F7F730FA0020FBF7FFFD0120F8
:108E500005900004069002200C9003210D91022140
:108E60000E9155210F91022110911191129105A897
:108E7000FCF716FA08B1F8F733FC0F200090032036
:108E800001900020029003904FF480600490042130
:108E90006846FCF77DF808B1F8F722FC13B000BD76
:108EA0000348006840F47000014908607047000002
:108EB00088ED00E010B502682F4B984211D0B0F158
:108EC000804F0ED02D4B98420BD02D4B984208D09E
:108ED0002C4B984205D02C4B984202D02B4B9842F9
:108EE00003D122F070024B681A43234B98421AD0E8
:108EF000B0F1804F17D0214B984214D0204B9842AC
:108F000011D0204B98420ED01F4B98420BD0204BD3
:108F1000984208D01F4B984205D01F4B984202D070
:108F20001A4B984203D122F44072CB681A4322F0C4
:108F300080034C6943EA04028B68C3620B68836256
:108F40000D4B98420ED0104B98420BD0104B9842CC
:108F500008D0104B984205D00F4B984202D00B4BD3
:108F6000984201D10B690363036843F00403036073
:108F700001234361026010BD002C01400004004049
:108F800000080040000C0040003401400050014047
:108F900000400140004401400048014030B501F06C
:108FA0001F05012404FA05F3046A9C430462046A61
:108FB00001F01F0502FA05F52C43046230BD30B5FF
:108FC0000C46816821F47F4142EA03252543294369
:108FD000816030BD0A468168034B194042F00703A7
:108FE00019438160704700008FFFCFFF30B5026AE0
:108FF000056A25F00105056243688469244D2C400B
:1090000024F003040D682C4322F002028D682A43E9
:10901000204DA84200D113E01F4DA84200D10FE01F
:109020001E4DA84200D10BE01D4DA84200D107E023
:109030001C4DA84200D103E01B4DA84208D100BF3F
:10904000056A25F00405056222F00802CD682A436E
:10905000104DA8420ED0104DA8420BD00F4DA84283
:1090600008D00F4DA84205D00E4DA84202D00E4D9B
:10907000A84207D123F4807323F400734D692B4376
:109080008D692B43436084614D684563026230BD46
:109090008FFFFEFF002C01400034014000400140E2
:1090A00000440140004801400050014030B5026AD0
:1090B000056A25F01005056243688469274D2C4038
:1090C00024F440740D6844EA052422F020028D68DF
:1090D00042EA0512224DA84200D113E0214DA842D8
:1090E00000D10FE0204DA84200D100BF1F4DA84283
:1090F00000D100BF1E4DA84200D100BF1D4DA842A7
:1091000009D100BF056A25F04005056222F0800202
:10911000CD6842EA0512124DA8420ED0114DA84268
:109120000BD0114DA84208D0104DA84205D0104DCB
:10913000A84202D00F4DA84209D123F4806323F442
:1091400000634D6943EA85038D6943EA8503436003
:1091500084614D688563026230BD0000FF8FFFFEB1
:10916000002C014000340140004001400044014017
:10917000004801400050014030B5026A056A25F4FC
:10918000807505624368C469264D2C4024F00304B1
:109190000D682C4322F400728D6842EA0522224DAC
:1091A000A84200D113E0214DA84200D10FE0204D8C
:1091B000A84200D100BF1F4DA84200D100BF1E4DE4
:1091C000A84200D100BF1D4DA84209D100BF056AC9
:1091D00025F48065056222F40062CD6842EA05222A
:1091E000114DA8420ED0114DA8420BD0104DA842EF
:1091F00008D0104DA84205D00F4DA84202D00F4D07
:10920000A84209D123F4805323F400534D6943EA63
:1092100005138D6943EA05134360C4614D68C56356
:10922000026230BD8FFFFEFF002C01400034014080
:10923000004001400044014000480140005001400E
:1092400030B5026A056A25F4805505624368C46931
:10925000274D2C4024F440740D6844EA052422F480
:1092600000528D6842EA0532224DA84200D113E037
:10927000214DA84200D10FE0204DA84200D100BFEF
:109280001F4DA84200D100BF1E4DA84200D100BF13
:109290001D4DA84209D100BF056A25F4804505622D
:1092A00022F40042CD6842EA0532124DA8420ED0A7
:1092B000114DA8420BD0114DA84208D0104DA84224
:1092C00005D0104DA84202D00F4DA84209D123F479
:1092D000804323F400434D6943EA85138D6943EAD3
:1092E00085134360C4614D680564026230BD0000AF
:1092F000FF8FFFFE002C0140003401400040014080
:1093000000440140004801400050014030B5026A6D
:10931000056A25F4803505624368046D124D2C40C2
:109320000D682C4322F400320D8942EA05420F4DAC
:10933000A8420ED00E4DA8420BD00E4DA84208D028
:109340000D4DA84205D00D4DA84202D00C4DA842AB
:1093500004D123F480334D6943EA05234360046557
:109360004D688564026230BD8FFFFEFF002C014016
:1093700000340140004001400044014000480140E9
:109380000050014030B5026A056A25F48015056277
:109390004368046D134D2C400D6844EA052422F403
:1093A00000120D8942EA05520F4DA8420ED00F4D12
:1093B000A8420BD00E4DA84208D00E4DA84205D0B1
:1093C0000D4DA84202D00D4DA84204D123F48023B4
:1093D0004D6943EA8523436004654D68C5640262B4
:1093E00030BD0000FF8FFFFE002C01400034014023
:1093F000004001400044014000480140005001404D
:1094000030B50B461446026A056A25F0010505626F
:10941000134DA84200D113E0124DA84200D10FE035
:10942000114DA84200D10BE0104DA84200D107E039
:109430000F4DA84200D103E00E4DA84204D100BF59
:10944000056A25F004050562816921F0F00141EA11
:10945000041122F00A021A438161026230BD000049
:10946000002C014000340140004001400044014014
:10947000004801400050014030B50B461446026AD6
:10948000056A25F010050562134DA84200D113E0CE
:10949000124DA84200D10FE0114DA84200D100BFEB
:1094A000104DA84200D100BF0F4DA84200D100BF0F
:1094B0000E4DA84204D100BF056A25F040050562A3
:1094C000816921F4704141EA043122F0A00242EAAC
:1094D00003128161026230BD002C01400034014062
:1094E000004001400044014000480140005001405C
:1094F00070B5456E2DB90125A0F86A50A0F86850E6
:109500001CE0082308240568AD68C5F342610568BE
:10951000AD686A0F0A4DAD5C15FB04F5094EB65CEB
:1095200095FBF6F5A0F86A50054D6D5C15FB03F54B
:10953000044E765C95FBF6F5A0F8685070BD00000F
:1095400088AE000890AE000890F8281001F00801DD
:10955000082907D10168496821F40041826B114351
:109560000268516090F8281001F0010139B10168DA
:10957000496821F40031C26A11430268516090F8D1
:10958000281001F00201022907D10168496821F47D
:109590008031026B11430268516090F8281001F08D
:1095A0000401042907D10168496821F48021426B34
:1095B00011430268516090F8281001F01001102941
:1095C00007D10168896821F48051C26B1143026898
:1095D000916090F8281001F02001202907D101683E
:1095E000896821F40051026C11430268916090F87F
:1095F000281001F04001402913D10168496821F485
:109600008011426C114302685160416CB1F5801FBA
:1096100007D10168496821F4C001826C11430268D6
:10962000516090F8281001F08001802907D101686D
:10963000496821F40021C26C1143026851607047EF
:1096400038B504460020C4F89000FAF7B5FA05468C
:109650002068006800F00800082821D16FF07E40E3
:109660002B4600224FF400110090204600F0B2FB80
:10967000B0B100BF00BF216851E8001F21F0800099
:10968000226842E800010029F5D100BF2020C4F87B
:10969000880000BF002084F8840000BF032038BD8C
:1096A0002068006800F00400042830D16FF07E408C
:1096B0002B4600224FF480010090204600F08AFBE8
:1096C00028B300BF00BF216851E8001F21F490704B
:1096D000226842E800010029F5D100BF00BF00BFA9
:1096E0002168083151E8001F21F00100216808318C
:1096F00041E80002002AF3D100BF2020C4F88C000A
:1097000000BF002084F8840000BF0320C7E72020AA
:10971000C4F88800C4F88C000020E066206700BF11
:1097200084F8840000BF00BFB9E72DE9F041054689
:10973000AC6AD4F88860D4F88C702068806800F037
:109740008000802804D1212E02D1204600F0DAF8D2
:109750002068806800F04000402804D1222F02D108
:10976000204600F099F8D4F8900040F01000C4F8BA
:1097700090002046FCF747FEBDE8F08170B5054635
:10978000AC6A2868006800F02000E0BB0020A4F864
:109790005E0000BF00BF216851E8001F21F4807007
:1097A000226842E800010029F5D100BF00BF00BFD8
:1097B0002168083151E8001F21F0010021680831BB
:1097C00041E80002002AF3D100BF00BF00BF2168BA
:1097D000083151E8001F21F040002168083141E8BC
:1097E0000002002AF3D100BF2020C4F88C00E06EF4
:1097F00001280ED100BF00BF216851E8001F21F0F1
:109800001000226800E004E042E800010029F3D1E2
:1098100000BF00202067E06E012815D10020A4F8C9
:109820005E002868406886B2B4F85C00B04201DD92
:10983000A4F85E60B4F85C00B4F85E20801A81B2CF
:109840002046FCF722FD02E02046FCF7D7FE70BD63
:1098500070B50546AC6A01202067E06E012816D17C
:1098600034F85C0F400860802868406886B234F89D
:109870005C09B04201DBA4F85E60B4F85C00B4F8A7
:109880005E20801A81B22046FCF7FFFC02E02046F1
:10989000FCF7B5FE70BD000000BF00BF026852E8D3
:1098A000002F22F49071036843E80012002AF5D1DA
:1098B00000BF00BF00BF0268083252E8002F104B03
:1098C00002EA03010268083242E80013002BF2D1D9
:1098D00000BFC16E01290CD100BF00BF026852E871
:1098E000002F22F01001036843E80012002AF5D18E
:1098F00000BF2021C0F88C100021C166416770476D
:10990000FEFFFFEF00BF00BF026852E8002F22F009
:10991000C001036843E80012002AF5D100BF00BF70
:1099200000BF0268083252E8002F22F400010268EA
:10993000083242E80013002BF3D100BF2021C0F809
:10994000881070472DE9FE4F044600200290E4493C
:109950002068884200D100E000BF2169A068084368
:1099600061690843E16940EA010820680068DD494F
:10997000084040EA0800216808602068406820F438
:109980004050E168084321684860D4F81880D44901
:109990002068884202D0206A40EA0808206880686F
:1099A000D149084040EA0800216888602068C06A00
:1099B00020F00F00616A08432168C86200BFCB49EC
:1099C0002068884216D1CA48006800F0030030B110
:1099D000012808D0022804D0032808D105E0012579
:1099E00007E0022505E0042503E0082501E0102535
:1099F00000BF8DE0BF492068884216D1BC4800688E
:109A000000F00C0030B1042808D0082804D00C283D
:109A100008D105E0002507E0022505E0042503E064
:109A2000082501E0102500BF72E0B3492068884294
:109A300016D1AF48006800F0300030B1102808D0CF
:109A4000202804D0302808D105E0002507E00225B1
:109A500005E0042503E0082501E0102500BF57E0DC
:109A6000A6492068884216D1A148006800F0C000CD
:109A700030B1402808D0802804D0C02808D105E0A3
:109A8000002507E0022505E0042503E0082501E0A4
:109A9000102500BF3CE09A492068884219D19448BB
:109AA000006800F4407048B1B0F5807F0AD0B0F58E
:109AB000007F05D0B0F5407F08D105E0002507E024
:109AC000022505E0042503E0082501E0102500BF7C
:109AD0001EE083492068884219D18548006800F457
:109AE000406048B1B0F5806F0AD0B0F5006F05D086
:109AF000B0F5406F08D105E0002507E0022505E03C
:109B0000042503E0082501E0102500BF00E0102532
:109B100000BF7349206888425BD135B1022D08D05F
:109B2000042D08D0082D0DD109E0FBF749FB0646AE
:109B30000CE0744E0AE0FBF767FB064606E04FF4C4
:109B4000004603E000260120029000BF00BF002E67
:109B500010D06D49606A31F81000B6FBF0F960680A
:109B600000EB4000484503D860680003484502D236
:109B700001200290A8E06449606A31F810C0624692
:109B8000002330461946F6F745FB4FF4807C00224F
:109B9000A0FB0C3B01FB0CB100FB02106168490803
:109BA00059185041CDE90010D4F804C06246002392
:109BB00008460199F6F72EFB0746B7F5407F05D317
:109BC000B7F5801F02D22068C7607DE001200290B7
:109BD0007AE0E069B0F5004F3FD1092D17D2DFE8F8
:109BE00005F005090D160F1616161300FBF7E8FA17
:109BF000064610E0FBF7F6FA06460CE0414E0AE096
:109C0000FBF702FB064606E04FF4004603E00026A1
:109C10000120029000BF00BF86B33B49606A31F863
:109C20001000B6FBF0F04000616800EB5100B0FBA3
:109C3000F1F7102F0ED3B7F5803F0BD24FF6F0702F
:109C400007EA000AC7F342004AEA000A2068C0F89F
:109C50000CA039E00120029036E0092D18D2DFE88F
:109C600005F005090E17101717171400FBF7A8FACF
:109C7000064611E0FBF7B6FA06460DE024E0214E59
:109C80000AE0FBF7C1FA064606E04FF4004603E09F
:109C900000260120029000BF00BFAEB11A49606AE1
:109CA00031F81000B6FBF0F0616800EB5100B0FB3A
:109CB000F1F7102F06D3B7F5803F03D2B8B2216871
:109CC000C86001E0012002900120A4F86A00A4F815
:109CD000680000206067A0670298BDE8FE8F000062
:109CE00000800040F369FFCFFFF4FF11003801400E
:109CF000881002400044004000480040004C0040F2
:109D0000005000400024F40070AE000870B5044616
:109D10000E46154644F8586FA5800020A063222007
:109D20006063A06A583CF8B12748241DE16FC862FF
:109D30002648E16F08632648E16F48630020E16F21
:109D4000886354F8043C03F12401626DE06F241F22
:109D50002B46F9F78FF938B11020C4F89000202075
:109D6000C4F88C00012070BD206960B100BF00BF45
:109D7000216851E8001F41F48070226842E8000128
:109D80000029F5D100BF00BF00BF2168083151E8AC
:109D9000001F41F001002168083141E80002002A5B
:109DA000F3D100BF00BF00BF2168083151E8001F98
:109DB00041F040002168083141E80002002AF3D157
:109DC00000BF0020CFE700007D97000851980008F1
:109DD0002B9700082DE9F04104460D46174698469A
:109DE000069E41E0701C00283ED0F9F7E5FEA0EB8E
:109DF0000800B04200D816B90320BDE8F081206801
:109E0000006800F0040070B3802D2DD0402D2BD0C1
:109E10002068C069C0F3C00078B1082021680862DA
:109E20002046FFF739FD0820C4F8900000BF00204D
:109E300084F8840000BF0120DFE72068C069C0F318
:109E4000C02080B14FF40060216808622046FFF70F
:109E500023FD2020C4F8900000BF002084F8840077
:109E600000BF0320C9E7FFE72068C0692840A84277
:109E700001D1012000E00020B842B3D00020BCE7AF
:109E800070B5002513480068C069C0F30015B5B16E
:109E900010201049096808620E48FCF755FA0E4870
:109EA00000684668C6F580741CB1A1B20B48FEF785
:109EB00097F84FF4807209490648FCF771FB054892
:109EC0000068C069C0F380151DB1402001490968D0
:109ED000086270BD780500200C06002054070020A1
:109EE00000BFFEE702480068C0F302207047000090
:109EF0000CED00E010B5002804DB0A07130E054A3C
:109F0000135406E00A07140E034A00F00F031B1F48
:109F1000D45410BD00E400E018ED00E002E008C8F1
:109F2000121F08C1002AFAD170477047002001E0D3
:109F300001C1121F002AFBD17047000070B50D4609
:109F40000024831C06491824002205E013F8016B45
:109F500001F8016B561CB2B2A242F7DB70BD0000E3
:109F60002007002000B587B000200190029001205A
:109F70000390049040F2F720059040F2DA2006901A
:109F800001A91648F9F79DF908B1F7F7A9FB0120D7
:109F900003460022114600901048F9F7C4F908B1B1
:109FA000F7F79EFB012211460C48F9F7DAF908B1E0
:109FB000F7F796FB002201210848F9F7BCF808B131
:109FC000F7F78EFB0548F9F7DDFC08B1F7F788FBDA
:109FD0001520FAF7D5FC07B000BD00008402002070
:109FE00002488069401C0149886170479809002037
:109FF0000F48007D0F4948700D48C07A012803D0F2
:10A000000B484078012803D101200A49887002E0FA
:10A01000002008498870064880790649C8700448BD
:10A02000007B4871044840688860002008827047BF
:10A03000980900202C0A0020E006002010B5FFF748
:10A0400091FF20210548F6F72FF92C210448F6F757
:10A050002BF946210348F6F727F910BD980900208F
:10A06000B8090020E409002010B5F6F759F9FCF70B
:10A07000DBFE10BD10B5F6F7B7F910BD594B93EDE7
:10A08000043AF0EE431A002218E0574B03EB820328
:10A0900093ED003AB4EEE13AF1EE10FA04D80C2A4E
:10A0A0000AD10C2001460BE01AB1531ED8B211465A
:10A0B00006E00020002103E0531CDAB20D2AE4DBA5
:10A0C00000BF88420AD1494B03EB800393ED000A9D
:10A0D000474B03EB8003D3ED000A3CE0434B03EB1B
:10A0E000800393ED003AB0EE430A414B03EB80034B
:10A0F00093ED003AF0EE430A3C4B03EB810393ED02
:10A10000002A3B4B03EB8103D3ED002A364B03EBD4
:10A11000810393ED003A344B03EB8003D3ED003A17
:10A1200033EE633A304B03EB8003D3ED003A71EE2C
:10A13000E33A83EE831A72EE403AB0EE403A03EE11
:10A14000813AB0EE430A72EEE03AB0EE603A03EEC6
:10A15000813AF0EE430A274B93ED003AB5EEC03A50
:10A16000F1EE10FA03D1B7EE003A83ED003A214B3D
:10A1700093ED003ADFED203AB4EEE33AF1EE10FA57
:10A180000FD21E4B93ED033AF3EE023AB4EEE33AEC
:10A19000F1EE10FA14D2B7EE003A164B83ED003A06
:10A1A0000EE0164B93ED033AF3EE063AB4EEE33AC3
:10A1B000F1EE10FA04DDB6EE003A0E4B83ED003AF4
:10A1C0000C4B93ED003A23EE003A83ED013A93ED08
:10A1D000003A23EE203ADFED0A3A23EE233A83EDEC
:10A1E000023A7047FC06002038B4000870B400083A
:10A1F000A8B400087C080020CDCC4C3F20090020EA
:10A2000017B7D137FAF75EFBFEF714FEFDF7AEFA8B
:10A21000FDF74CFAFDF762F87F218348F7F744FB1E
:10A2200008B1F7F75DFAFDF7E5F87F217F48F7F70A
:10A230003BFB08B1F7F754FAFDF73AFBFDF782F95B
:10A24000FDF79CF9FDF7B6F9FDF7D0F9FDF702FA35
:10A25000FDF75CFAFDF7F4FCFDF756FDFDF7CEFDCA
:10A26000FDF704FEFDF716FDFDF764FE704800687B
:10A2700020F040606E4908600846006840F0806049
:10A2800008604FF400506A49283108606848006847
:10A2900020F04070664908600846006840F0807011
:10A2A00008604FF4805062492831086060480068B7
:10A2B00020F040505E4908600846006840F0805039
:10A2C00008604FF480405A492831086058480068B7
:10A2D00020F04040564908600846006840F0804041
:10A2E0000860480152492831086001015148FAF7D5
:10A2F000A7F94FF480114F48FAF7A2F94FF48031D3
:10A300004C48FAF79DF9F0214A48FAF7E1F9484834
:10A31000006820F04060464908600846006840F048
:10A32000806008604FF4005041492831086040487F
:10A33000006820F040703E4908600846006840F020
:10A34000807008604FF480503949283108603848DF
:10A35000006820F04050364908600846006840F028
:10A36000805008604FF480403149283108603048FF
:10A37000006820F040402E4908600846006840F020
:10A380008040086048012A492831086005222A498E
:10A390002548F8F709F92948FBF766FC08222849FF
:10A3A0002248F8F701F92748FBF75EFC40F63263D4
:10A3B000002211462448F8F73BFD00212248F8F717
:10A3C0005BFD4FF47A63002210211F48F8F730FD3F
:10A3D00010211D48F8F750FD40F6B2130022114637
:10A3E0001A48F8F725FD00211848F8F745FD1848E8
:10A3F000FBF73AFC00211648FBF77AFD1548FBF7FE
:10A4000033FC04211348FBF773FD08211148FBF7C7
:10A410006FFD0C210F48FBF76BFDFFF70FFEFEF7FA
:10A42000FDFC00BFFEE7000058000020C400002033
:10A4300000040048E802002078090020940400206D
:10A44000880900202C0500205C02002070020020FA
:10A4500048040020E004002010B501243248807830
:10A46000B0B13248D0ED040AB1EE001AF4EEC10AE0
:10A47000F1EE10FA08D3D0ED030AB1EE001AF4EEB3
:10A48000C10AF1EE10FA15D200202749887011E0B8
:10A49000DFED270A2448C0ED030A2448D0ED040A62
:10A4A000B1EE081AF4EEC10AF1EE10FA02DD012055
:10A4B0001D4988701C48807800B3FEF789FAB5EE14
:10A4C000C00AF1EE10FA2BDD1A48D0ED043ADFEDA8
:10A4D0001A0AF4EEE03AF1EE10FA10DBDFED170A9B
:10A4E00070EE200A9FED161A60EE810AFCEEE00A7B
:10A4F00010EE900A0C4988808820C88011E08820DE
:10A5000009498880DFED0D0A70EE200A9FED0C1AD4
:10A5100060EE810AFCEEE00A10EE900AC88000E0CE
:10A520000024204610BD0000FC0600202009002069
:10A5300000000000540800200038C74700004843CE
:10A540007B142E3FF0B505460C4600260127691EF8
:10A55000C8B22146F6F712FC0646681E205CB042DF
:10A5600021D120788009114908702078C0F30110AA
:10A57000487020780007800D617840EA91000B490F
:10A580004880607800F00301A07861F31F2007493C
:10A590008880E07800098871A07900F00F00C87108
:10A5A000E079087200E000273846F0BD98090020E5
:10A5B000F0B505460C4600260127691EC8B22146A3
:10A5C000F6F7DCFB0646681E205CB04224D12078FA
:10A5D0008009134988722078C0F301111048C172B4
:10A5E00020780007800D617840EA91010C48C18114
:10A5F000607800F00301A07861F31F200849088209
:10A60000E078C10906480173A07900F00F01044801
:10A610008174E179C17400E000273846F0BD000084
:10A620009809002010B5FFF7E3FC1448007800EB10
:10A630004000134901EB8000406840B10F490978A0
:10A6400001EB41010E4A02EB8101486880470B484B
:10A65000007800EB40000A4901EB8000806840B1BF
:10A660000649097801EB4101054A02EB810188683E
:10A670008047024800780349087010BD2C0A00206A
:10A6800070B00008E006002070B58AB006460C469F
:10A6900015460196002002900390049505904FF412
:10A6A00080100690400007900020089009902246F4
:10A6B00001A90248F8F7D0FD0AB070BD840200205D
:10A6C00010B58CB0044630216846F5F7EDFD2078D2
:10A6D0008007000E8DF800009DF80000E17A01F07F
:10A6E000010140EA41108DF800009DF80000217B37
:10A6F00001F0010140EA01108DF800009DF8000012
:10A70000617B01F0010140EAC1008DF800009DF875
:10A710000000A17B01F0010140EA81008DF80000FA
:10A720009DF800006188C1F3012108438DF8000005
:10A73000A0788DF80100A088C0F387008DF8020092
:10A7400020798007000E8DF803009DF80300E18852
:10A75000C1F3051108438DF80300A0790007000E2E
:10A760008DF804009DF804002189C1F3831108438A
:10A770008DF80400207A8006000E8DF805009DF803
:10A7800005006178C1F3410108438DF80500607848
:10A79000C007000E8DF806009DF80600A17A40EA79
:10A7A00051008DF80600A07AC007000E8DF8070052
:10A7B0009DF80700E17B01F0010140EA81108DF86E
:10A7C00007009DF8070094F8241001F0010140EA09
:10A7D00041108DF807009DF80700217C01F0010170
:10A7E00040EA01108DF807009DF80700617C01F038
:10A7F000010140EAC1008DF807009DF80700A17C27
:10A8000001F0010140EA81008DF807009DF8070082
:10A81000E17C01F0010140EA41008DF807009DF85C
:10A820000700217D01F0010108438DF80700607DDC
:10A83000C007000E8DF808009DF80800A17D01F00A
:10A84000010140EA81108DF808009DF80800E17DC3
:10A8500001F0010140EA41108DF808009DF8080060
:10A86000217E01F0010140EA01108DF808009DF8F9
:10A870000800617E01F0010140EAC1008DF8080086
:10A880009DF80800A17E01F0010140EA81008DF8E9
:10A8900008009DF80800E17E01F0010140EA410056
:10A8A0008DF808009DF80800217F01F001010843A0
:10A8B0008DF80800607FC007000E8DF809009DF834
:10A8C0000900A17F01F0010140EA81108DF8090023
:10A8D0009DF80900E17F01F0010140EA41108DF887
:10A8E00009009DF8090094F8201001F0010140EAE8
:10A8F00001108DF809009DF8090094F8211001F06D
:10A90000010140EAC1008DF809009DF8090094F8A2
:10A91000221001F0010140EA81008DF809009DF844
:10A92000090094F8231001F0010140EA41008DF87C
:10A9300009009DF8090094F8251001F00101084371
:10A940008DF8090094F82600C007000E8DF80A0063
:10A950009DF80A0094F8271001F0010140EA8110E7
:10A960008DF80A009DF80A0094F8281001F0010102
:10A9700040EA41108DF80A009DF80A0094F8421050
:10A9800001F0070108438DF80A002D20005D8DF8C5
:10A990000B002C20005D8DF80C0094F82B008DF836
:10A9A0000D003020005D8DF80E002F20005D8DF829
:10A9B0000F0094F82E008DF810003320005D8DF804
:10A9C00011003220005D8DF8120094F831008DF8EE
:10A9D00013003B20005D8DF814003A20005D8DF8D7
:10A9E00015003920005D8DF816003820005D8DF8C7
:10A9F00017003720005D8DF818003620005D8DF8B7
:10AA000019003520005D8DF81A0094F834008DF897
:10AA10001B004120005D8DF81C004020005D8DF87A
:10AA20001D003F20005D8DF81E003E20005D8DF86A
:10AA30001F003D20005D8DF820002934E07C8DF85A
:10AA40002100607800F0F0008DF822009DF82200CF
:10AA500014F8291901F00F0108438DF8220014F8A9
:10AA6000430F00F00F008DF82E0069462F20F6F7F7
:10AA700085F960706078433C8DF82F000E2269469E
:10AA800040F2D520FFF700FE0CB010BD10B588B025
:10AA9000044620216846F5F707FC0A3454F80A0CEE
:10AAA000000E8DF8000054F80A0C000C8DF801001F
:10AAB00034F80A0C000A8DF8020014F80A0C8DF81C
:10AAC000030034F8060CC0F387008DF8040014F876
:10AAD000060C8007000E8DF805009DF8050014F89F
:10AAE000041C01F0070140EAC1008DF805009DF843
:10AAF000050014F8031C01F0070108438DF8050058
:10AB000014F8020C4007000E8DF806009DF80600B0
:10AB100014F8011C01F0010140EA01108DF8060053
:10AB20009DF80600217801F0010140EAC1008DF88E
:10AB300006009DF80600617801F0010140EA8100FD
:10AB40008DF806009DF80600A17801F0010140EAA9
:10AB500041008DF806009DF80600E17801F0010142
:10AB600008438DF806002079C007000E8DF8070015
:10AB70009DF80700617901F0010140EA81108DF82C
:10AB800007009DF80700A17940EA91008DF80700C1
:10AB9000A0798007000E8DF808009DF80800E17983
:10ABA000C1F3450108438DF80800E079C007000EA5
:10ABB0008DF809009DF80900217A40EA51008DF8CE
:10ABC0000900207AC007000E8DF80A009DF80A00DF
:10ABD0006189C1F3C60108438DF80A00A07A4007D5
:10ABE000000E8DF80B009DF80B00217B40EAD10090
:10ABF0008DF80B00207B4007000E8DF80C009DF8AF
:10AC00000C00E189C1F3441108438DF80C00A07BCE
:10AC1000C006000E8DF80D009DF80D00218AC1F3CD
:10AC2000023108438DF80D00208AC0F307108DF81B
:10AC30000E00207C0007000E8DF80F009DF80F001D
:10AC4000A17CC1F3C30108438DF80F00A07C40072D
:10AC5000000E8DF810009DF81000E17C40EAD10054
:10AC60008DF81000E07C4007000E8DF811009DF873
:10AC70001100217D40EAD1008DF81100207D4007B0
:10AC8000000E8DF812009DF81200617D40EAD1009F
:10AC90008DF81200607D4007000E8DF813009DF8BE
:10ACA0001300A17D40EAD1008DF81300A07D40077C
:10ACB000000E8DF814009DF81400E17D40EAD100EB
:10ACC0008DF81400E07D4007000E8DF815009DF80A
:10ACD0001500217E40EAD1008DF81500207E400746
:10ACE000000E8DF816009DF81600617E40EAD10036
:10ACF0008DF81600607E4007000E8DF817009DF855
:10AD00001700A17E40EAD1008DF81700A07E400711
:10AD1000000E8DF818009DF81800E17E40EAD10081
:10AD20008DF81800E07E4007000E8DF819009DF8A0
:10AD30001900217F40EAD1008DF81900207F4007DB
:10AD4000000E8DF81A009DF81A00617F40EAD100CC
:10AD50008DF81A00607F4007000E8DF81B00A07F61
:10AD600000F00F008DF81E0069461F20F6F706F868
:10AD7000E077E07F0A3C8DF81F000D22694640F223
:10AD80005B60FFF781FC08B010BD000010B51C210E
:10AD90000648F5F789FA18210548F5F785FA58218C
:10ADA0000448F5F781FAFDF7D5FB10BDE006002059
:10ADB000FC06002020090020F0B502460023A5244F
:10ADC000002100252548B0F84A01904201DBA52565
:10ADD00041E022480088904201DC00253BE022E06F
:10ADE000181941101D4830F81100904200D11CE0A4
:10ADF0001A4830F81100904206DD184E481C36F80B
:10AE00001000904200DA10E0144830F8110090422F
:10AE100002DD481C83B206E0104830F81100904271
:10AE200001DA481E84B2A342DADD00BF0B4830F8D5
:10AE30001100801A83B2094830F811600746481C97
:10AE400037F81000301AC0F34F04A34202DB481C4D
:10AE500085B200E00D46E8B2F0BD00000CAF00087E
:10AE60000001020304050607080C101418203040E6
:10AE7000010002000400060008000A000C00100097
:10AE800020004000800000010101010307010000D3
:10AE90000804020408010101000000000000000095
:10AEA0000102030406070809000000000102030470
:10AEB000A1D6743EA1D6743E000000003D9B05BFA4
:10AEC0000000000000000000000000009565EE405A
:10AED000787A13C1C9763640EA04343E5BD3BCBDF0
:10AEE0000000000000000000000000000000000062
:10AEF0000000000000000000000000000000000052
:10AF0000000000000000000000000000800F770F2C
:10AF10006F0F650F5C0F520F470F3C0F300F240F60
:10AF2000170F0A0FFC0EED0EDD0ECD0EBC0EAB0E94
:10AF3000980E850E710E5C0E460E2F0E170EFF0D2D
:10AF4000E60DCC0DB10D950D780D5B0D3C0D1D0D75
:10AF5000FD0CDD0CBB0C990C760C520C2D0C080C66
:10AF6000E20BBB0B940B6C0B430B1A0BF10AC60ADA
:10AF70009C0A710A450A190AED09C1099409670971
:10AF80003A090D09E008B308860859082C0800089A
:10AF9000D307A7077B0750072507FA06D006A706A1
:10AFA0007E0655062D060606DF05B90594056F05D4
:10AFB0004B0527050405E204C104A00481046104D3
:10AFC000430425040804EB03D003B5039A0380036C
:10AFD00067034F03370320030903F302DE02C902AC
:10AFE000B502A1028E027C026902580247023602B3
:10AFF000260217020702F901EA01DC01CF01C201B2
:10B00000B501A9019D01910186017B0171016601D4
:10B010005C0153014901400138012F0127011F0143
:10B0200017010F0108010101FA00F300ED00E7002C
:10B03000E000DA00D500CF00CA00C400BF00BA00AB
:10B04000B600B100AC00A800A4009F009B009800CF
:10B05000940090008C008900313032422E30482E0E
:10B0600031503730313030325242313031303000AF
:10B0700000000000596F00085D6F0008010000002B
:10B08000C1140008C514000802000000390C0008B3
:10B090003D0C000803000000A50C0008E10C0008AE
:10B0A000040000007D180008811800080500000059
:10B0B000491800084D1800080000484200004842A6
:10B0C00000004842000048420000484200009C4204
:10B0D0000000E242000026430000484200004842CF
:10B0E00000004842000048420000484200009C42E4
:10B0F0000000E242000026430000484200004842AF
:10B1000000004842000048420000AE4200000C43EC
:10B110000000414300007C430000484200004842D8
:10B1200000004842000070420000004300002F432E
:10B13000008089430000E14300004842000048428B
:10B140000000484200008C420000184300006A439F
:10B1500000809B43000048420000484200004842F3
:10B16000000048420000AE420000354300808643A4
:10B170000000B94300004842000048420000484235
:10B18000000048420000024300005B430080A243ED
:10B190000080D7430000FA430000484200004842C4
:10B1A000000048420000F442000076430000AD4336
:10B1B0000000FA4300002F440000484200004842CB
:10B1C0000000484200000E4300006C430000B14301
:10B1D0000000024400002F440000484200004842A2
:10B1E00000009E420000324300008E430000C8432E
:10B1F0000000164400004844000048420000484255
:10B200000000A6420000434300809F430000FA4331
:10B2100000002F44000061440000484200008442C6
:10B220000000A64200004F430080A54300001644E2
:10B2300000004844000061440000484200004042D1
:10B240000000BE4200006C430000C043008009447F
:10B2500000002F4400006144000048420000A0426A
:10B260000000F042000066430000C843008009442B
:10B2700000002F4400006144000048420000C84222
:10B2800000007A430000FA4300002F4400004844C5
:10B290000000614400007A440080094500600B45CD
:10B2A00000B02345003030450090374500903745C9
:10B2B000009037450000484500C0A9440080D444B0
:10B2C0000060F6440010014500500E450040114555
:10B2D00000401C4500002F45008099440040A544D3
:10B2E00000C0C54400A0CB440000D0440060D74457
:10B2F0000000E1440080ED44004089440020954472
:10B3000000209544000096440000964400009644B6
:10B31000000096440080A24400C04B4400C04B444F
:10B3200000C04B4400C04B44000061440000614435
:10B33000000061440000614400805D4400C0484456
:10B340000080254400802544008028440080284453
:10B3500000002F4400002F440000464400C0194460
:10B3600000808E430000A04300009A430080B74352
:10B37000000062430000664300809B430000484396
:10B3800000001D430000C4420000AE420000A04285
:10B3900000008C4200008C420080B14300007943E1
:10B3A00000003E430000C0420000B4420000B4422E
:10B3B0000000B4420000B44200D8D6470060EA471B
:10B3C00000E8FD4700B80848007C124800401C48CF
:10B3D0000004264800C82F48008C394800504348D4
:10B3E00000144D4800D85648009C604800606A48E8
:10B3F0000024744800606A4700E87D4700B8884729
:10B40000007C924700409C470004A64700C8AF4715
:10B41000008CB9470050C3470000A0400000204105
:10B42000000070410000A0410000C8410000F04150
:10B4300000000C420000204200606A4700B88847C4
:10B4400000409C4700C8AF470038C74700D8D647E0
:10B450000060EA4700E8FD4700B8084800401C4883
:10B4600000C82F480050434800247448007C92488C
:10B47000DB05773BA7246B3BAAF3283B5F90F73AA9
:10B48000B121EE3A52491D3B8577B93B293F293C12
:10B490003108AC3C68916D3DC520B03DF65FE73D9D
:10B4A0000AD7233E8FC2753E48E198414BEAF741E7
:10B4B000856B0D42B0B23B428F428F424676B0421E
:10B4C0008195E4423F751C43770E9643668631446E
:10B4D00066467144000097440080BB440000FA4473
:10B4E00000B5000800000020580000001C9F000864
:10B4F00058B5000858000020E80D00002C9F0008F7
:10B50000000000000000000010000000010000002A
:10B510000024F40000000000000000000000000013
:10B52000000000000000000000000000000000001B
:10B53000000000000000000000000000000000000B
:10B5400000000000000000000000000001000000FA
:08B550000000000000000000F3
:04000005080001D915
:00000001FF
