:020000040802F0
:10200000C8160020F121020825C70208EDA7020822
:1020100069C60208512902088DFB02080000000071
:102020000000000000000000000000007DE0020849
:102030006D43020800000000B1CE02089DEC0208CA
:102040000B2202080B2202080B2202080B220208B4
:102050000B2202080B2202080B2202080B220208A4
:102060000B2202080B2202080B22020899410208E7
:10207000F541020851420208614202080B2202089F
:102080000B2202080B2202080B2202080B22020874
:102090000B220208254402080B2202080B22020828
:1020A0000B2202080B2202080B2202080B22020854
:1020B0000B2202080B2202080B2202080B22020844
:1020C0000B2202080B2202080B2202080B22020834
:1020D0000B2202080B2202080B2202087DFA0208DA
:1020E0000B2202080B2202080B2202080B22020814
:1020F0000B2202080B2202080B2202080B22020804
:102100000B2202080B2202080B2202080B220208F3
:102110000B2202080B2202080B2202080B220208E3
:102120000B2202080B2202080B2202080B220208D3
:102130000B2202080B2202080B2202080B220208C3
:102140004D2E02080B2202080B2202080B22020865
:102150000B2202080B2202080B2202080B220208A3
:102160000B220208259C02080B2202080B220208FF
:102170000B2202080B2202080B2202080B22020883
:102180000B2202080B2202080B2202080B22020873
:102190000B220208000000000B2202080B2202089A
:1021A0000B2202080B2202080B2202080B22020853
:1021B0000B2202080B2202080B2202080B22020843
:1021C0000B2202080B2202080B2202080B22020833
:1021D0000B2202080B220208DFF810D000F08EF864
:1021E0000048004781FF0208AFF30080C8160020B6
:1021F0000648804706480047FEE7FEE7FEE7FEE7A1
:10220000FEE7FEE7FEE7FEE7FEE7FEE711ED020868
:10221000D92102082DE9F05F0546002092469B4631
:1022200088460646814640241BE0284641464746EC
:10223000224600F053F853465A46C01A914110D333
:1022400011461846224600F03AF82D1A67EB0108AD
:102250004F4622460120002100F031F817EB00091B
:102260004E41201EA4F10104DFDC484631462A46D7
:102270004346BDE8F09F40EA01039B0703D009E015
:1022800008C9121F08C0042AFAD203E011F8013B62
:1022900000F8013B521EF9D27047D2B201E000F8BB
:1022A000012B491EFBD270470022F6E710B51346FA
:1022B0000A4604461946FFF7F0FF204610BD202AC3
:1022C00004DB203A00FA02F1002070479140C2F18D
:1022D000200320FA03F3194390407047202A04DBBF
:1022E000203A21FA02F00021704721FA02F3D0408F
:1022F000C2F120029140084319467047064C074D31
:1023000006E0E06840F0010394E8070098471034C5
:10231000AC42F6D3FFF764FF74210308942103084D
:102320002A48008800EE900AF8EE600AB0EE600AD3
:10233000DFED270A60EE200A9FED261AC0EE811A13
:102340002548C0ED001A2148408800EE900AF8EEBA
:10235000600AB0EE600ADFED1E0A60EE200A9FED13
:102360001D1AC0EE811A1C48C0ED021A1748808859
:1023700000EE900AF8EE600AB0EE600ADFED170A90
:1023800060EE200A9FED131AC0EE811A1248C0EDCC
:10239000051AD0ED060A9FED121A60EE810A90ED43
:1023A000051ADFED101A41EE210AC0ED060AD0ED44
:1023B000030A9FED0B1A60EE810A90ED021ADFED21
:1023C000091A41EE210AC0ED030A7047400A0020B5
:1023D00099998A4200F07F45DC0900200000844280
:1023E00077BE7F3F6F12833A10B52DED028B89487F
:1023F000048820460EF080FE00EE100AB8EE400A77
:10240000854880ED0B0A83484488204600F0D2F9C5
:1024100000EE100AB8EE400A7F4880ED0C0A7D48B5
:10242000848820460EF068FE00EE100AB8EE400ADE
:10243000794880ED0D0A7948048920460EF05CFE4B
:1024400000EE100AB8EE400A734880ED0E0A90EDD7
:10245000130ADFED730A20EE200AD0ED0B0A9FED80
:10246000711A00EE810A80ED130A90ED140ADFED77
:102470006C0A20EE200AD0ED0C0A9FED6A1A00EEDD
:10248000810A80ED140A90ED150ADFED650A20EE51
:10249000200AD0ED0D0A9FED631A00EE810A80ED4F
:1024A000150A90ED160ADFED5E0A20EE200AD0ED47
:1024B0000E0A9FED5C1A00EE810A80ED160A55485F
:1024C000C08800EE100AB8EE400ADFED570A20EE91
:1024D000200ADFED560A80EE201A9FED520A21EE07
:1024E000000A4D48D0ED0F0A9FED4D1A00EE810A0B
:1024F00080ED0F0A4748008900EE100AB8EE400A46
:10250000DFED490A60EE200A9FED481A80EE810A4D
:10251000DFED440A20EE200A3F48D0ED100A9FED7F
:10252000401A00EE810A80ED100A3A48408900EE18
:10253000100AB8EE400ADFED3C0A60EE200A9FED7B
:102540003B1A80EE810ADFED370A20EE200A32487E
:10255000D0ED110A9FED321A00EE810A80ED110ACA
:102560002C48808900EE100AB8EE400ADFED2E0AF2
:1025700020EE200A9FED2D1AC0EE010A9FED290AD8
:1025800020EE800A2448D0ED120A9FED251A00EEB5
:10259000810A80ED120A1F48C08900EE100AB8EEC9
:1025A000400ADFED230A20EE200ADFED200A80EE4C
:1025B000201A194880ED081A90ED090ADFED1D0A6E
:1025C00020EE200AD0ED080A9FED1B1A00EE810ACA
:1025D00080ED090A1148C08800EE100AB8EE400AE2
:1025E000DFED160A20EE200ADFED100A80EE201A39
:1025F000B0EE418A084890ED0A0ADFED0E0A20EE9F
:10260000200ADFED0D0A08EE200A80ED0A0ABDEC73
:10261000028B10BD500A0020DC090020400A002077
:10262000A4707D3F0AD7233C66661E4100F07F45BB
:102630000000844257EC6F3F499D803D295C8141F9
:1026400070B50446206809F05DF80646206809F078
:102650005EF898B396BB2068806800F00D000128F2
:102660000AD1206881681A4A1140891C816000BF24
:1026700003202168086009E0E06D40F01000E0658B
:10268000206E40F001002066012070BD04F086FC41
:10269000054614E004F082FC401B02280FD9206894
:1026A000806800F0010050B1E06D40F01000E0657E
:1026B000206E40F0010020660120E6E705E020687A
:1026C000806800F001000028E4D10020DDE7000070
:1026D000C0FFFF7F38B5044600200090206809F055
:1026E00016F8002858D1206880682C49084048B165
:1026F000E06D40F01000E065206E40F001002066C3
:10270000012038BD206808F0DDFF2168B1F1A04F3D
:1027100003D0234A2168914201D1224900E0224995
:10272000084608F0D7FF00F4000080B11F48006899
:102730001F49B0FBF1F0401C00EB4000800000900E
:1027400002E00098401E009000980028F9D104F0A3
:1027500025FC05461AE0206808F0D9FF10B920686A
:1027600008F0B0FF04F01AFC401B02280ED92068C4
:10277000006800F0010048B9E06D40F01000E0652D
:10278000206E40F0010020660120BAE72068006852
:1027900000F001000028DED00020B2E73F000080FA
:1027A00000010050000300500007005010000020FE
:1027B000400D0300F0B502460023A52400210025AA
:1027C0002548B0F84A01904201DBA52541E02248A6
:1027D0000088904201DC00253BE022E018194110FE
:1027E0001D4830F81100904200D11CE01A4830F822
:1027F0001100904206DD184E481C36F81000904239
:1028000000DA10E0144830F81100904202DD481C54
:1028100083B206E0104830F81100904201DA481EF9
:1028200084B2A342DADD00BF0B4830F81100801AF1
:1028300083B2094830F811600746481C37F8100089
:10284000301AC0F34F04A34202DB481C85B200E0FB
:102850000D46E8B2F0BD0000B013030830B5002407
:102860000025124890ED0A0AB0EE401A1048808800
:10287000C0F3C02008B1012400E00024B0EE410AFA
:10288000032120460AF0A8FB054645B108484068E8
:1028900020F4006000F500600549486005E0044848
:1028A000406820F400600249486030BDDC09002027
:1028B0001407002022490978884205D021498969F6
:1028C000214A11601E490870C8B11E49097831B10A
:1028D0001C49097D41F001011A4A117505E01949A9
:1028E000097D01F00201174A11751649497D41F031
:1028F000010214494A750021144A11701BE0114964
:102900008969114A1268891A40F6B832914212D97F
:102910000C49097D01F002010A4A11751146497DF1
:1029200001F0020207494A750021064A11705170F0
:102930005180918091710021044A1170704700000C
:1029400040000020240800203C0000203800002027
:1029500000BFFEE710B52DED028B0024FE48007885
:10296000FFF7A8FFFD4800780AF052FAFC48407DC6
:1029700028B1FC48406820F40020FA4948600DF076
:1029800085F9F748007F401CC1B2F5480177007F08
:10299000642802DABDEC028B10BD0021F0480177FB
:1029A0000AF0A8F800B1F5E70120EF490870EF48F8
:1029B00000784870EE4890ED060AF2EE040A20EE28
:1029C000200ABCEEC00A10EE100A4880E84890EDDC
:1029D000030AF2EE040A20EE200ABCEEC00A10EE52
:1029E000100A8880E34890ED0E0AF2EE040A20EE09
:1029F000200ABCEEC00A10EE100AC880DD4890ED37
:102A00000C0ABCEEC00A10EE100A08819FEDDA0A2B
:102A1000B0EE408AD64890ED0B0AB0EE408A90EDB9
:102A20000C0AB4EEC80AF1EE10FA03DD90ED0C0AC0
:102A3000B0EE408ACE4890ED0D0AB4EEC80AF1EE31
:102A400010FA03DD90ED0D0AB0EE408AC84890ED13
:102A50000E0AB4EEC80AF1EE10FA03DD90ED0E0A8C
:102A6000B0EE408AC34890ED140AB4EEC80AF1EE05
:102A700010FA03DD90ED140AB0EE408ABD4890EDE7
:102A8000150AB4EEC80AF1EE10FA03DD90ED150A4E
:102A9000B0EE408AB2EE040A38EE000ABCEEC00A7C
:102AA00010EE100AB0498872AE48007900F00100BB
:102AB000C872AC480079C0F340000873A948007997
:102AC000C0F380004873A7480079C0F3C000887342
:102AD000A4480079C0F30010C873A2480079C0F37D
:102AE000401008749F480079C0F3801048749D48D6
:102AF0000079C0F3C01088749A488088C0F3002021
:102B0000C87498488088C0F340200875954880882C
:102B1000C0F38020487593488088C0F3C020887532
:102B200090488088C0F30030C8758E488088C0F314
:102B3000403008768B488088C0F3803048768948DA
:102B40008088C0F3C030887686484068C0F3004073
:102B5000C87684484068C0F34040087781484068A0
:102B6000C0F3804048777F484068C0F3C040887712
:102B70007C484068C0F30050C8777A484068C0F38A
:102B8000405081F8200077484068C0F3805081F8B9
:102B9000210074484068C0F3C05081F82200002032
:102BA00081F8230081F8240081F8250081F82600AF
:102BB00081F8270081F8280081F829006F4890F8F3
:102BC000240081F82A0007F07DFE6D480078401C43
:102BD0006B490870084600780F2801DD0020087056
:102BE00067480078604981F8430008460DF014FFFB
:102BF00000206449086088805C48007888715D48DE
:102C0000007AC8716048007808725A48407A487261
:102C10005848C07B88720020C8725248007A0873F6
:102C20005448C07B48734F48807A88730020C8732B
:102C3000504890ED110AF2EE040A20EE200ABCEE94
:102C4000C00A10EE100A08744A4890ED090ABCEE5A
:102C5000C00A10EE100A487400208874454890EDB0
:102C6000080ABCEEC00A10EE100A8882404890EDB7
:102C70000A0AF2EE040A20EE200ABCEEC00A10EEA8
:102C8000100A88753A4890ED000AF2EE040A20EE28
:102C9000200ABCEEC00A10EE100A08833B4890EDF3
:102CA000040ADFED3B0A20EE200ABCEEC00A10EE5B
:102CB000100A48832B4890ED080ABCEEC00A10EEBB
:102CC000100A08772A4890ED0F0ADFED310A20EE4E
:102CD000200ABCEEC00A10EE100A4877244890ED96
:102CE000100ADFED2B0A20EE200ABCEEC00A10EE1F
:102CF000100A88771E4890ED110ADFED250A20EEB4
:102D0000200ABCEEC00A10EE100AC877184890EDF1
:102D1000120ADFED1F0A20EE200ABCEEC00A10EEF8
:102D2000100A81F82000134890ED140AF2EE040A0C
:102D300030EE200ABCEEC00A10EE100A81F8210025
:102D40000C4890ED150AF2EE040A30EE200ABCEEB3
:102D5000C00A10EE100A1DE03800002039000020E3
:102D6000240800201407002070080020600A0020BA
:102D7000DC0900205C07002000000000F20B0020AE
:102D80003A00002044080020B8080020380700203E
:102D9000CDCCCC3D81F82200294890ED160AF2EE08
:102DA000040A30EE200ABCEEC00A10EE100A81F8C8
:102DB0002300244890ED130AF2EE040A30EE200AB4
:102DC000BCEEC00A10EE100A81F824001C4890EDF9
:102DD000130AF2EE040A30EE200ABCEEC00A10EE2E
:102DE000100A81F82500164890ED150AF2EE040A43
:102DF00030EE200ABCEEC00A10EE100A81F8260060
:102E00000F4890ED140AF2EE040A30EE200ABCEEF0
:102E1000C00A10EE100A81F82700084690F8280032
:102E2000401C81F82800084690F828000F2802DD91
:102E3000002081F8280004480DF0D4FF00BFA9E568
:102E4000DC0900205C0700204408002070470000D7
:102E50000246D0B24840034B33F8100080EA2220EB
:102E600070470000741B030830B5034600200BE0D8
:102E70001C5C156884EA1564054D55F824401568F6
:102E800084EA05241460401C8842F1D330BD000060
:102E9000741D030870B5054605B970BD002406E031
:102EA000284600F0EFF800B903E0601CC4B2032C20
:102EB000F6D300BF00BFF0E7FEB506460C46154648
:102EC0004EB90620094B0A4A0A498DE831000A48E2
:102ED00000F0A4F8FEBD0420084B094A09498DE81A
:102EE0003100094800F09AF8F4E700008200002061
:102EF0008100002080000020200E0020850000209E
:102F0000840000208300002078100020034800780F
:102F1000034909780844C0B27047000082000020CD
:102F200085000020002008490870084908700849F9
:102F3000087008490870084908700849087001209D
:102F400007490870704700008000002081000020C1
:102F500082000020830000208400002085000020E3
:102F6000860000200748007808B90020704706480E
:102F7000007800EBC00101EB0010044901EB800078
:102F8000F4E7000085000020840000207810002075
:102F90000748007808B9002070470648007800EB21
:102FA000C00101EB0010044901EB8000F4E70000D0
:102FB0008200002081000020200E002008480078B8
:102FC00000B9704707480078401C00F0030005492D
:102FD000087003480078401E0149087000BFF0E700
:102FE00085000020840000200A48007800B970475E
:102FF00009480078401C0621B0FBF1F201FB1200E9
:103000000549087003480078401E0249087000BF57
:10301000EDE7000082000020810000202DE9F05F34
:1030200007460C4693461D46DDE90B9ADDF82880DD
:10303000B9F1000F05D0BAF1000F02D02878404551
:1030400002DB0020BDE8F09F207800EBC00101EB1F
:10305000001007EB8006242249463046FFF70BF9A3
:103060004022514606F12400FFF705F92078401C64
:10307000B0FBF8F108FB110020702878401C287084
:103080000120DFE770B50546FFF782FF044654B123
:103090002146284600F018F818B1FFF7A5FF0120D7
:1030A00070BD0020FCE7FFF75DFF044654B12146E8
:1030B000284600F009F818B1FFF780FF0120EFE77C
:1030C0000020EDE70020EBE770B505460C4605B1A2
:1030D0000CB9002070BD284603F04EFB08B9002053
:1030E000F8E704F124022146284603F0F7F908B175
:1030F0000020EFE70020024908700120EAE7000005
:103100008600002010B504460CB9002010BDFFF762
:10311000FDFE08B10020F9E7204603F02DFB03284F
:1031200001D20020F2E701200149087000BFEDE75D
:103130008600002010B509F003FD0448FFF7AAFE41
:10314000FFF708FC0148FFF7A5FE10BDB8020020FC
:1031500010B50B4840780A49097888420FD00848D2
:1031600000780749487001F013F90AF02FFB00209E
:1031700004490870B3EE0E0A014880ED050A10BD3F
:1031800014070020B808002010B52DED028B9FED2C
:10319000950AB0EE408A94484078012801D19249BE
:1031A00008719248007810B1002091494870904809
:1031B00040788F490978884204D0B7EE000AB0EE13
:1031C000408A0CE0884800798A490988884206D0FC
:1031D0008548007918B1B7EE000AB0EE408AB5EE26
:1031E000C08AF1EE10FA7DD080480078002879D1AD
:1031F00081490870814890ED060AF7EE000AB4EEA6
:10320000E00AF1EE10FA6DD27748007901286AD110
:103210007548407801280CD17948808800EE100A62
:10322000B8EE400ADFED770A20EE200AB0EE408AC1
:103230000BE07348008A00EE100AB8EE400ADFED9A
:10324000710A20EE200AB0EE408A6C4890ED000A28
:10325000D0ED020AB0EE001A70EEC10AB4EEE00A38
:10326000F1EE10FA56D2B3EE0E0AB4EEC08AF1EEC9
:1032700010FA4FDB90ED020AF3EE0D0AB4EEE00A0D
:10328000F1EE10FA3EDB90ED020ADFED5F0AB4EEDC
:10329000E00AF1EE10FA35D201F06AF80AF096FA77
:1032A0005A480088401C5949088008460088282848
:1032B00018DB9FED4C0A504880ED070A4C48007817
:1032C0004B49487000204C49887008724B4890ED7B
:1032D000020AF0EE000A30EE200A084680ED060AE7
:1032E000022001E073E01DE008703F480079414989
:1032F00008800020454908809FED3A0A444880ED47
:10330000080A6CE000204149088001F041F80AF009
:103310005DFA64E000203D49088001F039F80AF0C8
:1033200055FA5CE030480079022858D12E484078A0
:1033300001280CD13248808800EE100AB8EE400A0D
:10334000DFED300A20EE200AB0EE408A0BE02C4878
:10335000008A00EE100AB8EE400ADFED2A0A20EEDD
:10336000200AB0EE408A254890ED000AF0EE000AEF
:1033700078EE600AB4EEE00AF1EE10FA28D2B3EE6D
:103380000E0AB4EEC08AF1EE10FA21DB00F0F0FF75
:103390000AF01CFA1D480088401C1C490880084699
:1033A00000881E281BDB0020104908701048007898
:1033B0000F49487000201049887008720320087077
:1033C000094800790B49088000201049088006E070
:1033D00000200E49088000F0DBFF0AF0F7F9BDEC91
:1033E000028B10BD00000000600A0020E80B0020E6
:1033F0001407002028000020B8080020DC09002065
:1034000024080020CDCCCC3D000070422A000020D2
:103410002C090020704700001648807918B105205B
:10342000144908701DE013484078022807D111485C
:103430008078012803D103200E49087011E00D485F
:103440004078012807D10B488078012803D1032058
:103450000849087005E00748407810B9012005497F
:1034600008700548407D032802D1022001490870F8
:1034700070470000600A0020240800201A484078A5
:1034800002282CD11848407980B91848C08900EE2C
:10349000100AB8EE400AF7EE000AB4EEE00AF1EEC8
:1034A00010FA03DB0120104908711BE00E48407937
:1034B000012810D10D48008A00EE100AB8EE400A2B
:1034C000F3EE0E0AB4EEE00AF1EE10FA03DB02208E
:1034D0000549087106E000200349087102E0012057
:1034E0000149087170470000600A0020240800208C
:1034F0002D48807918B105202B49087044E02A48EE
:103500004078022803D028484078012803D1264873
:103510008078012838D024484078022806D12248F3
:10352000807818B90220204908702DE01E484078A4
:10353000012806D11C48807818B902201A49087061
:1035400022E01A48407DC8B9174890ED030AF3EE0F
:103550000E0AB4EEE00AF1EE10FA0BDD0520124976
:1035600008701348406820F4002000F5002010493E
:10357000486009E001200C49087005E00A484078DD
:1035800010B90120084908700848407D032802D17D
:1035900002200549087004480078032802D0002062
:1035A0000149087170470000600A002024080020CB
:1035B0001407002010B502460020002349B142B193
:1035C00000BF04E0CC5C0444E0B25C1CE3B2934274
:1035D000F8DB80F0FF0010BDF0EE400A10B99FED5F
:1035E0000E0A7047C0ED040A90ED030A90ED021A2E
:1035F000D0ED041A01EE210A80ED030A90ED030AD2
:1036000090ED011AD0ED041A01EE210A80ED070AAF
:1036100090ED070AE5E700000000000010B56D48D6
:1036200090ED020ADFED6C0AB4EEE00AF1EE10FA5A
:1036300018DB0120694908710020C8809FED680AE5
:10364000084680ED070A08200AF00CF9DFED650A4C
:103650009FED650A00220121104600F0A7FE09F047
:10366000D9FE10BD6148407828B900206049087033
:1036700048708870A9E00CF05DFA584890ED080A8F
:10368000DFED5C0AB4EEE00AF1EE10FA6FDD0AF04D
:103690003FF8524890ED070A4E48D0ED070A30EE49
:1036A000600A554880ED040A90ED040ADFED530AE4
:1036B000B4EEE00AF1EE10FA04DD9FED500A80ED61
:1036C000040A0DE04C4890ED040ADFED4D0AB4EE1B
:1036D000E00AF1EE10FA03D29FED490A80ED040AE8
:1036E0004548D0ED040AB0EE600A9FED461ADFEDC2
:1036F000460A09F0DFFB404880ED070A90ED080A12
:10370000424880ED000A3C4890ED080AD0ED070AD7
:1037100030EE200A80ED070A90ED070ADFED3C0A43
:10372000B4EEE00AF1EE10FA03DD9FED390A80ED08
:10373000070A314890ED070ADFED2A0AB4EEE00AE5
:10374000F1EE10FA14D29FED270A80ED070A90EDF2
:10375000070A80ED080A90ED070AF0EE400A9FED97
:10376000220A00220121104600F020FE2DE010E088
:10377000214890ED070A80ED080A90ED070AF0EE67
:10378000400A9FED190A00220121084600F00EFEB2
:103790001BE0002016490870487088709FED100AE1
:1037A000154880ED070A9FED0E0A80ED080A9FED8F
:1037B0000C0A084680ED050A9FED090A80ED030A10
:1037C0009FED070A054880ED070A09F023FE00BFB8
:1037D00047E70000DC09002000002042B808002074
:1037E000000000000AD7A33C00409C47600A00206C
:1037F00038070020CDCCCC3D2C090020CDCC4C3E50
:10380000CDCC4CBE6F12833A6F12033A14000020E5
:10381000CDCCCC3E10B50E48406830B90C48C07ACB
:1038200018B100F0A5FD09F0D1FF09F0A5FB0020BB
:1038300008498870DFED080A9FED080A002211464A
:10384000104600F0B3FD00200249C88010BD000002
:1038500014070020B80800200AD7A33C00247448AD
:1038600010B52DED028B9FED650AF0EE408A0CF04D
:1038700061F96348407848B1624890ED020ADFED93
:10388000620AB4EEE00AF1EE10FA1FD29FED5F0A71
:103890005F4880ED050AB1EE040A5E4880ED030A38
:1038A0009FED560A80ED050A9FED540A584880EDB9
:1038B000070A594890ED050AF0EE400A9FED530AB9
:1038C00000221146104600F071FD93E0504890ED43
:1038D000080AF6EE000AB4EEE00AF1EE10FA64DD32
:1038E00009F096FE0CF088FA464890ED070A484821
:1038F000D0ED070A30EE608AB0EE480A4548FFF77F
:103900006BFEF0EE408A9FED450A28EE800A4048A3
:1039100080ED050A90ED050ADFED3C0AB4EEE00A01
:10392000F1EE10FA08DD9FED390A80ED050AB1EEDF
:10393000040A384880ED030A354890ED050ADFEDAA
:10394000380AB4EEE00AF1EE10FA08D29FED340A1C
:1039500080ED050A9FED330A2E4880ED030A0CF036
:1039600071FC10B900202C4988702948D0ED050A57
:10397000B0EE600A28488278F6EE000A0121084677
:1039800000F014FD1F4890ED050AF1EE000AB4EEB8
:10399000E00AF1EE10FA2DD29FED180A1E4880EDD4
:1039A000030A00201C49887024E000201849C880C0
:1039B000062009F057FF9FED150A154880ED050A0E
:1039C000B1EE040A134880ED030A9FED0C0A80ED66
:1039D000050A9FED0A0A0E4880ED070A0E4890ED91
:1039E000050AF0EE400A9FED090A00221146104632
:1039F00000F0DCFCBDEC028B10BD000000000000FC
:103A0000600A0020DC09002000001C4200247448E9
:103A1000B8080020E4080020380700200050434781
:103A200000606A479999993F10B5264800790228A5
:103A300025D100202349C8809FED230A084680ED48
:103A4000070A062009F00EFF9FED200A1D4880EDB1
:103A5000050AB1EE040A1E4880ED030A9FED1A0A1A
:103A600080ED050A1748D0ED050AB0EE600ADFEDDB
:103A7000190A00220121104600F098FC1FE0DFED3A
:103A8000160A9FED160A00220121104600F08EFC56
:103A9000134890ED060AF7EE000AB4EEE00AF1EEE4
:103AA00010FA0CD20748C088401C0649C880084656
:103AB000C088282803DB022008710020C88009F094
:103AC000A9FC10BDB80800200000000000247448C4
:103AD000E4080020CDCC4C3D0AD7233D00409C4754
:103AE000DC09002010B50CF025F8304890ED080AEC
:103AF000F6EE000AB4EEE00AF1EE10FA35DDC08809
:103B0000401C2A49C8800846C088B0F5C87F12DB2F
:103B10009FED270A084680ED050AB1EE040A254804
:103B200080ED030A9FED240A80ED050A0020C8807D
:103B3000072009F097FE9FED200A1C4880ED070A38
:103B4000C08800EE100AB8EE401ADFED1C1A9FED97
:103B50001C0A01EE210AF0EE400A9FED150A002230
:103B60000121084600F022FC1EE09FED110A0F48DB
:103B700080ED050AB1EE040A0E4880ED030A9FEDC0
:103B80000E0A80ED050A9FED0C0A084880ED070A31
:103B90000C4890ED050AF0EE400A9FED050A002260
:103BA0001146104600F002FC10BD0000B8080020CD
:103BB00000247448E4080020000000006F12833ADB
:103BC000CDCC4C3D3807002010B5B3EE0E0A274887
:103BD00080ED050A407825490978884241D024487B
:103BE00090ED000AF3EE0C0AB4EEE00AF1EE10FAE2
:103BF0002FD290ED020AF1EE040AB4EEE00AF1EEE3
:103C000010FA26D21948007A18BB1A480088401CBE
:103C10001849088008460088032825DB13480078E7
:103C20001249487000F0A4FB09F0D0FD00201249B1
:103C30008870B3EE0E0A0D4880ED050A24210F4866
:103C4000FEF732FB01200C4908700020094908806A
:103C50000AE000200749088000F09AFB09F0B6FD51
:103C600002E000200349088010BD00001407002076
:103C7000DC09002026000020B808002008090020E8
:103C800010B52DED028B5B4890ED010AB0EE408A35
:103C90005948407801280AD15848808800EE100A17
:103CA000B8EE400ADFED560A60EE208A09E053487C
:103CB000008A00EE100AB8EE400ADFED510A60EE0D
:103CC000208A5048C0ED068A807800287ED14D4871
:103CD000007A00285DD100F04BFB09F077FD002051
:103CE000484988709FED480A484880ED040A012041
:103CF000464908704870002088709FED450A0846C4
:103D000080ED050AB2EE040AB4EEC08AF1EE10FAB4
:103D100004D29FED3F0A80ED050A2BE0B3EE040AC2
:103D2000B4EEC08AF1EE10FA05D29FED3A0A374898
:103D300080ED050A1EE0B3EE0E0AB4EEC08AF1EE85
:103D400010FA05D29FED340A304880ED050A11E0E3
:103D50009FED320AB4EEC08AF1EE10FA05D29FED63
:103D6000300A2A4880ED050A04E09FED2E0A274814
:103D700080ED050A00202C490880224890ED060AB3
:103D8000B4EEC80AF1EE10FA30D201201D490872D3
:103D90002CE009F029FD24480088401C22490880B5
:103DA00008460088B0F57A7F05DD01201549887046
:103DB00000201D4908809FED140A144880ED040A74
:103DC0000020124908700120487000E00CE000203B
:103DD00088709FED100A084680ED050A9FED0C0AD9
:103DE000124880ED080A01E000F0ACF8BDEC028B4F
:103DF00010BD0000DC090020600A0020240800201B
:103E0000CDCCCC3DB808002000401C47380700202E
:103E10000AD7233C0AD7A33C8FC2F53C00002042BE
:103E20000AD7233DCDCC4C3D5C0000200809002082
:103E300010B52DED048BB3EE0E0A364880ED060A60
:103E4000354890ED010AF0EE409A324890ED060AAE
:103E5000B4EEE90AF1EE10FA04DD9FED300A39EE16
:103E6000809A02E02B4890ED069A79EE690AB0EE4E
:103E7000600A9FED2B1ADFED2B0A2B4809F01AF888
:103E8000B0EE408A2448D0ED070A9FED281A71EE63
:103E9000600AB0EE600A9FED261ADFED260A26487A
:103EA00009F008F8F0EE408AB4EEE88AF1EE10FA74
:103EB00001DDB0EE688A1C4890ED080A30EE080A71
:103EC000B0EE408A9FED1D0AB4EEC08AF1EE10FA02
:103ED00003DD9FED1A0AB0EE408A134880ED088A90
:103EE00080ED078A00F054FA9FED120AB4EEC08A02
:103EF000F1EE10FA01D3012100E000210846F0EEB6
:103F0000480A9FED0F0A0022012100F04FFABDEC94
:103F1000048B10BDB8080020DC0900200AD7233C20
:103F20006F12833A0AD7233D08090020CDCCAC405C
:103F30006F12833B0AD7A33C2C090020CDCCCC3E8A
:103F40000060EA4710B52DED048B9FED6E0AB0EED0
:103F5000409A6D4890ED010AF0EE408A6B48008A65
:103F600000EE100AB8EE400ADFED690A20EE200AE2
:103F7000B0EE408AB3EE0E0AB4EEC08AF1EE10FA4B
:103F800070DB9FED640AB4EEC08AF1EE10FA69D8D6
:103F900061480079012805D1002060490870487007
:103FA0008870ACE000F0F4F938EE680A5C4880ED07
:103FB000040A90ED040ADFED5B0AB4EEE00AF1EECC
:103FC00010FA04DD9FED570A80ED040A0DE0544815
:103FD00090ED040ADFED540AB4EEE00AF1EE10FAB7
:103FE00003D29FED510A80ED040A4D48D0ED040A3A
:103FF000B0EE600A9FED4D1ADFED4D0A08F05AFF52
:10400000474880ED070A90ED070AD0ED080A30EE28
:10401000200A80ED070A3C4890ED060ADFED450ACC
:10402000B4EEE00AF1EE10FA1DDDB3EE0E0AF4EE86
:10403000C08AF1EE10FA0CDBB3EE0E0A78EEC00A7D
:104040009FED3D1A9FED3D0A00EE810AB0EE409AC9
:1040500015E0DFED3B0A9FED3B0A08EEA00AB0EE4B
:10406000409A0CE046E0B3EE0E0A78EE400A9FED6F
:10407000361A9FED360A00EE810AB0EE409A3448B7
:1040800090ED000ADFED330A20EE200ADFED2B0A67
:1040900009EE200A80ED000A214890ED070A2C481D
:1040A000D0ED000AB4EEE00AF1EE10FA04DD90ED76
:1040B000000A1B4880ED070A194890ED070A80EDB9
:1040C000080A014691ED070AF0EE400A91ED070A51
:1040D0009FED211AB4EEC10AF1EE10FA01D30121CD
:1040E00000E0002108469FED1D0A0022012100F09A
:1040F0005DF904E000200949087048708870BDEC43
:10410000048B10BD00000000DC0900202408002002
:10411000CDCCCC3D00007042600A00203807002062
:10412000080900200AD7233C666666BF6F12833AEF
:104130000AD7233DCDCC0C40A69B443BCDCC4C3D77
:10414000A69BC43A0AD7A33C6F12833B8FC2753D2E
:10415000580000203333733F4260E53B00401C476A
:10416000704700000A48807918B105200849087096
:1041700005E00748407810B102200549087005485D
:10418000407D032802D102200149087070470000D9
:10419000600A00202408002010B51548006C04684F
:1041A000134890F8440000F01F010220884020408E
:1041B000E8B10F480068006800F0200058B90C48CA
:1041C0000068006820F00A000949096808600120B9
:1041D000074981F82500064890F8440000F01F01C7
:1041E000022088400249096C48600BF0FBFD10BDBD
:1041F0006401002010B51548006C0468134890F85D
:10420000440000F01F01022088402040E8B10F4820
:104210000068006800F0200058B90C480068006889
:1042200020F00A000949096808600120074981F85F
:104230002500064890F8440000F01F010220884045
:104240000249096C48600BF0D3FD10BDC401002089
:1042500010B5024801F066FF10BD000040060020C6
:1042600010B5024801F05EFF10BD0000A00600205E
:1042700030B5114D0468AC4206D210490478083CB0
:104280001425B4FBF5F208E00C4920310478083C11
:104290001425B4FBF5F404F108020B46446CA408A1
:1042A00003EB84048464054C8034C46402F01F056D
:1042B0000124AC40046530BD0804024000080240FF
:1042C000027902F07F014A1E064B03EB820242652F
:1042D000044A403282654A1E02F01F0301229A40BE
:1042E000C26570470009024030B5D0E913546C60D4
:1042F000446D14B1D0E916546C6090F8444004F059
:104300001F050124AC40056C6C6004686360846820
:10431000102C04D10468A2600468E16003E0046822
:10432000A1600468E26030BD70B505460E461446D3
:10433000A5F2892020B151280AD06E280FD100E0C3
:104340000EE0E0B231460CF031F80649087007E0A3
:10435000E0B231460CF060F80349087000E000BF9D
:1043600000BF70BD380000203900002070470000F9
:1043700010B500224FF40051034802F009FE00205E
:104380000249887210BD0000000800481407002090
:1043900010B501225103034802F0FAFD0120024941
:1043A000887210BD0008004814070020012800D9B9
:1043B0000120012900D90121012A00D90122B7EEEB
:1043C000001AB4EEC10AF1EE10FA03D29FED101AF2
:1043D000B0EE410AF5EEC00AF1EE10FA04D29FEDFC
:1043E0000D1AF0EE410A0AE0B7EE001AF4EEC10A27
:1043F000F1EE10FA03DDB7EE001AF0EE410A064BBB
:10440000187059709A7083ED040AC3ED050A70475D
:1044100000247448000000003807002072B600BF76
:10442000FEE7000010B5024802F0AEF910BD000032
:10443000B802002010B51D4A1D4C0368A34201D1EB
:1044400002F554721B4C0368A34201D102F5D462F9
:1044500002640368D3F8803023F4F814838E44EAAE
:1044600003430468C4F8803002F1700343640368B6
:10447000D3F8803023F0706490F8383044EA036356
:104480000468C4F8803002F1B0038364D833C36495
:10449000D833036518334365114602E000230B60EF
:1044A000091D02F554739942F8D310BD00A40040D1
:1044B00000680040006C00402DE9F04105461446BC
:1044C0001E46D1F804C0BCF1000F0AD1D1F810C0CB
:1044D000D1F808804CEA080CB1F800804CEA884317
:1044E0000BE0D1F810C04CF0804CD1F808804CEAB9
:1044F000080CD1F800804CEA080391F82080D1F82C
:104500001CC04CEA086CD1F818804CEA080CD1F8B1
:1045100014804CEA080CB1F80C804CEA084706EB12
:10452000C608D5F854C00CEBC8021360121D176002
:10453000121D002019E000F1030C14F80CC04FEA22
:104540000C6800F1020C14F80CC048EA0C4800F1A9
:10455000010C14F80CC048EA0C2C14F800804CEA4A
:10456000080CC2F800C0121D001DDFF81480D1F83D
:104570000CC018F80CC08445DDD8BDE8F0810000FF
:10458000A0110308704700000848407830B1074880
:10459000807918B902200549087005E00348807940
:1045A00010B901200149087070470000600A00201E
:1045B00010B50446002240210E4802F0E9FC90208C
:1045C00000F018FAFF2000F015FAFF2000F012FAB0
:1045D000002000F00FFAFF2000F00CFA2070FF20FE
:1045E00000F008FA607001224021024802F0D0FC7D
:1045F00010BD00000004004810B504460022402110
:104600000B4802F0C5FC9F2000F0F4F9FF2000F0F9
:10461000F1F92070FF2000F0EDF96070FF2000F04C
:10462000E9F9A07001224021014802F0B1FC10BD5F
:10463000000400482DE9F04105460C461746264681
:1046400000F092F800224021124802F0A1FC022062
:1046500000F0D0F9C6F3074000F0CCF9C6F307200C
:1046600000F0C8F9F0B200F0C5F94FF0000805E01D
:1046700015F8010B00F0BEF908F10108B845F7D3B1
:1046800001224021034802F083FC09F0F3FBBDE85E
:10469000F08100000004004870B504460D4616463F
:1046A000002332462946204600F002F870BD000083
:1046B0002DE9F04704460F46904699463D46B9F12C
:1046C000000F06D101224021144802F061FC00F0E5
:1046D0005DF800224021114802F05AFC032000F04E
:1046E00089F9C5F3074000F085F9C5F3072000F00C
:1046F00081F9E8B200F07EF9002605E0FF2000F025
:1047000079F904F8010B761C4645F7D301224021C4
:10471000024802F03DFCBDE8F087000000040048BC
:1047200070B50446254609F0A5FB00F01DF80022EF
:1047300040210C4802F02CFC202000F05BF9C5F36E
:10474000074000F057F9C5F3072000F053F9E8B22D
:1047500000F050F901224021024802F019FC09F052
:1047600089FB70BD0004004810B5002240210648B6
:1047700002F00EFC062000F03DF901224021024823
:1047800002F006FC10BD000000040048F8B54948DE
:104790000068476847480068406820F0E3004549E2
:1047A0000968486043480068006820F040004149BB
:1047B00009680860404D00E06D1E3E480068806852
:1047C000C0F3C01008B1002DF6D100240AE039482A
:1047D0000068806800F0010000B905E03548006815
:1047E000007B641C202CF2D300BF00BF002000908F
:1047F00030480068C06800902E48006880680090CB
:1048000000BF00BF00BF002000902A4800688068F9
:10481000009000BF00BF27480068806800F01000CB
:10482000102804D14FF6EF702249096888602148AA
:104830000068806800F02000202810D100BF002010
:1048400000901C480068806800901A480068006862
:1048500020F0400017490968086000BF00BF1548F4
:104860000068006840F0400012490968086011487B
:104870000068806886B206F4B87008B100F09AF853
:1048800000BF00200B4981F85C0000BF012081F8C7
:104890005D000020086608460068006800F04000DF
:1048A00030B908460068006840F0400009680860B8
:1048B000F8BD000018040020400D030000B587B0CB
:1048C00000BF3848006E40F48050364908660846FC
:1048D000006E00F48050019000BF00BF00BF08468A
:1048E000C06C40F00200C8640846C06C00F00200D2
:1048F000019000BF00BF38212B4802F0BDF9102005
:1049000002900220039000200490032005900520CF
:10491000069002A9244802F045FA202002900520C2
:10492000069002A9204802F03DFA0820029002A950
:104930001D4802F037FA00BF1A48006E40F480505C
:10494000184908660846006E00F48050019000BFC8
:1049500000BF1648164908604FF482704860002175
:10496000134881604FF4E061C160022101610121BF
:104970004161490281610821C161002101624162F6
:1049800081620A21C16204F06DF90948006800687B
:1049900040F04000064909680860FF2000F02AF84E
:1049A00007B000BD00100240000400480030014084
:1049B0001804002010B50D480068006820F0400081
:1049C0000A49096808600A48006C40F480500849A8
:1049D00008640846006C20F480500864034804F022
:1049E00041F9202000F028F810BD00001804002034
:1049F0000010024011B583B0FF2002904FF47A708E
:104A0000012302AA03A900900A4804F0E5F904462C
:104A100064B100BF0020019006480068C0680190A2
:104A2000044800688068019000BF00BF9DF808003E
:104A300004B010BD1804002010490968096821F06D
:104A400040010E4A126811600C49096809684FF666
:104A5000C7721140094A126811600849096809685B
:104A600041EAC001054A12681160044909680968F1
:104A700041F04001014A126811607047180400209B
:104A8000704700000A48807918B10520084908706D
:104A90000DE00748407818B902200549087006E083
:104AA0000448407D032802D1022001490870704764
:104AB000600A002024080020F8B504460D460020B6
:104AC000009000BF94F85800012801D10220F8BDE1
:104AD000012084F8580000BF2046FDF7B1FD0646CE
:104AE0008EBBE06D20F4885040F00200E065206845
:104AF00081681B4A114005F0804242F00042114398
:104B0000816000BF13E00098401C00901549009898
:104B100088420CD3E06D20F0020040F01000E06508
:104B200000BF002084F8580000BF0120CFE72068B4
:104B30008168C90F0029E6D1E06D20F0020040F045
:104B40000100E06504E0FFE7E06D40F01000E06583
:104B500000BF002084F8580000BF3046B7E70000CF
:104B6000C0FFFF3F02DE04002DE9F0439BB0044686
:104B70000E464FF00008306800B100BF00BF94F847
:104B80005800012803D102201BB0BDE8F0830120AA
:104B900084F8580000BF0020179018902068B0F1EA
:104BA000A04F02D15848009008E058492068884238
:104BB00002D15748009001E000200090009850B9C1
:104BC000E06D40F02000E06500BF002084F8580050
:104BD00000BF0120D8E7009806F0ADFD0746206829
:104BE00006F0A9FD00287DD1002F7FD12068B0F10B
:104BF000A04F03D044492068884201D1454800E0D5
:104C0000454805463068D8B394F83800716841EAE1
:104C10004030A96821F460410843A8602068B0F1E1
:104C2000A04F03D038492068884201D1394800E0BC
:104C30003948384988420AD14FF0A04006F06CFD4F
:104C40008146314806F068FD49EA00000DE02F4832
:104C500006F062FD81462E4806F05EFD49EA000935
:104C60002E4806F059FD49EA0000E0BBB168306803
:104C70000843A96840F61F7291430843A8603BE0CF
:104C8000FFE7A86820F46040A8602068B0F1A04F5A
:104C900003D01D492068884201D11E4800E01E480B
:104CA0001C4988420AD14FF0A04006F035FD8146EC
:104CB000154806F031FD49EA00000DE0134806F002
:104CC0002BFD8146124806F027FD49EA00091348EA
:104CD00006F022FD49EA000028B9A86840F61F71D5
:104CE000884301E002E007E0A86005E0E06D40F0E5
:104CF0002000E0654FF0010800BF002084F8580054
:104D000000BF404640E70000000100500004005092
:104D1000000500500003005000070050000600503E
:104D20002DE9F84F05460C464FF0000A0020009090
:104D3000FE49E068884200D000E000BF00BF95F85F
:104D40005800012802D10220BDE8F88F012085F823
:104D5000580000BF286806F0E9FC00287DD12968CA
:104D6000D4E9002001F1300CC0F3012B0CEB8B03D4
:104D7000D3F800C000F01F0E4FF01F0B0BFA0EFB14
:104D80002CEA0B0C00F01F0BC2F3846E0EFA0BFE24
:104D90004CEA0E0CC3F800C000BF286806F0C6FC41
:104DA0008146286806F0A9FC8046B9F1000F64D15D
:104DB000B8F1000FFBD1A068B0F1004F0AD1216813
:104DC0000022286806F0C4FC4FF00041286806F075
:104DD000E4FC08E0A2682168286806F0B9FC00211C
:104DE000286806F0DAFC60692968C968C1F3C10166
:104DF000490000FA01F7206904283FD0286822689A
:104E0000216900F1600C0CEB8103D3F800C0DFF8DE
:104E100020B30CEA0B0C02F0F84B4BF0004B4BEAC2
:104E2000070B4CEA0B0CC3F800C000BF2868A2694E
:104E3000216900F1600C0CEB8103D3F800C02CF069
:104E4000807C4CEA020CC3F800C000BF2868227FB7
:104E50002169012A02D1520601E0F6E1002213463F
:104E600000F1600C0CEB8102D2F800C02CF0007C49
:104E70004CEA030CC2F800C000BFA7E0002128687C
:104E800006F032FCC0F3120030B90021286806F0A9
:104E90002BFCC0F3846007E00021286806F024FCA6
:104EA00090FAA0F0B0FA80F02168C1F3120119B9AC
:104EB0002168C1F3846104E0216891FAA1F1B1FA9B
:104EC00081F1884204D100221146286806F05AFC7C
:104ED0000121286806F008FCC0F3120030B9012156
:104EE000286806F001FCC0F3846007E0012128680F
:104EF00006F0FAFB90FAA0F0B0FA80F02168C1F356
:104F0000120119B92168C1F3846104E0216891FAA2
:104F1000A1F1B1FA81F1884204D10022012128686F
:104F200006F030FC0221286806F0DEFBC0F3120018
:104F300030B90221286806F0D7FBC0F3846007E08F
:104F40000221286806F0D0FB90FAA0F0B0FA80F0B9
:104F50002168C1F3120119B92168C1F3846104E029
:104F6000216891FAA1F1B1FA81F1884204D10022BD
:104F70000221286806F006FC0321286806F0B4FB2D
:104F8000C0F3120030B90321286806F0ADFBC0F36E
:104F9000846007E00321286806F0A6FB90FAA0F0E1
:104FA000B0FA80F02168C1F3120119B92168C1F388
:104FB000846104E0216891FAA1F1B1FA81F188429B
:104FC00004D100220321286806F0DCFB286806F0E3
:104FD0009EFB002870D12868E2682168D0F8B0C034
:104FE000C1F312032CEA030C02F0180B514B23FA05
:104FF0000BF30B404CEA030CC0F8B0C000BF4B49A8
:10500000E068884258D12368C3F312031BB92368B0
:10501000C3F3846304E0236893FAA3F3B3FA83F33E
:105020005B1C03F01F03092B3ED82368C3F3120354
:105030001BB92368C3F3846304E0236893FAA3F3E2
:10504000B3FA83F35B1C03F01F034FF0010C0CFA5F
:1050500003FC2368C3F312031BB92368C3F38463FF
:1050600004E0236893FAA3F3B3FA83F35B1C03F021
:105070001F034CEA836C2368C3F312031BB9236834
:10508000C3F3846304E0236893FAA3F3B3FA83F3CE
:105090005B1C03F01F0303EB43034FF0000B4BEAD1
:1050A00003534CEA03033FE02368C3F3120323B91D
:1050B0002368C3F3846305E042E0236893FAA3F313
:1050C000B3FA83F35B1C03F01F034FF0010C0CFADF
:1050D00003FC2368C3F312031BB92368C3F384637F
:1050E00004E0236893FAA3F3B3FA83F35B1C03F0A1
:1050F0001F034CEA836C2368C3F312031BB92368B4
:10510000C3F3846304E0236893FAA3F3B3FA83F34D
:105110005B1C03F01F030A3B03EB43034FF0007BD0
:105120004BEA03534CEA0303194605E000007F40B5
:1051300000F0FF03FFFF0700A268286806F008FBE5
:10514000484920680840002842D02968B1F1A04FA2
:1051500003D0454A2968914201D1444900E04449BD
:10516000084606F0B7FA064642492068884203D04E
:105170004149206888422CD106F4000048BB2868C9
:10518000B0F1A04F03D03D492868884263D12A6816
:10519000B2F1A04F03D0344B2A689A4201D1334A6E
:1051A00000E0334A104646F4000106F0E5FA3448C0
:1051B00000683449B0FBF1F0401C00EB4000800077
:1051C000009002E00098401E009000980028F9D15D
:1051D00041E02D49206888421BD106F08070C0B99B
:1051E00021492868884236D028492868884232D028
:1051F0002A68B2F1A04F03D01B4B2A689A4201D112
:105200001A4A00E01A4A104646F0807106F0B4FAD5
:1052100021E01F49206888421DD106F48000D0B9E2
:1052200011492868884216D02A68B2F1A04F03D0ED
:105230000B462A689A4201D10C4A00E00C4A1046FB
:1052400046F4800106F098FA05E0E86D40F0200091
:10525000E8654FF0010A00BF002085F8580000BF44
:10526000504671E500000880000100500003005026
:1052700000070050000021C31000C090000600503D
:1052800010000020400D0300000052C70005005030
:10529000000084CB2DE9F84304464FF000080020BD
:1052A000009014B90120BDE8F883606920B194F83A
:1052B0002400012800D100BFE06D30B9204600F085
:1052C00045F90020206684F8580020688168C1F301
:1052D000407131B120688168914A1140816000BFFE
:1052E00000BF206806F01DFAB0B9206881688D4AB9
:1052F000114041F08051816000BF8B4800688B49AC
:10530000B0FBF1F0401C4000009002E00098401E0D
:10531000009000980028F9D1206806F002FA48B9F8
:10532000E06D40F01000E065206E40F00100206666
:105330004FF00108206806F0F9F90646E06D00F02C
:10534000100000287ED1002EFCD1E06D20F480708A
:1053500040F00200E065206806F0D9F988BB2068BB
:10536000B0F1A04F03D072492068884201D1714842
:1053700000E071486F4988420AD14FF0A04006F022
:10538000C6F981466A4806F0C2F949EA00000DE014
:105390006A4806F0BCF98146694806F0B8F949EA5E
:1053A0000009684806F0B3F949EA000048B92268E4
:1053B000B2F1A04F03D05E4B22689A4202D15D4AFF
:1053C00001E009E05C4A10466168826822F47C12C0
:1053D0000A43826000BF00BF607FE16B41EA40305A
:1053E000E1680843A168084394F8241040EA0145A5
:1053F00094F82400012803D1208D401E45EA404541
:10540000E06A28B1A08D00F47870216B0843054351
:105410002068C0684C49084028432168C86020685B
:10542000006920F04060616B0843216808612068D2
:1054300006F063F90746EEBBE7BB207F002141EA97
:10544000803100E064E094F8380041EA40052068CB
:10545000C06844F20201884328432168C86020697B
:1054600080B12068006940F48030216808612068BC
:10547000D0F8C0006FF30D00216908432168C1F81E
:10548000C0000DE02068006920F4803021680861C8
:105490002068D0F8C0006FF30D002168C1F8C0008B
:1054A00094F84000012813D1606C40F00101A06C19
:1054B000084300E012E0E16C0843216D08432168D5
:1054C000096940F2FC72914308432168086105E0D4
:1054D0002068006920F001002168086160690128E6
:1054E00009D12068006B20F00F00216A491E084393
:1054F0002168086305E02068006B20F00F00216838
:105500000863E06D20F0020040F00100E06505E076
:10551000E06D40F01000E0654FF001084046C2E643
:10552000C0FFFF5FC0FFFF7F10000020400D0300A1
:10553000000100500003005000070050000400501C
:1055400000050050000600500740F0FF10B59CB069
:105550000446142117A8FCF7A7FE542102A8FCF763
:10556000A3FE2068B0F1A04F7DD14FF4004002901F
:105570008003139002A802F033FD08B1FEF74EFF3E
:1055800085480068401C8449086008460068012876
:105590000DD100BF8148C06C40F400507F49C86401
:1055A0000846C06C00F40050019000BF00BF00BF6F
:1055B0007A48C06C40F004007849C8640846C06C62
:1055C00000F00400019000BF00BF00BF0846C06C9F
:1055D00040F00100C8640846C06C00F00100019072
:1055E00000BF00BF00BF0846C06C40F00200C864A6
:1055F0000846C06C00F00200019000BF00BF0C2004
:105600001790032018900020199017A9644801F002
:10561000C9FB05201790032018900020199017A9A6
:105620004FF0904001F0BEFB02201790032018902D
:105630000020199017A95B4801F0B4FB5A485B4958
:10564000086005204860002158488160C1608021C1
:10565000016149004161890081612021C1614FF4EC
:105660004051016200E009E000F0DCFD08B1FEF706
:10567000D5FE00BF4D48606584628AE04C492068D1
:105680008842FAD1C00102908003139002A802F070
:10569000A7FC08B1FEF7C2FE3F480068401C3E4927
:1056A00008600846006801280DD100BF3B48C06C67
:1056B00040F400503949C8640846C06C00F40050FA
:1056C000019000BF00BF00BF3448C06C40F0040030
:1056D0003249C8640846C06C00F00400019000BF65
:1056E00000BF00BF0846C06C40F00100C864084617
:1056F000C06C00F00100019000BF00BF00BF084671
:10570000C06C40F00200C8640846C06C00F00200A3
:10571000019000BF00BF3120179003201890002097
:10572000199017A91E4801F03DFBF02017900320A7
:1057300018900020199017A94FF0904001F032FB0B
:105740004FF400601790032018900020199017A9BB
:10575000144801F027FB144814301649086024202F
:105760004860002113488160C160802101614900C7
:105770004161890081612021C1610021016200F045
:1057800051FD08B1FEF74AFE00BF0A486065846219
:1057900000BF1CB010BD000000000020001002403F
:1057A000000800480004004808000240640100208E
:1057B00000010050C40100202DE9F04104460F46CD
:1057C00090462168B1F1A04F03D0404A2168914230
:1057D00001D13F4900E03F49084605F080FF0646F9
:1057E000206805F0A3FF00286CD100BF94F8580092
:1057F000012802D10220BDE8F081012084F8580080
:1058000000BF35492068884201D1012000E0002016
:1058100020B91EB1052E01D0092E4DD12046FCF72E
:1058200059FF0546002D42D1E06D40F601618843E5
:1058300040F48070E06525492068884202D14FF02D
:10584000A04006E025492068884201D1244800E0B4
:1058500020682168884200D01EB9E06D20F48010D5
:10586000E065E06D00F4805020B1206E20F006006D
:10587000206601E0002020661C202168086000BF2F
:10588000002084F8580000BF2068C06840F0010084
:105890002168C860226802F1400143463A46606DC3
:1058A00000F02AFD0546206805F04AFF0BE000BF26
:1058B000002084F8580006E0012500BF002084F88D
:1058C000580000E00225284695E70000000100503E
:1058D0000003005000070050000600500005005073
:1058E000000400502DE9F843044600200090804653
:1058F00014B94FF0010881E12068006800F0004011
:10590000B0F1004F02D14FF0010877E1607F28B974
:10591000002020772062204600F07EF92068006891
:1059200000F40007D4E90110084361690843E16805
:105930000843216940EA010620680068B14908402F
:105940003043216808602068006800F4000088B1D6
:1059500087B9AD480068AD49B0FBF1F0401C00EBE1
:1059600080008000009002E00098401E00900098A7
:105970000028F9D1A6492068884202D14FF40010CE
:1059800025E0A349091D2068884202D14FF4800018
:105990001DE09F4908312068884201D1800616E049
:1059A0009B490C312068884202D14FF080400EE0C4
:1059B000974910312068884201D1C00607E0944918
:1059C00014312068884201D1012000E00220054600
:1059D000207E00F0030000287ED0207E00F0100022
:1059E000D0B18B4914312068884203D0091D20684A
:1059F000884207D100BF874800682843854908606E
:105A000000BF24E000BF8348203800682843814954
:105A10002039086000BF1AE07D49143120688842AF
:105A200003D0091D2068884207D100BF794800686B
:105A3000A8437849086000BF09E000BF75482038D6
:105A40000068A84373492039086000BF00BF207E6A
:105A500000F02000E0B16E4914312068884203D084
:105A6000091D2068884209D100BF6A48001D0068EE
:105A700028436849091D086000BF26E000BF65484B
:105A80001C380068284363491C39086000BF1CE0CB
:105A90005F4914312068884203D0091D206888427C
:105AA00009D100BF5B48001D0068A8435949091D82
:105AB000086000BF09E000BF56481C380068A843D2
:105AC00054491C39086000BF00BF51491431206897
:105AD000884205D0091D00E06CE02068884203D1AF
:105AE000284605F067FE02E0284605F05DFE207EB0
:105AF00000F00200E0B1464914312068884203D02A
:105B0000091D2068884209D100BF4248001F006873
:105B100028434049091F086000BF19E000BF3D4805
:105B20002438006828433B492439086000BF0FE04F
:105B3000374914312068884203D0091D2068884203
:105B400003D1284605F044FE02E0284605F038FE61
:105B5000207E00F00100E0B12D4914312068884218
:105B600003D0091D2068884209D100BF29480838A0
:105B70000068284327490839086000BF3AE000BFA1
:105B8000244828380068284322492839086000BF83
:105B900030E01F4914312068884203D0091D206875
:105BA000884203D1284605F023FE23E0284605F06D
:105BB00017FE1FE0164914312068884203D0091DE2
:105BC0002068884203D1284605F002FE02E02846FC
:105BD00005F0F6FD0E4914312068884203D0091DF6
:105BE0002068884203D1284605F002FE02E02846DC
:105BF00005F0F6FD607F08B9012060774046BDE8FA
:105C0000F88300000F7E00FF10000020400D03000D
:105C1000000201402804014010B586B0044614215A
:105C200001A8FCF741FB2E492068884219D100BF2A
:105C30002C48C06C40F001002A49C8640846C06C7A
:105C400000F00100009000BF00BF0220019003207F
:105C500002900020039001A94FF0904001F0A2F8BB
:105C60003BE01F49091D2068884219D100BF1D482B
:105C7000C06C40F001001B49C8640846C06C00F0CD
:105C80000100009000BF00BF082001900320029097
:105C90000020039001A94FF0904001F083F81CE030
:105CA0000F4908312068884217D100BF0D48C06CE9
:105CB00040F004000B49C8640846C06C00F00400C2
:105CC000009000BF00BF022001900320029000203E
:105CD000039001A9044801F065F806B010BD00006A
:105CE00000020140001002400008004808B50146CB
:105CF00000220092002009B9012024E00A681268FD
:105D000002F00042B2F1004F01D101201BE04A7FB6
:105D1000012A17D10A68126842F001020B681A6062
:105D200002224A77084A1268084BB2FBF3F202EBF0
:105D30008202009202E0009A521E0092009A002A0B
:105D4000F9D100E0012008BD1000002080841E0071
:105D50002DE9F84F04460D4616460020009004B188
:105D600015B90120BDE8F88FE869012800D100BF0E
:105D7000A868042800D103E06869022800D100BFA8
:105D800000BF6079012801D10220EBE7012060719A
:105D900000BF02202071A868042859D101F0FEF844
:105DA0008246E6B911E001F0F9F8A0EB0A000128FB
:105DB0000BD92068406B00F4004030B1206940F0FE
:105DC0000800206103202071CCE72068406B00F4BC
:105DD00000400028E7D1686A216808641BE011E0F0
:105DE00001F0DCF8A0EB0A0001280BD92068406B19
:105DF00000F0004030B1206940F00800206103202D
:105E00002071AFE72068406B00F000400028E7D128
:105E1000686A216848642068806C06F0100240F2CD
:105E2000FF319140884306F01002A96A914008436F
:105E3000216888642068C06C06F01002FF21914040
:105E4000884306F01002E96A914008432168C8645B
:105E5000E86901280FD12068876B06F010011F2028
:105E600088408743D5F8208006F0100008FA00F03B
:105E70000743206887632068C76B06F0100107207E
:105E800088408743A869012802D14FF000090CE03F
:105E9000A869022802D14FF0010906E0686910B92B
:105EA0004FF0010901E04FF000096969A868084353
:105EB00040EA090806F010014FF4807088408743DB
:105EC0002879012801D1000200E0002040EA0808FA
:105ED00006F010014FF4007088408743687901286C
:105EE00001D1400200E0002040EA080827F44047C2
:105EF000286802280FD102F091FB83462C498B457C
:105F000002D947F4004708E02A48834502D947F4FC
:105F1000804702E001E02868074306F0100108FA14
:105F200001F007432068C7632068006806F010028C
:105F30004FF48041914088432168086020680768D9
:105F400006F0100140F6FE7088408743D5F80C80BB
:105F500006F0100108FA01F0074320680760206886
:105F6000006806F01002C021914088432168086053
:105F7000287BC0F38308287CC0F3830048EA00280C
:105F80002068006E06F0100240F60F7191408843C1
:105F900006F0100108FA01F10843216808660120A3
:105FA000207100BF0020607100BF0098DAE6000099
:105FB0000068890900B4C40410B504460CB9012076
:105FC00010BD207920B900206071204600F008F84B
:105FD0000220207100202061012020710020EFE7C5
:105FE00008B5124A016891420DD100BF1049C96C31
:105FF00041F480310E4AD1641146C96C01F48031FC
:10600000009100BF11E00B4A016891420DD100BF21
:106010000749C96C41F48021054AD1641146C96C15
:1060200001F48021009100BF00BF08BD00080050AE
:10603000001002400010005078B504460020009087
:106040000CB9012078BD2068C06B01F010064FF438
:106050008075B540284000B900BF2068009029B97C
:1060600002F10800009D2844009004E002F11400B1
:10607000009D28440090009803600020E2E70000A3
:1060800018B502460AB9012018BD00BF5079012891
:1060900001D10220F8E70120507100BF02201071E9
:1060A0001068006801F010040123A340184313682E
:1060B00018601A4800681A4BB0FBF3F0401C0090BF
:1060C00002E00098401E009000980028F9D161B9C4
:1060D0001068006800F03E00022816D11068406881
:1060E00040F00100136858600FE01068006800F489
:1060F000781301F010040220A040834205D11068FB
:10610000406840F00200136858600120107100BF21
:106110000020507100BF00BFB6E700001000002053
:10612000400D030070B50446206C056820680668C1
:1061300094F8440000F01F01042088402840E0B19A
:1061400006F00400C8B12068006800F0200028B9FB
:106150002068006820F004002168086094F844007A
:1061600000F01F0104208840216C4860206B00284B
:1061700056D02046216B884752E094F8440000F046
:106180001F0102208840284018B306F0020000B327
:106190002068006800F0200040B92068006820F006
:1061A0000A0021680860012084F8250094F8440062
:1061B00000F01F0102208840216C486000BF0020D1
:1061C00084F8240000BFE06A50B32046E16A8847A3
:1061D00026E094F8440000F01F0108208840284081
:1061E000F0B106F00800D8B12068006820F00E0079
:1061F0002168086094F8440000F01F0101208840E5
:10620000216C48600120E06384F8250000BF002075
:1062100084F8240000BF606B10B12046616B884792
:1062200070BD000070B504460CB9012070BD304946
:10623000206888420BD22F492068401A1421B0FBF5
:10624000F1F0800060642B48083820640AE0284997
:106250002068401A1421B0FBF1F0800060642448EB
:1062600008382064022084F825002068056847F675
:10627000F0708543D4E9020108432169084361694C
:106280000843A1690843E1690843216A08430543BB
:10629000206805602046FDF7EBFFA068B0F5804F51
:1062A00001D100206060207900F07F00A16C0860BF
:1062B000D4E913104860606860B16068042809D8A8
:1062C0002046FDF7FDFF0020616D0860D4E916103F
:1062D000486003E000206065A065E0650020E063A1
:1062E000012084F82500002084F8240000BF9DE7E9
:1062F00008040240080002402DE9F04104460D4622
:1063000016461F464FF0000800BF94F824000128ED
:1063100002D10220BDE8F081012084F8240000BFF2
:1063200094F8250001283FD1022084F825000020A0
:10633000E0632068006820F00100216808603B46A7
:10634000324629462046FDF7CFFF206B30B120684A
:10635000006840F00E00216808600BE020680068CB
:1063600020F00400216808602068006840F00A00FE
:1063700021680860A06C006800F4803028B1A06C2F
:10638000006840F48070A16C0860606D28B1606D99
:10639000006840F48070616D08602068006840F01B
:1063A00001002168086006E000BF002084F8240096
:1063B00000BF4FF002084046ACE770B503461446F4
:1063C00093F85C5001F4C07000B100BF012D01D002
:1063D000022D7DD11868826D01F0070010B102F026
:1063E000010018B301F0380010B102F00200E8B16A
:1063F00001F4E07010B102F00400B8B101F4F05003
:1064000010B102F0080088B101F4604010B102F050
:10641000100058B101F4403010B102F0200028B152
:1064200001F47C0040B102F0400028B91868C06D4A
:1064300040F001001E68F06501F0070010B102F0A5
:10644000010018BB01F0380010B102F00200E8B9F9
:1064500001F4E07010B102F00400B8B901F4F0509A
:1064600010B102F0080088B901F4604010B102F0E8
:10647000100058B901F4403010B102F0200028B9E2
:1064800001F47C0040B102F0400028B11868C06DF2
:1064900040F002001E68F06501F0800030B118681D
:1064A000D0F8DC0020431E68C6F8DC0001F48070E0
:1064B00030B11868D0F8E00020431E68C6F8E0004C
:1064C0001868406D08431E687065002070BDFFE7C6
:1064D000186E40F0020018660120F7E72DE9F04140
:1064E00004460E461746706800B900E000BF94F8F5
:1064F0005C00022821D12068D0F8C40000F400100C
:1065000030B1206E40F4007020660120BDE8F081BB
:106510002068D0F8C400C0F301452B463A46314606
:106520002046FDF7C9FF0120A8402168C1F8CC0032
:106530000120A840A0650020E8E7206E40F0080098
:1065400020660120E2E7F0B5024692F85C60012E79
:1065500001D0022E23D1086880B9087A80070F7B0A
:1065600040EAC7600F8A40EA07404F6940EA0704E3
:10657000176C486807EB80031C600EE00F7B08690E
:1065800040EA47740F7A486940EA8775576C486853
:1065900007EBC0031C601B1D1D600020F0BD106ECA
:1065A00040F0020010660120F8E770B50446049D33
:1065B00094F85C00012810D1080140EA820040EA0A
:1065C000430028432668D6F8806026F03F06304313
:1065D0002668C6F88000002070BD206E40F00400E0
:1065E00020660120F8E730B5034693F85C40012CA3
:1065F00001D0022C0ED1012A05D11868806D884384
:106600001D68A86504E01868806D08431D68A865CA
:10661000002030BD186E40F0020018660120F8E737
:10662000704770472DE9F04304460E469C4694F8A7
:106630005C80B8F1020F7DD1402E26D12068D0F8C1
:10664000900000F00F0030B9206E40F4807020669A
:106650000120BDE8F0832068D0F89000C0F301234A
:106660002068D0F89000C0F3006040B12068D0F8F6
:106670008000C0F3402010B1581C00F0030303EB6E
:10668000C309A06C00EBC90124E02068D0F8980091
:1066900000F00F0028B9206E40F4807020660120C1
:1066A000D7E72068D0F89800C0F301232068D0F81D
:1066B0009800C0F3006040B12068D0F88000C0F3BB
:1066C000002010B1581C00F0030303EBC309E06C79
:1066D00000EBC901086800F080405060506820B9A4
:1066E0000868C0F38A40106003E0086820F060404A
:1066F0001060086800F000509060086800F00040EA
:106700001061091D088880B2D0610868C0F3034099
:10671000D060086800F480105061086800F4001030
:1067200090610868C0F3066010620868C00F50628C
:10673000091D00E018E00F46002503E0785D0CF825
:1067400005006D1CDFF82C90D06819F80000A842F5
:10675000F4D8402E03D12068C0F8943002E02068BD
:10676000C0F89C30002074E7206E40F008002066DE
:1067700001206EE7A011030801460A68D2F8C42080
:1067800002F00700704770472DE9FC5F044620685F
:10679000006D00F4E0572068406D07402068006DF0
:1067A00000F007082068406D00EA08082068006DC6
:1067B00000F038092068406D00EA09092068006D82
:1067C00000F4710A2068406D00EA0A0A2068006D32
:1067D00000F4602B2068406D00EA0B0B2068456DCB
:1067E0002068066DC6F3801040B1C5F3801028B153
:1067F0004020216808652046FFF7C5FFC6F300204A
:10680000A0B1C5F3002088B12068D0F8D80000906E
:106810002068D0F8E0000099084000904FF48070A4
:10682000216808652046009900F016FA2FB120680B
:1068300007653946204600F011FAB8F1000F06D07E
:106840002068C0F850804146204600F0CDF9B9F1EB
:10685000000F06D02068C0F850904946204600F04E
:10686000E1F9C6F3402048B1C5F3402030B14FF400
:10687000007021680865204600F0F2F9C6F3C010E8
:1068800098B1C5F3C01080B12068D0F8D400019051
:106890002068D0F8DC000199084001908020216830
:1068A00008652046019900F0D8F9C6F3403048B198
:1068B000C5F3403030B14FF40050216808652046E0
:1068C00000F0C9F9C6F3C03048B1C5F3C03030B1EB
:1068D0004FF4004021680865204600F0BBF9C6F37C
:1068E000803050B1C5F3803038B14FF4804021681A
:1068F0000865206E40F080002066BBF1000F06D0D6
:106900002068C0F850B059462046FFF78AFEBAF119
:10691000000F06D02068C0F850A0206E40EA0A00A0
:106920002066206E10B12046FFF77AFEBDE8FC9F7E
:1069300070B504460CB9012070BD814920688842B9
:1069400000D100BFA068B0F5407F00D100BF94F82F
:106950005C0028B9002084F85D00204600F0F4F8BF
:106960002068806920F010002168886100F016FB23
:1069700005460DE000F012FB401B0A2808D9206EE6
:1069800040F001002066032084F85C000120D3E77A
:106990002068806900F008000828EBD02068806932
:1069A00040F001002168886100F0F8FA05460DE02A
:1069B00000F0F4FA401B0A2808D9206E40F00100CC
:1069C0002066032084F85C000120B5E72068806918
:1069D00000F001000028EBD02068806940F0020040
:1069E0002168886156492068884202D1554960680B
:1069F0000860207C012806D12068806920F04000D2
:106A00002168886105E02068806940F040002168C5
:106A10008861607C012806D12068806940F480404C
:106A20002168886105E02068806920F48040216841
:106A30008861A07C012806D12068806920F48050FC
:106A40002168886105E02068806940F480502168F1
:106A500088612068806920F44070A168084321683B
:106A600088612068806920F0A4002168886120681E
:106A7000006920F0100021680861E068012806D153
:106A80002068806940F004002168886120E0E068A7
:106A9000F0B1E068022815D02068806940F08000DD
:106AA000216888612068006940F010002168086151
:106AB000E06803280CD12068806940F0200021683C
:106AC000886105E02068806940F0200021688861C5
:106AD000207E401E4106E069401E41EA0020216AF6
:106AE000491E0843A18A491E40EA01402168C86145
:106AF000A068B0F5407F0FD1A06A401EE16A491E30
:106B000040EA0121206B401E41EA0011A08C401E8A
:106B100041EA00402168C8602068D0F8C000E16BFD
:106B200008432168C1F8C0002046FDF783FC00201F
:106B3000A0652066012084F85C000020FCE60000CF
:106B4000006400400065004010B59CB0044614216C
:106B500017A8FBF7A9FB542102A8FBF7A5FB2049C6
:106B6000206888423AD1801402904003109002A815
:106B700001F036FA08B1FDF751FC00BF1948806DED
:106B800040F00070174988650846806D00F000707D
:106B9000019000BF00BF00BF0846C06C40F001007C
:106BA000C8640846C06C00F00100019000BF00BF3F
:106BB0004FF4C050179002201890002019901A909E
:106BC00009201B9017A9C00600F0ECF8002205214F
:106BD000152001F01DF9152001F006F91CB010BDBB
:106BE000006400400010024030B59BB004460D46E2
:106BF000402101A8FBF758FB01AB11AA4021204618
:106C0000FFF710FD1298B0F1804F04D101A911A82F
:106C100006F0A4F804E001A9149A1198FDF784FB8A
:106C20001BB030BD7047014691F85C0001280BD1C4
:106C3000022081F85C000868806920F001000A6881
:106C40009061002008667047086E40F004000866F6
:106C50000120F8E7704770477047704770470000A1
:106C60000349884202D10121024A11707047000095
:106C7000B802002086000020F0B50B4600217DE020
:106C800001258D4005EA0302002A76D03E4D8E088C
:106C900055F826408D072E0F0F25B5402C40B0F13A
:106CA000904F01D1002519E0384DA84201D10125AE
:106CB00014E0374DA84201D102250FE0354DA8421E
:106CC00001D103250AE0344DA84201D1042505E095
:106CD000324DA84201D1052500E006258E07360F6A
:106CE000B540A54223D12E4D2D6895432C4E3560DD
:106CF000351D2D689543361D3560294D0C352D68A1
:106D00009543274E0C363560351F2D689543361F49
:106D100035608D072E0F0F2505FA06F41A4D8E08E3
:106D200055F82650A543184E8F0846F82750056899
:106D30004F000326BE4035430560CE0800F1200514
:106D400055F826504E07F70E0F26BE40B543CF0824
:106D500000F1200646F82750C5684F000326BE40C4
:106D6000B543C560456801268E40B54345608568DA
:106D70004F000326BE40B5438560491C23FA01F548
:106D8000002D7FF47DAFF0BD0800014000040048F5
:106D900000080048000C004800100048001400489B
:106DA0000004014078B503460022D2E00126964057
:106DB0000D6805EA0604002C7BD00D7905F003056B
:106DC000012D04D00D7905F00305022D13D198682B
:106DD00056000325B540A8435600CD68B54028436A
:106DE0009860586801259540A8430D79C5F30015B2
:106DF0009540284358600D7905F00305032D07D110
:106E00000D7905F00305032D0CD18D68012D09D0F6
:106E1000D86856000325B540A84356008D68B54094
:106E20002843D8600D7905F00305022D13D1D6084B
:106E300003F1200555F826005507EE0E0F25B54045
:106E4000A8435607F60E0D69B5402843D60803F14E
:106E5000200545F82600186856000325B540A843CC
:106E60000D7905F003055600B540284318604D68BC
:106E700005F44035002D6BD000BF394D2D6E45F027
:106E80000105374E356635462D6E05F00105009536
:106E900000BF00BF4FEAB635960855F826009507A3
:106EA0002E0F0F25B540A843B3F1904F02D1002516
:106EB0001AE04DE02B4DAB4201D1012514E02A4DE3
:106EC000AB4201D102250FE0284DAB4201D1032591
:106ED0000AE0274DAB4201D1042505E0254DAB4228
:106EE00001D1052500E006259607360FB540284359
:106EF000214D960845F82600204D2868A0434D688E
:106F000005F4801505B120431C4D28602D1D28680F
:106F1000A0434D6805F4001505B12043174D2D1D04
:106F20002860164D2D1F2868A0434D6805F40035D4
:106F300005B12043114D2D1F28602D1F2868A04347
:106F40004D6805F4803505B120430C4D083D28609F
:106F5000521C0D68D540002D7FF428AF78BD00008D
:106F6000001002400004004800080048000C0048DF
:106F700000100048001400480800014008040140C7
:106F8000024613690B400BB1012000E0002070475E
:106F90000AB1816100E08162704700000148006829
:106FA0007047000004000020024600BF92F8DC0099
:106FB000012801D102207047012082F8DC0000BFC7
:106FC000022082F8DD00481C80B91068D0F8CC039C
:106FD00020F002031068C0F8CC331068D0F8CC035E
:106FE00040F001031068C0F8CC3318E01068D0F806
:106FF000CC0340F002031068C0F8CC331068D0F81E
:10700000CC0320F00C0008431368C3F8CC031068CD
:10701000D0F8CC0340F001031068C0F8CC33012055
:1070200082F8DD000020C6E770B504460D4616461E
:1070300094F8DD00022800D170BD00BF94F8DC0098
:10704000012801D10220F7E7012084F8DC0000BF0D
:10705000022084F8DD0032462946204602F092FEE6
:10706000012084F8DD0000BF002084F8DC0000BFB0
:1070700000BFE1E7024692F8DD00022800D1704728
:1070800000BF92F8DC00012801D10220F7E70120BF
:1070900082F8DC0000BF022082F8DD001068D0F822
:1070A000B833084663F31D001368C3F8B803012022
:1070B00082F8DD0000BF002082F8DC0000BF00BFC6
:1070C000DDE730B5034693F8DD00022800D130BD7E
:1070D00000BF93F8DC00012801D10220F7E701206E
:1070E00083F8DC0000BF022083F8DD00082938D0D7
:1070F00006DC012909D0022915D004295DD121E03F
:1071000010293DD0202958D148E01868D0F808044B
:1071100020F003000125946805EB440420431C681B
:10712000C4F8080452E01868D0F8080420F440704D
:107130004FF48075946845EA442420431C68C4F8E1
:10714000080443E01868D0F8080420F4403014899B
:107150004FF4803545EA444420431C68C4F80804D1
:1071600034E01868D0F8080420F04070147A4FF02A
:10717000807545EA446420431C68C4F8080425E08F
:107180001868D0F80C0420F003000125946805EB82
:10719000440420431C68C4F80C0417E01868D0F8B5
:1071A0000C0420F440704FF48075946845EA442440
:1071B00020431C68C4F80C0408E0072083F8DD00B5
:1071C00000BF002083F8DC0000BF00BF00BF93F8C1
:1071D000DD00072801D1012079E7012083F8DD00D7
:1071E00000BF002083F8DC0000BF00BF6FE7F0B5F0
:1071F00004460F46134694F8DD00022800D1F0BD86
:1072000000BF94F8DC00012801D10220F7E701203B
:1072100084F8DC0000BF022084F8DD002068D0F88C
:10722000D0232068D0F8D413187800F0010518781E
:10723000C0F34006082F57D006DC012F09D0022FDB
:107240001CD0042F7DD134E0102F68D0202FF9D12D
:107250007CE022F0FE02187900F00200024342EACC
:10726000850221F4803141EA0641187A00F0780065
:107270000243187B00F0800002438BE022F47E4240
:107280004FF4007C58680CEA0020024342EA852251
:1072900021F4003141EA46414FF4F04C98680CEA81
:1072A000002002434FF4004CD8680CEA002002434F
:1072B00070E022F47E0298884FF4003C0CEA004013
:1072C000024342EA854221F4802141EA864118893D
:1072D0004FF4F00C0CEA0040024398894FF4000C84
:1072E0000CEA0040024355E022F07E4218794FF04C
:1072F000007C0CEA0060024342EA856221F400212E
:1073000041EAC641187A4FF0F04C0CEA00600243A3
:10731000187B4FF0004C0CEA006002433AE021F089
:10732000FE01187900F00200014341EA850121F4D1
:10733000801141EA0651187A00F078000143187B69
:1073400000E01EE000F08000014323E021F47E41D4
:107350004FF4007C58680CEA0020014341EA852183
:1073600021F4001141EA46514FF4F04C98680CEAC0
:10737000002001434FF4004CD8680CEA0020014380
:1073800008E0072084F8DD0000BF002084F8DC005E
:1073900000BF00BF00BF94F8DD00072801D1012025
:1073A0002DE702F07F3C2068C0F8D0C348F280008F
:1073B00021EA0000D4F800C0CCF8D4032068D0F84B
:1073C000D00302F0803C40EA0C00D4F800C0CCF8B6
:1073D000D0032068D0F8D40348F2800C01EA0C0CEA
:1073E00040EA0C00D4F800C0CCF8D403012084F8A3
:1073F000DD0000BF002084F8DC0000BF00BFFEE617
:1074000010B5034693F8DD00022800D110BD00BF7F
:1074100093F8DC00012801D10220F7E7012083F86E
:10742000DC0000BF022083F8DD00082939D006DC2B
:10743000012909D0022916D004295FD122E01029A0
:107440003ED020295AD14AE010688000546840EAB2
:10745000C4101C68D4F8084424F0BC0420431C6801
:10746000C4F8080453E010688002546840EAC4304D
:107470001C68D4F8084424F43C4420431C68C4F835
:10748000080444E010888004948840EAC4501C68D2
:10749000D4F8084424F43C0420431C68C4F80804CD
:1074A00035E010788006147940EAC4701C68D4F87E
:1074B000084424F03C4420431C68C4F8080426E037
:1074C00010688000546840EAC4101C68D4F80C446A
:1074D00024F0BC0420431C68C4F80C0417E01068B6
:1074E0008002546840EAC4301C68D4F80C4424F488
:1074F0003C4420431C68C4F80C0408E0072083F8CF
:10750000DD0000BF002083F8DC0000BF00BF00BF2B
:1075100093F8DD00072801D1012077E7012083F8E7
:10752000DD0000BF002083F8DC0000BF00BF6DE776
:1075300010B501F001033BB10368D3F8D03362F317
:1075400000030468C4F8D03301F002033BB10368C0
:10755000D3F8D03362F308230468C4F8D03301F0C1
:1075600004033BB10368D3F8D03362F310430468DB
:10757000C4F8D03301F008033BB10368D3F8D0332B
:1075800062F318630468C4F8D03301F010033BB110
:107590000368D3F8D43362F300030468C4F8D43327
:1075A00001F020033BB10368D3F8D43362F308231E
:1075B0000468C4F8D43310BD024692F8DD000228F6
:1075C00000D1704700BF92F8DC00012801D10220F1
:1075D000F7E7012082F8DC0000BF022082F8DD001E
:1075E0001068D0F8D40320F0407001F040731843C5
:1075F0001368C3F8D403012082F8DD0000BF002027
:1076000082F8DC0000BF00BFDBE70000F8B50446ED
:107610000CB90120F8BD0220E03404F8030C00206E
:1076200020606060A060E06020616061A061E03C7B
:10763000207A00F0010008B33549206888420DD156
:1076400000BF3448006E40F080603249086608464A
:10765000006E00F08060009000BF00BF20680668E8
:1076600026F44046208A00F44040064326F4405663
:10767000A08A00F44050064320680660204600F0CF
:107680004BF8207A00F0020048B12068066826F422
:107690004076A08900F4407006432068066001200F
:1076A00084F8DD0000BF002084F8DC0000BF002566
:1076B00029E00021C5EBC50204F1180040F82210B2
:1076C000C5EBC50200EB82004160C5EBC50204F1C9
:1076D000180000EB82008160C5EBC50204F11800C0
:1076E00000EB8200C160C5EBC50204F1180000EB9D
:1076F00082000161C5EBC50204F1180000EB8200B5
:107700008161681CC5B2062DD3D9002082E7000034
:10771000006801400010024038B504461249206854
:1077200088421FD100BF1148006E40F080600F49B1
:1077300008660846006E00F08060009000BF00BF41
:1077400000221146492000F063FB492000F04CFB69
:1077500007480068D0F8900340F0580104480068DA
:10776000C0F8901338BD00000068014000100240CE
:107770001C03002010B586B00446142101A8FAF7B6
:1077800093FD1149206888421CD100BF0F48C06C8E
:1077900040F002000D49C8640846C06C00F00200C9
:1077A000009000BF00BF4FF4704001900220029093
:1077B00000200390032004900D20059001A90448A7
:1077C000FFF7F0FA06B010BD00680140001002405B
:1077D0000004004870B504460D46FFF7DFFB06467F
:1077E0000CE0681C50B1FFF7D9FB801BA84200D801
:1077F00025B9072084F8DD00032070BD2068D0F88B
:107800008803C0F300400028EBD0012084F8DD009D
:1078100000BF002084F8DC0000BF00BFEDE770B5BA
:1078200004460D46164694F8DD00022800D170BDCE
:10783000022084F8DD00062D04D13146204602F0F6
:1078400056FC04E032462946204602F036FD01206F
:1078500084F8DD000020EAE730B5044694F8DD0046
:10786000022800D130BD00BF94F8DC00012801D10E
:107870000220F7E7012084F8DC0000BF022084F832
:10788000DD00062928D1012A06D0022A08D0042AC0
:107890000AD0082A10D10BE018682568E86114E0C6
:1078A00018682568686210E018682568A8620CE00E
:1078B00018682568E86208E0072084F8DD0000BF4A
:1078C000002084F8DC0000BF00BF00BF94F8DD009A
:1078D00007287DD10120C5E7012A06D0022A0BD056
:1078E000042A4CD0082A74D150E01D6820688030EA
:1078F00000EBC110C5619AE01D682068803000EB84
:10790000C1104562586868B32068803000EBC11030
:10791000006820F440552068803000EBC1100560FD
:107920002068803000EBC11000685D68284325683E
:10793000803505EBC11528605868B0F5005F06D1A9
:107940009D682068803000EBC110C56116E0586862
:10795000B0F5405F12D19D682068803000EBC11007
:1079600085620BE02068803000EBC110006820F4D5
:1079700040502568803505EBC115286057E01D682B
:107980002068803000EBC110856250E01D682068DF
:10799000803000EBC110C562586888B32068803021
:1079A00000EBC110006820F440452068803000EBF7
:1079B000C11005602068803000EBC11000685D6870
:1079C00040EA85052068803000EBC110056001E0C9
:1079D00034E023E05868B0F5005F06D19D68206868
:1079E000803000EBC110C56117E05868B0F5405F0A
:1079F00013D19D682068803000EBC11085620CE0D7
:107A0000FFE72068803000EBC110006820F44040A0
:107A10002568803505EBC115286008E0072084F84B
:107A2000DD0000BF002084F8DC0000BF00BF00BF05
:107A300094F8DD00072801D1012013E7012084F824
:107A4000DD0000BF002084F8DC0000BF00BF09E7B4
:107A5000024600BF92F8DC00012801D102207047E5
:107A6000012082F8DC0000BF022082F8DD001068EF
:107A70000068084313681860012082F8DD0000BF29
:107A8000002082F8DC0000BF00BFE8E72DE9F041EC
:107A900004460D4616461F4694F8DD00022801D123
:107AA000BDE8F08100BF94F8DC00012801D102207C
:107AB000F6E7012084F8DC0000BF022084F8DD0036
:107AC0003B4632462946204602F074FB012084F8EA
:107AD000DD0000BF002084F8DC0000BF00BFDFE74E
:107AE000024600BF92F8DC00012801D10220704755
:107AF000012082F8DC0000BF022082F8DD0010685F
:107B0000D0F8940308431368C3F89403012082F863
:107B1000DD0000BF002082F8DC0000BF00BFE6E708
:107B200070B504460D46164694F8DD00022800D1D3
:107B300070BD00BF94F8DC00012801D10220F7E7F6
:107B4000012084F8DC0000BF022084F8DD00062D4F
:107B500004D13146204602F0DEFA04E032462946DE
:107B6000204602F0CBFBC5EBC50204F1180000EB88
:107B7000820031688160C5EBC50204F1180000EB9A
:107B800082007168C160C5EBC50204F1180000EB0A
:107B90008200B1680161C5EBC50204F1180000EB79
:107BA0008200F1684161C5EBC50204F1180000EBE9
:107BB0008200316981612946204602F04EFA062D85
:107BC00010D0F06A70B92068803000EBC5100068F2
:107BD00020F40070F16D40EA41212068803000EB14
:107BE000C5100160012084F8DD0000BF002084F88A
:107BF000DC0000BF00BF9BE770B504460D4616468B
:107C000094F8DD00022800D170BD00BF94F8DC00BC
:107C1000012801D10220F7E7012084F8DC0000BF31
:107C2000022084F8DD0032462946204602F090FC0E
:107C3000012084F8DD0000BF002084F8DC0000BFD4
:107C400000BFE1E710B532480068324909680844CE
:107C50002F49086030484068401C2F49486008465A
:107C60000069401C086108460069B0F5FA6F03D34B
:107C70004FF4FA6008610EE02748006940F26C7129
:107C8000884208D12548FEF731F82548FEF72EF83E
:107C90002448FEF72BF820484068052807D3002029
:107CA0001D49486008F0F2FB06F0D4FE28E01A48AF
:107CB0004068012802D104F037FD21E016484068F1
:107CC000022802D104F04CFE1AE013484068032851
:107CD00010D115480088401C1349088008460088C8
:107CE00014280DDB07F020FF00200F49088006F064
:107CF00079FF05E008484068042801D103F0EAFB59
:107D0000FBF718FA05F07EFDFAF7A8FD10BD00009C
:107D1000040000200C0000200007002024020020A6
:107D2000480200206C0200201E00002010B5002434
:107D3000032000F0ABF80F2000F008F808B1012490
:107D400001E000F02FF8204610BD000070B5044699
:107D5000002511480068D8B10F4800684FF47A71C7
:107D6000B1FBF0F00D490968B1FBF0F6304601F0C7
:107D7000A0F958B9102C07D200222146501E00F05D
:107D800047F80748046004E0012502E0012500E00F
:107D90000125284670BD00000C00002010000020C6
:107DA0000800002008B500BF0E48006E40F001003A
:107DB0000C4908660846006E00F00100009000BF04
:107DC00000BF00BF0846806D40F0805088650846BF
:107DD000806D00F08050009000BF00BF00F0F6F80A
:107DE00008BD0000001002400146084600280DDBD7
:107DF00000BF00BF00F01F0301229A4043099B000F
:107E000003F1E023C3F8002100BF00BF00BF7047AB
:107E10002DE9F05F80460D46164607F0B9FE07468D
:107E200039462A46334601F00700C0F1070ABAF185
:107E3000040F02D94FF0040A01E0C0F1070AD1464D
:107E400000F1040ABAF1070F02D24FF0000A01E074
:107E5000A0F1030AD4464FF0010A0AFA09FAAAF17E
:107E6000010A0AEA020A0AFA0CFA4FF0010B0BFAAD
:107E70000CFBABF1010B0BEA030B4AEA0B042146A6
:107E8000404607F08DFEBDE8F09F000000BF00F007
:107E90000702064B19684FF6FF031940044B0B43CA
:107EA00043EA0221014B196000BF70470CED00E06E
:107EB0000000FA0502468ABB4148006800F4C06031
:107EC000B0F5806F2BD13E488030006820F4807080
:107ED0003B4BC3F880001846006820F4C06040F4B3
:107EE000007018603748006832235843364BB0FBA7
:107EF000F3F0411C00E0491E3148406900F4806005
:107F0000B0F5806F01D10029F5D12D48406900F40A
:107F10008060B0F5806F51D10320704708E0284899
:107F20008030006820F48070254BC3F8800045E065
:107F3000B2F5007F3AD12248006800F4C060B0F585
:107F4000806F2AD11E488030006840F480701C4B3E
:107F5000C3F880001846006820F4C06040F4007048
:107F600018601848006832235843174BB0FBF3F0F1
:107F7000411C00E0491E1248406900F48060B0F5E1
:107F8000806F01D10029F5D10D48406900F480606F
:107F9000B0F5806F12D10320BFE709488030006838
:107FA00040F48070064BC3F8800007E00448006886
:107FB00020F4C06040F48060014B18600020ACE702
:107FC000007000401000002040420F00034880680D
:107FD00040F4804001498860704700000070004014
:107FE0002DE9F84304460027B846206800F4002035
:107FF000B0F5002F73D1B946FD48806D00F0805078
:1080000078B900BFFA48806D40F08050F849886523
:108010000846806D00F08050009000BF00BF4FF018
:108020000109F448006840F48070F2490860FEF7E6
:10803000B5FF064606E0FEF7B1FF801B022801D916
:10804000032705E0EB48006800F480700028F2D0B8
:1080500000BF002F46D1E6489030006800F440751C
:10806000CDB1206DA84216D0E1489030006820F4D0
:108070004075DF48D0F8900040F48030DC49C1F80A
:1080800090000846D0F8900020F48030C1F89000AD
:108090000846C0F8905005F00100A0B1FEF77EFF41
:1080A000064608E0FEF77AFF801B41F288318842DD
:1080B00001D9032706E0CE489030006800F00200A6
:1080C0000028EFD000BF5FB9C9489030006820F4A5
:1080D0004070216D0843C649C1F8900003E00CE0F0
:1080E000B84600E0B846B9F1010F05D1C048806D2F
:1080F00020F08050BE49886500BF207800F0010064
:1081000048B1BB488830006820F00300616808432C
:10811000B749C1F88800207800F00200022809D190
:10812000B3488830006820F00C00A1680843B049CB
:10813000C1F88800207800F00400042809D1AC4878
:108140008830006820F03000E1680843A849C1F891
:108150008800207800F00800082809D1A448883059
:10816000006820F0C00021690843A149C1F88800D7
:10817000207800F01000102809D19D488830006850
:1081800020F44070616908439949C1F8880020785B
:1081900000F02000202809D195488830006820F49C
:1081A0004060A16908439249C1F88800207800F036
:1081B0004000402809D18E488830006820F44050A3
:1081C000E16908438A49C1F88800207800F08000FE
:1081D000802809D186488830006820F44040216A10
:1081E00008438349C1F88800208800F48070B0F506
:1081F000807F09D17E488830006820F44030616A71
:1082000008437B49C1F88800206800F40030B0F5CD
:10821000003F09D176489C30006820F00300A16A35
:1082200008437349C1F89C00208800F40070B0F541
:10823000007F09D16E488830006820F44020E16A50
:1082400008436B49C1F88800208800F48060B0F5CD
:10825000806F13D166488830006820F44010216B8D
:108260000843634988310860206BB0F5801F05D151
:108270005F48C06840F480105D49C860208800F401
:108280000060B0F5006F13D159488830006820F4C1
:108290004000616B0843564988310860606BB0F557
:1082A000800F05D15248C06840F480105049C86022
:1082B000208800F48050B0F5805F13D14C4888309E
:1082C000006820F04070A16B08434949883108607C
:1082D000A06BB0F1807F05D14548C06840F48010A4
:1082E0004349C860208800F40050B0F5005F13D106
:1082F0003F488830006820F04060E16B08433C490B
:1083000088310860E06BB0F1006F05D13848C06873
:1083100040F480103649C860208800F48040B0F5F1
:10832000804F13D132488830006820F04060216CC3
:1083300008432F4988310860206CB0F1006F05D1E7
:108340002B48C06840F480102949C860208800F498
:108350000040B0F5004F13D125488830006820F068
:108360004050616C0843224988310860606CB0F16C
:10837000805F05D11E48C06840F480301C49C86049
:10838000206800F48030B0F5803F13D11848883061
:10839000006820F04040A16C08431549883108600E
:1083A000A06CB0F1804F05D11148C06840F4803016
:1083B0000F49C860206800F48020B0F5802F13D1E9
:1083C0000B489C30006820F44010E16C08430849D9
:1083D0009C310860E06CB0F5001F05D10448C0680E
:1083E00040F480100249C8604046BDE8F8830000B0
:1083F00000100240007000402DE9F04104460D4697
:108400004FF0000814B90120BDE8F0817D480068F4
:1084100000F00F00A8420ED27A48006820F00F004A
:108420002843784908600846006800F00F00A84219
:1084300001D00120E8E7207800F00100002864D096
:108440006068032823D17048006800F0007008B904
:108450000120D9E705F018F806466C48864237D95E
:108460006948806800F0F00030B1207800F0020028
:1084700002282DD1A06858BB6348806820F0F00026
:1084800040F08000604988604FF0800820E060681C
:10849000022806D15C48006800F4003040B9012091
:1084A000B2E75948006800F4806008B90120ABE7E2
:1084B00000F0DEF806465548864209D952488068E1
:1084C00020F0F00040F080004F4988604FF08008B5
:1084D0004D48806820F00300616808434A4988607D
:1084E000FEF75CFD074608E0FEF758FDC01B41F2B1
:1084F0008831884201D9032086E74348806800F02C
:108500000C006168B0EB810FEED1207800F0020022
:10851000022820D1207800F00400042805D13A4830
:10852000806840F4E06038498860207800F00800F6
:10853000082807D13448806820F4605040F4E06097
:10854000314988603048806820F0F000A168084315
:108550002D49886008E0B8F1800F05D12A4880686D
:1085600020F0F000284988602648006800F00F00DD
:10857000A84219D92348006820F00F002843214958
:108580000860FEF70BFD074608E0FEF707FDC01B7D
:1085900041F28831884201D9032035E71948006843
:1085A00000F00F00A842F0D1207800F00400042869
:1085B00007D11548806820F4E060E168084312495B
:1085C0008860207800F00800082808D10E488068EC
:1085D00020F46050216940EAC1000B49886000F036
:1085E00047F809498968C1F30311094A515C01F050
:1085F0001F01C8400749086007480068FFF7A6FB4D
:1086000002E70000002002400010024000B4C40451
:10861000D81103081000002008000020014800685D
:10862000704700001000002000B5FFF7F7FF054974
:108630008968C1F30221044A515C01F01F01C8405E
:1086400000BD000000100240E811030800B5FFF76C
:10865000E5FF05498968C1F3C221044A515C01F074
:108660001F01C84000BD000000100240E8110308CF
:1086700070B5224DAD6805F00C05042D01D12048E0
:108680003AE01E4DAD6805F00C05082D01D11D48DE
:1086900032E01A4DAD6805F00C050C2D2BD1174DAD
:1086A000ED6805F00304154DED68C5F303156A1C6C
:1086B000022C0CD0032C09D1124DB5FBF2F50F4E54
:1086C000F668C6F3062605FB06F10AE000BF0C4D6E
:1086D000B5FBF2F5094EF668C6F3062605FB06F172
:1086E00000BF00BF054DED68C5F341656D1C6B0013
:1086F000B1FBF3F000E0002070BD0000001002406C
:108700000024F40000127A002DE9F843044614B95D
:108710000120BDE8F883207800F00100002865D032
:10872000FC48806800F00C07FA48C06800F00306B7
:108730000C2F01D1032E01D0082F0AD1F548006873
:1087400000F40030002851D0606800284ED101208C
:10875000DFE700BF6068B0F5803F06D1ED480068F4
:1087600040F48030EB4908601AE06068B0F5A02F53
:108770000BD1E848006840F48020E64908600846CC
:10878000006840F4803008600AE0E248006820F4A5
:108790008030E04908600846006820F480200860C6
:1087A00000BF606888B1FEF7F9FB054606E0FEF7FA
:1087B000F5FB401BC82801D90320AAE7D54800686B
:1087C00000F400300028F2D010E0FEF7E7FB054689
:1087D00006E0FEF7E3FB401BC82801D9032098E719
:1087E000CC48006800F400300028F2D1207800F076
:1087F0000200022860D1C748806800F00C07C54815
:10880000C06800F003060C2F01D1022E01D0042F06
:1088100018D1C048006800F4806018B1E06808B959
:10882000012076E7BB48406820F0FE40217C40EA0A
:108830000160B8494860B8480068FFF787FA18B384
:10884000012066E7E06800B3B248006840F4807039
:10885000B0490860FEF7A2FB054606E0FEF79EFB66
:10886000401B022801D9032053E7AA48006800F4FE
:1088700080600028F2D0A748406820F0FE40217CAC
:1088800040EA0160A349486016E0A248006820F46D
:108890008070A0490860FEF781FB054606E0FEF700
:1088A0007DFB401B022801D9032032E7994800686C
:1088B00000F480600028F2D1207800F00800082839
:1088C00036D16069D0B193489430006840F001001F
:1088D0009049C1F89400FEF761FB054606E0FEF7FB
:1088E0005DFB401B022801D9032012E78948943020
:1088F000006800F002000028F1D019E085489430AB
:10890000006820F001008349C1F89400FEF746FB9F
:10891000054606E0FEF742FB401B022801D9032072
:10892000F7E67C489430006800F002000028F1D19E
:10893000207800F00400042872D14FF00008754838
:10894000806D012121EA107078B100BF7148806DFF
:1089500040F080506F4988650846806D00F0805077
:10896000009000BF00BF4FF001086C48006800F4A1
:108970008070B0B96948006840F480706749086049
:10898000FEF70CFB054606E0FEF708FB401B02283D
:1089900001D90320BDE66148006800F4807000281A
:1089A000F2D000BFA068012808D15A489030006872
:1089B00040F001005749C1F8900021E0A068052867
:1089C0000FD154489030006840F004005149C1F87C
:1089D00090000846D0F8900040F00100C1F89000E7
:1089E0000EE04C489030006820F001004949C1F881
:1089F00090000846D0F8900020F00400C1F89000E4
:108A000000BFA068A8B1FEF7C9FA054609E0FEF765
:108A1000C5FA401B41F28831884202D9032078E62A
:108A200025E03C489030006800F002000028EED0BD
:108A300013E0FEF7B3FA054608E0FEF7AFFA401B75
:108A400041F28831884201D9032062E631489030F2
:108A5000006800F002000028EFD1B8F1010F05D145
:108A60002C48806D20F080502A49886500BF20780E
:108A700000F02000202836D1A069D0B125489830D8
:108A8000006840F001002349C1F89800FEF786FA1B
:108A9000054606E0FEF782FA401B022801D90320B2
:108AA00037E61C489830006800F002000028F1D03A
:108AB00019E018489830006820F001001549C1F805
:108AC0009800FEF76BFA054606E0FEF767FA401BD2
:108AD000022801D903201CE60E489830006800F0F7
:108AE00002000028F1D1E069002860D009488068C0
:108AF00000F00C000C287AD0E069022858D1054813
:108B0000006820F0807003490860FEF747FA0546C8
:108B10000DE000000010024008000020007000403E
:108B2000FEF73CFA401B022801D90320F1E54A4830
:108B3000006800F000700028F2D1D4E90810401E4F
:108B400041EA0011A06A41EA0021208E0122C2EB15
:108B5000500041EA40513420005DC2EB500041EA30
:108B600040612C20005D41EAC0603B49C9683B4A36
:108B7000114008433849C8600846006840F08070DA
:108B800008600846C06840F08070C860FEF706FACA
:108B9000054606E0FEF702FA401B022801D9032031
:108BA000B7E52D48006800F000700028F2D051E0D1
:108BB0002948006820F0807027490860FEF7EEF928
:108BC000054606E0FEF7EAF9401B022801D903201A
:108BD0009FE52148006800F000700028F2D11E488F
:108BE000C0681F4908401C49C86033E0FFE7E069DE
:108BF000012800D18DE51848C66806F00301206AF7
:108C0000814225D106F0F001606A401EB1EB001FE1
:108C10001ED106F4FE41A06AB1EB002F18D106F078
:108C200078412C20005DB1EBC06F11D106F4C0017A
:108C3000208E0122C2EB5000B1EB405F08D106F05C
:108C4000C0613420005DC2EB5000B1EB406F01D039
:108C500001205EE500205CE5001002400C809F01D1
:108C6000FCFFEEFE70B504460CB9012070BD606AD1
:108C700038B96068B0F5827F00D105E00021E1617C
:108C800002E00021216161610021A16294F85D0090
:108C900028B9002084F85C00204600F061F802202A
:108CA00084F85D002068006820F0400021680860BA
:108CB000E068B0F5E06F01D9002501E04FF4805580
:108CC000E068B0F5706F05D0E068B0F5E06F01D0F6
:108CD0000021A162A08800F48270218901F404417E
:108CE0000843217C01F002010843217D01F00101CC
:108CF0000843218B01F400710843217F01F0380102
:108D000008432021095D01F080010843218D01F411
:108D100000510843216808600421A06901EA10405D
:108D200094F8241001F01001084394F8341001F075
:108D300008010843A18901F47061084305F48051DA
:108D40000843216848602068C06920F400602168F9
:108D5000C86100202066012084F85D00002085E7BE
:108D600010B586B00446142101A8F9F79DFA1749F9
:108D70002068884227D100BF1548006E40F480501B
:108D8000134908660846006E00F48050009000BF4A
:108D900000BF00BF0846C06C40F00200C86408462F
:108DA000C06C00F00200009000BF00BF38200190AE
:108DB000022002900020039004900520059001A954
:108DC0000448FDF7EFFF06B010BD00000030014081
:108DD00000100240000400482DE9FE4F04460F46F3
:108DE00090461D460C9E01200090FEF7D7F8824663
:108DF00094F85DB060680190A9460295BBF1010F3F
:108E00000BD00198B0F5827F04D1A06810B9BBF1F6
:108E1000040F02D00220BDE8FE8F1FB1B8F1000F91
:108E200000D00DB90120F6E700BF94F85C000128DE
:108E300001D10220EFE7012084F85C0000BF94F824
:108E40005D00042802D0052084F85D000020206623
:108E5000C4F84080A4F84650A4F84450A763E587BE
:108E6000A587E0642065E068B0F5E06F02D802985D
:108E7000012806D92068406820F4805021684860A5
:108E800005E02068406840F4805021684860206810
:108E9000006800F04000402805D02068006840F0DD
:108EA000400021680860E068B0F5E06F56D960685E
:108EB00010B1B9F1010F09D1A06B00882168C86019
:108EC000A06B801CA063E08F401EE0873EE020681E
:108ED000806800F00200022810D1E08F70B1009885
:108EE00001280BD1A06B00882168C860A06B801C92
:108EF000A063E08F401EE08700200090206880681B
:108F000000F0010080B1B4F8460068B12068C06884
:108F1000216C0880206C801C2064B4F84600401E40
:108F2000A4F8460001200090FEF738F8A0EB0A00F4
:108F3000B0420BD3701C48B1012084F85D0000BF23
:108F4000002084F85C0000BF032064E7E08F002865
:108F5000BDD1B4F846000028B9D18DE0606810B1E9
:108F6000B9F1010F17D1E08F01280AD9A06B008851
:108F70002168C860A06B801CA063E08F801EE08722
:108F800009E0A06B007821680873A06B401CA06307
:108F9000E08F401EE08768E02068806800F00200F3
:108FA00002281ED1E08FE0B10098012819D1E08F8E
:108FB00001280AD9A06B00882168C860A06B801CBA
:108FC000A063E08F801EE08709E0A06B0078216835
:108FD0000873A06B401CA063E08F401EE087002058
:108FE00000902068806800F0010058B3B4F8460093
:108FF00040B3B4F84600012816D92068C068216C37
:109000000880206C801C2064B4F84600801EA4F800
:109010004600B4F84600012812D82068406840F4A1
:109020008050216848600BE02068007B216C08704C
:10903000206C401C2064B4F84600401EA4F8460092
:1090400001200090FDF7AAFFA0EB0A00B04201D377
:10905000701C00B94EB9012084F85D0000BF0020EB
:1090600084F85C0000BF0320D5E6E08F002893D190
:10907000B4F8460000288FD152463146204604F00D
:1090800037FE40B12020206600BF002084F85C003D
:1090900000BF0120BFE6012084F85D0000BF002072
:1090A00084F85C0000BF206E08B10120B3E6002008
:1090B000B1E670B504462546681EB0F1807F01D345
:1090C00001200FE0681E4FF0E02148610F214FF0B2
:1090D000FF3006F065FD00204FF0E0218861072099
:1090E0000861002070BD000010B50346002200BFDB
:1090F00093F83C00012801D1022010BD012083F823
:109100003C0000BF22F0FF00CC6840EA040222F4D9
:1091100040708C6840EA040222F480604C6840EAA7
:10912000040222F400600C6840EA040222F4805039
:109130000C6940EA040222F400504C6940EA04023F
:1091400022F480400C6B40EA040222F470200C8B65
:1091500040EA044222F08050CC6940EA0402144CF8
:109160001868A04207D0134C1868A04203D0124CD4
:109170001868A04213D122F470000C8D40EA04520A
:1091800022F080700C6A40EA040222F000704C6AFF
:1091900040EA040222F00050CC6A40EA0402186857
:1091A000426400BF002083F83C0000BF00BFA4E77A
:1091B000002C0140003401400050014030B502460F
:1091C0000B4600BF92F83C00012801D1022030BDBF
:1091D000012082F83C0000BF022082F83D001068A8
:1091E000416810688468234D1068A84207D0224D5A
:1091F0001068A84203D0214D1068A84203D121F481
:109200007001586801431E48014018680143106806
:109210004160184D1068A8421BD01068B0F1804F13
:1092200017D0184D1068A84213D0174D1068A842E7
:109230000FD0164D1068A8420BD00F4D1068A842F1
:1092400007D0134D1068A84203D00C4D1068A842F7
:1092500005D124F0800498680443106884600120DC
:1092600082F83D0000BF002082F83C0000BF00BF34
:10927000ADE70000002C01400034014000500140E7
:109280008FFFFFFD0004004000080040000C00407C
:109290000040014010B504460CB9012010BD94F8FF
:1092A0003D0028B9002084F83C00204600F02AF850
:1092B000022084F83D00211D206805F033FD0120C7
:1092C00084F8480000BF84F83E0001213F2001558A
:1092D00040200155412001554220015543200155B0
:1092E00000BF00BF012084F84400452001554620FE
:1092F00001554720015500BF012084F83D000020A2
:10930000CCE7000008B5244A016891420DD100BFA6
:109310002249096E41F40061204A11661146096E26
:1093200001F40061009100BF35E01D4A01689142DF
:109330000DD100BF1949896D41F00201174A9165AD
:109340001146896D01F00201009100BF23E0154A2A
:10935000016891420DD100BF1049896D41F00401AF
:109360000E4A91651146896D01F00401009100BF1C
:1093700011E00D4A016891420DD100BF0749096E05
:1093800041F48031054A11661146096E01F48031BD
:10939000009100BF00BF08BD002C0140001002403A
:1093A000000400400008004000400140014691F8E0
:1093B0003D00012801D001207047022081F83D00C6
:1093C0001C4B086898421BD00868B0F1804F17D03A
:1093D000194B0868984213D0184B086898420FD070
:1093E000174B086898420BD0164B0868984207D074
:1093F000154B0868984203D0144B0868984210D166
:1094000008688068124B00EA0302062A0FD0B2F502
:10941000803F0CD00868006840F001000B681860BD
:1094200005E00868006840F001000B681860002043
:10943000C2E70000002C014000040040000800408A
:10944000000C004000340140004001400050014049
:10945000070001002DE9F04104460D46002700BF3A
:1094600094F83C00012802D10220BDE8F0810120DF
:1094700084F83C0000BF022084F83D002068866824
:109480004248064026F47F46206886602868B0F58A
:10949000005F33D015DC402851D008DC002858D0BC
:1094A000102857D0202856D0302862D154E05028B8
:1094B00031D0602839D0702813D0B0F5805F58D1F2
:1094C0000EE000F00F01002953D10011A0F580300B
:1094D00008284ED2DFE800F0414243444546474861
:1094E00049E0D5E902136A68206805F0A0FC20680D
:1094F000866846F07706206886603CE0D5E902136E
:109500006A68206805F093FC2068806840F4804019
:10951000216888602FE0EA686968206805F0A8FE85
:109520005021206805F08EFC25E0EA686968206813
:1095300005F0DAFE6021206805F084FC1BE0EA6893
:109540006968206805F094FE4021206805F07AFCE7
:1095500011E000BF00BF00BF00BF00BF00BF00BFE1
:1095600000BF00BF00BF00BF2968206805F06AFC8B
:1095700001E0012700BF00BF012084F83D0000BFCB
:10958000002084F83C0000BF38466EE788FFCEFF1D
:1095900010B586B00446142101A8F8F785FE2149CC
:1095A000206888421CD100BF1F48C06C40F00100F9
:1095B0001D49C8640846C06C00F00100009000BF5F
:1095C00000BF8815019002200290002003900490B3
:1095D0000620059001A94FF09040FDF7E3FB1FE046
:1095E0001249206888421BD100BF0F48C06C40F070
:1095F00002000D49C8640846C06C00F002000090EB
:1096000000BF00BF4FF46070019002200290002064
:10961000039004900220059001A90548FDF7C2FBC4
:1096200006B010BD002C01400010024000080040B0
:109630000004004870B504460D4615B994F83E0084
:1096400015E0042D02D13F20005D10E0082D02D16D
:109650004020005D0BE00C2D02D14120005D06E0B2
:10966000102D02D14220005D01E04320005D012861
:1096700001D0012070BD1DB9022084F83E001AE01F
:10968000042D03D102213F20015514E0082D03D100
:109690000221402001550EE00C2D03D10221412072
:1096A000015508E0102D03D102214220015502E0AE
:1096B00002214320015501222946206805F0A6FB1E
:1096C0002D492068884213D02C49206888420FD049
:1096D0002B49206888420BD02A492068884207D04D
:1096E00029492068884203D028492068884201D14E
:1096F000012000E0002028B12068406C40F40040C8
:10970000216848641C49206888421BD02068B0F159
:10971000804F17D01E492068884213D01D49206809
:1097200088420FD01C49206888420BD0134920681A
:10973000884207D012492068884203D01349206824
:10974000884210D120688068144900EA0106062E7C
:109750000FD0B6F5803F0CD02068006840F00100C3
:109760002168086005E02068006840F00100216879
:10977000086000207EE70000002C0140003401401A
:1097800000400140004401400048014000500140B9
:109790000004004000080040000C004007000100E9
:1097A0002DE9F04104460D461646002700BF94F807
:1097B0003C00012802D10220BDE8F081012084F89C
:1097C0003C0000BF0C2E51D005DC4EB1042E1ED043
:1097D000082E7AD133E0102E60D0142EF9D175E026
:1097E0002946206805F03AFB2068806940F00800AF
:1097F000216888612068806920F004002168886100
:1098000020688069296908432168886178E02946D1
:10981000206805F083FB2068806940F400602168BF
:1098200088612068806920F48060216888612068F0
:109830008069296940EA01202168886160E0294641
:10984000206805F0D1FB2068C06940F0080021685D
:10985000C8612068C06920F004002168C8612068E0
:10986000C069296908432168C86149E02946206820
:1098700005F01EFC2068C06940F400602168C861E2
:109880002068C06920F480602168C8612068C069D0
:10989000296940EA01202168C86131E02946206831
:1098A00005F06CFC2068006D40F008002168086538
:1098B0002068006D20F00400216808652068006DB4
:1098C00029690843216808651AE017E029462068DD
:1098D00005F090FC2068006D40F400602168086588
:1098E0002068006D20F48060216808652068006DA4
:1098F000296940EA01202168086501E0012700BFCD
:1099000000BF00BF002084F83C0000BF384653E78A
:1099100010B504460CB9012010BD94F83D0028B9DB
:10992000002084F83C00204600F029F8022084F84A
:109930003D00211D206805F0F5F9012084F848005C
:1099400000BF84F83E0001213F2001554020015511
:1099500041200155422001554320015500BF00BF61
:10996000012084F844004520015546200155472038
:10997000015500BF012084F83D000020CCE770476E
:10998000014600BF91F88400012801D102207047F0
:10999000012081F8840000BF2420C1F888000868F5
:1099A00002680868006820F001000B68186022F067
:1099B000005200204866086802602020C1F8880034
:1099C00000BF002081F8840000BF00BFDFE770B552
:1099D00004460D4600BF94F88400012801D10220FE
:1099E00070BD012084F8840000BF2420C4F88800E2
:1099F000206806682068006820F00100216808607F
:109A00002068806820F060602843216888602046D4
:109A100005F0A6FC206806602020C4F8880000BF7E
:109A2000002084F8840000BF00BFD9E770B5044669
:109A30000D4600BF94F88400012801D1022070BDBA
:109A4000012084F8840000BF2420C4F88800206826
:109A500006682068006820F001002168086020681E
:109A6000806820F06040284321688860204605F027
:109A700077FC206806602020C4F8880000BF002022
:109A800084F8840000BF00BFD9E710B504460CB9C4
:109A9000012010BDA06900B100E000BFD4F888002B
:109AA00028B9002084F88400204600F02BF82420F8
:109AB000C4F888002068006820F001002168086070
:109AC000A06A10B1204605F077FC204605F09CFD09
:109AD000012800D1DDE72068406820F4904021682B
:109AE00048602068806820F02A002168886020682B
:109AF000006840F0010021680860204605F0D8FCAD
:109B0000C7E7000010B59CB00446142117A8F8F769
:109B1000CBFB542102A8F8F7C7FB3C4920688842D8
:109B200071D1042002900020059002A8FEF758FA97
:109B300008B1FAF773FC00BF3548806D40F480200F
:109B4000334988650846806D00F48020019000BF8D
:109B500000BF00BF0846C06C40F00400C86408465F
:109B6000C06C00F00400019000BF00BF4FF44060E3
:109B7000179002201890002019901A9007201B902F
:109B800017A92448FDF70EF92348244908601C2032
:109B90004860002121488160C1608021016100216D
:109BA00041618161C1610162FCF73CFB08B1FAF7D8
:109BB00035FC00BF1948C4F88000846200BF164815
:109BC0001430174908601D20486010211448816036
:109BD0000021C16080210161002141618161C16179
:109BE0000162FCF71FFB08B1FAF718FC00BF0C4834
:109BF000E067846200BF002204212720FEF708F9F5
:109C00002720FEF7F1F81CB010BD0000004800400E
:109C100000100240000800483000024040060020CA
:109C2000A006002010B550480068D0F8884304F022
:109C3000080078B108214C480068C0F88C134B48E4
:109C4000407A38B14948406820F4007000F500704F
:109C50004649486004F0100060B110214248006895
:109C6000C0F88C134148406820F4000000F5000063
:109C70003E49486004F0400060B140213A48006825
:109C8000C0F88C133948406820F4800000F580004B
:109C90003649486035484068002855D03448006847
:109CA00020F04050324908600846006840F080507B
:109CB00008604FF480402E49283108602C48006825
:109CC00020F040402A4908600846006840F0804083
:109CD000086048012649283108602548006820F0BE
:109CE0004060234908600846006840F080600860D2
:109CF0004FF400501E49283108601D48006820F0CC
:109D000040701B4908600846006840F08070086099
:109D10004FF48050164928310860FAF739FB01F0FA
:109D2000B5FC03F06FFB03F051FD9FED120A1248E2
:109D300080ED040A9FED110A80ED030A9FED0F0AE2
:109D40000F4880ED070A0DE0F0210748FDF7C8FE37
:109D50004FF400210448FDF77BFE4FF480110248C8
:109D6000FDF776FE10BD00001C0300201407002044
:109D70000004004800247448380700200000000058
:109D8000B8080020F0B503460D461E68D6F8B003AB
:109D90001E68D6F8B4131E68D6F8B8430B2D7CD2D3
:109DA000DFE805F006112A4A6B8EAFCAECFCFB0017
:109DB00000271E68C6F8B0731E68C6F8B4731E6824
:109DC000C6F8B87347E120F03F00167806F00306A6
:109DD0003043167906F004063043167A06F018066A
:109DE00030431E68C6F8B003167C06F020063043E8
:109DF0001E68C6F8B0032EE120F47C60C027166808
:109E000007EA861630434FF48077566807EA8616CD
:109E100030434FF4C067966807EA861630431E68E1
:109E2000C6F8B0034FF40067166907EA8616304398
:109E30001E68C6F8B0030EE120F47C304FF44057A2
:109E4000166807EA063630434FF48047566807EA3B
:109E5000063630434FF4C037966807EA063630437B
:109E60001E68C6F8B0034FF40037166907EA0636D5
:109E700030431E68C6F8B003EDE020F47C0016887D
:109E80004FF4402707EA8646304396884FF4801700
:109E900007EA86463043168900E0DBE04FF4C0074E
:109EA00007EA864630431E68C6F8B003168A4FF4A8
:109EB000000707EA864630431E68C6F8B003CAE0CA
:109EC00020F07C5016784FF0407707EA0666304362
:109ED00016794FF0806707EA06663043167A4FF02E
:109EE000C05707EA066630431E68C6F8B003167C02
:109EF0004FF0005707EA066630431E68C6F8B00305
:109F0000A9E021F01F01167806F003063143167907
:109F100006F004063143167A06F01806314324F0A1
:109F20000F04167B06F00F0634431E68C6F8B41300
:109F30001E68C6F8B8438EE021F4F861C0271668A1
:109F400007EA861631434FF48077566807EA86168B
:109F500031434FF4C067966807EA8616314324F40C
:109F600070744FF47077D66807EA861634431E681B
:109F7000C6F8B4131E68C6F8B8436CE021F4F83193
:109F80004FF44057166807EA063631434FF48047CE
:109F9000566807EA0636314301E038E014E04FF432
:109FA000C037966807EA0636314324F470444FF40C
:109FB0007047D66807EA063634431E68C6F8B413FD
:109FC0001E68C6F8B84346E021F4F80116884FF43D
:109FD000402707EA8646314396884FF4801707EA00
:109FE0008646314316894FF4C00707EA8646314357
:109FF00024F4701496894FF4701707EA86463443A8
:10A000001E68C6F8B4131E68C6F8B84323E021F0F2
:10A01000F85116784FF0407707EA06663143167913
:10A020004FF0806707EA06663143167A4FF0C05753
:10A0300007EA0666314324F07064167B4FF07067C0
:10A0400007EA066634431E68C6F8B4131E68C6F8ED
:10A05000B84300E000BF00BFF0BD072944D2DFE8ED
:10A0600001F00D161F28313A04000268D2F884234B
:10A0700042F001030268C2F8843336E00268D2F885
:10A08000842342F002030268C2F884332DE00268A0
:10A09000D2F8842342F004030268C2F8843324E037
:10A0A0000268D2F8842342F008030268C2F88433BD
:10A0B0001BE00268D2F8842342F010030268C2F861
:10A0C000843312E00268D2F8842342F0200302684D
:10A0D000C2F8843309E00268D2F8842342F04003D6
:10A0E0000268C2F8843300E000BF00BF704710B5BB
:10A0F00003681A6822F007028B681A4322F01802DC
:10A10000CB681A4303681A600B68046863614B6884
:10A110000468A36110BD10B5024614682068146875
:10A12000D4F8A03320F020004C69204320F0C00078
:10A130004C69202C02D08C69022C04D120F0C00084
:10A1400040F0200013E08C69032C04D140F0400063
:10A1500020F080000BE08C69042C04D140F08000DA
:10A1600020F0400003E020F0200020F0C00020F4A8
:10A170000060CC69204320F480600C6A204320F00A
:10A18000C0604C6A204320F000608C6A204320F0BD
:10A190004040CC6A40EA840020F000504C6B2043E1
:10A1A00023F480330C6B2343146820601468C4F8D4
:10A1B000A03310BDF0B5154600240768803707EBC3
:10A1C000C1177A6E0768803707EBC117BE6B402D49
:10A1D00023D00EDC082D34D006DC012D1AD0022D40
:10A1E0002ED0042D43D116E0102D15D0202D3ED1B8
:10A1F00028E0B5F5007F27D005DC802D23D0B5F50C
:10A20000807F34D10AE0B5F5806F08D0B5F5006FD6
:10A210002DD11AE000BF00BF00BF00BF00BFD3F8C0
:10A2200004C00768803707EBC117C7F83CC0D3F8F4
:10A2300008C00768803707EBC117C7F840C017E0B0
:10A2400000BF00BF00BF00BF00BFD3F804C0076855
:10A25000803707EBC117C7F844C0D3F808C00768B8
:10A26000803707EBC117C7F848C0102400E000BFD3
:10A2700000BFFE27A740BA431F68A7403A43DF68E4
:10A28000A7403A431F69A7403A435F69A7403A4352
:10A290009F69A7403A431F69082F08D106F4007749
:10A2A0002FB906F0007717B9DF69A7403A4307686E
:10A2B000803707EBC1177A66F0BD30B5046880348B
:10A2C00004EBC114236823F007039468234323F0AD
:10A2D0001803D46823430468803404EBC11423605A
:10A2E00015680468803404EBC1146561556804681E
:10A2F000803404EBC114A56130BD00002DE9F041AC
:10A3000003460C46D3F800C00CF1800C0CEBC41CC7
:10A31000DCF800C02CF07048D3F800C00CF1800CC1
:10A320000CEBC41CCCF80080D3F800C00CF1800CFE
:10A330000CEBC41CDCF80000D3F800C00CF1800C5E
:10A340000CEBC41CDCF86860D3F800C00CF1800C86
:10A350000CEBC41CDCF86450D3F800C0DCF8A0138C
:10A3600020F02000D2F814C04CEA0000D2F814C04B
:10A37000BCF1200F04D0D2F818C0BCF1020F04D1F8
:10A3800020F4C07040F0200017E0D2F818C0BCF1F3
:10A39000030F04D140F0800020F480700DE0D2F86B
:10A3A00018C0BCF1040F04D140F4807020F080008C
:10A3B00003E020F0200020F4C07020F40060D2F808
:10A3C0001CC04CEA000020F48060D2F820C04CEAA7
:10A3D000000020F0C060D2F824C04CEA000020F059
:10A3E0000060D2F828C04CEA000020F07040D2F89B
:10A3F0002CC04CEA000020F40030D2F834C0BCF18C
:10A40000005F01D140F4003020F04000D2F838C0A5
:10A410004CEA000020F48020D2F858C04CEA00003A
:10A42000DFF828C100EA0C00D2F850C04CEA000066
:10A4300026F03F0692F83CC00CF03F0C4CEA0606B2
:10A4400026F00046D2F840C04CEA0606D2F838C0E2
:10A45000BCF1000F05D125F48075D2F844C04CEA58
:10A460000505D2F848C0BCF5606F04D0D2F848C0EA
:10A47000BCF5F05F04D1D2F838C0BCF1400F05D173
:10A4800025F4F055D2F848C04CEA050525F480457E
:10A49000D2F84CC04CEA0505576D062C2ED2DFE8E9
:10A4A00004F0030A11181F2621F40031D2F830C03D
:10A4B00041EA4C0123E021F48021D2F830C041EA86
:10A4C0008C011CE021F40021D2F830C041EACC011B
:10A4D00015E021F48011D2F830C041EA0C110EE0F1
:10A4E00021F40011D2F830C041EA4C1107E021F408
:10A4F0008001D2F830C041EA8C1100E000BF00BFFB
:10A50000D3F800C00CF1800C0CEBC41CCCF800009C
:10A51000D3F800C00CF1800C0CEBC41CCCF86860C4
:10A52000D3F800C00CF1800C0CEBC41CCCF86450C8
:10A53000D3F800C00CF1800C0CEBC41CCCF85470A8
:10A54000D3F800C0CCF8A013BDE8F081FFFF06FEF1
:10A5500010B503461C68803404EBC114E06E20F093
:10A560001000146840EA041020F48010546820435E
:10A5700020F48030D468204320F4003094682043D5
:10A580009469012C0BD120F004001469204320F0C1
:10A5900002005469204320F00100946920431C68A4
:10A5A000803404EBC114E06610BD000010B52DED41
:10A5B000028B9FED840AF0EE408A9FED820AB0EE96
:10A5C000408A4FF480518048FCF7DAFC18B1012032
:10A5D0007E49C87202E000207C49C87203F050FD39
:10A5E00004F0C8FA7A48007800287ED179480078CB
:10A5F000072807D077480078052803D075480078E9
:10A6000008286CD1744890ED050AF0EE408AB7EE48
:10A61000000AF4EEC08AF1EE10FA04DD90ED020AB1
:10A620006E4880ED000A6B4890ED070AF7EE000ACD
:10A63000B4EEE00AF1EE10FA4BDD684890ED000A46
:10A64000F0EE080A30EE200AB0EE408A624890ED43
:10A65000020AB4EEC80AF1EE10FA17DB5F4890ED7B
:10A66000000AF3EE0E0AB4EEE00AF1EE10FA0DDD88
:10A670000120574908700020564908705449C1F814
:10A680000600F9F785FE03F0A1F859E0514890ED76
:10A69000070AF1EE040AB4EEE00AF1EE10FA4FDD1B
:10A6A0004D4890ED050AF7EE000AB4EEE00AF1EE2F
:10A6B00010FA45D20120464908700020454908702B
:10A6C0004349C1F80600F9F763FE03F07FF837E06D
:10A6D0000BE09FED3C0A414880ED000A30E09FED21
:10A6E000390A3E4880ED000A2AE09FED360A3B48D1
:10A6F00080ED000A384890ED020ADFED390AB4EE29
:10A70000E00AF1EE10FA07D83148D0F80600401CF4
:10A710002F49C1F8060003E000202D49C1F80600CA
:10A720002B48D0F806002F49884209D30020284939
:10A730000870C1F806009FED230A264880ED070A3D
:10A74000254890ED020ADFED280AB4EEE00AF1EEAA
:10A7500010FA06DB1D48406820F0800080301B495D
:10A7600048601A48406880B1F9F712FE00F08EFF89
:10A7700003F02CF89FED130A164880ED070A00201D
:10A780001449087002F0B6FB17E01048C07A80B98F
:10A79000F9F7FEFD00F088FF00200E4908700B4914
:10A7A00048709FED080A0B4880ED070A02F0A2FBF3
:10A7B00003E000F079FF02F09DFB03F05DF8BDECD3
:10A7C000028B10BD000000000008004814070020A4
:10A7D000E80B0020B8080020DC0900201800002049
:10A7E00000006842E02202000000784200BFFEE75D
:10A7F00010B5044604B910BD34212046F7F754FDC6
:10A80000164820600220207100206071A071032290
:10A81000134904F1080000F039F80322114904F14A
:10A820000B0000F033F803220F4904F10E0000F092
:10A830002DF808220D4904F1110000F027F830210D
:10A840006176A17606220A4904F11B0000F01EF889
:10A85000302084F8280000BFCDE700005443414673
:10A86000F0110308F6110308F3110308F9110308A6
:10A870000112030810B500F025F8034AD11EC81EC6
:10A8800000F036FA10BD00003412002010B5034667
:10A8900003B102B910BD002003E000241C54441C85
:10A8A000E0B29042F9DB01B9F4E7002003E00C5C70
:10A8B0001C54441CE0B2904202DA0C5C002CF6D12D
:10A8C00000BFE7E7002011E019490A5C19490A5462
:10A8D0001749891F0A5C1749C91C0A541449C91E23
:10A8E0000A5C1449891D0A54411CC8B20328EBD3E1
:10A8F000002007E00E49C91C0A5C0E4909310A54C0
:10A90000411CC8B20828F5D3002007E008490D31E2
:10A910000A5C084911310A54411CC8B20628F5D313
:10A9200003490E398979034A2B3A82F8421070475D
:10A93000341200209B08002010B504460CB90020FA
:10A9400010BD204601F0A4FFFAE7000010B500207A
:10A950000349087000F094F8FFF78CFF10BD000069
:10A960008A00002010B503460C460BB9002010BD2C
:10A9700000210CE05A5C412A01DB5A2A05DD302A0D
:10A9800001DB392A01DD0020F1E7481CC1B2A142F8
:10A99000F0DB0120EBE730B503460C4600250BB990
:10A9A000002030BD002111E0585C10B1585C202817
:10A9B00000D109E00125585C202802DB585C7E2884
:10A9C00001DD0020EDE700BF481CC1B2A142EBDB76
:10A9D00002B90DB10120E4E70020E2E70548007864
:10A9E00008B1012070470448007808B10120F9E758
:10A9F0000020F7E78A0000206500002002460B4691
:10AA00000AB900207047002109E0505C302802DBC1
:10AA1000505C392801DD0020F4E7481CC1B299429E
:10AA2000F3DB0120EEE70346B3F5FA6F05D321B15E
:10AA30000C2902D80AB11F2A01D900207047012031
:10AA4000FCE7014609B9002070470878482802D180
:10AA500048782E2801D00020F6E78878302802DBDD
:10AA60008878392801DD0020EEE70120ECE7014677
:10AA7000302903DB392901DC012070470020FCE785
:10AA800000B58DB034220C496846F9F705FE0B4934
:10AA9000009888420AD19DF80400022806D1342289
:10AAA00069460748F7F7E7FB0DB000BD0448FFF71C
:10AAB0009FFE00BFF8E700000070200054434146AD
:10AAC0002612002010B506480078012800D010BDDD
:10AAD00000F05EF800200249087000BFF7E70000B0
:10AAE0008A00002070B5044604B970BD0A2104F143
:10AAF000110000F06AF8072104F1210000F065F868
:10AB000094F82800FFF7B3FF10B9302084F828002C
:10AB1000002505E0002104F129004155681CC5B25B
:10AB2000062DF7D30322134904F10800FFF7AEFE08
:10AB300011488678607B302803DB607B392800DC95
:10AB4000667B4820E0722E212173667303220B4935
:10AB500004F10E00FFF79AFE0948206002202071E0
:10AB6000607940F0010060710020E07184F83300EA
:10AB700000BFBAE7F0110308F6110308F311030848
:10AB80005443414601200149087070478A00002063
:10AB900010B50448F9F7C4FD34220249024803F015
:10ABA000D9F810BD00702000261200207CB50446A4
:10ABB0000D460020009001908DF8005008236A4651
:10ABC0002146032000F0C5F87CBD024602B970475B
:10ABD00000200AE0135C612B05DB135C7A2B02DC9E
:10ABE000135C203B1354431CD8B28842F2DB00BFF5
:10ABF000EDE7000010B504460CB9002010BD206838
:10AC00002349884202D12079022801D00020F5E7AB
:10AC1000A079072801D90020F0E70022032104F1E0
:10AC20000800FFF7B8FE08B90020E7E704F10B00C1
:10AC3000FFF707FF08B90020E0E70A2104F111003F
:10AC4000FFF790FE08B90020D8E7062104F11B00A9
:10AC5000FFF7D4FE08B90020D0E7072104F1210056
:10AC6000FFF780FE08B90020C8E794F82800FFF736
:10AC7000FEFE08B90020C1E72F34E278A17834F84D
:10AC80002F09FFF7D0FE08B90020B7E70120B5E78C
:10AC90005443414610B510480021016041600181D4
:10ACA00014210E48F7F700FB01200B4908800C48DF
:10ACB00000F0B8F8084948800A4800F0B3F806499F
:10ACC000888001200881084800F0ACF80749088016
:10ACD00000F0BAF910BD0000081200201212002086
:10ACE000F6110308F0110308F3110308880000208F
:10ACF00070B506460C461546204600F093F8064906
:10AD00004880304600F08EF803498880284600F0DD
:10AD100089F80249088070BD0812002088000020D0
:10AD20007CB506460C46154600200090019014B1F3
:10AD3000082D00D908252CB125B12A4621466846A0
:10AD4000F7F799FA08236A463146052000F001F822
:10AD50007CBD2DE9F0419AB080460E4615461C4652
:10AD600040216846F7F7A0FA0027092C01D10C27EB
:10AD700009E00B2C01D1142705E00F2C01D1342759
:10AD800001E0082708242DB127B13A462946684634
:10AD9000F7F771FA9DF8430020F0E0008DF84300CA
:10ADA0009DF8430068F304008DF84300F0B28DF87D
:10ADB000420020208DF84000A0208DF8410010981E
:10ADC00011904FF080401290002013901494159031
:10ADD0004FF48010169040001790002018901990A2
:10ADE0006A4611A9F8F768F81AB0BDE8F0817CB599
:10ADF00005460C468DF800508DF8014064208DF812
:10AE0000020000208DF803008DF804008DF8050085
:10AE10008DF806008DF8070008226946B520FFF777
:10AE20007FFF7CBD014609B90020704708783028B3
:10AE300012DB087839280FDC08783038642210FBE0
:10AE400002F24878303800EB800002EB400288784C
:10AE50003038104480B2E8E788780A7840EA022067
:10AE6000E3E7000010B500F087F900B110BD00BFA6
:10AE700000BF00BF00BF00BFBFF34F8F00BF00BFC8
:10AE800000BF0A48006800F4E06009490843001D5B
:10AE90000649086000BF00BF00BFBFF34F8F00BF6F
:10AEA00000BF00BF00BF00BFFDE700000CED00E0E9
:10AEB0000000FA052DE9F04104460CB9BDE8F08127
:10AEC00000F0C2F81E480579552D02D0AA2D00D0F9
:10AED00055251C48008820801A4840886080194801
:10AEE0008088A0801748C088E080164800892081AB
:10AEF00000206081A581144800886082104BB3F85F
:10AF00000F205978B3F81D0000F020F807460C4BCD
:10AF1000B3F811209978B3F8210000F017F806462D
:10AF2000552D03D117B90748878804E0AA2D02D10F
:10AF30000EB904488688E781268200BFBEE700007C
:10AF40005C120020081200208800002003461BB17C
:10AF50004FF6FF70834205D1AA2901D110467047F0
:10AF60000020FCE71846FAE710B5044604B910BD06
:10AF7000FFF734FD20B10321C520FFF717FEF6E7E8
:10AF800094F8280002280BD12920005DD02807D191
:10AF90002A20005DB12803D12B20005D4E2804D06B
:10AFA0000721C520FFF702FEE1E70648FFF720FC76
:10AFB000FFF760FCFFF7E6FD0021C520FFF7F6FD77
:10AFC00000BFD4E72612002010B58EB004460CB99D
:10AFD0000EB010BDFFF702FD20B10321C420FFF722
:10AFE000E5FDF5E72046FFF7A7FC342804D2012150
:10AFF000C420FFF7DBFDEBE7342101A8F7F754F994
:10B00000342204F1280101A8F7F735F901A8FFF768
:10B0100069FD01A8FFF7EEFD20B90121C420FFF76B
:10B02000C5FDD5E7342201A90648F7F724F9FFF753
:10B0300021FCFFF7A7FD0021C420FFF7B7FD00BFEB
:10B04000C6E700002612002010B50249024802F0AF
:10B0500068FA10BD002020005C12002010B50446E4
:10B060000F23034AC3210320FFF773FE10BD000026
:10B07000261200203EB504460B4801680091416845
:10B0800001910089ADF80800084800788DF80A00A1
:10B0900006480088000A8DF80B0009236A46C02183
:10B0A0000320FFF756FE3EBD081200208800002056
:10B0B00010B586B0044601A8FFF7FCFE0B2301AAD9
:10B0C000C2210320FFF745FE06B010BD10B50446AF
:10B0D0000B23034AC1210320FFF73BFE10BD0000F4
:10B0E000121200207CB505460C468DF8004008225F
:10B0F0006946B020FFF714FE7CBD00002DE9F04149
:10B1000006460F460EB9BDE8F08196F82850032D8B
:10B1100002D0022D00D0F6E71648B0F8050045F63B
:10B12000B321884205D01348B0F80500891C884235
:10B1300001D1002418E00F48B0F8050045F6B2210F
:10B14000884205D00B48B0F80500491E884201D15D
:10B15000012409E00748B0F8050045F6B42188420B
:10B1600001D1022400E0012421462846FFF73FFEDA
:10B1700000BFC8E75C12002010B50949094802F079
:10B18000D0F9012801D0012010BD0120054981F826
:10B1900029000349034802F0B5FF0020F4E700004E
:10B1A000002020005C12002010B50446C02C0BD0FB
:10B1B000C12C09D0C22C07D0C32C05D0C42C03D07D
:10B1C000C52C01D0B52C01D1002010BDB02C07D06A
:10B1D000B12C05D0B22C03D0B32C01D0B42C18D193
:10B1E0000D490E4802F09DF9012801D00020ECE73E
:10B1F000B02C0CD00948B0F8050045F6B3218842C0
:10B2000005D1064890F8290008B90020DDE70120A3
:10B21000DBE70020D9E70000002020005C120020BE
:10B2200070B505462C4604B970BD2C212046F7F7B1
:10B230003BF855202071FF20E07045F6B520A4F8BA
:10B24000050055206070A070002084F8280084F864
:10B250002900552000F090F810B9AA2084F82400A5
:10B26000552000F09CF810B9AA2084F82500AA20E7
:10B2700000F082F810B9AA2084F82600AA2000F075
:10B280008EF810B9AA2084F8270000BFCCE7024648
:10B290001146002309B90020704791F8290038B100
:10B2A00091F82900012803D0002081F8290001230A
:10B2B0000879552804D00879AA2801D055200871AA
:10B2C000C878552808D0C878AA2805D0C878FF289B
:10B2D00002D0FF20C87001231846DDE770B505468F
:10B2E0000C461CB1284600F019F808B9012070BDC1
:10B2F000014820600020FAE700A0000870B505466C
:10B300000C461CB1284600F009F808B9012070BDB0
:10B31000014820600020FAE7002002080146552974
:10B3200001D0AA2901D1012070470020FCE70000CC
:10B3300070B503460C461668516821F001050D48AA
:10B340003040B0F1005F01D0012070BD09B1481C50
:10B3500008B90120F9E701F0010008B90120F4E77C
:10B360009D4202D31819A84201D80120EDE7002020
:10B37000EBE700000000FE2F38B505466946284679
:10B38000FFF7ACFF08B1012038BD00BF4FF4AC346B
:10B3900000BF2146009A1046FFF7CAFFF4E738B510
:10B3A000054669462846FFF7A9FF08B1012038BDC8
:10B3B00000BF4FF4C83400BF2146009A1046FFF783
:10B3C000B7FFF4E710B5002400BF0AE0C4EB041196
:10B3D00001EB4411094A88181F21F6F765FF601C2C
:10B3E000C4B2082CF2DB06480021016041600181F3
:10B3F00025210448F6F758FF10BD0000700A002010
:10B40000E80B0020F20B002010B52048002101605D
:10B410004160816058211E48F6F746FF1D480068CC
:10B42000806820F040001B4909688860194800685E
:10B43000006840F010001749096808601648006865
:10B44000006820F00100144909680860562012497C
:10B45000096848600F48006824300F49096888600F
:10B460000E480D490968C8600B480068006840F044
:10B47000010009490968086006480068806840F0D2
:10B48000400004490968886010BD00005007002092
:10B490005C070020AC05002040060020B407002017
:10B4A000704700000A48807918B1052008490870E3
:10B4B0000CE00748407818B901200549087005E0FC
:10B4C0000348407810B1022001490870704700001D
:10B4D000600A002010B568480088401C6649088052
:10B4E00008460088B0F5A07F01DB00200880634893
:10B4F0000088401C6149088008460088782801DBE4
:10B50000002008805E4800785E490978884215D09E
:10B510005B4800785B490870002240215A48FBF7DD
:10B5200037FD002280215848FBF732FD00224FF4FE
:10B5300000414FF09040FBF72BFD10BD50480078C4
:10B5400006286FD2DFE800F0031F405C6F814A4895
:10B550000088A02805DB012240214B48FBF718FD9D
:10B5600004E0002240214848FBF712FD0022802120
:10B570004548FBF70DFD00224FF400414FF090408D
:10B58000FBF706FD74E03C480088A0280ADB012296
:10B5900040213D48FBF7FCFC012280213A48FBF7A3
:10B5A000F7FC09E0002240213748FBF7F1FC0022BC
:10B5B00080213548FBF7ECFC00224FF400414FF0AE
:10B5C0009040FBF7E5FC53E02C4800883C2805DB65
:10B5D000012240212C48FBF7DBFC04E00022402143
:10B5E0002948FBF7D5FC002280212748FBF7D0FC37
:10B5F00000224FF400414FF09040FBF7C9FC37E0C8
:10B60000012240212048FBF7C3FC012280211E4873
:10B61000FBF7BEFC00224FF400414FF09040FBF7D7
:10B62000B7FC25E023E0012240211748FBF7B0FCDE
:10B63000002280211448FBF7ABFC00224FF40041AC
:10B640004FF09040FBF7A4FC12E0002240210E488E
:10B65000FBF79EFC012280210B48FBF799FC00229E
:10B660004FF400414FF09040FBF792FC00E000BF28
:10B6700000BF00BF61E70000220000202000002082
:10B68000600A0020240000200008004810B50022B5
:10B6900004210348FBF77CFC00200249087310BD1D
:10B6A000000C00481407002010B5012204210348B3
:10B6B000FBF76EFC01200249087310BD000C004826
:10B6C000140700208168024A1140491C81607047BC
:10B6D000C0FFFF7F0146886800F0E07070470146B8
:10B6E000886800F01F007047024602F1600000EB1E
:10B6F0008103186800F0F840704701468868C0F37D
:10B70000C000704701468868C0F34000704701469A
:10B71000886800F0010070470146886800F0010069
:10B72000704701468868C0F300707047014688681A
:10B73000C0F38000704701468868C0F380007047FE
:10B740008168024A1140091D81607047C0FFFF7F78
:10B7500070B500F11404C1F3406504EB85031C6867
:10B76000C1F304560725B540AC43C1F3045502FAB2
:10B7700005F52C431C6070BD826822F0E0720A431C
:10B780008260704710B500F1600404EB81031C680F
:10B7900024F0004414431C6010BD426922F00042B2
:10B7A0000A43426170470000014908607047000089
:10B7B000140401400149086070470000340401404E
:10B7C000024909688143014A11607047040401403D
:10B7D000024909688143014A11607047240401400D
:10B7E000024909688143014A116070470004014021
:10B7F000024909688143014A1160704720040140F1
:10B800000148007870470000740000200020704755
:10B81000012070471F48006820F040601D49086003
:10B820000846006840F0806008604FF400501949F5
:10B83000283108601748006820F0407015490860FA
:10B840000846006840F0807008604FF4805011494D
:10B85000283108600F48006820F040500D4908600A
:10B860000846006840F0805008604FF48040094965
:10B87000283108600748006820F04040054908600A
:10B880000846006840F080400860480101492831BE
:10B89000086070470004004810B501200349087093
:10B8A00002F074FC00200149087010BD74000020F3
:10B8B00010B5FFF7F1FF00200149087010BD00002E
:10B8C0007500002000B587B000BF1548C06C40F07F
:10B8D00002001349C8640846C06C00F002000090E2
:10B8E00000BF00BF40200190012002900390022081
:10B8F000049001A90B48FBF755FA012211460948AB
:10B90000FBF746FBF8F7DAFF2020F9F795F806A8D1
:10B91000F8F74EFE06A8F8F76FFE07B000BD00006E
:10B92000001002400004004800B58BB000200890D1
:10B9300009900A9020216846F6F7B6FC4FF0A04027
:10B94000394908604FF48010486000213648816012
:10B95000C160016101214161042181610021017700
:10B96000417705210162002180F824104FF4906195
:10B97000C1624FF480610163012180F83810002119
:10B98000C16380F84010F9F785FC08B1F8F746FD6F
:10B990000020089008A92448F9F7E6F808B1F8F75C
:10B9A0003DFD2248009006200190032002907F2058
:10B9B0000390042004900020059069461A48F9F786
:10B9C000AFF908B1F8F72AFD194800900C20019052
:10B9D00069461548F9F7A4F908B1F8F71FFD1548AD
:10B9E00000901220019069460F48F9F799F908B1C3
:10B9F000F8F714FD104800901820019069460A4895
:10BA0000F9F78EF908B1F8F709FD0C4800904FF4EA
:10BA10008070019069460448F9F782F908B1F8F797
:10BA2000FDFC0BB000BD00008C0000200001802157
:10BA30000002B025020030040800900C00106032B3
:10BA400000B589B0202101A8F6F72EFC47484849E7
:10BA500008604FF440204860002145488160C16083
:10BA60000161012141610421816100210177417758
:10BA700008210162002180F824104FF4B861C162EE
:10BA80004FF480610163012180F838100021C16307
:10BA900080F84010F9F7FEFB08B1F8F7BFFC354815
:10BAA000019006200290022003907F200490042041
:10BAB00005900020069001A92D48F9F731F908B149
:10BAC000F8F7ACFC2C4801900C20029001A9284802
:10BAD000F9F726F908B1F8F7A1FC284801901220DF
:10BAE000029001A92248F9F71BF908B1F8F796FC72
:10BAF000234801901820029001A91D48F9F710F978
:10BB000008B1F8F78BFC1F4801904FF48070029049
:10BB100001A91748F9F704F908B1F8F77FFC1A48AA
:10BB200001904FF48370029001A91148F9F7F8F8D9
:10BB300008B1F8F773FC154801904FF48670029035
:10BB400001A90B48F9F7ECF808B1F8F767FC1048C1
:10BB500001904FF48970029001A90548F9F7E0F8C7
:10BB600008B1F8F75BFC09B000BD0000000100500F
:10BB7000F800002000005247002090360800900C8A
:10BB8000400020190040C03A0008302E2000F01478
:10BB90001000C01010B50B480B4908600020486029
:10BBA000502109488160002101614FF4A021C1604A
:10BBB000002141618161F9F795FE08B1F8F72EFC8B
:10BBC00010BD0000000201402402002010B50B4807
:10BBD0000B490860801548605021094881600021A8
:10BBE00001614FF4A021C160002141618161F9F739
:10BBF00079FE08B1F8F712FC10BD00000402014004
:10BC00004802002010B50B480B49086080154860B9
:10BC1000402109488160002101614FF4A021C160E9
:10BC2000002141618161F9F75DFE08B1F8F7F6FB8B
:10BC300010BD0000080201406C02002000B58DB06C
:10BC4000302101A8F6F730FB144815490860084672
:10BC5000FAF7B2F908B1F8F7E1FB022001900020F1
:10BC60008DF808008DF809000390049005900220DB
:10BC70000690079000200890002201A90848FAF7D2
:10BC800067F808B1F8F7CAFB102201A90448FAF7CF
:10BC90005FF808B1F8F7C2FB0DB000BD0008005016
:10BCA0009002002000B58DB0302101A8F6F7FCFA13
:10BCB0001048114908600846FAF77EF908B1F8F70C
:10BCC000ADFB0220019000208DF808008DF80900DE
:10BCD00003900490059002200690079000200890A1
:10BCE000002201A90448FAF733F808B1F8F796FBE7
:10BCF0000DB000BD00100050A402002008B500BF28
:10BD00001D48806C40F004001B4988640846806C24
:10BD100000F00400009000BF00BF00BF0846806C28
:10BD200040F0010088640846806C00F0010000903B
:10BD300000BF00BF002201210B20FCF769F80B2097
:10BD4000FCF752F8002202210C20FCF761F80C20CD
:10BD5000FCF74AF8002204210D20FCF759F80D20C9
:10BD6000FCF742F8002204210E20FCF751F80E20C7
:10BD7000FCF73AF808BD00000010024010B5154865
:10BD800015490860002048604FF4407112488160F6
:10BD90000021C160012101744174002181741421CA
:10BDA0004161012181610C21C161042101621121E4
:10BDB0004162012181620321C1620121016341636A
:10BDC00000218163C163FAF7B3FD08B1F8F726FBE0
:10BDD00010BD000000640040B802002000B587B02C
:10BDE000142102A8F6F760FA00BF4948C06C40F081
:10BDF00004004749C8640846C06C00F00400019084
:10BE000000BF00BF00BF0846C06C40F02000C864FF
:10BE10000846C06C00F02000019000BF00BF00BFCA
:10BE20000846C06C40F00100C8640846C06C00F0D1
:10BE30000100019000BF00BF00BF0846C06C40F089
:10BE40000200C8640846C06C00F00200019000BF08
:10BE500000BF00BF0846C06C40F00800C864084638
:10BE6000C06C00F00800019000BF00BF00224FF43A
:10BE700003512848FBF78CF8002244212648FBF7A1
:10BE800087F800224FF400414FF09040FBF780F814
:10BE9000002204212148FBF77BF84FF40350029065
:10BEA0000120039000200490059002A91948FAF798
:10BEB00079FF442002900120039000200490059017
:10BEC00002A91548FAF76EFF4FF4004002900120D6
:10BED000039000200490059002A94FF09040FAF7DB
:10BEE00061FF4FF48050029000200390049002A95B
:10BEF0000848FAF757FF0420029001200390002021
:10BF00000490059002A90548FAF74CFF07B000BD60
:10BF1000001002400008004800040048000C0048DF
:10BF200000B5BBB0142136A8F6F7BEF90020339057
:10BF3000349035902F903090319032902B902C90FF
:10BF40002D902E90602113A8F6F7AEF900201090E6
:10BF5000119012901C2109A8F6F7A6F9202101A83A
:10BF6000F6F7A2F9E648E749086058204860002142
:10BF7000E4488160FBF74AFB08B1F8F74FFA0C215F
:10BF8000E048FBF711F808B1F8F748FA0A21DD4854
:10BF9000FBF720FC08B1F8F741FA0021D948FBF77C
:10BFA00069F808B1F8F73AFA012036900020379086
:10BFB00038903A9036AA0421D248FBF735F808B1F8
:10BFC000F8F72CFA0120369036AA0521CD48FBF768
:10BFD0002BF808B1F8F722FA0120369036AA06218C
:10BFE000C848FBF721F808B1F8F718FA0021C5484E
:10BFF000FBF7E2FA08B1F8F711FA00203390349019
:10C00000359033AA0821BF48FBF7FAF908B1F8F7D1
:10C0100005FA33AA0821BB48FBF753F808B1F8F733
:10C02000FDF902202F9030900020319032902FAAFD
:10C030000821B448FBF7DBF808B1F8F7EFF9012263
:10C040000821B048FBF774FA33AA1021AD48FBF77A
:10C05000D7F908B1F8F7E2F933AA1021A948FBF79C
:10C0600030F808B1F8F7DAF92FAA1021A548FBF744
:10C07000BEF808B1F8F7D2F901221021A148FBF768
:10C0800057FA33AA20219F48FBF7BAF908B1F8F70D
:10C09000C5F933AA20219B48FBF713F808B1F8F73C
:10C0A000BDF92FAA20219748FBF7A1F808B1F8F7AE
:10C0B000B5F9012220219348FBF73AFA44F26820AF
:10C0C0002B9000202C9003202D9008202E902BAA3E
:10C0D00006218C48FBF7A3FB08B1F8F79FF9002075
:10C0E000139014901590169001201790002018902E
:10C0F00019901A901B901C904FF000601D9000202A
:10C100001E901F904FF00050209000202A9013AAFC
:10C1100006217C48FBF704FD08B1F8F77FF944F2EB
:10C12000DF00109010AB012206217648FBF794FB4C
:10C1300008B1F8F773F92BAA02217248FBF76FFBDD
:10C1400008B1F8F76BF9002009900A900B900C9059
:10C150000F9009AA02216B48FBF74EFD08B1F8F7D2
:10C160005DF9002013901490219038202290002037
:10C170002390249025904FF08070279010202890D5
:10C180000020299013AA02215E48FBF7C9FC08B1E0
:10C19000F8F744F9002025902020289040032990AA
:10C1A00013AA03215748FBF7BBFC08B1F8F736F98F
:10C1B0006420109010AB012202215248FBF74CFB87
:10C1C00008B1F8F72BF94FF47A7010900020119015
:10C1D000129010AB022211464A48FBF73DFB08B112
:10C1E000F8F71CF96420109010AB04220221454896
:10C1F000FBF732FB08B1F8F711F94FF47A701090A1
:10C2000010AB082202213F48FBF726FB08B1F8F7E4
:10C2100005F910AB082203213A48FBF71DFB08B1D2
:10C22000F8F7FCF8002001900820029010200390FD
:10C230000020049005902020069000200790089090
:10C2400001AB102202212F48FBF720FC08B1F8F7C0
:10C25000E5F801AB402203212A48FBF717FC08B19F
:10C26000F8F7DCF8202002904020039001AB202258
:10C2700002212448FBF70AFC08B1F8F7CFF801AB1C
:10C28000802203211F48FBF701FC08B1F8F7C6F82C
:10C290002BAA03211B48FBF7C2FA08B1F8F7BEF836
:10C2A00009AA03211748FBF7A7FC08B1F8F7B6F86D
:10C2B0006420109010AB012203211248FBF7CCFA46
:10C2C00008B1F8F7ABF84FF47A70109010AB022277
:10C2D00003210C48FBF7C0FA08B1F8F79FF8642077
:10C2E000109010AB042203210648FBF7B5FA08B101
:10C2F000F8F794F80348FBF73DFA3BB000BD0000A7
:10C30000006801401C03002010B512481249086063
:10C310004FF48270486000210F4881604FF4E06163
:10C32000C1600021016141614FF400718161102100
:10C33000C16100210162416281620721C162002165
:10C34000016308214163FCF78DFC08B1F8F766F83A
:10C3500010BD0000003001401804002000B587B077
:10C3600000200390049005900690009001900290A8
:10C37000154816490860A9204860002113488160CB
:10C3800040F2E731C1600021016141618161FCF748
:10C3900081FF08B1F8F742F84FF48050039003A9E9
:10C3A0000A48FDF757F808B1F8F738F82020009050
:10C3B0008020029069460548FCF700FF08B1F8F7B5
:10C3C0002DF807B000BD00000040014060050020CE
:10C3D00000B59BB000201790189019901A901490F7
:10C3E000159016901C210DA8F5F75EFF34216846C4
:10C3F000F5F75AFF314832490860102048600021A3
:10C400002F48816040F2F311C16000210161416158
:10C410008161FCF73FFF08B1F8F700F84FF4805056
:10C42000179017A92648FDF715F808B1F7F7F6FF9A
:10C430002348FDF76DFA08B1F7F7F0FF00201490DC
:10C440001590169014A91E48FCF7B8FE08B1F7F72E
:10C45000E5FF60200D9040F2F3100E9000200F9049
:10C46000109011901290139000220DA91448FDF71E
:10C4700097F908B1F7F7D2FF0020009001900290E1
:10C4800032200390002004904FF4005005900020CB
:10C490000690079008904FF00070099000200A90D5
:10C4A0000B900C9069460648FCF71EFE08B1F7F7A2
:10C4B000B5FF0348FDF76CF81BB000BD002C014030
:10C4C0007C04002000B587B0002003900490059004
:10C4D00006900090019002901448154908601020C1
:10C4E0004860002112488160F921C160002101618A
:10C4F0008161FCF7CFFE08B1F7F790FF4FF4805051
:10C50000039003A90A48FCF7A5FF08B1F7F786FFD7
:10C51000202000908020029069460548FCF74EFEDE
:10C5200008B1F7F77BFF07B000BD00000004004032
:10C53000C804002000B58FB000200B900C900D9027
:10C540000E90089009900A901C2101A8F5F7ACFE06
:10C550002848294908601020486000212648816049
:10C5600040F2F311C160002101618161FCF792FE8C
:10C5700008B1F7F753FF4FF480500B900BA91E48FA
:10C58000FCF768FF08B1F7F749FF1B48FDF7C0F952
:10C5900008B1F7F743FF002008900A9008A9164851
:10C5A000FCF70CFE08B1F7F739FF6020019040F26C
:10C5B000F3100290002003900590042201A90E4878
:10C5C000FDF7EEF808B1F7F729FF082201A90A489C
:10C5D000FDF7E6F808B1F7F721FF0C2201A906489C
:10C5E000FDF7DEF808B1F7F719FF0348FCF7D0FFB5
:10C5F0000FB000BD000800401405002010B5184819
:10C60000184908604FF4E130486000211548816006
:10C61000C16001610C21416100218161C161016240
:10C62000416200200F4988620846FDF72EFA08B1E2
:10C63000F7F7F4FE00210B48FDF7F8F908B1F7F71A
:10C64000EDFE00210748FDF7C2F908B1F7F7E6FE55
:10C650000448FDF795F908B1F7F7E0FE10BD0000BA
:10C6600000480040AC05002000BFFEE730B50246A0
:10C670000B464FF6FF70002112E0555C6840002425
:10C680000AE000F0010525B140104AF201056840BA
:10C6900000E04010651CACB2082CF2DB4D1CA9B2C6
:10C6A0009942EADB30BD2DE9F04105460E464FF6D2
:10C6B000FF77002406E0295D3846F6F7C9FB0746F8
:10C6C000601C84B2B442F6DB3846BDE8F08100005D
:10C6D000F0B505460C46002600272F78601E295C21
:10C6E000A01E285C41EA0026A01E81B22846FFF762
:10C6F000BDFFB0420FD1012F0BD1E1B2284603F0AC
:10C7000015FF054880690549086001200449087043
:10C7100000E000BF00BFF0BD24080020340000206E
:10C720003000002000BFFEE700201249097A81B1E5
:10C7300011490988491C104A118011460988B1F530
:10C74000C87F0BDB4FF4C87111800121094A517277
:10C7500004E00021074A5172074A118040F2F311A8
:10C76000064A1160064A1160121D1160121D116007
:10C7700070470000140700205E000020342C0140A8
:10C7800038080040F0EE400A10B9B0EE600A704779
:10C7900090ED050AD0ED001AB0EE401A00EEA11A95
:10C7A00090ED010A20EE200AD0ED031A01EE610A95
:10C7B00080ED050AB0EE410AE9E7000010B5044635
:10C7C00034B10748007818B101210648FEF78AFC09
:10C7D000002005490870054908700149087010BD1E
:10C7E00066000020B80D00206400002065000020D5
:10C7F00070B5054615B11748007800B170BD2846E0
:10C8000000F030F804462046FEF7CEFC00B9F5E70C
:10C81000FEF7FCFF30B1B02C03D101212846FEF712
:10C8200061FCEBE7FEF7F6FFFFF742F868222946C6
:10C830000948F5F720FDB02C01D1012000E00020CF
:10C84000064908700120034908700549087000BFB7
:10C85000D4E7000064000020B80D0020660000202E
:10C860006500002008B50146086800909DF80200A8
:10C8700008BD08B50146086800909DF8030000F067
:10C880001F0008BD00B50346184600F001F800BDC2
:10C89000014609B900207047CA680F2A02D9C86842
:10C8A000C0F303420148805CF5E70000641B030805
:10C8B00010B59AB004460CB91AB010BD2046FFF767
:10C8C000D1FF254908702046FFF7D3FF23490870A0
:10C8D00008460078032824D11F480078C03806286D
:10C8E0001CD2DFE800F003070B0F13172046FEF7FA
:10C8F000C1FB14E02046FEF7E9FB10E02046FEF7FE
:10C90000D7FB0CE02046FEF7A9FB08E02046FEF727
:10C910005BFB04E02046FEF727FB00E000BF00BF02
:10C92000CAE70D480078B52806D10B4908700121E7
:10C930002046FEF7E3FBBFE70748007800F0A9F8C0
:10C9400040B1682221466846F5F795FC6846FFF736
:10C950004FFF00BF00BFAFE76D0000206E0000205A
:10C9600070B52E48007800B970BD2D4800780128B8
:10C9700004D0022820D0032848D12FE0FEF748FF3A
:10C98000044604B946E0022C03D10120FFF716FF4C
:10C9900040E02448007858B100212348FEF7A2FB6C
:10C9A000FAF7FCFA2149086002201D49087002E0EC
:10C9B00003201B4908702DE000F04AF818B103204D
:10C9C0001749087026E0FAF7E9FA18490968401A89
:10C9D000322802D30320124908701BE01148007866
:10C9E00050B1114890F82850022D01D0032D02D1EA
:10C9F000284600F0EBF900BF0020084908700849FC
:10CA0000087008490870FEF72DFA03E00020FFF7D0
:10CA1000D5FE00BF00BF00BFA6E7000064000020F5
:10CA20006500002066000020B80D00207000002086
:10CA300010B5FEF747FF0449044800F072FDFEF709
:10CA400029F9FDF783FF10BD002020005C120020B3
:10CA500010B50248F6F756FB10BD0000B8020020E2
:10CA600008B5014600919DF80100202801D0002062
:10CA700008BD9DF8030000F01F00052805D09DF8B3
:10CA8000030000F01F00032801D10120F0E700207F
:10CA9000EEE70146B02907D0B12905D0B22903D06D
:10CAA000B32901D0B42901D1012070470020FCE74F
:10CAB00010B50C48007808B1012010BD00F01AF83C
:10CAC00008B10120F9E70848007848B1FAF766FA9A
:10CAD00006490968401A0649884201D20120ECE75C
:10CAE0000020EAE7640000206C00002068000020BD
:10CAF000C0D4010010B50D48007808B1012010BD68
:10CB00000B48007810B90B48007808B10120F6E70F
:10CB10000948007840B1FAF741FA08490968401A13
:10CB2000502801D20120EAE70020E8E76400002055
:10CB300060000020630000206C00002068000020DE
:10CB400010B59AB00D48007808B91AB010BD00248D
:10CB500009E0684600F048F800B906E06846FFF7CB
:10CB6000A7FE601CC4B2022CF3D300BF04480078B7
:10CB700010B900200149087000BFE6E760000020FE
:10CB80006300002010B504461348007800B10CB9CA
:10CB9000002010BD1148007800EB800202EBC000BD
:10CBA0000F4A02EBC00168222046F5F764FB0B48F0
:10CBB0000078401C00F0030008490870064800781F
:10CBC000401E054908700846007810B90020054944
:10CBD00008700120DDE700006300002062000020F3
:10CBE000180C0020600000202DE9F0410646334873
:10CBF000007800B116B90020BDE8F081002454E0AF
:10CC00002F480078204400F0030505EB850101EB77
:10CC1000C5012C4A02EBC100FFF724FEB52842D122
:10CC200005EB850000EBC500264A02EBC001682237
:10CC30003046F5F720FB1DE0214800782044401CD9
:10CC400000F003071E480078204400F0030807EBBB
:10CC5000870202EBC7021B4B03EBC20108EB880201
:10CC600002EBC80203EBC2006822F5F704FB601C6C
:10CC7000C4B200BF601C114909788842DCD3124855
:10CC80000078C01C00F003000F4908700B480078C2
:10CC9000401E0A4908700846007810B900200B4968
:10CCA00008700120A8E7601CC4B2044800788442E0
:10CCB000A6DB3046FFF766FF9EE70000630000201A
:10CCC00062000020180C002061000020600000209D
:10CCD00010B5044604B910BD1948007804280BD3D8
:10CCE00018480078401C00F00300164908701448EA
:10CCF0000078401E124908701349097801EB81023F
:10CD000002EBC101114A02EBC10068222146F5F78E
:10CD1000B2FA0D480078401C00F003000A49087080
:10CD200007480078401C064908700120084908702F
:10CD300008490870FAF732F90749086000BFCAE7E6
:10CD4000630000206200002061000020180C002019
:10CD5000600000206C0000206800002070B59AB0D0
:10CD600004460E4604B10EB91AB070BD6068B0F149
:10CD7000804F00D0F8E72068FFF772FE00B9F3E7B4
:10CD80002046FFF77FFD0546402D00D9402528228B
:10CD900021466846F5F76FFA40210AA8F5F784FAAC
:10CDA0002A4631460AA8F5F766FA6846FFF790FF6B
:10CDB00000BFD9E738B504464FF0FF3000906A460F
:10CDC0001C212046F6F750F8009838BD10B588B001
:10CDD000044620216846F5F767FA0B4800900120C9
:10CDE0008DF804008DF80540ADF818006846FFF78F
:10CDF000E1FF07900548F7F793FC202203496846B6
:10CE000000F0A8FF08B010BD4F4F54310050200073
:10CE100023490978884205D022498969224A11604C
:10CE20001F490870C8B11F49897A31B11D49097D70
:10CE300041F002011B4A117505E01A49097D01F014
:10CE40000101184A11751749497D41F0020215493F
:10CE50004A750021154A11701DE012498969124A6C
:10CE60001268891A40F6B832914214D90D49097DE9
:10CE700001F001010B4A11751146497D01F00102D3
:10CE800008494A750021074A917200220549CA7271
:10CE9000CA810A820A730021044A11707047000097
:10CEA0004800002024080020440000203900002011
:10CEB00070470000F0EE401A10B99FED0D0A704760
:10CEC000C0ED041A90ED040A90ED032A30EE420AF8
:10CED00020EE200A90ED042A01EE020A80ED070AF6
:10CEE00090ED040A80ED030A90ED070AE7E70000E1
:10CEF0000000000010B51F4800781E494870084621
:10CF00000078092824D2DFE800F005080B0E14177A
:10CF10001D201A00F6F77EFC1BE001F043FB18E031
:10CF200001F0A8F915E0F6F7ABFE00201149C88022
:10CF30000FE0F6F77DFF0CE0F6F770FB09E0F6F77F
:10CF400073FD06E0F6F7CEFD03E0F6F789FC00E09E
:10CF500000BF00BF0748407806490978884207D0DB
:10CF600004484078082803DC0248407801490870EA
:10CF700010BD0000B808002010B524210E48F5F7B8
:10CF800093F91C220D490E48F5F775F91C220D493D
:10CF90000D48F5F770F91C220A490C48F5F76BF9B2
:10CFA0001C2208490A48F5F766F91C220549094878
:10CFB000F5F761F910BD0000E40800202412030811
:10CFC0006C0900200812030850090020880900207D
:10CFD000A4090020C00900202DE9F04103460024E7
:10CFE000002000251846FE4E3669B6F5FA6F7BD351
:10CFF000C1EB011606EB4116FA4F3E44B6F803604A
:10D00000761CC1EB011707EB4117DFF8D8C3674463
:10D01000A7F80360C1EB011606EB411667463E44D4
:10D02000B6F8036044F62067BE4207DD3E46C1EB1A
:10D03000011707EB41176744A7F8036000287DD06C
:10D04000C1EB4116E84F3E44F67C002E4CD0002444
:10D05000C1EB41163E44367D6EB9C1EB41163E44EC
:10D06000D6F8156000EE906AF4EEC00AF1EE10FA00
:10D0700055DD012453E0C1EB4116DB4F3E44367DC4
:10D08000012E0DD1C1EB41163E44D6F8156000EEDD
:10D09000906AF4EEC00AF1EE10FA40D201243EE0AC
:10D0A000C1EB4116D04F3E44367D022E1DD1C1EB5F
:10D0B00041163E44D6F8156000EE906AF4EEC00AC0
:10D0C000F1EE10FA01D2012429E0C1EB4116C64F5E
:10D0D0003E44D6F8196000EE906AF4EEC00AF1EE14
:10D0E00010FA1CDD01241AE038E0C1EB4116BE4FF6
:10D0F0003E44D6F8156000EE906AF4EEC00AF1EEF8
:10D1000010FA0CDDC1EB41163E44D6F8196000EE72
:10D11000906AF4EEC00AF1EE10FA00D20124F4B1E4
:10D12000C1EB011606EB4116AE4F3E44B6F8036064
:10D13000C1EB4117DFF8B0C2674400E01AE0B7F86E
:10D140001D70BE420ADB00200026C1EB011707EB71
:10D150004117DFF890C26744A7F8036050E100264A
:10D16000C1EB011707EB4117DFF878C26744A7F856
:10D17000036045E19D4E767A0EB90329EED1002475
:10D18000C1EB4116984F3E44B6786EB9C1EB4116DB
:10D190003E44D6F8036000EE906AF4EEC00AF1EE69
:10D1A00010FA54DD012452E0C1EB41168E4F3E448B
:10D1B000B678012E0DD1C1EB41163E44D6F803607E
:10D1C00000EE906AF4EEC00AF1EE10FA3FD20124AC
:10D1D0003DE0C1EB4116844F3E44B678022E1CD18F
:10D1E000C1EB41163E44D6F8036000EE906AF4EEBF
:10D1F000C00AF1EE10FA01D2012428E0C1EB411679
:10D20000794F3E44D6F8076000EE906AF4EEC00A0B
:10D21000F1EE10FA1BDD012419E0C1EB4116724F4B
:10D220003E44D6F8036000EE906AF4EEC00AF1EED8
:10D2300010FA0CDDC1EB41163E44D6F8076000EE53
:10D24000906AF4EEC00AF1EE10FA00D20124002C2C
:10D2500084D0C1EB011606EB4116624F3E44B6F88E
:10D260000370C1EB011606EB4116DFF878C1664486
:10D27000F61DC1EB011C0CEB411CDFF86881C444B6
:10D280009CF801C006EB4C0637800026C1EB011765
:10D2900007EB4117C4466744A7F80360C1EB0116CA
:10D2A00006EB411647463E447678761CC1EB0117E3
:10D2B00007EB411767447E70C1EB011606EB411680
:10D2C00047463E447678C1EB4117DFF81CC16744FE
:10D2D0007F7BBE420EDB0026C1EB011707EB411737
:10D2E000C44667447E700126C1EB011707EB411766
:10D2F0006744BE70C1EB011606EB4116394F3E4440
:10D30000B678002E7CD0C1EB4116374F3E44767B79
:10D31000012E27D100220DE00027C1EB011606EBFC
:10D320004116DFF8C0C06644F61D06EB42063780A2
:10D33000561CF2B2C1EB41162B4F3E44767B96420F
:10D34000EADC0026C1EB011707EB4117DFF894C0B8
:10D3500067447E70C1EB011707EB41176744BE704D
:10D3600001204DE0002500220CE0C1EB011606EB88
:10D3700041161C4F3E44F61D06EB420636883544E6
:10D38000561CF2B2C1EB4116174F3E44767B9642D3
:10D39000EBDCC1EB41163E44B6F80B60AE422FD930
:10D3A00000220DE00027C1EB011606EB4116DFF865
:10D3B00034C06644F61D06EB42063780561CF2B2B6
:10D3C000C1EB4116084F3E44767B9642EADC0026CC
:10D3D000C1EB011707EB4117DFF808C0674407E00E
:10D3E00000070020700A00204415030814070020DD
:10D3F0007E70C1EB011707EB41176744BE70012037
:10D40000BDE8F081002002490870487088707047BC
:10D410003807002019488078F0B9194890ED050ABE
:10D42000F1EE000AB4EEE00AF1EE10FA10DD154854
:10D430000088401C1349088008460088B0F57A7FB0
:10D440001ADB4FF47A70088001200C49887013E0D1
:10D4500000200C4908800FE000200A490880084895
:10D4600090ED050AF0EE000AB4EEE00AF1EE10FAD3
:10D4700002D2002001498870704700003807002060
:10D48000DC0900205000002070B5164DED6805F055
:10D490000304144DED68C5F303156B1C022C0CD06E
:10D4A000032C09D1104DB5FBF3F50E4EF668C6F30B
:10D4B000062605FB06F10AE000BF0C4DB5FBF3F5AF
:10D4C000084EF668C6F3062605FB06F100BF00BF4E
:10D4D000044DED68C5F341656D1C6A00B1FBF2F0C7
:10D4E00070BD00000010024000127A000024F40019
:10D4F000F0EE401A30EEC10AB4EEE10AF1EE10FA95
:10D5000002DD31EE810A704730EE810AB4EEE10AA5
:10D51000F1EE10FA02D231EEC10AF4E7B0EE600A81
:10D52000F1E72DE9F04104460D4600262C2229465C
:10D530002046F7F7B1F82A212046FFF7B4F806464F
:10D54000608DB04209D02046FDF76AFE294620468C
:10D5500000F0D8FD0020BDE8F0812046FDF797FEE1
:10D560000746B4F8050045F6B121884216D0B4F854
:10D570000500491C884211D0B4F80500491C8842B6
:10D580000CD0B4F80500491C884207D0B4F8050057
:10D59000491C884202D0081FA4F80500607855286D
:10D5A00004D06078AA2801D055206070A078552852
:10D5B00004D0A078AA2801D05520A070D4F8070084
:10D5C000401C10B1D4F8070020B95520607000202D
:10D5D000C4F80700D4F80B00401C10B1D4F80B00BD
:10D5E00020B95520A0700020C4F80B0020795528E0
:10D5F00006D02079AA2803D055206070A070207131
:10D600001FB12946204600F07DFD0120A3E7000060
:10D6100000B59FED360AB0EE403A354890ED0C0A61
:10D62000DFED340A20EE200AF0EE402A9FED320AA8
:10D63000F4EEC02AF1EE10FA03DD9FED2F0AF0EEB2
:10D64000402A2E4890ED032A9FED2D0AB4EEC02A01
:10D65000F1EE10FA0DDD82EE820AB0EE403A294872
:10D6600090ED080AB4EEC30AF1EE10FA01DD80ED88
:10D67000083A244890ED080AF3EE000AB4EEE00AF6
:10D68000F1EE10FA03DDB3EE000A80ED080A1E4841
:10D6900090F82400022809D11A4890ED080AF6EE05
:10D6A000000A20EE200A80ED080A0DE0164890F8E6
:10D6B0002400012808D1134890ED080AF6EE080A64
:10D6C00020EE200A80ED080A0E4890ED081AF0EED0
:10D6D000410A90ED071AB0EE410A9FED0C1AFFF7D0
:10D6E00007FF084880ED070A00BD000000000000A9
:10D6F0005C0700206666E6400000C844DC090020A4
:10D700000AD7233CB8080020F20B002017B7513984
:10D7100000B52B4890ED080AF2EE040AB4EEE00AD8
:10D72000F1EE10FA03DDB2EE040A80ED080A244897
:10D7300090ED070AD0ED080AB4EEE00AF1EE10FA17
:10D740001ED290ED070A1F48D0ED070AB7EE001A67
:10D7500070EEC10AB4EEE00AF1EE10FA2FDD1848BF
:10D7600090ED081AF0EE410A90ED071AB0EE410A6A
:10D770009FED151AFFF7BCFE114880ED070A1EE069
:10D780000F4890ED070A0F48D0ED070AB7EE001AD0
:10D7900070EE810AB4EEE00AF1EE10FA0FD20848FA
:10D7A00090ED081AF0EE410A90ED071AB0EE410A2A
:10D7B0009FED051AFFF79CFE014880ED070A00BDAA
:10D7C000B8080020DC09002017B7513910B5002235
:10D7D00004210348F9F7DCFB00200249087210BD60
:10D7E000000400481407002010B50122042103485A
:10D7F000F9F7CEFB01200249087210BD0004004871
:10D800001407002030B500240025144890ED000ACC
:10D81000D0ED020A30EE600AB0EE401A10484068BF
:10D82000C0F3404008B1012400E00024B0EE410AFA
:10D8300005212046FFF7D0FB054645B10848406862
:10D8400020F4003000F500300549486005E0044848
:10D85000406820F400300249486030BDDC090020F7
:10D8600014070020082800DD70470249487000BFF7
:10D87000FAE70000B8080020F0B5F94ED6ED040A2A
:10D880009FEDF81AC1EE201AFCEEE10A10EE906A44
:10D89000B5B24FF6FC7605EA06035910F24E36781B
:10D8A000072E3FD100EE901AF8EE600A9FEDEF1AB6
:10D8B00030EEC11AEA4EB68800EE906AF8EE600AC1
:10D8C00031EE601AE64EF68800EE906AF8EE600AD5
:10D8D00031EE600AE24ED6ED030A9FEDE51A60EEE6
:10D8E000810A9FEDE41A40EE010AC6ED030AD6ED67
:10D8F000030AF4EEC00AF1EE10FA01DD86ED030A28
:10D90000D74ED6ED030AFCEEE00A10EE906AD44F33
:10D910003E813E46B6887836B0B23E4636890644E9
:10D92000B2B278E098101E1AB2B2CD4E96ED051A3A
:10D9300000EE901AF8EE600A21EE200AFCEEC00A12
:10D9400010EE906AB4B2C84E3678052E03D0C64E9B
:10D950003678082E34D1C24EB67826B3C04E36780B
:10D960000EB3C826BE4FBE803E46B68800EE906A13
:10D97000F8EE600AB0EE001A50EE010AB0EE600A4E
:10D98000DFEDBD0AB4EEE00AF1EE10FA24D2DFEDCD
:10D99000BB0AB0EE600A0026BE70DFEDB80A3E4654
:10D9A000C6ED030A18E0DFEDB50AB0EE600A002606
:10D9B000AB4FBE70DFEDB10A3E46C6ED030A0BE089
:10D9C000DFEDAE0AB0EE600A0026A54FBE70DFEDB7
:10D9D000AB0A3E46C6ED030AA14ED6ED030A9FED03
:10D9E000A41A60EE810A9FEDA31A40EE010AC6ED6B
:10D9F000030AD6ED030AF4EEC00AF1EE10FA01DDD7
:10DA000086ED030A964ED6ED030AFCEEE00A10EE10
:10DA1000906A934F3E819A4E3668C6F89431984E7C
:10DA20003668C6F81432964E36687361944E36687E
:10DA3000F3618D4E3678072E55D17827904E366893
:10DA4000C6F89C71A1F178078D4E3668C6F8A471AE
:10DA5000F0378B4E3668C6F8A871A3F17807884E68
:10DA60003668C6F8AC710F18854E3668C6F81C7259
:10DA70008F18834E3668C6F82472814E3668C6F811
:10DA800028027F4E3668C6F82C22754EB678BEB98D
:10DA900001F5A0777A4E3668C6F81C720A37784EC0
:10DAA0003668C6F824724FF4A077754E3668C6F80B
:10DAB00028724FF4A577724E3668C6F82C7277E05C
:10DAC0000F186F4E3668C6F81C728F186C4E366889
:10DAD000C6F824726A4E3668C6F82802684E366860
:10DAE000C6F82C2264E0071B654E3668C6F89C71A8
:10DAF0000719634E3668C6F8A471171B604E366866
:10DB0000C6F8A87117195E4E3668C6F8AC71544E47
:10DB1000B678A6B9571E5A4E3668C6F81C72571CFE
:10DB2000574E3668C6F82472471E554E3668C6F8FA
:10DB30002872471C524E3668C6F82C7238E0161B05
:10DB4000474FBF883E4400EE906AF8EEE00AB0EE20
:10DB5000600AFCEEC00A10EE907A494E3668C6F8AC
:10DB60001C721719464E3668C6F82472061B3C4FC5
:10DB7000BF883E4400EE906AF8EEE00AB0EE600A1C
:10DB8000FCEEC00A10EE907A3D4E3668C6F8287258
:10DB9000334E368900EE906AF8EE600A70EE800A25
:10DBA000FCEEE00A10EE907A354E3668C6F82C721C
:10DBB0002B4E36785EB1334E366826F04066314FD4
:10DBC0003E603E46366846F000663E600FE02D4EF1
:10DBD000366826F040662B4F3E603E46366846F07B
:10DBE00080663E604FF40056264F28373E601C4E3C
:10DBF00076785EB1234E366826F04076214F3E603F
:10DC00003E46366846F000763E600FE01D4E3668B0
:10DC100026F040761B4F3E603E46366846F08076E2
:10DC20003E604FF48056174F28373E600C4EB67852
:10DC3000AEB1144E366826F04056124F3E603E4656
:10DC4000366846F000563E603E46366826F040464E
:10DC50003E603E46366846F000463E6038E013E0DF
:10DC600038070020E81F224EB8080020000070434B
:10DC700077BE7F3F6F12833A00001643000000001A
:10DC80001C03002000040048164E366826F040565B
:10DC9000144F3E603E46366846F080563E604FF474
:10DCA0008046104F28373E600E4E366826F04046BC
:10DCB0000C4F3E603E46366846F080463E607E0130
:10DCC000084F28373E605FED130A074EC6ED030A82
:10DCD000054EB67800EE906AF8EE600A034EC6ED87
:10DCE000000AF0BD0004004838070020140000209E
:10DCF000F8B504460E461546334600224FF4C0518F
:10DD00002046009500F0D2F828B1206E40F02000A7
:10DD100020660320F8BD334600228021204600956E
:10DD200000F040F928B1206E40F02000206603206A
:10DD3000F0E7334600224FF4C0612046009500F022
:10DD4000B5F828B1206E40F0200020660320E1E7FE
:10DD50000020DFE72DE9F05F07460E4614464FF03E
:10DD60000008C146C2460025AB4606F0FF0ACAF5C8
:10DD700080752046E11704EB1161C1F30F28E1170C
:10DD800004EB11610912A4EB01211FFA81F9BAF128
:10DD9000000F20D1B8F1000F05D122463146384698
:10DDA000F6F748FC64E009E04FF4807231463846EB
:10DDB000F6F740FC06F5807607F58077B8F10000AD
:10DDC000A8F101011FFA81F8EED14A4631463846E2
:10DDD000F6F730FC4CE0B8F1000F18D1A94510DD82
:10DDE000A9EB05001FFA80FB2A4631463846F6F7B4
:10DDF00021FC2E442F445A4631463846F6F71AFC89
:10DE000036E0224631463846F6F714FC30E0601B17
:10DE100084B22046E11704EB11614FEA2128E11793
:10DE200004EB11610912A4EB01211FFA81F92A46C2
:10DE300031463846F6F7FEFB2E442F4409E04FF4F6
:10DE4000807231463846F6F7F5FB06F5807607F521
:10DE50008077B8F10000A8F101011FFA81F8EED136
:10DE6000B9F1000F04D04A4631463846F6F7E2FBD6
:10DE7000BDE8F09F10B50024002240210A48F9F7C0
:10DE800087F80520F6F7B6FD00BFFF20F6F7B2FDD4
:10DE9000044604F001000028F7D101224021024885
:10DEA000F9F776F810BD0000000400482DE9FC5F8A
:10DEB00004460D4616461F46DDF8309000200090BF
:10DEC000F9F76CF8A0EB0900A7EB0008F9F766F882
:10DED0008246206800F10C0B31480068C0EBC0009E
:10DEE00000EB8000000D00FB08F0019051E0B5F55B
:10DEF000C06F05D126B99BF8000000909DF8000086
:10DF0000781C002845D0F9F749F8A0EB0A004045F5
:10DF100002D2B8F1000F34D12068406820F0E00050
:10DF2000216848606068B0F5827F0DD1A068B0F5C7
:10DF3000004F03D0A068B0F5806F05D1206800685D
:10DF400020F0400021680860A06AB0F5005F0DD1A4
:10DF500000BF2068006820F4005021680860206835
:10DF6000006840F400502168086000BF012084F878
:10DF70005D0000BF002084F85C0000BF0320BDE806
:10DF8000FC9F019810B94FF0000802E00198401E74
:10DF90000190206880682840B042A8D10020EEE7B8
:10DFA000100000202DE9F84F04460D4690461E460D
:10DFB000DDF82890F8F7F2FFA0EB0900371AF8F720
:10DFC000EDFF82462C480068C0F3CB3078430090C8
:10DFD00046E0701C002843D0F8F7E0FFA0EB0A00F1
:10DFE000B84200D2A7BB2068406820F0E00021685A
:10DFF00048606068B0F5827F0DD1A068B0F5004F31
:10E0000003D0A068B0F5806F05D12068006820F0CB
:10E01000400021680860A06AB0F5005F0DD100BF24
:10E020002068006820F400502168086020680068BB
:10E0300040F400502168086000BF012084F85D00B2
:10E0400000BF002084F85C0000BF0320BDE8F88F0B
:10E05000FFE7009808B9002702E00098401E0090F2
:10E06000206880682840A84201D1012000E00020FB
:10E070004045AED10020E9E71000002070470000C5
:10E0800010B51A48007888B91C2219491948F4F7C4
:10E09000F2F81C2216491848F4F7EDF81C2214492E
:10E0A0001648F4F7E8F80120104908701448D0ED3C
:10E0B000000AB0EE600A0F48FEF764FB104880EDDE
:10E0C000010AD0ED020AB0EE600A0B48FEF75AFBD7
:10E0D0000B4880ED040AD0ED050AB0EE600A07484F
:10E0E000FEF750FB064880ED070A10BD4E000020E9
:10E0F0000812030888090020A4090020C009002094
:10E10000DC09002070B504460D462846F6F708FBEA
:10E110002A212046FEF7C7FA60852C222946204690
:10E12000FFF718FE70BD0000164A1268926822F0D0
:10E130008002144B1B689A60134A1268126822F01E
:10E140000102114B1B681A600F4A126851600D4A98
:10E15000126828320C4B1B689A600B4A1268D06018
:10E16000094A1268126842F00102074B1B681A60E4
:10E17000044A1268926842F08002024B1B689A605F
:10E1800070470000AC050020A006002070B52DED02
:10E19000028B00269FED320AB0EE408A31480078AB
:10E1A000072803D101203049087002E000202E49E1
:10E1B00008702E4890ED020A2B48D0ED010A30EE8F
:10E1C000600AB0EE408AB5EE000AB4EEC08AF1EE05
:10E1D00010FA06DABDEE000AB4EEC08AF1EE10FACB
:10E1E00005D8224890ED020A1F4880ED010A1F4819
:10E1F00090ED060A1C4880ED020AA1201C49087017
:10E20000194800784870FDF7FBFA28B118484078A3
:10E2100040F0800016494870134C241D251D2078BD
:10E22000134988706078C870A0780871E0784871E8
:10E23000287888716878C871A8780872E878487278
:10E240000A210B48FEF712FA0646300A084988727E
:10E25000CE720C210648FFF767FFBDEC028B70BD44
:10E2600000000000B808002050070020DC09002052
:10E270001808002010B52DED028B9FEDB40AF0EECA
:10E28000408AB34890ED020AF0EE408A90ED010A10
:10E29000B0EE408AAF488078002877D1AD48007A48
:10E2A000002875D1F6F764F8FFF790FA0020A94925
:10E2B0008870A94908809FEDA90AA94880ED040A41
:10E2C0000120A7490870487000208870B2EE040A47
:10E2D000B4EEC08AF1EE10FA05D29FEDA20A08460C
:10E2E00080ED050A38E0B3EE040AB4EEC08AF1EE20
:10E2F00010FA05D29FED9C0A994880ED050A2BE0A3
:10E30000B3EE0E0AB4EEC08AF1EE10FA05D29FED1C
:10E31000970A934880ED050A1EE09FED950AB4EE3A
:10E32000C08AF1EE10FA05D29FED920A8C4880ED7A
:10E33000050A11E09FED900AB4EEC08AF1EE10FAE2
:10E3400005D29FED8E0A864880ED050A04E09FED18
:10E350008C0A834880ED050AB4EEE88AF1EE10FAE3
:10E3600004DD9FED880A7E4880ED050AB0EE000AC4
:10E3700038EE800AB4EEC80AF1EE10FA05D8012092
:10E3800074490872002074490880DCE036E0FFE739
:10E390007048007A0128F8D1F5F7FAFFFFF716FA6E
:10E3A000B6EE000A38EE800AB4EEC80AF1EE10FAB2
:10E3B00005DD002067490872674908800EE066485D
:10E3C0000088401C6449088008460088142805DB42
:10E3D00001206049887000205F4908809FED6A0A2B
:10E3E0005F4880ED040A00205D490870487088701D
:10E3F0009FED5D0A084680ED050AA4E05548807847
:10E4000001282DD19FED610A38EE800AB4EEC80ACA
:10E41000F1EE10FAB9DD50480088401C4E490880E2
:10E4200008460088142809DB02204A498870002029
:10E430004949088056490880FFF7D6F9F5F798FF53
:10E440009FED510A464880ED040A002044490870B7
:10E45000487088709FED440A084680ED050A72E016
:10E460004C48007A01286ED19FED410AF4EEC08A33
:10E47000F1EE10FA24D238480088401C3649088052
:10E480000846008844F62061884223DB9FED2F0A6E
:10E49000414880ED030A9FED2D0A80ED080A002017
:10E4A0002D4908809FED290A3B4880ED080A9FED21
:10E4B000270A284880ED070A0520FFF7D3F909E06D
:10E4C0009FED360AF4EEC08AF1EE10FA02DD00206C
:10E4D000214908809FED260AF4EEC08AF1EE10FA79
:10E4E00016DB2B480088401C294908800846008814
:10E4F00044F62061884215DB0620FFF7B3F99FED53
:10E50000130A144880ED070A00202149088009E019
:10E510009FED230AF4EEC08AF1EE10FA02D2002039
:10E520001B490880F5F724FF9FED170A0C4880ED82
:10E53000040A00200A490870487088709FED0A0A92
:10E54000084680ED050ABDEC028B10BD00000000FE
:10E55000DC090020B80800205400002000401C47BF
:10E56000380700200AD7233C0AD7A33C8FC2F53CCA
:10E57000000020420AD7233D000048428FC2753D6B
:10E58000295C8F3DCDCC4C3D00247448CDCC4C3E15
:10E5900056000020140700202C0900200000224211
:10E5A00000001E4210B52DED028B494890ED010A86
:10E5B000B0EE408AB3EE0E0A464880ED060A4648A1
:10E5C000007A002857D1434890ED060AB4EEC80AF5
:10E5D000F1EE10FA49DDFFF7F9F8F5F7C9FE002072
:10E5E0003C4988709FED3D0A3D4880ED040A0120BA
:10E5F0003B4908704870002088709FED3A0A084631
:10E6000080ED050AB3EE090AB4EEC08AF1EE10FA05
:10E6100004DD9FED350A80ED050A55E0B3EE040AEE
:10E62000B4EEC08AF1EE10FA05DD9FED300A2C48F9
:10E6300080ED050A48E0B2EE0E0AB4EEC08AF1EEB3
:10E6400010FA05DD9FED2A0A254880ED050A3BE01A
:10E65000B2EE040AB4EEC08AF1EE10FA34DD9FED9A
:10E66000250A1F4880ED050A2EE0FFF7BDF80020BF
:10E670002149088028E020480088401C1E49088065
:10E6800008460088B0F57A7F07DD0420FFF7EAF836
:10E690000020194908801949088001200D49887017
:10E6A0009FED170A0E4880ED040A00200C490870FF
:10E6B000487088709FED130A084680ED050A9FEDAB
:10E6C000110A114880ED080ABDEC028B10BD000054
:10E6D000DC090020B8080020140700200060EA4789
:10E6E00038070020295C0F3DCDCC4C3D1283403DC6
:10E6F0005839343D0AD7233D520000204C000020F9
:10E70000002474480AD7233C0809002030B59FED47
:10E71000B90AF0EE402AB84C94ED050AB0EE402A52
:10E7200094ED060AF0EE402A94ED060AB1EE083A9E
:10E73000B4EEC30AF1EE10FA03DB0124AF4DAC7066
:10E740000CE0AD4C94ED050AB1EE003AB4EEC30A0C
:10E75000F1EE10FA02D20024A84DAC70A84CD4ED12
:10E76000050A9FEDA80AF4EEC00AF1EE10FA73D282
:10E77000002014E0A44C04EB800494ED000AB4EEF5
:10E78000E00AF1EE10FA03D8082806D1082108E0C3
:10E7900008B1014605E0002103E0441CE0B209286D
:10E7A000E8DB00BFF0EE620A002014E0974C04EBB7
:10E7B000800494ED000AB4EEE00AF1EE10FA03D8FA
:10E7C000072806D1072208E008B1024605E000222A
:10E7D00003E0441CE0B20828E8DB00BFF0EE420A88
:10E7E000002014E0894C04EB800494ED000AB4EEA0
:10E7F000E00AF1EE10FA03D8072806D1072308E053
:10E8000008B1034605E0002303E0441CE0B20828F9
:10E81000E8DB00BF7E4C04EB411404EB820494ED72
:10E82000001A7B4C04EB411404EB8304D4ED001A72
:10E83000B2EE040AB4EEC01AF1EE10FA02D29FED65
:10E840006D0A30BDB2EE040AF4EEC01AF1EE10FA11
:10E8500003D29FED680AF4E779E0002A10DD6C4CE2
:10E8600004EB4115541E05EB840494ED000AF0EE10
:10E87000400AF4EEC10AF1EE10FA01DDB0EE601AC2
:10E88000002910DD4C1E624D05EB441404EB82049C
:10E8900094ED000AF0EE400AF4EEC10AF1EE10FA2F
:10E8A00001DDB0EE601A072910DA594D4C1C05EB5A
:10E8B000441404EB820494ED000AF0EE400AF4EEF6
:10E8C000C10AF1EE10FA01DDB0EE601A002B10DD86
:10E8D0004F4C04EB41155C1E05EB840494ED000ADB
:10E8E000F0EE400AF4EEE10AF1EE10FA01DDF0EE8E
:10E8F000601A002910DD4C1E454D05EB441404EB55
:10E90000830494ED000AF0EE400AF4EEE10AF1EE21
:10E9100010FA01DDF0EE601A072910DA3C4D4C1CAC
:10E9200005EB441404EB830494ED000AF0EE400A76
:10E93000F4EEE10AF1EE10FA01DDF0EE601AF4EE09
:10E94000C11AF1EE10FA51DDB0EE611A4EE000206E
:10E9500014E0304C04EB800494ED000AB4EEE00ABD
:10E96000F1EE10FA03D80E2806D10E2108E008B106
:10E97000014605E0002103E0441CE0B20F28E8DB7B
:10E9800000BFB4EEE22AF1EE10FA02DDF0EE420A28
:10E9900001E0F0EE620AB0EE080A30EE800AF0EE16
:10E9A000400A072901DA4C1CE1B2002014E0174CA0
:10E9B00004EB800494ED000AB4EEE00AF1EE10FAE4
:10E9C00003D8072806D1072208E008B1024605E06F
:10E9D000002203E0441CE0B20828E8DB00BF0E4C34
:10E9E00004EB411404EB820494ED001AB0EE410AEA
:10E9F00027E7000000000000DC09002038070020A5
:10EA0000B80800200038C747781A03089C1A030882
:10EA10001C1903083C1A03083C17030810B50B48DF
:10EA200040780A49097888420FD008480078074999
:10EA30004870F5F7ADFCFEF7C9FEB3EE0E0A0348C9
:10EA400080ED050A00200249087010BD140700205F
:10EA5000B808002010B517480078062826D2DFE84D
:10EA600000F003060D141B2200F04EF81FE01248C0
:10EA70008068642801D3F5F7A7F818E00E4880688D
:10EA8000642801D3FFF7CAFF11E00B4880686428AF
:10EA900001D3F4F779FB0AE007488068642801D3C2
:10EAA000F4F756FB03E000F009F800E000BF00BFF8
:10EAB00010BD0000140700200007002010B5F5F776
:10EAC00067FCFCF7E3FDFEF781FE00200B490870B0
:10EAD0000B48406870B90B480088401C0949088001
:10EAE00008460088C82808DB002005490870054949
:10EAF000088002E000200349088010BDB80800200B
:10EB0000140700202C00002010B502F0EBFA4FF49F
:10EB100080511448F8F734FA18B101201249C8722C
:10EB200002E000201049C872002010490870FEF76A
:10EB300023FA0D4800780C494870F5F729FC0A487B
:10EB4000C07A58B10A488068401C09498860084664
:10EB50008068642805D36420886002E000200449AE
:10EB6000886010BD0008004814070020B808002085
:10EB7000000700201848407A60B3184890ED020A58
:10EB8000F2EE040AB4EEE00AF1EE10FA10D290EDC3
:10EB9000050AF2EE040AB4EEE00AF1EE10FA07DD1F
:10EBA0000D48406820F4805000F580500A494860C4
:10EBB0000A4890ED050ADFED0A0AB4EEE00AF1EE2C
:10EBC00010FA07DD0448406820F4007000F500707A
:10EBD000014948607047000014070020DC0900204C
:10EBE0000000284210B5224890ED0B0AF3EE0E0A01
:10EBF000B4EEE00AF1EE10FA02D200201D4948708E
:10EC00001B4890ED0B0ADFED1C0AB4EEE00AF1EEB2
:10EC100010FA1EDD17488088042805DA1548808818
:10EC2000401C1449888017E012484078A0B9F021B0
:10EC30001248F8F755FF4FF400211048F8F708FF85
:10EC40004FF480110D48F8F703FF0120094948707F
:10EC500002E00020074988800648407830B900204B
:10EC600007494860074988600549087010BD0000E1
:10EC70005C070020E80B0020000070421C0300200D
:10EC800014070020000700200348002101604160B4
:10EC90008160C16070470000600A002010B5F8F77D
:10ECA000D1FF10BD00B593B0382105A8F3F7FCFAE9
:10ECB00014216846F3F7F8FA0020F9F7FBF8012071
:10ECC00005900004069002200C9003210D91022172
:10ECD0000E9155210F91022110911191129105A8C9
:10ECE000F9F712FD08B1F5F799FB0F20009003200A
:10ECF00001900020029003904FF480600490042162
:10ED00006846F9F779FB08B1F5F788FB13B000BD49
:10ED10000348006840F47000014908607047000033
:10ED200088ED00E010B502682F4B984211D0B0F189
:10ED3000804F0ED02D4B98420BD02D4B984208D0CF
:10ED40002C4B984205D02C4B984202D02B4B98422A
:10ED500003D122F070024B681A43234B98421AD019
:10ED6000B0F1804F17D0214B984214D0204B9842DD
:10ED700011D0204B98420ED01F4B98420BD0204B05
:10ED8000984208D01F4B984205D01F4B984202D0A2
:10ED90001A4B984203D122F44072CB681A4322F0F6
:10EDA00080034C6943EA04028B68C3620B68836288
:10EDB0000D4B98420ED0104B98420BD0104B9842FE
:10EDC00008D0104B984205D00F4B984202D00B4B05
:10EDD000984201D10B690363036843F004030360A5
:10EDE00001234361026010BD002C0140000400407B
:10EDF00000080040000C0040003401400050014079
:10EE000000400140004401400048014030B501F09D
:10EE10001F05012404FA05F3046A9C430462046A92
:10EE200001F01F0502FA05F52C43046230BD30B530
:10EE30000C46816821F47F4142EA0325254329439A
:10EE4000816030BD0A468168034B194042F00703D8
:10EE500019438160704700008FFFCFFF30B5026A11
:10EE6000056A25F00105056243688469244D2C403C
:10EE700024F003040D682C4322F002028D682A431B
:10EE8000204DA84200D113E01F4DA84200D10FE051
:10EE90001E4DA84200D10BE01D4DA84200D107E055
:10EEA0001C4DA84200D103E01B4DA84208D100BF71
:10EEB000056A25F00405056222F00802CD682A43A0
:10EEC000104DA8420ED0104DA8420BD00F4DA842B5
:10EED00008D00F4DA84205D00E4DA84202D00E4DCD
:10EEE000A84207D123F4807323F400734D692B43A8
:10EEF0008D692B43436084614D684563026230BD78
:10EF00008FFFFEFF002C0140003401400040014013
:10EF100000440140004801400050014030B5026A01
:10EF2000056A25F01005056243688469274D2C4069
:10EF300024F440740D6844EA052422F020028D6810
:10EF400042EA0512224DA84200D113E0214DA84209
:10EF500000D10FE0204DA84200D100BF1F4DA842B4
:10EF600000D100BF1E4DA84200D100BF1D4DA842D8
:10EF700009D100BF056A25F04005056222F0800234
:10EF8000CD6842EA0512124DA8420ED0114DA8429A
:10EF90000BD0114DA84208D0104DA84205D0104DFD
:10EFA000A84202D00F4DA84209D123F4806323F474
:10EFB00000634D6943EA85038D6943EA8503436035
:10EFC00084614D688563026230BD0000FF8FFFFEE3
:10EFD000002C014000340140004001400044014049
:10EFE000004801400050014030B5026A056A25F42E
:10EFF000807505624368C469264D2C4024F00304E3
:10F000000D682C4322F400728D6842EA0522224DDD
:10F01000A84200D113E0214DA84200D10FE0204DBD
:10F02000A84200D100BF1F4DA84200D100BF1E4D15
:10F03000A84200D100BF1D4DA84209D100BF056AFA
:10F0400025F48065056222F40062CD6842EA05225B
:10F05000114DA8420ED0114DA8420BD0104DA84220
:10F0600008D0104DA84205D00F4DA84202D00F4D38
:10F07000A84209D123F4805323F400534D6943EA95
:10F0800005138D6943EA05134360C4614D68C56388
:10F09000026230BD8FFFFEFF002C014000340140B2
:10F0A0000040014000440140004801400050014040
:10F0B00030B5026A056A25F4805505624368C46963
:10F0C000274D2C4024F440740D6844EA052422F4B2
:10F0D00000528D6842EA0532224DA84200D113E069
:10F0E000214DA84200D10FE0204DA84200D100BF21
:10F0F0001F4DA84200D100BF1E4DA84200D100BF45
:10F100001D4DA84209D100BF056A25F4804505625E
:10F1100022F40042CD6842EA0532124DA8420ED0D8
:10F12000114DA8420BD0114DA84208D0104DA84255
:10F1300005D0104DA84202D00F4DA84209D123F4AA
:10F14000804323F400434D6943EA85138D6943EA04
:10F1500085134360C4614D680564026230BD0000E0
:10F16000FF8FFFFE002C01400034014000400140B1
:10F1700000440140004801400050014030B5026A9F
:10F18000056A25F4803505624368046D124D2C40F4
:10F190000D682C4322F400320D8942EA05420F4DDE
:10F1A000A8420ED00E4DA8420BD00E4DA84208D05A
:10F1B0000D4DA84205D00D4DA84202D00C4DA842DD
:10F1C00004D123F480334D6943EA05234360046589
:10F1D0004D688564026230BD8FFFFEFF002C014048
:10F1E000003401400040014000440140004801401B
:10F1F0000050014030B5026A056A25F480150562A9
:10F200004368046D134D2C400D6844EA052422F434
:10F2100000120D8942EA05520F4DA8420ED00F4D43
:10F22000A8420BD00E4DA84208D00E4DA84205D0E2
:10F230000D4DA84202D00D4DA84204D123F48023E5
:10F240004D6943EA8523436004654D68C5640262E5
:10F2500030BD0000FF8FFFFE002C01400034014054
:10F26000004001400044014000480140005001407E
:10F2700030B50B461446026A056A25F001050562A1
:10F28000134DA84200D113E0124DA84200D10FE067
:10F29000114DA84200D10BE0104DA84200D107E06B
:10F2A0000F4DA84200D103E00E4DA84204D100BF8B
:10F2B000056A25F004050562816921F0F00141EA43
:10F2C000041122F00A021A438161026230BD00007B
:10F2D000002C014000340140004001400044014046
:10F2E000004801400050014030B50B461446026A08
:10F2F000056A25F010050562134DA84200D113E000
:10F30000124DA84200D10FE0114DA84200D100BF1C
:10F31000104DA84200D100BF0F4DA84200D100BF40
:10F320000E4DA84204D100BF056A25F040050562D4
:10F33000816921F4704141EA043122F0A00242EADD
:10F3400003128161026230BD002C01400034014093
:10F35000004001400044014000480140005001408D
:10F3600070B5456E2DB90125A0F86A50A0F8685017
:10F370001CE0082308240568AD68C5F342610568F0
:10F38000AD686A0F0A4DAD5C15FB04F5094EB65C1D
:10F3900095FBF6F5A0F86A50054D6D5C15FB03F57D
:10F3A000044E765C95FBF6F5A0F8685070BD000041
:10F3B000C8110308D011030890F8281001F00801C3
:10F3C000082907D10168496821F40041826B114383
:10F3D0000268516090F8281001F0010139B101680C
:10F3E000496821F40031C26A11430268516090F803
:10F3F000281001F00201022907D10168496821F4AF
:10F400008031026B11430268516090F8281001F0BE
:10F410000401042907D10168496821F48021426B65
:10F4200011430268516090F8281001F01001102972
:10F4300007D10168896821F48051C26B11430268C9
:10F44000916090F8281001F02001202907D101686F
:10F45000896821F40051026C11430268916090F8B0
:10F46000281001F04001402913D10168496821F4B6
:10F470008011426C114302685160416CB1F5801FEC
:10F4800007D10168496821F4C001826C1143026808
:10F49000516090F8281001F08001802907D101689F
:10F4A000496821F40021C26C114302685160704721
:10F4B00038B504460020C4F89000F7F76FFD054604
:10F4C0002068006800F00800082821D16FF07E4015
:10F4D0002B4600224FF400110090204600F078FAED
:10F4E000B0B100BF00BF216851E8001F21F08000CB
:10F4F000226842E800010029F5D100BF2020C4F8AD
:10F50000880000BF002084F8840000BF032038BDBD
:10F510002068006800F00400042830D16FF07E40BD
:10F520002B4600224FF480010090204600F050FA54
:10F5300028B300BF00BF216851E8001F21F490707C
:10F54000226842E800010029F5D100BF00BF00BFDA
:10F550002168083151E8001F21F0010021680831BD
:10F5600041E80002002AF3D100BF2020C4F88C003B
:10F5700000BF002084F8840000BF0320C7E72020DC
:10F58000C4F88800C4F88C000020E066206700BF43
:10F5900084F8840000BF00BFB9E7000000BF00BFCF
:10F5A000026852E8002F22F49071036843E80012C9
:10F5B000002AF5D100BF00BF00BF0268083252E840
:10F5C000002F104B02EA03010268083242E80013E0
:10F5D000002BF2D100BFC16E01290CD100BF00BFCA
:10F5E000026852E8002F22F01001036843E800127D
:10F5F000002AF5D100BF2021C0F88C100021C1667F
:10F6000041677047FEFFFFEF2DE9FE4F04460020E3
:10F610000290E4492068884200D100E000BF2169DF
:10F62000A068084361690843E16940EA010820686D
:10F630000068DD49084040EA080021680860206849
:10F64000406820F44050E168084321684860D4F8DD
:10F650001880D4492068884202D0206A40EA08080D
:10F6600020688068D149084040EA08002168886025
:10F670002068C06A20F00F00616A08432168C862F0
:10F6800000BFCB492068884216D1CA48006800F004
:10F69000030030B1012808D0022804D0032808D183
:10F6A00005E0012507E0022505E0042503E0082523
:10F6B00001E0102500BF8DE0BF492068884216D1C7
:10F6C000BC48006800F00C0030B1042808D00828BD
:10F6D00004D00C2808D105E0002507E0022505E04C
:10F6E000042503E0082501E0102500BF72E0B349BE
:10F6F0002068884216D1AF48006800F0300030B171
:10F70000102808D0202804D0302808D105E0002592
:10F7100007E0022505E0042503E0082501E01025A7
:10F7200000BF57E0A6492068884216D1A14800686A
:10F7300000F0C00030B1402808D0802804D0C02894
:10F7400008D105E0002507E0022505E0042503E0D7
:10F75000082501E0102500BF3CE09A492068884256
:10F7600019D19448006800F4407048B1B0F5807F2A
:10F770000AD0B0F5007F05D0B0F5407F08D105E094
:10F78000002507E0022505E0042503E0082501E047
:10F79000102500BF1EE083492068884219D18548A2
:10F7A000006800F4406048B1B0F5806F0AD0B0F551
:10F7B000006F05D0B0F5406F08D105E0002507E0E7
:10F7C000022505E0042503E0082501E0102500BF1F
:10F7D00000E0102500BF7349206888425BD135B135
:10F7E000022D08D0042D08D0082D0DD109E0F8F71E
:10F7F0001BFF06460CE0744E0AE0F8F739FF064698
:10F8000006E04FF4004603E000260120029000BF0E
:10F8100000BF002E10D06D49606A31F81000B6FBB1
:10F82000F0F9606800EB4000484503D860680003C9
:10F83000484502D201200290A8E06449606A31F88C
:10F8400010C06246002330461946F2F7E3FC4FF43D
:10F85000807C0022A0FB0C3B01FB0CB100FB0210E2
:10F860006168490859185041CDE90010D4F804C026
:10F870006246002308460199F2F7CCFC0746B7F52B
:10F88000407F05D3B7F5801F02D22068C7607DE0B6
:10F89000012002907AE0E069B0F5004F3FD1092DD8
:10F8A00017D2DFE805F005090D160F16161613001E
:10F8B000F8F7BAFE064610E0F8F7C8FE06460CE078
:10F8C000414E0AE0F8F7D4FE064606E04FF4004643
:10F8D00003E000260120029000BF00BF86B33B4931
:10F8E000606A31F81000B6FBF0F04000616800EB90
:10F8F0005100B0FBF1F7102F0ED3B7F5803F0BD2BC
:10F900004FF6F07007EA000AC7F342004AEA000A1D
:10F910002068C0F80CA039E00120029036E0092DE3
:10F9200018D2DFE805F005090E1710171717140095
:10F93000F8F77AFE064611E0F8F788FE06460DE075
:10F9400024E0214E0AE0F8F793FE064606E04FF465
:10F95000004603E000260120029000BF00BFAEB1C8
:10F960001A49606A31F81000B6FBF0F0616800EBEC
:10F970005100B0FBF1F7102F06D3B7F5803F03D24B
:10F98000B8B22168C86001E0012002900120A4F80B
:10F990006A00A4F8680000206067A0670298BDE8CC
:10F9A000FE8F000000800040F369FFCFFFF4FF11DD
:10F9B00000380140881002400044004000480040E8
:10F9C000004C0040005000400024F400B011030837
:10F9D0002DE9F04104460D4617469846069E41E043
:10F9E000701C00283ED0F7F7D9FAA0EB0800B0420F
:10F9F00000D816B90320BDE8F0812068006800F047
:10FA0000040070B3802D2DD0402D2BD02068C0690C
:10FA1000C0F3C00078B10820216808622046FFF7D3
:10FA2000BDFD0820C4F8900000BF002084F88400C9
:10FA300000BF0120DFE72068C069C0F3C02080B1AB
:10FA40004FF40060216808622046FFF7A7FD2020E0
:10FA5000C4F8900000BF002084F8840000BF032099
:10FA6000C9E7FFE72068C0692840A84201D101200A
:10FA700000E00020B842B3D00020BCE770B50025FC
:10FA80002548066825480068C069C0F30015002DA8
:10FA900040D0102021490968086208201F490968E0
:10FAA00008621F48006846681C480068806820F0AB
:10FAB00040001A490968886019480068006820F009
:10FAC0000100174909680860C6F156040A2C03D3DF
:10FAD000A1B21448FCF7FCFD5620114909684860A2
:10FAE0000E48006824300E49096888600D480C49AA
:10FAF0000968C8600A480068006840F001000849C9
:10FB00000968086005480068806840F040000349C3
:10FB10000968886070BD000024480040AC050020E2
:10FB200040060020B407002010B5FEF72FFB00F0C0
:10FB3000FFFB10BD1148407801280DD110484088C6
:10FB400000EE100AB8EE400ADFED0E0A20EE200AA1
:10FB50000D4880ED080A10E00848407802280CD1D2
:10FB60000748C08900EE100AB8EE400ADFED050A2A
:10FB700020EE200A044880ED080A7047600A002041
:10FB800024080020CDCCCC3DB808002000BFFEE703
:10FB900002480068C0F30220704700000CED00E04E
:10FBA00010B5002804DB0A07130E054A135406E0BB
:10FBB0000A07140E034A00F00F031B1FD45410BD94
:10FBC00000E400E018ED00E002E008C8121F08C1E0
:10FBD000002AFAD170477047002001E001C1121FCE
:10FBE000002AFBD17047000000B587B000200190CB
:10FBF000029001200390049040F2F720059040F21B
:10FC0000DA20069001A92048F6F79DFC08B1F4F728
:10FC100005FC4FF0804001900020029003900120ED
:10FC20000490002005906FF06040069001A91648EE
:10FC3000F6F789FC08B1F4F7F1FB01200346002236
:10FC4000114600901048F6F7B0FC08B1F4F7E6FB57
:10FC5000012211460C48F6F7C6FC08B1F4F7DEFBAA
:10FC6000002201210848F6F7A8FB08B1F4F7D6FBFB
:10FC70000548F6F7D8FF08B1F4F7D0FB1520F8F7E0
:10FC8000B3F807B000BD0000B80200200248806948
:10FC9000401C014988617047240800204148007DCC
:10FCA000032802D102203F4908753E48007D3E49A5
:10FCB00048703C48C07A012803D03A48407801286F
:10FCC00003D101203849887002E00020364988704D
:10FCD0003448407D032802D10020334988703148E0
:10FCE00080793149C8702F48007B48712F480079CE
:10FCF000C0F38000002847D12C480079C0F34010A1
:10FD0000002841D129488088C0F3002000283BD139
:10FD100026488088C0F34020B0BB24488088C0F3C8
:10FD2000802088BB21488088C0F3C02060BB1F486A
:10FD30008088C0F3003038BB1C484068C0F34040A6
:10FD400010BB1A484068C0F30040E8B91748406843
:10FD5000C0F3C040C0B915484068C0F3405098B9DE
:10FD600012484068C0F3805070B910488088C0F3D2
:10FD7000803048B90D488088C0F3403020B90B4826
:10FD80004068C0F3C05018B101200749887102E0F3
:10FD9000002005498871064890ED030A024880ED6D
:10FDA000030A704724080020600A0020140700207E
:10FDB000DC09002010B5FFF717FFF3F7B3F8202197
:10FDC0000548F2F771FA2C210448F2F76DFA462142
:10FDD0000348F2F769FA10BD240800204408002007
:10FDE0007008002010B5F2F79BFAFAF7DFFB10BDA0
:10FDF00010B5F2F7F9FA10BD594B93ED043AF0EE55
:10FE0000431A002218E0574B03EB820393ED003AAC
:10FE1000B4EEE13AF1EE10FA04D80C2A0AD10C2023
:10FE200001460BE01AB1531ED8B2114606E000207D
:10FE3000002103E0531CDAB20D2AE4DB00BF884244
:10FE40000AD1494B03EB800393ED000A474B03EBC8
:10FE50008003D3ED000A3CE0434B03EB800393EDBA
:10FE6000003AB0EE430A414B03EB800393ED003AB6
:10FE7000F0EE430A3C4B03EB810393ED002A3B4B2E
:10FE800003EB8103D3ED002A364B03EB810393EDA3
:10FE9000003A344B03EB8003D3ED003A33EE633A80
:10FEA000304B03EB8003D3ED003A71EEE33A83EE7F
:10FEB000831A72EE403AB0EE403A03EE813AB0EE69
:10FEC000430A72EEE03AB0EE603A03EE813AF0EEA9
:10FED000430A274B93ED003AB5EEC03AF1EE10FA23
:10FEE00003D1B7EE003A83ED003A214B93ED003A8F
:10FEF000DFED203AB4EEE33AF1EE10FA0FD21E4BEA
:10FF000093ED053AF3EE023AB4EEE33AF1EE10FA6D
:10FF100014D2B7EE003A164B83ED003A0EE0164BC2
:10FF200093ED053AF3EE063AB4EEE33AF1EE10FA49
:10FF300004DDB6EE003A0E4B83ED003A0C4B93ED28
:10FF4000003A23EE003A83ED013A93ED003A23EEB6
:10FF5000203ADFED0A3A23EE233A83ED023A704766
:10FF600038070020BC1A0308F41A03082C1B0308E6
:10FF7000E4080020CDCC4C3FDC09002017B7D13776
:10FF800072B69E489E49086000BF00BF00BFBFF325
:10FF90004F8F00BF00BF00BF00BF00BF00BFBFF357
:10FFA0006F8F00BF00BF00BFF7F7C0FE62B6FEF75D
:10FFB00079FEFBF713FFFBF7A1FEFBF7B5FC7F21F2
:10FFC0009048F4F779FD08B1F4F728FAFBF738FD0B
:10FFD0007F218D48F4F770FD08B1F4F71FFAFBF7A5
:10FFE0009FFFFBF7D7FDFBF7F1FDFBF70BFEFBF7E0
:10FFF00025FEFBF757FEFBF7C1FEFCF785F9FCF782
:020000040803EF
:10000000E7F9FCF75FFAFCF795FAFCF7A7F9FCF7BC
:10001000F5FA7E48006820F040607C490860084698
:10002000006840F0806008604FF400507749283144
:1000300008607648006820F04070744908600846FF
:10004000006840F0807008604FF480506F4928319C
:1000500008606E48006820F040506C49086008460F
:10006000006840F0805008604FF4804067492831B4
:1000700008606648006820F040406449086008460F
:10008000006840F0804008604801604928310860FD
:1000900001015F48F7F7DCFC4FF480115C48F7F78B
:1000A000D7FC4FF480315A48F7F7D2FCF02158487A
:1000B000F7F716FD5548006820F040605349086086
:1000C0000846006840F0806008604FF400504F49D7
:1000D000283108604D48006820F040704B490860A6
:1000E0000846006840F0807008604FF4805047492F
:1000F000283108604548006820F0405043490860B6
:100100000846006840F0805008604FF480403F4946
:10011000283108603D48006820F040403B490860B5
:100120000846006840F0804008604801374928319F
:100130000860052237493348F5F73EFB3648F9F7A2
:1001400035F9082235493048F5F736FB3448F9F7D8
:100150002DF940F61E43002211463248F5F76CFF98
:1001600000213048F5F78CFF40F6282300221021AB
:100170002C48F5F761FF10212A48F5F781FF4FF46D
:100180007063002211462848F5F756FF00212648E3
:10019000F5F776FF2548F9F709F900212348F9F723
:1001A00049FA2348F9F702F904212148F9F742FAFC
:1001B00008211F48F9F73EFA0C211D48F9F73AFAD1
:1001C00014211C48F2F770F818211B48F2F76CF85C
:1001D00064211A48F2F768F824211948F2F764F804
:1001E000FBF7F0F8FBF710F9FFF7E4FDFCF720FC54
:1001F000FEF74AFD01E0FAF765FCFCE70020020883
:1002000008ED00E08C000020F80000200004004809
:100210001C030020400A0020C8040020500A0020CF
:100220006005002090020020A40200207C04002031
:10023000140500200007002038070020DC090020FA
:100240001407002010B5012432488078B0B132483C
:10025000D0ED060AB1EE001AF4EEC10AF1EE10FA82
:1002600008D3D0ED050AB1EE001AF4EEC10AF1EEA2
:1002700010FA15D200202749887011E0DFED270A17
:100280002448C0ED030A2448D0ED060AB1EE081A4E
:10029000F4EEC10AF1EE10FA02DD01201D4988706A
:1002A0001C48807800B3FEF731FAB5EEC00AF1EED3
:1002B00010FA2BDD1A48D0ED053ADFED1A0AF4EEFC
:1002C000E03AF1EE10FA10DBDFED170A70EE200ACB
:1002D0009FED161A60EE810AFCEEE00A10EE900A1D
:1002E0000C4988808820C88011E0882009498880CE
:1002F000DFED0D0A70EE200A9FED0C1A60EE810A08
:10030000FCEEE00A10EE900AC88000E000242046CF
:1003100010BD000038070020DC09002000000000AC
:10032000B80800200038C747000048437B142E3F20
:1003300010B5FCF7BDFB48B11748406820F4001029
:100340001549486000201549087010BD1348007811
:10035000012815D01248806912490968401A40F6F0
:10036000B831884212D91048806864280ED30A48F0
:10037000406820F4001000F500100749486005E0CF
:100380000548406820F400100349486000200349F4
:10039000087000BFD9E700001407002030000020DB
:1003A000240800203400002000070020F0B5054696
:1003B0000C4600260127691EC8B22146F3F7FAF859
:1003C0000646681E205CB04221D120788009114980
:1003D00008702078C0F30110487020780007800D65
:1003E000617840EA91000B494880607800F0030191
:1003F000A07861F31F2007498880E07800098871A0
:10040000A07900F00F00C871E079087200E00027C1
:100410003846F0BD24080020F0B505460C460026FD
:100420000127691EC8B22146F3F7C4F80646681EC4
:10043000205CB04224D1207880091349887220784A
:10044000C0F301111048C17220780007800D617857
:1004500040EA91010C48C181607800F00301A07866
:1004600061F31F2008490882E078C109064801733A
:10047000A07900F00F0104488174E179C17400E0B3
:1004800000273846F0BD00002408002010B5FFF713
:1004900005FC21480078002803DD06201F4908706C
:1004A00010BD1E48007800EB40001D4901EB8000A4
:1004B000406840B11949097801EB4101184A02EB43
:1004C0008101486880471548007800EB40001449D6
:1004D00001EB8000806840B11049097801EB4101CF
:1004E0000F4A02EB8101886880470E4880686428C3
:1004F0000DD30D48007809490978884202D00020C0
:1005000009494870054800780749087002E0002052
:100510000549087000BFC3E765000020600A00209D
:10052000FC140308000700201407002018B5024639
:100530000020401C0446401C135DFE4C2370135CDD
:100540001C06431CD35C44EA0344831CD35C44EA8A
:100550000323C41C145D2343F64C6360001D044652
:10056000401C135DF34C23720446401C135DF14C98
:1005700063720446401C135DEE4CA3720446401C9B
:10058000135DEC4CE3720346441CE0B2D35CE94CCF
:1005900023730346441CE0B2D35CE64C637303460A
:1005A000441CE0B2D35CE34CA3730346441CE0B2AA
:1005B000D35CE04CE3730346441CE0B2D35CDD4CF7
:1005C00023740346441CE0B2D35CDA4C63740346E4
:1005D000441CE0B2D35C8DF803300346441CE0B207
:1005E000D35C8DF802300346441CE0B2D35C8DF836
:1005F00001300346441CE0B2D35C8DF800309DED21
:10060000000ACC4B83ED050A0346441CE0B2D35CE0
:100610008DF803300346441CE0B2D35C8DF8023001
:100620000346441CE0B2D35C8DF801300346441C01
:10063000E0B2D35C8DF800309DED000ABD4B83ED38
:10064000060A0346441CE0B2D35C8DF8033003462F
:10065000441CE0B2D35C8DF802300346441CE0B287
:10066000D35C8DF801300346441CE0B2D35C8DF8B6
:1006700000309DED000AAF4B83ED070A0346441C92
:10068000E0B2D35C8DF803300346441CE0B2D35C87
:100690008DF802300346441CE0B2D35C8DF8013083
:1006A0000346441CE0B2D35C8DF800309DED000A97
:1006B000A04B83ED080A0346441CE0B2D35C8DF8DE
:1006C00003300346441CE0B2D35C8DF8023003468D
:1006D000441CE0B2D35C8DF801300346441CE0B208
:1006E000D35C8DF800309DED000A924B83ED090A32
:1006F0000346441CE0B2D35C8DF803300346441C2F
:10070000E0B2D35C8DF802300346441CE0B2D35C07
:100710008DF801300346441CE0B2D35C8DF8003004
:100720009DED000A834B83ED0A0A0346441CE0B2A8
:10073000D35C8DF803300346441CE0B2D35C8DF8E3
:1007400002300346441CE0B2D35C8DF8013003460E
:10075000441CE0B2D35C8DF800309DED000A754B6F
:1007600083ED0B0A0346441CE0B2D35C8DF80330E2
:100770000346441CE0B2D35C8DF802300346441CAF
:10078000E0B2D35C8DF801300346441CE0B2D35C88
:100790008DF800309DED000A664B83ED0C0A034690
:1007A000441CE0B2D35C8DF803300346441CE0B235
:1007B000D35C8DF802300346441CE0B2D35C8DF864
:1007C00001300346441CE0B2D35C8DF800309DED4F
:1007D000000A584B83ED0D0A0346441CE0B2D35C7B
:1007E0008DF803300346441CE0B2D35C8DF8023030
:1007F0000346441CE0B2D35C8DF801300346441C30
:10080000E0B2D35C8DF800309DED000A494B83EDDA
:100810000E0A0346441CE0B2D35C8DF80330034655
:10082000441CE0B2D35C8DF802300346441CE0B2B5
:10083000D35C8DF801300346441CE0B2D35C8DF8E4
:1008400000309DED000A3B4B83ED0F0A0346441C2C
:10085000E0B2D35C8DF803300346441CE0B2D35CB5
:100860008DF802300346441CE0B2D35C8DF80130B1
:100870000346441CE0B2D35C8DF800309DED000AC5
:100880002C4B83ED100A0346441CE0B2D35C8DF878
:1008900003300346441CE0B2D35C8DF802300346BB
:1008A000441CE0B2D35C8DF801300346441CE0B236
:1008B000D35C8DF800309DED000A1E4B83ED110ACC
:1008C0000346441CE0B2D35C8DF803300346441C5D
:1008D000E0B2D35C8DF802300346441CE0B2D35C36
:1008E0008DF801300346441CE0B2D35C8DF8003033
:1008F0009DED000A0F4B83ED120A9FED0F0A83ED69
:10090000120A0346441CE0B2D35C8DF80330034660
:10091000441CE0B2D35C8DF802300346441CE0B2C4
:10092000D35C8DF801300346441CE0B2D35C8DF8F3
:10093000003003E05C070020000000009DED000A8D
:10094000254B83ED140A0346441CE0B2D35C8DF8BA
:1009500003300346441CE0B2D35C8DF802300346FA
:10096000441CE0B2D35C8DF801300346441CE0B275
:10097000D35C8DF800309DED000A174B83ED130A10
:100980000346441CE0B2D35C8DF803300346441C9C
:10099000E0B2D35C8DF802300346441CE0B2D35C75
:1009A0008DF801300346441CE0B2D35C8DF8003072
:1009B0009DED000A084B83ED150A084B5B68084C57
:1009C0002340064C636023465B68034C6468234302
:1009D000024C636018BD00005C0700201407002073
:1009E00080DBFEFF70B58AB006460C4615460196C0
:1009F000002002900390049505904FF4801006901B
:100A000040000790002008900990224601A901208B
:100A1000F2F752FA0AB070BD10B58CB0044630211E
:100A20006846F1F741FC20788007000E8DF8000041
:100A30009DF80000E17A01F0010140EA41108DF8D3
:100A400000009DF80000217B01F0010140EA011047
:100A50008DF800009DF80000617B01F0010140EA83
:100A6000C1008DF800009DF80000A17B01F001019C
:100A700040EA81008DF800009DF800006188C1F314
:100A8000012108438DF80000A0788DF80100A088AE
:100A9000C0F387008DF8020020798007000E8DF8E2
:100AA00003009DF80300E188C1F3051108438DF8A8
:100AB0000300A0790007000E8DF804009DF80400E3
:100AC0002189C1F3831108438DF80400207A800640
:100AD000000E8DF805009DF805006178C1F3410115
:100AE00008438DF805006078C007000E8DF80600F9
:100AF0009DF80600A17A40EA51008DF80600A07A20
:100B0000C007000E8DF807009DF80700E17B01F09B
:100B1000010140EA81108DF807009DF8070094F864
:100B2000241001F0010140EA41108DF807009DF802
:100B30000700217C01F0010140EA01108DF8070057
:100B40009DF80700617C01F0010140EAC1008DF8C9
:100B500007009DF80700A17C01F0010140EA810037
:100B60008DF807009DF80700E17C01F0010140EAE3
:100B700041008DF807009DF80700217D01F001017B
:100B800008438DF80700607DC007000E8DF808004F
:100B90009DF80800A17D01F0010140EA81108DF867
:100BA00008009DF80800E17D01F0010140EA4110D4
:100BB0008DF808009DF80800217E01F0010140EA4F
:100BC00001108DF808009DF80800617E01F0010118
:100BD00040EAC1008DF808009DF80800A17E01F0F0
:100BE000010140EA81008DF808009DF80800E17ECF
:100BF00001F0010140EA41008DF808009DF808006D
:100C0000217F01F0010108438DF80800607FC007D3
:100C1000000E8DF809009DF80900A17F01F0010187
:100C200040EA81108DF809009DF80900E17F01F08C
:100C3000010140EA41108DF809009DF8090094F87F
:100C4000201001F0010140EA01108DF809009DF823
:100C5000090094F8211001F0010140EAC1008DF86B
:100C600009009DF8090094F8221001F0010140EA02
:100C700081008DF809009DF8090094F8231001F017
:100C8000010140EA41008DF809009DF8090094F83F
:100C9000251001F0010108438DF8090094F82600A1
:100CA000C007000E8DF80A009DF80A0094F827107E
:100CB00001F0010140EA81108DF80A009DF80A0058
:100CC00094F8281001F0010140EA41108DF80A0063
:100CD0009DF80A0094F8421001F0070108438DF8CE
:100CE0000A002D20005D8DF80B002C20005D8DF892
:100CF0000C0094F82B008DF80D003020005D8DF86D
:100D00000E002F20005D8DF80F0094F82E008DF856
:100D100010003320005D8DF811003220005D8DF849
:100D2000120094F831008DF813003B20005D8DF81F
:100D300014003A20005D8DF815003920005D8DF813
:100D400016003820005D8DF817003720005D8DF803
:100D500018003620005D8DF819003520005D8DF8F3
:100D60001A0094F834008DF81B004120005D8DF8C6
:100D70001C004020005D8DF81D003F20005D8DF8B7
:100D80001E003E20005D8DF81F003D20005D8DF8A7
:100D900020002934E07C8DF82100607800F0F0001C
:100DA0008DF822009DF8220014F8291901F00F0196
:100DB00008438DF8220014F8430F00F00F008DF85F
:100DC0002E0069462F20F2F7F5FB60706078433CF7
:100DD0008DF82F000E22694640F2D520FFF702FE63
:100DE0000CB010BD10B588B0044620216846F1F75C
:100DF0005BFA0A3454F80A0C000E8DF8000054F81F
:100E00000A0C000C8DF8010034F80A0C000A8DF869
:100E1000020014F80A0C8DF8030034F8060CC0F335
:100E200087008DF8040014F8060C8007000E8DF87A
:100E300005009DF8050014F8041C01F0070140EAC4
:100E4000C1008DF805009DF8050014F8031C01F0A1
:100E5000070108438DF8050014F8020C4007000E46
:100E60008DF806009DF8060014F8011C01F0010140
:100E700040EA01108DF806009DF80600217801F087
:100E8000010140EAC1008DF806009DF80600617876
:100E900001F0010140EA81008DF806009DF806008E
:100EA000A17801F0010140EA41008DF806009DF8AB
:100EB0000600E17801F0010108438DF80600207971
:100EC000C007000E8DF807009DF80700617901F05A
:100ED000010140EA81108DF807009DF80700A17913
:100EE00040EA91008DF80700A0798007000E8DF888
:100EF00008009DF80800E179C1F3450108438DF829
:100F00000800E079C007000E8DF809009DF809007F
:100F1000217A40EA51008DF80900207AC007000EBE
:100F20008DF80A009DF80A006189C1F3C6010843E3
:100F30008DF80A00A07A4007000E8DF80B009DF88E
:100F40000B00217B40EAD1008DF80B00207B40078D
:100F5000000E8DF80C009DF80C00E189C1F34411DE
:100F600008438DF80C00A07BC006000E8DF80D0024
:100F70009DF80D00218AC1F3023108438DF80D0060
:100F8000208AC0F307108DF80E00207C0007000EA9
:100F90008DF80F009DF80F00A17CC1F3C301084339
:100FA0008DF80F00A07C4007000E8DF810009DF812
:100FB0001000E17C40EAD1008DF81000E07C400791
:100FC000000E8DF811009DF81100217D40EAD1003E
:100FD0008DF81100207D4007000E8DF812009DF85D
:100FE0001200617D40EAD1008DF81200607D40075B
:100FF000000E8DF813009DF81300A17D40EAD1008A
:101000008DF81300A07D4007000E8DF814009DF8A8
:101010001400E17D40EAD1008DF81400E07D400726
:10102000000E8DF815009DF81500217E40EAD100D4
:101030008DF81500207E4007000E8DF816009DF8F3
:101040001600617E40EAD1008DF81600607E4007F0
:10105000000E8DF817009DF81700A17E40EAD10020
:101060008DF81700A07E4007000E8DF818009DF83F
:101070001800E17E40EAD1008DF81800E07E4007BC
:10108000000E8DF819009DF81900217F40EAD1006B
:101090008DF81900207F4007000E8DF81A009DF88A
:1010A0001A00617F40EAD1008DF81A00607F400786
:1010B000000E8DF81B00A07F00F00F008DF81E00C1
:1010C00069461F20F2F776FAE077E07F0A3C8DF858
:1010D0001F000D22694640F25B60FFF783FC08B0F9
:1010E00010BD000010B518210248F1F7DDF8FCF73B
:1010F00089F910BD38070020F0B502460023A52469
:10110000002100252548B0F84A01904201DBA525C1
:1011100041E022480088904201DC00253BE022E0CB
:10112000181941101D4830F81100904200D11CE000
:101130001A4830F81100904206DD184E481C36F867
:101140001000904200DA10E0144830F8110090428C
:1011500002DD481C83B206E0104830F811009042CE
:1011600001DA481E84B2A342DADD00BF0B4830F832
:101170001100801A83B2094830F811600746481CF4
:1011800037F81000301AC0F34F04A34202DB481CAA
:1011900085B200E00D46E8B2F0BD0000641203081D
:1011A0000001020304050607080C10141820304043
:1011B000010002000400060008000A000C001000F4
:1011C0002000400080000001010101030701000030
:1011D00008040204080101010000000000000000F2
:1011E00001020304060708090000000001020304CD
:1011F000313131422E31482E325037303130303299
:101200005242313032303000A1D6743EA1D6743E05
:10121000000000003D9B05BF000000000000000032
:10122000000000009565EE40787A13C1C97636401B
:10123000EA04343E5BD3BCBD0000000000000000A7
:10124000000000000000000000000000000000009E
:10125000000000000000000000000000000000008E
:1012600000000000800F770F6F0F650F5C0F520FAB
:10127000470F3C0F300F240F170F0A0FFC0EED0E17
:10128000DD0ECD0EBC0EAB0E980E850E710E5C0EF3
:10129000460E2F0E170EFF0DE60DCC0DB10D950D60
:1012A000780D5B0D3C0D1D0DFD0CDD0CBB0C990C80
:1012B000760C520C2D0C080CE20BBB0B940B6C0B38
:1012C000430B1A0BF10AC60A9C0A710A450A190A4D
:1012D000ED09C109940967093A090D09E008B30845
:1012E000860859082C080008D307A7077B07500772
:1012F0002507FA06D006A7067E0655062D06060621
:10130000DF05B90594056F054B0527050405E204C3
:10131000C104A00481046104430425040804EB0310
:10132000D003B5039A03800367034F0337032003F9
:101330000903F302DE02C902B502A1028E027C0299
:101340006902580247023602260217020702F90113
:10135000EA01DC01CF01C201B501A9019D019101A2
:1013600086017B01710166015C0153014901400165
:1013700038012F0127011F0117010F010801010189
:10138000FA00F300ED00E700E000DA00D500CF003E
:10139000CA00C400BF00BA00B600B100AC00A8008B
:1013A000A4009F009B009800940090008C0089008E
:1013B0008B0F830F7B0F720F690F5F0F550F4A0F53
:1013C0003F0F330F260F190F0B0FFD0EED0EDD0E25
:1013D000CD0EBB0EA90E960E820E6E0E580E420E4C
:1013E0002B0E130EFA0DE00DC60DAA0D8E0D700D0D
:1013F000520D330D130DF20CD00CAD0C8A0C650C94
:10140000400C1A0CF30BCC0BA40B7B0B520B280BD0
:10141000FD0AD20AA60A7A0A4E0A210AF409B90973
:101420009A096C093E091109E308B50887085A08AA
:101430002D080008D307A6077A074E072307F806EA
:10144000CD06A3067A06510628060106DA05B3057D
:101450008D05680544052005FD04DB04B9049804E6
:101460007804580439041B04FE03E103C503AA03EE
:101470008F0375035C0344032C031403FE02E7028D
:10148000D202BD02A902950282026F025D024C02E5
:101490003B022A021A020A02FB01ED01DE01D10120
:1014A000C301B601AA019D01910186017B01700172
:1014B00065015B01510148013F0136012D01240105
:1014C0001C0114010D010501FE00F700F000E90008
:1014D000E300DD00D700D100CB00C600C000BB0098
:1014E000B600B100AD00A800A4009F009B009700CB
:1014F00093008F008C0088008400810000000000B1
:10150000A1B40208A5B4020801000000614102086C
:10151000654102080200000015340208193402086F
:10152000030000007D340208F134020804000000CA
:10153000814A0208854A0208050000008545020824
:10154000894502080001010000004000000000C8B9
:10155000001401409C70170100000000C00000F062
:1015600041204E0101000000D04100000000C800F1
:101570001401409C701700010000E04100000000D1
:10158000C8000201010000284200000000C8001449
:1015900001409C70170000000000000000000040A7
:1015A0001F030102CDCC4C4133333341C800140139
:1015B000E803701700000000804200000000C8002F
:1015C0000401000000D04100002041C8001401E8DF
:1015D00003701700000000804200000000C80005F2
:1015E000010200000040000000C0C8001401E80330
:1015F000701700000000804200000000C8000601D3
:101600000200000040000000C0A00F1401E80370B9
:101610001700000000804200000000C80007010120
:101620000000824200000000A00F1401E8037017C0
:1016300000000000804200000000401F0000AA429D
:101640000000D2420000D2420000AA420000AA429A
:1016500000008C4200008242000000000000BE42F8
:101660000000E6420000E6420000BE420000BE422A
:101670000000A04200009642000000000000D2429C
:101680000000FA420000FA420000D2420000D242BA
:101690000000B4420000AA420000000000007042B6
:1016A0000000A0420000A042000070420000704212
:1016B000000070420000344200000000000096422A
:1016C0000000BE420000BE4200009642000096426A
:1016D0000000704200005C42000000000000A042D8
:1016E0000000C8420000C8420000A0420000A04222
:1016F00000008242000070420000000000007042C2
:101700000000A0420000A0420000704200007042B1
:1017100000007042000034420000000000007042EF
:101720000000A0420000A042000070420000704291
:1017300000007042000034420000000000004842F7
:101740000000484200004842000048420000484271
:1017500000009C420000E242000026430000484294
:101760000000484200004842000048420000484251
:1017700000009C420000E242000026430000484274
:101780000000484200004842000048420000AE42CB
:1017900000000C430000414300007C43000048422D
:1017A0000000484200004842000070420000004330
:1017B00000002F43008089430000E14300004842BD
:1017C000000048420000484200008C4200001843DC
:1017D00000006A4300809B430000484200004842EA
:1017E00000004842000048420000AE42000035437D
:1017F000008086430000B943000048420000484290
:1018000000004842000048420000024300005B43E1
:101810000080A2430080D7430000FA430000484202
:1018200000004842000048420000F44200007643B5
:101830000000AD430000FA4300002F44000048427E
:10184000000048420000484200000E4300006C4384
:101850000000B1430000024400002F440000484251
:101860000000484200009E420000324300008E43C8
:101870000000C843000016440000484400004842ED
:10188000000048420000A6420000434300809F43FE
:101890000000FA4300002F44000061440000484269
:1018A000000084420000A64200004F430080A54390
:1018B0000000164400004844000061440000484213
:1018C000000040420000BE4200006C430000C043E4
:1018D0000080094400002F44000061440000484299
:1018E0000000A0420000F042000066430000C84330
:1018F0000080094400002F44000061440000484279
:101900000000C84200007A430000FA4300002F4460
:10191000000048440000614400007A44008009450A
:1019200000600B4500B0234500303045009037453E
:1019300000903745009037450000484500C0A94455
:101940000080D4440060F6440010014500500E456C
:101950000040114500401C4500002F45008099447F
:101960000040A54400C0C54400A0CB440000D044C2
:101970000060D7440000E1440080ED440040894409
:1019800000209544002095440000964400009644B1
:1019900000009644000096440080A24400C04B44DE
:1019A00000C04B4400C04B4400C04B4400006144A5
:1019B00000006144000061440000614400805D4417
:1019C00000C048440080254400802544008028440D
:1019D0000080284400002F4400002F4400004644AB
:1019E00000C0194400808E430000A04300009A43C9
:1019F0000080B743000062430000664300809B43C1
:101A00000000484300001D430000C4420000AE42F5
:101A10000000A04200008C4200008C420080B143D4
:101A20000000794300003E430000C0420000B44281
:101A30000000B4420000B4420000B44200D8D647CF
:101A40000060EA4700E8FD4700B80848007C1248FB
:101A500000401C480004264800C82F48008C394824
:101A60000050434800144D4800D85648009C604838
:101A700000606A480024744800606A4700E87D47B7
:101A800000B88847007C924700409C470004A64766
:101A900000C8AF47008CB9470050C3470000A040C2
:101AA00000002041000070410000A0410000C8413A
:101AB0000000F04100000C420000204200606A4734
:101AC00000B8884700409C4700C8AF470038C74768
:101AD00000D8D6470060EA4700E8FD4700B808484C
:101AE00000401C4800C82F48005043480024744858
:101AF000007C9248DB05773BA7246B3BAAF3283B8D
:101B00005F90F73AB121EE3A52491D3B8577B93BD8
:101B1000293F293C3108AC3C68916D3DC520B03D62
:101B2000F65FE73D0AD7233E8FC2753E48E19841F4
:101B30004BEAF741856B0D42B0B23B428F428F4278
:101B40004676B0428195E4423F751C43770E96433A
:101B50006686314466467144000097440080BB4469
:101B60000000FA440001020304050607080C1014E3
:101B7000182030400000C1C081C1400101C3C00332
:101B8000800241C201C6C006800741C70005C1C529
:101B900081C4400401CCC00C800D41CD000FC1CFE9
:101BA00081CE400E000AC1CA81CB400B01C9C009D9
:101BB000800841C801D8C018801941D9001BC1DB79
:101BC00081DA401A001EC1DE81DF401F01DDC01D29
:101BD000801C41DC0014C1D481D5401501D7C01749
:101BE000801641D601D2C012801341D30011C1D159
:101BF00081D0401001F0C030803141F10033C1F399
:101C000081F240320036C1F681F7403701F5C03528
:101C1000803441F4003CC1FC81FD403D01FFC03FE8
:101C2000803E41FE01FAC03A803B41FB0039C1F9D8
:101C300081F840380028C1E881E9402901EBC02B38
:101C4000802A41EA01EEC02E802F41EF002DC1ED28
:101C500081EC402C01E4C024802541E50027C1E748
:101C600081E640260022C1E281E3402301E1C02158
:101C7000802041E001A0C060806141A10063C1A358
:101C800081A240620066C1A681A7406701A5C06528
:101C9000806441A4006CC1AC81AD406D01AFC06FE8
:101CA000806E41AE01AAC06A806B41AB0069C1A9D8
:101CB00081A840680078C1B881B9407901BBC07B78
:101CC000807A41BA01BEC07E807F41BF007DC1BD28
:101CD00081BC407C01B4C074807541B50077C1B748
:101CE00081B640760072C1B281B3407301B1C07158
:101CF000807041B00050C190819140510193C05318
:101D0000805241920196C056805741970055C19527
:101D100081944054019CC05C805D419D005FC19FE7
:101D2000819E405E005AC19A819B405B0199C059D7
:101D3000805841980188C04880494189004BC18B37
:101D4000818A404A004EC18E818F404F018DC04D27
:101D5000804C418C0044C184818540450187C04747
:101D6000804641860182C042804341830041C18157
:101D70008180404000000000B71DC1046E3B820915
:101D8000D926430DDC7604136B6BC517B24D861A4A
:101D90000550471EB8ED08260FF0C922D6D68A2F67
:101DA00061CB4B2B649B0C35D386CD310AA08E3C86
:101DB000BDBD4F3870DB114CC7C6D0481EE09345FF
:101DC000A9FD5241ACAD155F1BB0D45BC2969756CE
:101DD000758B5652C836196A7F2BD86EA60D9B6339
:101DE00011105A6714401D79A35DDC7D7A7B9F70CA
:101DF000CD665E74E0B6239857ABE29C8E8DA191C0
:101E0000399060953CC0278B8BDDE68F52FBA58215
:101E1000E5E66486585B2BBEEF46EABA3660A9B7A2
:101E2000817D68B3842D2FAD3330EEA9EA16ADA4C1
:101E30005D0B6CA0906D32D42770F3D0FE56B0DDF0
:101E4000494B71D94C1B36C7FB06F7C32220B4CED1
:101E5000953D75CA28803AF29F9DFBF646BBB8FBBC
:101E6000F1A679FFF4F63EE143EBFFE59ACDBCE83D
:101E70002DD07DEC77708634C06D4730194B043D12
:101E8000AE56C539AB0682271C1B4323C53D002E29
:101E90007220C12ACF9D8E1278804F16A1A60C1BEE
:101EA00016BBCD1F13EB8A01A4F64B057DD00808A5
:101EB000CACDC90C07AB9778B0B6567C699015713E
:101EC000DE8DD475DBDD936B6CC0526FB5E61162AD
:101ED00002FBD066BF469F5E085B5E5AD17D1D57F0
:101EE0006660DC5363309B4DD42D5A490D0B194469
:101EF000BA16D84097C6A5AC20DB64A8F9FD27A583
:101F00004EE0E6A14BB0A1BFFCAD60BB258B23B674
:101F10009296E2B22F2BAD8A98366C8E41102F83A9
:101F2000F60DEE87F35DA9994440689D9D662B9060
:101F30002A7BEA94E71DB4E0500075E4892636E96F
:101F40003E3BF7ED3B6BB0F38C7671F7555032FAB0
:101F5000E24DF3FE5FF0BCC6E8ED7DC231CB3ECF73
:101F600086D6FFCB8386B8D5349B79D1EDBD3ADCDC
:101F70005AA0FBD8EEE00C6959FDCD6D80DB8E6078
:101F800037C64F643296087A858BC97E5CAD8A73FA
:101F9000EBB04B77560D044FE110C54B38368646F3
:101FA0008F2B47428A7B005C3D66C158E4408255D6
:101FB000535D43519E3B1D252926DC21F0009F2CBB
:101FC000471D5E28424D1936F550D8322C769B3F7E
:101FD0009B6B5A3B26D6150391CBD40748ED970A45
:101FE000FFF0560EFAA011104DBDD014949B93191A
:101FF0002386521D0E562FF1B94BEEF5606DADF8EC
:10200000D7706CFCD2202BE2653DEAE6BC1BA9EB45
:102010000B0668EFB6BB27D701A6E6D3D880A5DEAE
:102020006F9D64DA6ACD23C4DDD0E2C004F6A1CD91
:10203000B3EB60C97E8D3EBDC990FFB910B6BCB48C
:10204000A7AB7DB0A2FB3AAE15E6FBAACCC0B8A701
:102050007BDD79A3C660369B717DF79FA85BB49248
:102060001F4675961A163288AD0BF38C742DB0810D
:10207000C330718599908A5D2E8D4B59F7AB08540A
:1020800040B6C95045E68E4EF2FB4F4A2BDD0C4759
:102090009CC0CD43217D827B9660437F4F4600727A
:1020A000F85BC176FD0B86684A16476C9330046175
:1020B000242DC565E94B9B115E565A15877019187A
:1020C000306DD81C353D9F0282205E065B061D0BDD
:1020D000EC1BDC0F51A69337E6BB52333F9D113EFC
:1020E0008880D03A8DD097243ACD5620E3EB152D39
:1020F00054F6D4297926A9C5CE3B68C1171D2BCC2F
:10210000A000EAC8A550ADD6124D6CD2CB6B2FDF24
:102110007C76EEDBC1CBA1E376D660E7AFF023EAB5
:1021200018EDE2EE1DBDA5F0AAA064F4738627F9B0
:10213000C49BE6FD09FDB889BEE0798D67C63A808B
:10214000D0DBFB84D58BBC9A62967D9EBBB03E9360
:102150000CADFF97B110B0AF060D71ABDF2B32A6FF
:102160006836F3A26D66B4BCDA7B75B8035D36B52C
:10217000B440F7B194210308000000208C00000057
:10218000C8FB0208202203088C0000203C16000037
:10219000D8FB020800000000000000001000000052
:1021A000010000000024F400000000000000000016
:1021B000000000000000000000000000000000001F
:1021C000000000000000000000000000000000000F
:1021D00000000000010000000000000000000000FE
:1021E000000000000000000000000000CDCC4C3DCD
:1021F00000000000000000000000000000000000DF
:1022000000000000000000000000000000000000CE
:1022100000000000000000000000010000000000BD
:04000005080221D9F3
:00000001FF
